Age,TenureMonths,MonthlyCharges,TotalCharges,Churn,SignUp_Year,SignUp_Month,Gender_Male,Contract_One year,Contract_Two year,PaymentMethod_Credit card,PaymentMethod_Electronic check,PaymentMethod_Mailed check
22.0,45,57.61,2592.45,0,2022,11,0,0,0,0,0,1
17.0,47,61.66,2898.02,0,2021,1,0,0,0,0,1,0
48.0,68,48.98,2060.0699999999997,0,2021,1,1,1,0,0,0,1
71.0,30,109.13,3273.9,1,2021,1,0,1,0,0,0,1
40.0,60,54.46,3267.6,0,2021,1,0,1,0,0,0,0
60.0,24,37.42,898.08,0,2024,8,0,0,0,0,0,0
54.0,31,70.06,2171.86,1,2024,1,1,1,0,0,0,0
40.0,28,98.15,2748.2000000000003,0,2021,1,1,0,0,0,0,1
55.0,45,57.13,2570.85,1,2021,1,1,0,0,0,0,1
34.0,4,85.2,340.8,0,2021,1,0,0,1,0,0,0
34.0,61,50.42,3075.62,0,2021,1,0,0,0,0,1,0
37.0,39,91.98,3587.2200000000003,0,2021,1,1,0,0,0,1,0
38.0,24,86.87,2084.88,0,2024,8,1,0,0,0,1,0
48.0,71,88.08,6253.68,0,2020,9,0,1,0,1,0,0
32.0,46,84.59,3891.14,0,2021,1,0,0,0,0,0,0
40.0,53,35.63,1888.39,0,2022,3,0,0,0,1,0,0
50.0,48,108.8,2060.0699999999997,1,2021,1,1,0,0,0,1,0
44.0,9,78.58,707.22,1,2021,1,1,0,0,0,0,1
63.0,22,58.24,1281.28,0,2021,1,0,0,0,0,1,0
55.0,2,37.23,74.46,0,2021,1,0,1,0,1,0,0
53.0,16,98.36,1573.76,1,2021,1,0,0,1,1,0,0
41.0,5,70.9,354.5,1,2021,1,1,0,0,0,1,0
44.0,12,34.73,416.76,0,2021,1,0,1,0,0,0,0
46.0,52,112.14,5831.28,0,2021,1,0,0,1,0,0,1
40.0,26,30.61,795.86,0,2021,1,1,0,1,0,0,1
35.0,15,72.42,1086.3,0,2021,1,0,0,0,0,1,0
11.0,67,81.06,2060.0699999999997,0,2021,1,0,0,0,0,0,0
49.0,59,119.9,7074.1,0,2021,1,1,0,1,0,0,0
52.0,39,34.09,1329.5100000000002,0,2021,1,1,1,0,0,1,0
26.0,63,81.36,5125.68,0,2021,1,1,1,0,0,0,1
47.0,25,67.67,1691.75,0,2024,7,1,1,0,0,0,1
33.0,41,45.71,1874.11,0,2021,2,0,0,0,0,0,1
36.0,28,114.22,3198.16,0,2021,2,0,1,0,0,0,0
40.0,21,99.08,2080.68,0,2021,2,0,0,0,0,1,0
28.0,61,97.71,5960.31,0,2021,2,1,0,1,0,0,0
40.0,57,109.92,6265.4400000000005,1,2021,2,1,0,0,0,0,1
62.0,11,92.5,1017.5,1,2025,9,1,0,1,0,0,0
38.0,19,70.67,1342.73,0,2025,1,1,0,0,0,0,1
55.0,1,59.15,59.15,1,2021,2,0,0,0,0,0,1
21.0,32,90.41,2893.12,0,2023,12,0,0,0,0,0,1
22.0,34,80.28,2729.52,0,2021,2,1,0,0,1,0,0
29.0,17,74.29,1262.93,1,2025,3,1,0,0,1,0,0
34.0,55,78.91,4340.05,0,2021,2,0,0,0,0,1,0
40.0,19,85.53,1625.07,0,2025,1,1,0,1,0,0,0
44.0,42,116.87,4908.54,0,2021,2,0,1,0,0,0,0
45.0,59,95.32,5623.879999999999,0,2021,2,1,0,0,0,0,0
29.0,38,37.64,1430.32,0,2023,7,0,1,0,0,0,1
30.0,31,66.68,2060.0699999999997,0,2024,1,0,0,1,1,0,0
32.0,66,87.82,5796.12,0,2021,2,1,0,1,0,1,0
26.0,69,37.57,2592.33,0,2021,2,0,1,0,0,0,0
40.0,50,113.27,2060.0699999999997,0,2021,2,1,1,0,0,0,0
39.0,30,27.7,2060.0699999999997,0,2021,2,0,0,0,0,1,0
35.0,35,81.1,2838.5,0,2023,9,0,0,1,0,0,1
36.0,59,117.59,6937.81,0,2021,2,1,0,1,0,0,0
28.0,17,92.79,1577.43,0,2021,2,0,1,0,0,0,1
50.0,66,87.73,5790.18,0,2021,2,0,0,0,0,0,1
69.0,21,119.74,2514.54,1,2021,2,0,0,0,0,0,1
30.0,52,99.18,5157.360000000001,1,2021,2,0,1,0,0,0,0
57.0,65,117.03,7606.95,0,2021,2,0,0,0,0,0,0
44.0,14,89.89,1258.46,0,2025,6,0,1,0,0,1,0
40.0,16,86.55,1384.8,1,2025,4,0,0,0,0,1,0
36.0,55,96.26,5294.3,0,2022,1,0,0,0,0,0,1
40.0,9,38.88,349.92,0,2021,3,1,0,0,0,0,0
54.0,8,100.58,804.64,1,2021,3,1,1,0,0,0,1
26.0,34,117.01,2060.0699999999997,0,2021,3,1,1,0,0,1,0
37.0,33,81.16,2678.28,0,2021,3,0,0,1,0,0,1
55.0,7,21.24,148.67999999999998,0,2021,3,0,0,0,1,0,0
52.0,21,27.21,571.41,0,2021,3,0,1,0,0,0,1
40.0,5,43.47,217.35,0,2021,3,0,1,0,0,0,0
38.0,71,69.11,4906.81,0,2021,3,1,0,0,0,0,1
49.0,12,61.38,736.5600000000001,1,2021,3,1,0,1,0,0,1
48.0,59,117.92,6957.28,0,2021,3,1,0,0,0,0,0
52.0,58,114.56,6644.4800000000005,0,2021,3,0,0,1,1,0,0
45.0,37,59.27,2192.99,1,2021,3,0,1,0,0,0,1
47.0,45,99.43,2060.0699999999997,0,2021,3,1,0,1,0,1,0
44.0,25,83.64,2091.0,0,2021,3,0,1,0,1,0,0
59.0,27,44.31,1196.37,0,2021,3,0,1,0,1,0,0
35.0,51,113.12,5769.12,0,2021,3,0,0,0,0,0,0
41.0,42,45.95,1929.9,0,2021,3,0,1,0,0,0,1
28.0,71,107.03,7599.13,0,2021,3,0,0,1,0,1,0
25.0,42,83.76,3517.92,0,2023,3,0,1,0,0,1,0
44.0,60,82.11,2060.0699999999997,0,2021,3,1,1,0,1,0,0
31.0,58,103.84,6022.72,0,2021,3,0,0,0,0,1,0
39.0,22,69.43,1527.46,0,2021,3,1,0,1,1,0,0
40.0,58,105.34,6109.72,0,2021,10,1,1,0,1,0,0
40.0,11,75.02,825.2199999999999,0,2021,3,0,1,0,0,1,0
67.0,6,118.46,710.76,1,2021,3,1,0,0,1,0,0
40.0,22,85.99,2060.0699999999997,0,2024,10,1,1,0,0,0,1
69.0,12,57.41,688.92,0,2021,3,0,1,0,1,0,0
45.0,27,96.34,2060.0699999999997,1,2021,3,0,1,0,0,0,1
29.0,1,70.99,70.99,1,2026,7,0,0,0,0,0,1
28.0,64,100.6,2060.0699999999997,0,2021,4,0,1,0,0,0,1
57.0,39,103.35,4030.65,1,2021,4,0,1,0,0,1,0
41.0,60,81.69,4901.4,0,2021,4,1,0,0,0,0,1
42.0,70,107.22,7505.4,1,2021,4,0,0,0,0,1,0
33.0,54,60.34,3258.36,0,2021,4,0,0,0,0,0,0
35.0,25,25.74,643.5,0,2021,4,0,0,0,0,0,1
45.0,20,86.26,1725.2,0,2024,12,0,0,0,1,0,0
40.0,36,96.45,3472.2000000000003,0,2021,4,1,1,0,0,0,0
43.0,23,27.28,627.44,0,2024,9,0,0,0,0,0,0
58.0,1,97.09,97.09,1,2021,4,0,1,0,0,0,1
14.0,27,83.92,2265.84,1,2024,5,1,0,0,0,1,0
22.0,52,31.64,1645.28,0,2021,4,1,0,0,0,0,0
48.0,2,73.99,147.98,0,2021,4,1,0,1,0,0,1
56.0,21,30.87,648.27,0,2021,4,1,1,0,0,0,0
34.0,9,52.16,469.44,1,2021,4,0,1,0,0,0,0
16.0,48,100.4,4819.200000000001,1,2021,4,1,1,0,0,0,1
57.0,39,30.08,1173.12,0,2021,4,1,0,0,1,0,0
30.0,42,65.94,2769.48,0,2023,3,1,0,1,1,0,0
36.0,71,80.57,5720.469999999999,0,2021,4,1,1,0,1,0,0
44.0,45,114.05,5132.25,0,2021,4,1,1,0,0,0,0
32.0,2,93.73,187.46,0,2021,4,1,1,0,0,1,0
29.0,67,33.92,2272.6400000000003,0,2021,4,1,0,1,0,1,0
30.0,43,116.89,5026.27,1,2021,4,0,1,0,0,0,0
62.0,18,67.8,1220.4,0,2021,4,0,0,0,0,0,0
54.0,39,56.97,2221.83,0,2023,5,0,1,0,0,0,1
47.0,6,32.87,197.22,0,2026,3,1,0,0,0,1,0
14.0,42,113.35,4760.7,0,2023,3,0,1,0,0,0,0
47.0,52,78.62,4088.24,0,2021,4,1,0,0,1,0,0
46.0,27,118.8,3207.6,1,2021,4,0,1,0,0,1,0
40.0,15,37.39,560.85,0,2021,5,0,0,0,0,0,0
43.0,19,74.58,1417.02,0,2025,1,1,0,0,0,0,1
53.0,62,30.99,1921.38,0,2021,5,1,0,0,0,0,1
47.0,64,72.43,4635.52,0,2021,5,0,1,0,0,0,1
32.0,51,108.98,5557.9800000000005,0,2022,5,1,1,0,1,0,0
40.0,47,30.93,1453.71,0,2021,5,0,1,0,0,1,0
40.0,57,46.96,2676.7200000000003,0,2021,5,1,1,0,0,0,0
41.0,20,88.24,1764.8,0,2021,5,1,0,0,0,0,1
40.0,20,27.63,552.6,0,2021,5,1,1,0,0,0,0
45.0,64,65.4,4185.6,0,2021,5,1,0,0,1,0,0
49.0,38,53.31,2025.78,0,2021,5,1,1,0,1,0,0
50.0,38,103.81,3944.78,0,2021,5,0,0,0,0,0,0
27.0,65,24.91,1619.15,0,2021,5,1,0,1,0,1,0
40.0,5,106.34,531.7,1,2026,3,1,0,0,0,0,1
40.0,64,90.36,5783.04,0,2021,5,1,0,0,1,0,0
53.0,27,49.72,1342.44,0,2021,5,0,0,0,1,0,0
40.0,20,39.78,795.6,0,2024,12,0,1,0,0,0,1
38.0,60,115.02,6901.2,0,2021,5,1,1,0,0,1,0
25.0,40,75.39,3015.6,0,2021,5,1,0,1,0,0,1
21.0,6,54.48,326.88,1,2021,5,1,0,0,0,1,0
44.0,36,24.45,2060.0699999999997,0,2021,5,0,0,1,1,0,0
31.0,65,36.58,2377.7,0,2021,3,0,0,0,1,0,0
48.0,11,79.82,878.02,1,2021,5,0,0,1,0,0,0
20.0,49,71.31,2060.0699999999997,0,2021,5,0,0,0,0,1,0
59.0,28,95.76,2681.28,1,2021,5,1,0,0,0,0,1
48.0,22,103.48,2276.56,0,2024,10,1,0,1,0,1,0
41.0,47,59.72,2806.84,0,2021,5,0,0,1,0,1,0
60.0,66,30.09,1985.94,0,2021,5,0,0,0,0,1,0
51.0,25,99.15,2478.75,1,2021,5,0,1,0,0,1,0
40.0,67,75.37,5049.79,0,2021,5,1,1,0,0,0,1
41.0,32,117.98,3775.36,1,2021,5,0,0,0,0,0,0
16.0,17,99.63,1693.71,0,2025,3,0,1,0,1,0,0
53.0,40,52.91,2116.4,0,2021,6,1,1,0,0,0,1
36.0,30,62.85,1885.5,0,2021,6,0,0,0,0,0,1
16.0,59,43.56,2570.04,0,2021,9,0,1,0,0,0,1
26.0,28,71.2,1993.6,0,2021,6,0,0,0,0,0,0
40.0,47,91.07,4280.29,1,2021,6,1,1,0,0,0,1
59.0,23,81.25,1868.75,0,2021,6,1,0,0,1,0,0
40.0,57,54.21,3089.9700000000003,0,2021,11,1,0,0,0,0,0
40.0,1,102.33,102.33,1,2021,6,0,0,0,0,0,0
23.0,29,30.51,884.7900000000001,0,2021,6,0,1,0,0,1,0
57.0,50,34.26,1713.0,0,2021,6,0,1,0,0,0,1
45.0,64,60.42,3866.88,0,2021,6,0,0,0,0,0,0
36.0,37,90.22,3338.14,0,2021,6,1,1,0,0,0,1
33.0,61,89.42,5454.62,0,2021,6,1,0,0,1,0,0
48.0,7,56.65,396.55,0,2021,6,0,0,1,0,0,1
48.0,64,89.66,5738.24,1,2021,6,1,0,0,0,0,0
29.0,18,26.06,469.08,0,2025,3,0,0,0,1,0,0
26.0,29,49.0,1421.0,0,2021,6,0,0,0,1,0,0
27.0,60,89.38,2060.0699999999997,1,2021,6,0,1,0,0,1,0
34.0,54,38.4,2073.6,0,2021,6,0,0,0,1,0,0
40.0,21,41.27,866.6700000000001,0,2024,11,0,0,0,0,0,0
59.0,21,28.69,602.49,0,2021,6,1,0,0,0,1,0
34.0,58,56.45,3274.1000000000004,0,2021,6,1,0,0,0,0,0
40.0,49,102.49,5022.009999999999,0,2021,6,1,1,0,0,0,0
26.0,36,103.64,3731.04,0,2021,6,0,0,0,0,1,0
38.0,17,106.24,1806.08,1,2021,6,0,0,1,0,1,0
18.0,53,23.67,1254.51,0,2021,6,1,1,0,0,0,1
39.0,15,119.35,1790.25,1,2021,6,1,1,0,0,0,0
24.0,40,70.26,2810.4,1,2021,6,1,1,0,0,0,1
54.0,51,107.27,5470.77,0,2021,6,1,1,0,1,0,0
41.0,65,110.51,2060.0699999999997,0,2021,3,1,1,0,1,0,0
65.0,13,71.45,928.85,1,2021,7,1,0,0,0,0,1
37.0,38,25.11,954.18,0,2021,7,1,0,0,0,1,0
40.0,26,79.75,2073.5,0,2024,6,1,0,0,1,0,0
57.0,15,53.41,801.15,0,2021,7,0,0,1,0,1,0
46.0,5,40.68,2060.0699999999997,0,2021,7,0,0,0,0,0,1
48.0,2,38.25,76.5,0,2021,7,1,0,1,0,1,0
28.0,65,75.93,4935.450000000001,0,2021,7,1,0,1,0,0,0
39.0,60,30.45,1827.0,0,2021,8,1,1,0,1,0,0
42.0,56,102.16,5720.96,0,2021,7,1,1,0,0,1,0
37.0,38,42.73,1623.7399999999998,0,2023,7,1,0,0,0,1,0
19.0,57,74.93,4271.01,0,2021,7,1,1,0,0,0,0
40.0,51,32.55,1660.05,0,2022,5,0,1,0,0,1,0
50.0,41,105.96,4344.36,1,2021,7,1,0,1,0,0,1
45.0,70,89.21,6244.7,0,2021,7,1,1,0,0,0,1
56.0,52,40.65,2113.8,0,2022,5,0,0,1,0,0,1
40.0,1,91.57,91.57,1,2026,7,0,1,0,1,0,0
32.0,18,28.29,509.22,0,2021,7,1,0,0,0,0,1
55.0,27,97.22,2624.94,0,2021,7,1,1,0,1,0,0
50.0,42,69.03,2899.26,0,2021,7,1,1,0,1,0,0
32.0,6,32.02,192.12,0,2021,7,0,0,1,0,0,1
40.0,24,75.05,1801.1999999999998,0,2021,7,1,1,0,0,1,0
37.0,45,40.09,1804.05,1,2021,7,1,0,0,0,0,1
43.0,71,87.28,6196.88,0,2020,9,1,0,0,0,0,1
47.0,7,90.86,636.02,0,2021,7,0,1,0,1,0,0
56.0,16,96.08,2060.0699999999997,1,2021,7,0,0,0,0,1,0
32.0,58,109.49,6350.42,0,2021,7,0,0,0,1,0,0
40.0,57,85.49,4872.929999999999,0,2021,11,1,0,0,0,0,0
64.0,42,69.18,2905.5600000000004,0,2021,7,0,1,0,0,1,0
40.0,14,105.42,1475.88,1,2025,6,1,0,1,0,0,1
42.0,56,109.98,6158.88,0,2021,12,1,1,0,0,0,0
64.0,12,98.18,1178.16,1,2021,8,0,0,0,0,0,0
48.0,15,114.24,1713.6,0,2025,5,1,1,0,0,0,1
22.0,8,117.94,943.52,0,2021,8,1,0,0,0,0,0
30.0,58,45.13,2617.54,0,2021,10,1,1,0,0,0,0
48.0,53,38.37,2033.61,0,2021,8,1,0,1,0,0,0
45.0,9,64.86,583.74,0,2021,8,0,0,0,1,0,0
42.0,46,119.69,5505.74,1,2021,8,0,0,0,0,0,0
66.0,7,28.85,201.95,0,2021,8,0,1,0,0,0,0
33.0,44,91.2,4012.8,0,2021,8,1,0,0,0,1,0
39.0,14,105.08,1471.12,0,2025,6,0,1,0,0,0,1
16.0,6,119.64,717.84,1,2021,8,1,0,1,1,0,0
54.0,35,81.97,2868.95,0,2021,8,1,0,0,1,0,0
30.0,70,58.01,2060.0699999999997,0,2021,8,1,1,0,0,0,1
40.0,61,36.65,2235.65,0,2021,8,1,0,0,1,0,0
40.0,24,118.18,2836.32,1,2021,8,0,0,1,0,0,1
68.0,2,112.42,224.84,1,2021,8,0,0,0,1,0,0
48.0,51,100.45,5122.95,0,2021,8,0,1,0,0,1,0
36.0,31,114.38,3545.78,0,2024,1,0,0,0,0,0,1
45.0,27,26.09,704.43,0,2021,8,1,0,0,1,0,0
31.0,31,83.15,2060.0699999999997,1,2021,8,0,1,0,0,0,1
44.0,70,47.48,3323.6,0,2020,10,1,1,0,0,0,1
38.0,43,96.56,4152.08,0,2021,8,1,1,0,0,1,0
39.0,52,29.57,2060.0699999999997,0,2022,5,1,1,0,0,1,0
29.0,14,45.87,642.18,0,2021,8,1,0,0,0,0,0
44.0,59,105.03,6196.77,0,2021,9,0,0,0,0,1,0
50.0,20,94.94,1898.8,0,2021,8,0,1,0,1,0,0
20.0,52,119.2,6198.400000000001,1,2021,8,0,0,0,0,1,0
32.0,40,84.4,3376.0,0,2021,8,1,0,0,0,0,1
42.0,68,50.31,3421.08,0,2021,8,1,0,0,0,0,0
12.0,44,74.79,3290.76,0,2022,12,1,0,1,0,0,1
61.0,6,114.4,686.4000000000001,1,2021,8,1,0,1,0,0,1
31.0,57,85.18,4855.26,0,2021,11,1,0,0,1,0,0
29.0,58,108.15,6272.700000000001,0,2021,9,0,0,1,0,1,0
38.0,30,22.29,668.6999999999999,0,2021,9,1,1,0,0,0,0
42.0,52,56.96,2961.92,0,2021,9,1,0,0,0,0,0
31.0,11,113.53,1248.83,1,2021,9,0,1,0,0,0,1
40.0,47,23.93,1124.71,0,2021,9,1,0,0,0,0,1
45.0,5,71.91,359.54999999999995,0,2026,3,0,0,1,0,1,0
30.0,3,54.65,163.95,1,2021,9,0,1,0,0,0,0
40.0,15,84.62,1269.3000000000002,0,2021,9,1,1,0,0,0,1
40.0,2,36.22,72.44,0,2021,9,0,0,0,0,1,0
25.0,2,85.33,170.66,1,2021,9,1,0,0,0,1,0
45.0,54,119.18,6435.72,1,2021,9,0,0,0,0,1,0
30.0,46,47.12,2167.52,0,2021,9,1,1,0,0,0,1
62.0,41,66.14,2711.74,0,2021,9,1,1,0,0,0,1
41.0,69,22.97,1584.9299999999998,0,2021,9,0,0,0,0,0,1
24.0,30,63.4,1902.0,0,2021,9,0,0,1,1,0,0
26.0,44,60.6,2666.4,0,2021,9,1,1,0,1,0,0
53.0,10,76.47,764.7,1,2025,10,1,1,0,1,0,0
39.0,30,45.68,1370.4,0,2021,9,0,1,0,0,0,1
52.0,49,52.87,2590.63,0,2021,9,1,0,1,0,0,1
36.0,35,80.99,2834.65,0,2023,9,1,0,0,1,0,0
40.0,65,110.85,2060.0699999999997,0,2021,9,0,1,0,0,0,0
53.0,17,43.52,739.84,0,2021,9,1,0,0,0,0,0
30.0,31,87.75,2060.0699999999997,1,2021,9,1,0,0,0,0,0
46.0,70,72.39,5067.3,0,2021,9,0,0,0,0,0,0
37.0,52,30.46,1583.92,0,2021,9,1,1,0,1,0,0
51.0,26,76.54,1990.04,0,2024,6,0,1,0,0,1,0
40.0,5,90.88,454.4,1,2021,9,1,0,1,0,0,1
35.0,14,79.83,1117.62,0,2021,9,0,1,0,0,0,0
40.0,51,30.44,2060.0699999999997,0,2022,5,0,1,0,0,0,1
48.0,15,105.45,1581.75,1,2021,10,1,0,0,0,0,0
27.0,12,24.1,289.20000000000005,0,2021,10,0,1,0,0,0,0
59.0,46,43.6,2005.6,0,2021,10,0,0,0,0,1,0
57.0,64,81.57,5220.48,0,2021,10,1,1,0,0,0,1
28.0,59,41.8,2466.2,0,2021,10,0,0,1,0,1,0
21.0,26,30.18,784.68,0,2021,10,1,0,0,0,0,1
26.0,29,71.19,2064.51,0,2024,3,1,0,0,1,0,0
26.0,4,92.25,369.0,0,2026,5,0,0,0,0,1,0
50.0,50,61.08,3054.0,0,2022,7,0,1,0,1,0,0
59.0,25,89.85,2246.25,0,2024,7,0,1,0,1,0,0
49.0,40,106.07,4242.799999999999,0,2021,10,1,0,0,0,0,0
37.0,32,115.88,3708.16,0,2021,10,1,1,0,0,0,1
44.0,37,43.33,1603.21,0,2021,10,1,0,0,0,1,0
30.0,10,80.54,805.4000000000001,1,2021,10,1,1,0,0,0,0
53.0,38,46.69,1774.2199999999998,0,2021,10,1,0,1,0,1,0
45.0,61,107.09,6532.49,0,2021,10,1,0,1,1,0,0
49.0,27,109.03,2943.81,0,2021,10,0,0,0,0,0,1
31.0,7,52.22,365.54,0,2026,1,1,0,1,0,1,0
38.0,9,84.53,760.77,1,2021,10,1,1,0,0,0,0
49.0,59,108.77,2060.0699999999997,0,2021,10,0,1,0,0,0,1
57.0,36,70.84,2550.24,0,2021,10,1,0,0,0,1,0
33.0,30,92.05,2060.0699999999997,0,2021,10,1,0,0,1,0,0
49.0,19,100.09,1901.71,0,2021,10,0,0,1,1,0,0
31.0,41,107.19,4394.79,0,2021,10,1,1,0,0,0,0
65.0,55,71.52,2060.0699999999997,0,2021,10,0,1,0,1,0,0
35.0,6,114.18,685.08,1,2021,10,1,0,0,0,1,0
48.0,22,82.9,1823.8,0,2021,10,1,1,0,0,0,1
42.0,70,35.17,2461.9,0,2021,10,1,1,0,0,1,0
71.0,24,81.25,1950.0,0,2024,8,1,0,0,0,0,0
43.0,62,49.85,2060.0699999999997,0,2021,10,1,0,0,1,0,0
34.0,42,57.21,2402.82,0,2021,10,1,0,1,0,1,0
40.0,22,100.89,2219.58,1,2021,11,0,1,0,0,1,0
47.0,16,117.33,1877.28,1,2021,11,0,0,0,1,0,0
38.0,13,106.99,1390.87,1,2025,7,1,1,0,0,0,1
27.0,37,52.58,1945.46,0,2021,11,0,0,0,0,0,1
40.0,52,65.37,3399.24,1,2021,11,0,0,0,0,0,1
51.0,24,118.35,2840.4,0,2021,11,1,1,0,1,0,0
19.0,17,112.35,1909.95,1,2021,11,1,1,0,0,1,0
37.0,16,117.69,1883.04,1,2025,4,0,1,0,0,0,0
52.0,1,63.29,63.29,1,2026,7,1,1,0,0,1,0
39.0,1,100.06,100.06,1,2021,11,0,1,0,1,0,0
66.0,30,107.12,3213.6000000000004,0,2024,2,1,1,0,1,0,0
19.0,24,24.43,586.3199999999999,0,2021,11,0,0,1,0,1,0
28.0,46,46.61,2144.06,1,2021,11,1,0,0,0,0,1
12.0,2,108.35,216.7,0,2026,7,1,0,1,0,1,0
64.0,15,58.87,2060.0699999999997,0,2021,11,0,0,1,0,1,0
29.0,29,47.86,1387.94,0,2021,11,0,1,0,0,0,1
16.0,62,47.27,2060.0699999999997,0,2021,11,1,0,0,1,0,0
33.0,13,57.54,748.02,0,2021,11,1,1,0,1,0,0
23.0,65,44.4,2886.0,0,2021,11,1,0,0,0,0,1
33.0,45,20.34,915.3,0,2021,11,0,1,0,0,0,1
40.0,47,37.26,1751.2199999999998,0,2021,11,1,1,0,0,0,1
50.0,16,108.26,2060.0699999999997,1,2021,11,1,1,0,0,0,0
38.0,3,27.56,82.67999999999999,0,2021,11,1,0,0,1,0,0
40.0,70,61.3,4291.0,0,2021,11,1,1,0,0,1,0
33.0,5,65.65,328.25,0,2021,11,1,0,0,0,1,0
22.0,26,97.82,2543.32,1,2021,11,1,0,0,0,1,0
18.0,15,45.26,678.9,0,2021,11,1,1,0,1,0,0
40.0,55,50.96,2802.8,0,2021,11,1,0,0,0,0,0
41.0,22,21.43,471.46,0,2024,10,0,0,0,1,0,0
35.0,37,110.28,2060.0699999999997,0,2021,11,1,1,0,1,0,0
18.0,29,88.56,2568.24,1,2021,12,1,0,1,1,0,0
42.0,26,46.28,1203.28,0,2021,12,1,0,0,1,0,0
60.0,70,108.75,7612.5,0,2020,10,1,1,0,1,0,0
39.0,11,28.66,315.26,0,2021,12,0,0,0,0,0,0
33.0,20,56.84,1136.8000000000002,1,2021,12,0,1,0,0,0,1
39.0,70,76.36,5345.2,0,2021,12,1,1,0,0,1,0
27.0,33,70.55,2328.15,0,2021,12,1,0,1,1,0,0
26.0,30,85.49,2060.0699999999997,0,2021,12,0,0,0,1,0,0
45.0,50,49.76,2060.0699999999997,0,2021,12,1,0,0,1,0,0
40.0,34,95.78,3256.52,0,2021,12,0,0,1,0,1,0
38.0,5,60.54,302.7,1,2026,3,0,0,0,0,0,0
16.0,12,32.53,390.36,0,2025,8,0,1,0,0,1,0
44.0,52,94.04,4890.08,1,2022,5,1,0,0,0,0,0
65.0,51,111.19,5670.69,0,2021,12,0,0,0,0,0,1
40.0,21,56.44,1185.24,0,2021,12,1,1,0,1,0,0
38.0,71,78.97,5606.87,0,2021,12,1,1,0,0,0,0
30.0,58,88.78,5149.24,1,2021,12,1,0,1,0,1,0
46.0,64,103.15,6601.6,0,2021,12,0,0,0,0,0,0
32.0,6,39.8,2060.0699999999997,0,2021,12,0,1,0,0,0,0
52.0,49,77.0,3773.0,0,2021,12,1,0,1,0,0,1
32.0,37,94.04,3479.48,0,2021,12,0,0,0,1,0,0
44.0,10,39.91,399.1,1,2025,10,1,0,0,1,0,0
39.0,66,67.25,4438.5,0,2021,2,0,1,0,0,1,0
59.0,56,66.44,3720.64,0,2021,12,1,1,0,0,1,0
45.0,71,103.93,7379.030000000001,0,2020,9,1,0,1,0,0,1
57.0,66,97.73,6450.18,1,2021,12,0,0,1,0,0,0
41.0,45,43.19,1943.55,0,2021,12,1,0,0,0,0,0
38.0,68,43.3,2944.4,0,2021,12,0,0,1,0,1,0
40.0,64,92.34,5909.76,1,2021,12,0,1,0,1,0,0
31.0,16,93.96,1503.36,0,2021,12,1,0,1,0,0,1
46.0,10,37.89,378.9,1,2021,12,1,1,0,0,0,1
32.0,21,61.12,1283.52,1,2024,11,0,0,0,0,1,0
41.0,12,102.58,1230.96,1,2022,1,1,0,0,0,0,0
50.0,13,27.94,363.22,0,2025,7,0,0,1,1,0,0
40.0,10,57.39,573.9,0,2022,1,1,0,1,1,0,0
42.0,13,84.45,1097.85,0,2025,7,0,0,1,0,0,1
50.0,34,97.11,3301.74,0,2022,1,0,0,1,0,0,1
49.0,59,85.27,5030.929999999999,0,2022,1,0,1,0,0,1,0
35.0,49,59.75,2927.75,0,2022,1,1,1,0,0,1,0
65.0,6,119.2,715.2,1,2026,3,1,1,0,1,0,0
33.0,12,24.15,289.79999999999995,0,2022,1,0,1,0,1,0,0
41.0,29,69.48,2014.92,0,2022,1,1,1,0,0,0,0
40.0,26,71.01,1846.26,1,2022,1,0,0,0,0,0,0
57.0,68,43.98,2990.64,0,2022,1,1,1,0,0,0,0
40.0,16,75.87,1213.92,0,2025,4,0,0,1,0,0,1
52.0,53,42.01,2226.53,0,2022,1,1,1,0,0,0,1
37.0,19,64.34,1222.46,0,2022,1,1,0,1,0,0,0
34.0,47,63.16,2060.0699999999997,0,2022,1,0,1,0,1,0,0
25.0,32,97.31,3113.92,0,2022,1,1,0,0,0,1,0
49.0,70,114.26,7998.200000000001,0,2022,1,0,1,0,0,0,1
50.0,70,40.28,2819.6,0,2022,1,1,1,0,0,0,1
33.0,61,119.15,7268.150000000001,0,2022,1,0,0,0,0,0,0
40.0,5,114.03,570.15,1,2022,1,0,0,1,0,1,0
72.0,59,31.27,1844.93,0,2022,1,0,0,1,0,0,1
54.0,2,111.24,222.48,0,2026,7,1,0,1,0,1,0
29.0,2,76.46,152.92,0,2022,1,1,0,0,0,0,1
40.0,3,107.9,323.70000000000005,0,2022,1,1,1,0,0,1,0
29.0,70,114.56,2060.0699999999997,0,2022,1,1,0,0,0,1,0
40.0,43,105.89,4553.27,0,2022,1,1,1,0,0,0,1
40.0,5,60.29,301.45,0,2026,3,0,1,0,0,1,0
59.0,50,83.68,4184.0,0,2022,1,0,1,0,1,0,0
57.0,10,66.48,664.8000000000001,1,2022,1,0,0,0,0,0,1
45.0,27,56.64,1529.28,0,2022,2,1,0,1,0,0,1
33.0,24,45.07,1081.68,0,2022,2,0,1,0,1,0,0
46.0,22,64.15,1411.3000000000002,1,2024,10,1,0,0,0,1,0
37.0,3,100.6,2060.0699999999997,0,2022,2,0,1,0,1,0,0
34.0,16,104.4,1670.4,0,2022,2,0,0,1,0,0,1
53.0,30,115.8,3474.0,0,2022,2,0,1,0,1,0,0
34.0,43,49.06,2109.58,0,2023,1,1,1,0,0,1,0
54.0,4,85.04,340.16,1,2022,2,0,1,0,1,0,0
33.0,40,89.38,3575.2,1,2022,2,0,1,0,0,0,1
65.0,16,39.13,626.08,1,2025,4,0,1,0,0,1,0
20.0,16,56.69,907.04,0,2025,4,1,0,0,0,0,1
29.0,66,54.23,3579.18,0,2021,2,1,0,0,0,0,1
38.0,55,118.59,6522.45,1,2022,1,1,1,0,0,0,0
16.0,20,115.84,2316.8,0,2022,2,0,0,0,0,0,1
9.0,51,102.18,5211.18,0,2022,5,1,0,0,0,0,1
16.0,57,67.28,2060.0699999999997,0,2022,2,0,0,0,0,1,0
36.0,51,46.41,2366.91,0,2022,2,0,0,1,0,1,0
37.0,18,111.6,2008.8,1,2022,2,0,1,0,0,1,0
44.0,59,46.8,2761.2,0,2022,2,1,1,0,1,0,0
38.0,28,72.19,2021.32,0,2024,4,1,1,0,1,0,0
44.0,69,44.51,3071.19,0,2022,2,1,0,0,0,1,0
35.0,28,117.13,3279.64,1,2024,4,0,0,0,1,0,0
49.0,13,24.18,314.34,1,2022,2,1,1,0,0,0,0
47.0,6,37.43,224.58,0,2022,2,0,1,0,1,0,0
36.0,29,96.5,2798.5,1,2022,2,1,0,1,0,0,0
46.0,9,35.14,316.26,0,2022,2,0,0,0,0,1,0
38.0,29,117.93,3419.9700000000003,1,2022,2,0,0,1,0,1,0
22.0,38,52.14,1981.32,0,2022,2,1,0,0,1,0,0
51.0,65,111.86,7270.9,0,2021,3,1,1,0,0,1,0
29.0,56,86.23,2060.0699999999997,0,2022,3,0,0,0,0,1,0
51.0,30,83.41,2502.3,0,2022,3,0,1,0,0,0,1
44.0,59,111.54,6580.860000000001,0,2022,3,1,0,1,0,1,0
39.0,58,71.33,4137.14,0,2021,10,1,1,0,0,0,1
17.0,10,60.08,600.8,0,2022,3,1,0,1,0,1,0
58.0,21,41.76,2060.0699999999997,0,2022,3,0,0,0,0,0,0
36.0,56,34.45,1929.2000000000005,0,2021,12,0,1,0,0,0,0
48.0,26,99.18,2578.6800000000003,0,2024,6,1,0,0,0,1,0
39.0,15,32.79,491.85,0,2022,3,0,1,0,0,0,0
37.0,35,59.4,2079.0,1,2022,3,0,1,0,0,0,0
42.0,15,60.92,913.8,0,2022,3,0,0,1,0,0,0
40.0,6,86.45,518.7,0,2026,3,0,0,1,1,0,0
37.0,28,47.85,1339.8,0,2022,3,0,0,0,0,0,0
39.0,63,103.82,6540.66,0,2022,3,0,1,0,0,0,1
45.0,29,40.75,1181.75,0,2022,3,1,1,0,1,0,0
46.0,48,98.91,4747.68,1,2022,8,0,0,0,0,0,1
41.0,63,104.98,1200.5,0,2021,5,0,1,0,0,0,1
47.0,58,39.32,2280.56,0,2022,3,1,0,1,0,0,1
35.0,21,100.94,2119.74,0,2022,3,1,1,0,1,0,0
67.0,22,91.37,2010.14,1,2022,3,0,0,0,0,1,0
58.0,27,107.44,2900.88,1,2024,5,0,0,0,0,0,0
49.0,57,71.0,4047.0,0,2021,11,0,0,1,0,0,0
17.0,10,43.39,433.9,0,2022,3,0,0,1,0,1,0
47.0,22,111.2,2060.0699999999997,0,2024,10,0,0,1,0,1,0
36.0,44,99.0,4356.0,1,2022,3,1,1,0,0,0,1
28.0,28,22.1,618.8000000000001,0,2022,3,1,1,0,1,0,0
40.0,50,113.94,5697.0,1,2022,3,1,1,0,0,0,1
40.0,51,114.85,5857.349999999999,0,2022,3,1,0,0,0,0,0
46.0,1,55.53,55.53,1,2022,3,0,1,0,0,1,0
59.0,34,21.0,714.0,0,2023,10,0,1,0,0,0,0
50.0,35,75.25,2633.75,1,2022,4,0,1,0,0,1,0
40.0,61,111.37,6793.570000000001,0,2022,4,0,0,0,1,0,0
21.0,30,32.44,973.2,0,2024,2,0,1,0,0,0,1
34.0,68,79.05,5375.4,0,2022,4,0,1,0,0,0,0
29.0,40,93.18,3727.2,1,2022,4,1,0,0,1,0,0
40.0,65,33.47,2175.55,0,2022,4,1,0,0,0,0,0
37.0,37,71.33,2639.21,0,2022,4,0,0,0,0,1,0
42.0,64,28.88,1848.32,0,2021,4,0,0,0,0,0,0
48.0,1,75.81,75.81,0,2026,7,1,0,1,1,0,0
23.0,15,64.21,2060.0699999999997,0,2025,5,0,0,1,1,0,0
40.0,13,46.47,604.11,0,2022,4,0,0,0,0,0,1
52.0,29,105.31,3053.99,0,2022,4,1,0,1,0,0,0
33.0,55,58.18,2060.0699999999997,0,2022,4,0,1,0,0,1,0
19.0,45,89.98,4049.1,0,2022,4,1,0,0,0,0,0
29.0,4,99.07,396.28,0,2026,5,1,1,0,0,0,1
37.0,64,37.86,2423.04,0,2021,4,1,1,0,0,1,0
40.0,15,31.91,478.65,1,2025,5,0,0,0,0,1,0
40.0,48,20.78,2060.0699999999997,0,2022,8,0,0,0,0,0,1
33.0,56,50.58,2832.48,0,2022,4,1,0,1,0,0,1
51.0,70,101.6,7112.0,0,2022,4,0,0,1,1,0,0
38.0,15,97.28,1459.2,1,2022,4,0,0,1,1,0,0
43.0,39,107.18,4180.02,0,2022,4,1,0,0,0,1,0
33.0,69,96.06,2060.0699999999997,0,2022,4,0,1,0,0,0,0
58.0,60,22.4,1344.0,0,2022,4,1,0,0,0,1,0
35.0,44,58.55,2576.2,0,2022,4,0,0,1,0,0,0
41.0,43,20.59,885.37,0,2022,4,0,1,0,0,0,1
40.0,4,23.61,94.44,0,2022,4,1,1,0,1,0,0
43.0,50,67.86,3393.0,0,2022,4,0,1,0,1,0,0
43.0,39,56.0,2184.0,0,2022,4,1,0,0,0,0,1
16.0,54,75.85,4095.9,0,2022,4,1,0,1,0,0,1
48.0,23,26.62,612.26,0,2022,5,0,1,0,1,0,0
41.0,60,78.83,4729.8,0,2021,8,1,1,0,0,0,1
46.0,35,26.5,927.5,0,2022,5,0,1,0,0,1,0
42.0,54,62.37,3367.98,0,2022,5,0,1,0,0,1,0
33.0,58,55.24,3203.92,0,2021,10,1,0,1,0,0,0
51.0,62,42.39,2628.18,0,2021,6,1,0,0,0,0,0
42.0,48,51.2,2457.6000000000004,0,2022,5,1,0,1,0,0,0
25.0,7,20.05,140.35,0,2022,5,1,0,0,0,1,0
56.0,45,52.41,2358.45,0,2022,5,0,1,0,1,0,0
23.0,13,27.84,361.92,0,2022,5,0,0,0,0,0,0
51.0,53,112.13,5942.889999999999,0,2022,5,0,1,0,0,1,0
58.0,39,27.43,1069.77,0,2022,5,0,0,0,1,0,0
40.0,18,115.31,2075.58,0,2025,3,0,0,1,0,0,1
39.0,22,69.14,1521.08,0,2022,5,0,0,1,0,1,0
37.0,36,71.32,2567.5199999999995,0,2023,8,0,1,0,0,0,1
38.0,53,98.81,5236.93,0,2022,3,1,1,0,0,0,0
62.0,3,89.54,268.62,0,2022,5,1,0,0,1,0,0
27.0,62,43.71,2710.02,0,2022,5,1,0,1,0,1,0
36.0,29,22.55,653.95,0,2022,5,0,0,1,0,0,0
58.0,8,97.84,782.72,0,2022,5,0,1,0,0,0,0
36.0,46,32.97,1516.62,0,2022,5,0,1,0,1,0,0
29.0,56,79.84,4471.04,0,2021,12,1,0,0,0,0,1
40.0,49,114.26,5598.740000000001,0,2022,5,0,1,0,0,0,0
50.0,43,74.94,3222.42,0,2022,5,0,1,0,1,0,0
35.0,10,48.56,485.6,0,2022,5,0,1,0,1,0,0
47.0,13,37.88,2060.0699999999997,1,2022,5,0,1,0,0,1,0
23.0,57,22.69,1293.3300000000002,0,2021,11,0,0,0,0,0,0
24.0,2,82.32,164.64,0,2022,5,0,0,0,0,0,1
35.0,65,75.8,4927.0,0,2022,5,1,0,0,0,0,1
47.0,42,66.17,2779.14,0,2022,5,0,0,0,0,0,0
49.0,58,39.38,2060.0699999999997,0,2021,10,1,1,0,0,0,1
26.0,10,43.66,436.6,0,2022,6,0,0,1,0,0,1
49.0,63,115.85,7298.549999999999,0,2021,5,0,1,0,1,0,0
42.0,71,22.04,1564.84,0,2020,9,0,0,0,0,0,0
29.0,61,56.34,2060.0699999999997,0,2021,7,0,1,0,0,0,1
40.0,1,23.88,23.88,1,2022,6,1,0,0,1,0,0
43.0,26,39.16,1018.16,0,2022,6,0,1,0,0,0,0
55.0,5,113.31,566.55,1,2026,3,1,1,0,1,0,0
40.0,35,34.96,1223.6,0,2023,9,0,0,0,0,0,0
29.0,13,80.08,1041.04,1,2022,6,0,0,0,0,1,0
18.0,27,54.69,1476.63,0,2022,6,0,0,0,0,1,0
58.0,12,83.3,2060.0699999999997,0,2022,6,1,0,0,0,0,0
53.0,50,105.21,5260.5,0,2022,6,0,0,0,0,1,0
44.0,59,48.65,2870.35,0,2022,6,1,0,0,0,1,0
58.0,31,27.86,863.66,0,2024,1,1,1,0,0,0,1
43.0,69,40.42,2788.98,0,2020,11,0,0,0,0,1,0
34.0,37,63.91,2364.67,0,2022,6,1,0,1,0,0,1
47.0,2,71.51,143.02,1,2022,6,1,0,1,0,1,0
30.0,71,114.19,8107.49,0,2020,9,0,0,1,0,1,0
40.0,65,21.61,1404.65,0,2021,3,0,0,0,1,0,0
40.0,3,95.76,287.28000000000003,1,2022,6,1,1,0,0,0,0
50.0,20,27.25,545.0,1,2022,6,1,0,0,0,1,0
25.0,2,27.79,55.58,0,2022,6,1,0,0,0,0,0
25.0,42,85.41,2060.0699999999997,0,2022,6,0,1,0,0,0,0
35.0,43,110.89,4768.27,0,2022,6,1,0,0,1,0,0
31.0,21,48.77,1024.17,1,2022,6,0,0,0,0,0,0
46.0,45,46.93,2111.85,0,2022,6,0,0,0,0,0,0
40.0,20,81.77,2060.0699999999997,1,2022,6,0,0,1,0,0,1
54.0,43,97.63,4198.09,1,2022,6,0,1,0,1,0,0
44.0,50,106.9,5345.0,0,2022,6,1,1,0,0,0,0
32.0,43,44.97,1933.71,0,2022,6,0,0,1,0,1,0
17.0,24,94.02,2256.48,1,2024,8,0,1,0,1,0,0
40.0,60,50.72,3043.2,1,2022,7,1,0,0,0,1,0
19.0,32,74.48,2383.36,0,2022,7,0,1,0,1,0,0
32.0,5,39.09,195.45,1,2022,7,1,0,0,1,0,0
31.0,2,34.6,69.2,0,2022,7,1,1,0,0,0,1
34.0,26,113.53,2951.78,0,2022,7,0,0,0,0,0,1
24.0,25,74.72,1868.0,0,2022,7,0,0,0,0,0,1
31.0,50,20.46,1023.0,0,2022,7,0,1,0,0,0,0
54.0,39,99.34,3874.26,1,2022,7,0,0,0,0,1,0
54.0,11,89.09,979.99,1,2025,9,0,0,1,1,0,0
58.0,63,52.59,3313.17,0,2021,5,1,0,0,0,1,0
40.0,68,66.4,4515.200000000001,0,2022,7,0,1,0,0,0,0
43.0,18,64.99,1169.82,1,2022,7,1,0,0,0,0,1
54.0,28,47.48,1329.4399999999998,0,2022,7,1,1,0,0,0,1
22.0,42,118.06,4958.52,0,2022,7,0,0,0,0,1,0
50.0,60,74.39,4463.4,0,2022,7,0,0,0,0,1,0
56.0,22,109.73,2060.0699999999997,1,2022,7,0,1,0,0,0,1
29.0,40,78.54,3141.6000000000004,1,2022,7,0,0,0,0,1,0
57.0,62,89.02,5519.24,0,2022,7,0,1,0,1,0,0
65.0,3,22.95,68.85,1,2022,7,1,1,0,1,0,0
49.0,71,71.18,5053.780000000001,0,2022,7,0,1,0,0,0,1
47.0,63,92.13,5804.19,0,2022,7,0,1,0,0,1,0
27.0,20,32.19,643.8,0,2022,7,1,1,0,0,0,1
53.0,71,87.83,6235.93,0,2022,7,0,1,0,1,0,0
28.0,71,28.43,2018.53,0,2020,9,0,0,0,0,0,1
44.0,26,100.7,2060.0699999999997,1,2022,7,1,0,1,0,0,1
46.0,41,117.78,4828.9800000000005,0,2022,7,0,1,0,1,0,0
40.0,3,82.67,248.01,0,2022,7,0,0,0,0,0,0
45.0,43,27.71,1191.53,0,2022,7,0,1,0,0,0,0
71.0,17,78.68,1337.5600000000002,0,2022,7,1,0,0,0,1,0
15.0,53,94.09,4986.77,0,2022,7,1,0,1,0,0,1
39.0,52,113.31,5892.12,0,2022,8,1,0,0,0,1,0
40.0,33,24.55,810.15,0,2022,8,1,0,1,0,0,1
29.0,60,97.5,5850.0,0,2022,8,0,0,0,0,0,1
17.0,68,33.26,2261.68,0,2020,12,0,0,0,0,1,0
40.0,56,99.06,5547.360000000001,0,2022,8,1,0,0,1,0,0
50.0,64,108.87,6967.68,0,2022,8,1,1,0,0,0,0
45.0,8,106.12,848.96,0,2022,8,0,0,1,0,0,0
29.0,69,85.29,5885.01,0,2022,8,0,1,0,0,0,0
33.0,33,70.08,2312.64,0,2022,8,1,0,0,1,0,0
43.0,25,107.46,2686.5,1,2022,8,0,0,0,0,0,0
29.0,71,71.91,5105.61,0,2020,9,1,0,0,1,0,0
24.0,7,39.01,273.07,0,2026,1,1,1,0,0,0,1
37.0,59,114.28,6742.52,1,2022,8,1,0,0,1,0,0
40.0,33,57.33,1891.89,0,2022,8,1,0,0,0,1,0
45.0,41,82.43,3379.63,0,2022,8,1,1,0,0,1,0
56.0,33,39.91,1317.03,0,2022,8,1,1,0,0,0,1
71.0,29,31.05,900.45,0,2022,8,1,0,0,0,0,1
44.0,39,75.1,2928.9,0,2022,8,0,1,0,0,1,0
48.0,57,75.46,4301.219999999999,0,2022,8,1,0,0,0,0,0
33.0,64,56.97,3646.08,0,2022,8,1,1,0,0,0,0
34.0,66,51.17,3377.2200000000003,0,2022,8,0,1,0,0,0,0
55.0,9,57.42,516.78,0,2025,11,1,1,0,0,0,1
37.0,29,99.51,2885.79,0,2022,8,1,0,0,0,1,0
41.0,28,55.77,1561.5600000000002,0,2022,8,1,0,1,1,0,0
55.0,53,112.14,5943.42,1,2022,8,0,0,0,0,0,1
40.0,46,31.3,1439.8,0,2022,8,0,1,0,0,1,0
58.0,39,113.16,4413.24,0,2022,8,0,0,0,0,0,0
47.0,58,88.95,5159.1,0,2022,8,1,0,0,0,0,0
45.0,54,54.44,2939.76,0,2022,3,1,1,0,0,0,1
32.0,6,20.69,124.14,0,2026,3,0,1,0,0,1,0
46.0,45,100.24,4510.8,0,2022,8,1,0,0,0,0,0
35.0,40,116.93,4677.200000000001,0,2022,9,0,0,0,0,1,0
46.0,23,118.24,2719.52,1,2022,9,1,0,0,0,0,1
39.0,42,62.34,2060.0699999999997,0,2022,9,0,0,0,1,0,0
52.0,38,27.05,1027.9,0,2022,9,1,0,0,0,0,0
40.0,16,51.38,822.08,1,2022,9,0,0,1,0,0,1
64.0,47,50.97,2395.59,0,2022,9,0,1,0,0,0,1
37.0,21,30.24,635.04,0,2024,11,0,1,0,0,1,0
40.0,21,72.47,1521.87,1,2024,11,1,1,0,0,0,1
44.0,25,80.46,2060.0699999999997,0,2024,7,0,1,0,0,1,0
53.0,61,92.88,5665.679999999999,0,2022,9,1,1,0,0,1,0
53.0,54,25.1,1355.4,0,2022,9,0,0,0,0,0,1
42.0,60,47.54,2852.4,0,2022,9,1,1,0,0,1,0
44.0,42,55.52,2331.84,0,2022,9,0,0,1,0,0,1
44.0,61,109.22,6662.42,0,2022,9,0,1,0,0,1,0
27.0,32,110.14,3524.48,0,2022,9,0,1,0,0,0,1
52.0,53,46.0,2438.0,0,2022,3,1,1,0,1,0,0
25.0,44,68.73,2060.0699999999997,0,2022,9,0,1,0,0,1,0
27.0,11,62.48,2060.0699999999997,1,2022,9,0,1,0,0,0,0
41.0,47,72.67,3415.49,0,2022,9,0,1,0,0,0,1
36.0,60,48.61,2916.6,0,2022,9,0,1,0,0,0,1
50.0,36,66.29,2060.0699999999997,0,2022,9,1,0,0,0,1,0
45.0,60,34.54,2060.0699999999997,0,2022,9,0,1,0,0,0,1
42.0,33,90.96,3001.68,0,2022,9,0,1,0,0,0,0
26.0,42,56.97,2392.74,0,2022,9,1,1,0,1,0,0
40.0,13,74.24,965.12,1,2022,9,0,0,1,0,0,1
39.0,14,80.46,1126.4399999999998,0,2022,9,1,1,0,0,0,1
40.0,58,103.65,6011.700000000001,0,2021,10,1,1,0,0,0,1
35.0,40,28.18,2060.0699999999997,0,2022,9,0,0,1,0,1,0
46.0,65,68.27,4437.55,0,2021,3,0,0,0,0,0,0
36.0,5,109.41,2060.0699999999997,1,2022,9,1,0,0,1,0,0
45.0,30,52.98,1589.4,0,2022,10,0,0,1,0,0,0
50.0,45,64.45,2900.25,0,2022,10,0,0,0,0,0,0
34.0,58,28.51,1653.5800000000002,0,2022,10,0,0,0,0,0,1
31.0,39,95.07,2060.0699999999997,1,2022,10,1,0,0,1,0,0
46.0,12,28.5,342.0,0,2022,10,0,0,0,0,0,0
24.0,34,83.1,2825.4,0,2023,10,1,0,1,1,0,0
53.0,14,57.42,803.88,1,2022,10,1,0,0,0,0,1
40.0,38,53.82,2045.16,0,2022,10,0,0,0,0,0,1
39.0,16,78.55,1256.8,0,2025,4,0,1,0,0,0,1
47.0,61,76.77,4682.969999999999,0,2022,10,1,0,0,1,0,0
46.0,59,60.55,3572.45,0,2022,10,0,0,0,0,0,1
40.0,67,47.83,3204.61,0,2022,10,1,1,0,0,1,0
51.0,11,70.82,779.02,0,2022,10,0,0,1,0,0,1
40.0,11,46.71,513.8100000000001,0,2022,10,0,0,1,0,1,0
49.0,16,30.26,484.16,0,2022,10,0,1,0,0,0,0
27.0,38,99.92,3796.96,1,2022,10,0,0,1,0,0,1
46.0,30,90.23,2706.9,1,2024,2,0,1,0,1,0,0
36.0,41,28.44,1166.04,0,2022,10,1,0,1,0,0,1
24.0,1,36.26,36.26,0,2022,10,1,0,1,1,0,0
43.0,38,30.02,1140.76,0,2022,10,0,0,1,0,1,0
40.0,60,99.07,5944.2,0,2022,10,1,1,0,0,1,0
21.0,19,97.29,1848.51,0,2022,10,1,1,0,1,0,0
15.0,59,60.8,2060.0699999999997,0,2022,10,0,0,0,0,1,0
38.0,68,102.14,6945.52,0,2022,10,1,0,0,0,0,1
59.0,10,117.4,2060.0699999999997,1,2022,10,1,0,0,0,1,0
44.0,17,117.05,1989.85,0,2022,10,0,0,0,1,0,0
32.0,29,118.09,3424.61,1,2022,10,0,0,1,1,0,0
53.0,6,104.64,2060.0699999999997,1,2022,10,0,0,0,0,0,0
51.0,66,41.7,2752.2000000000003,0,2021,2,1,1,0,1,0,0
55.0,63,25.74,1621.62,0,2021,5,0,0,0,0,1,0
48.0,31,101.17,3136.27,0,2024,1,1,1,0,1,0,0
51.0,25,50.85,1271.25,0,2022,11,0,0,0,0,1,0
49.0,21,53.78,1129.38,0,2022,11,0,0,0,0,1,0
34.0,16,27.3,436.8,0,2022,11,1,0,0,0,0,0
20.0,4,91.47,365.88,1,2022,11,1,1,0,0,1,0
34.0,46,63.08,2901.68,0,2022,11,0,0,0,1,0,0
53.0,8,40.43,2060.0699999999997,0,2022,11,0,1,0,1,0,0
35.0,6,85.25,511.5,1,2026,3,1,1,0,1,0,0
38.0,53,117.99,6253.469999999999,0,2022,11,1,1,0,0,1,0
26.0,64,69.84,4469.76,0,2021,4,1,1,0,1,0,0
33.0,51,80.64,4112.64,0,2022,11,0,1,0,0,0,1
40.0,63,36.29,2286.27,0,2021,5,0,1,0,0,0,1
46.0,6,36.1,216.6,0,2022,11,0,0,1,1,0,0
34.0,62,65.82,4080.84,0,2022,11,0,0,1,0,1,0
34.0,33,104.48,3447.84,0,2022,11,1,1,0,1,0,0
50.0,2,110.92,221.84,1,2022,11,0,1,0,0,0,1
44.0,41,84.18,3451.38,0,2022,11,0,0,0,0,1,0
45.0,16,56.05,896.8,0,2022,11,0,0,0,1,0,0
58.0,59,95.0,5605.0,0,2022,11,0,0,0,0,1,0
40.0,9,49.19,442.71,0,2022,11,1,0,0,1,0,0
39.0,69,41.96,2895.24,0,2022,11,1,1,0,0,0,0
47.0,10,99.54,995.4,0,2025,10,1,0,0,0,1,0
40.0,7,95.13,665.91,1,2022,11,0,0,0,0,0,1
43.0,66,108.21,7141.86,0,2022,11,0,0,1,0,0,1
40.0,20,77.65,1553.0,1,2022,11,1,1,0,0,0,1
40.0,63,109.67,2060.0699999999997,0,2021,5,1,1,0,0,0,1
41.0,4,22.65,90.6,1,2022,11,0,0,0,1,0,0
54.0,28,45.37,1270.36,0,2022,11,1,1,0,1,0,0
50.0,35,100.45,3515.75,1,2022,11,1,0,1,0,1,0
26.0,2,62.37,124.74,1,2022,11,1,0,0,0,0,0
21.0,41,43.94,1801.54,0,2023,3,1,0,0,0,0,0
43.0,28,99.61,2789.08,1,2022,12,0,0,1,0,1,0
55.0,1,102.23,102.23,1,2022,12,1,1,0,0,0,1
43.0,27,65.63,1772.0099999999998,0,2022,12,0,0,1,0,0,0
41.0,67,66.66,4466.219999999999,1,2022,12,0,0,1,0,0,0
37.0,39,98.09,3825.51,0,2022,12,0,0,1,0,1,0
24.0,40,97.13,3885.2,0,2023,5,0,0,1,0,0,1
28.0,28,106.66,2986.48,1,2024,4,0,0,1,1,0,0
40.0,24,84.55,2029.2,0,2022,12,0,0,1,1,0,0
40.0,51,38.59,1968.09,0,2022,5,1,1,0,0,0,1
34.0,56,74.97,4198.32,0,2021,12,0,1,0,1,0,0
49.0,26,58.24,1514.24,0,2022,12,1,0,0,0,1,0
35.0,52,22.7,1180.4,0,2022,12,0,1,0,0,0,0
43.0,6,39.65,237.9,0,2026,3,0,0,0,0,0,0
42.0,59,40.56,2393.04,0,2021,9,0,0,0,0,0,1
46.0,12,28.23,338.76,0,2022,12,1,1,0,1,0,0
28.0,63,65.33,4115.79,0,2021,5,1,0,1,0,0,1
53.0,36,70.8,2548.8,1,2022,12,0,1,0,0,0,0
23.0,9,54.0,2060.0699999999997,0,2025,11,1,0,0,1,0,0
35.0,67,61.24,4103.08,0,2022,12,0,0,1,0,0,1
40.0,29,74.95,2173.55,0,2024,3,1,1,0,1,0,0
49.0,71,32.05,2275.55,0,2022,12,1,1,0,0,0,0
57.0,8,76.23,609.84,0,2025,12,1,1,0,0,0,0
40.0,43,90.99,3912.57,0,2022,12,1,1,0,0,0,0
57.0,35,107.48,3761.8,0,2022,12,0,1,0,0,1,0
30.0,22,50.16,1103.52,0,2024,10,1,0,1,0,0,1
54.0,66,94.74,6252.839999999999,1,2022,12,1,0,1,0,0,1
52.0,21,80.6,1692.6,1,2022,12,1,0,1,0,0,0
11.0,71,70.28,4989.88,0,2022,12,1,0,0,0,0,1
37.0,41,111.96,2060.0699999999997,0,2022,12,1,0,0,0,0,0
47.0,41,82.0,3362.0,0,2022,12,0,0,1,0,0,1
34.0,49,56.61,2060.0699999999997,0,2022,12,0,1,0,1,0,0
27.0,4,91.29,365.16,1,2026,5,1,1,0,0,0,1
65.0,65,115.99,7539.349999999999,0,2023,1,0,0,0,0,0,0
41.0,10,111.82,1118.1999999999998,0,2023,1,0,1,0,0,0,1
42.0,67,118.03,7908.01,0,2023,1,0,1,0,1,0,0
24.0,10,29.51,295.1,0,2023,1,0,0,0,1,0,0
33.0,17,64.34,1093.78,0,2023,1,0,0,1,1,0,0
29.0,67,63.27,4239.09,0,2023,1,0,1,0,0,0,0
40.0,53,58.38,3094.1400000000003,0,2023,1,0,0,0,0,1,0
40.0,35,37.85,1324.75,0,2023,1,0,1,0,0,0,0
40.0,4,103.22,412.88,1,2023,1,0,1,0,1,0,0
47.0,68,87.31,5937.08,0,2020,12,0,1,0,0,0,1
37.0,11,80.6,886.5999999999999,0,2023,1,0,0,1,1,0,0
43.0,44,64.69,2846.36,0,2023,1,0,1,0,0,1,0
43.0,60,58.85,3531.0,0,2023,1,0,1,0,0,1,0
45.0,70,98.65,6905.5,0,2023,1,1,0,0,1,0,0
44.0,62,72.68,4506.160000000001,0,2023,1,0,1,0,0,0,0
45.0,32,80.77,2584.64,1,2023,12,1,0,1,0,1,0
55.0,46,30.0,1380.0,0,2023,1,1,0,0,1,0,0
48.0,23,67.15,1544.45,0,2023,1,1,0,1,0,0,0
36.0,37,33.03,1222.11,0,2023,1,1,1,0,0,0,1
39.0,58,25.38,1472.04,0,2023,1,1,1,0,0,0,0
55.0,43,88.93,3823.99,1,2023,1,0,0,0,0,1,0
41.0,15,47.48,712.1999999999999,0,2023,1,0,0,1,0,0,0
36.0,67,116.51,2060.0699999999997,0,2023,1,0,0,0,0,0,0
32.0,2,80.55,161.1,0,2023,1,0,1,0,0,0,1
43.0,71,84.52,6000.92,0,2023,1,0,0,0,1,0,0
30.0,5,39.68,198.4,0,2026,3,0,0,1,0,0,0
55.0,53,32.89,1743.17,0,2022,3,1,1,0,0,0,1
28.0,45,72.54,3264.3,0,2022,11,1,1,0,0,1,0
58.0,41,112.56,4614.96,0,2023,1,0,0,1,1,0,0
37.0,63,25.57,1610.91,0,2023,1,1,0,0,0,1,0
27.0,32,70.82,2266.24,1,2023,2,0,0,1,1,0,0
42.0,2,39.87,79.74,0,2023,2,1,1,0,0,0,0
29.0,10,98.2,982.0,0,2023,2,0,1,0,0,0,0
40.0,43,88.19,3792.17,0,2023,1,1,0,0,1,0,0
33.0,43,29.72,1277.96,0,2023,1,0,1,0,0,1,0
51.0,67,81.63,2060.0699999999997,0,2021,1,0,0,1,0,1,0
42.0,23,118.36,2722.28,1,2023,2,1,0,0,0,1,0
26.0,60,72.81,2060.0699999999997,0,2023,2,0,1,0,0,0,0
33.0,6,48.54,291.24,0,2023,2,1,1,0,1,0,0
48.0,13,35.21,2060.0699999999997,0,2023,2,0,0,1,1,0,0
55.0,21,118.96,2498.16,0,2023,2,0,1,0,0,1,0
39.0,58,76.38,4430.04,0,2023,2,1,0,1,0,0,0
27.0,28,57.47,1609.16,0,2024,4,1,1,0,1,0,0
53.0,70,41.43,2900.1,0,2023,2,1,0,1,1,0,0
48.0,8,115.02,920.16,0,2023,2,0,0,0,0,1,0
56.0,58,82.7,4796.6,0,2021,10,1,1,0,0,1,0
43.0,40,25.77,1030.8,0,2023,2,1,1,0,1,0,0
34.0,1,25.94,25.94,1,2023,2,0,0,0,0,0,1
46.0,65,113.94,7406.099999999999,0,2023,2,0,0,0,0,0,1
44.0,10,91.01,910.1,0,2023,2,1,0,0,1,0,0
33.0,60,30.34,1820.4,0,2023,2,1,0,0,1,0,0
42.0,69,82.38,5684.219999999999,0,2020,11,1,1,0,0,0,0
38.0,20,61.94,1238.8,0,2023,2,1,1,0,1,0,0
49.0,62,98.87,6129.9400000000005,0,2023,2,1,1,0,0,0,1
46.0,13,47.37,615.81,0,2023,2,0,0,0,0,0,0
27.0,58,58.28,2060.0699999999997,0,2021,10,1,0,1,0,0,1
40.0,37,36.74,1359.38,0,2023,2,0,0,0,0,0,1
39.0,10,45.25,452.5,0,2023,2,1,0,1,1,0,0
40.0,3,38.92,116.76,0,2026,5,1,0,1,0,0,1
49.0,34,22.43,762.62,0,2023,3,1,1,0,1,0,0
46.0,34,24.62,837.08,0,2023,10,0,0,0,1,0,0
58.0,30,103.56,3106.8,1,2023,3,1,0,0,0,0,0
34.0,37,100.38,3714.06,1,2023,3,0,1,0,0,0,0
34.0,68,34.07,2316.76,0,2023,3,1,1,0,0,0,0
28.0,34,86.79,2950.86,0,2023,3,0,1,0,1,0,0
49.0,32,94.56,3025.92,0,2023,3,0,0,0,0,0,1
40.0,58,25.13,1457.54,0,2021,10,1,0,1,0,0,1
18.0,24,28.85,692.4000000000001,0,2024,8,1,0,1,0,0,0
42.0,9,76.3,686.6999999999999,1,2025,11,0,0,1,0,0,0
43.0,41,57.42,2060.0699999999997,0,2023,3,0,1,0,1,0,0
38.0,24,89.94,2158.56,1,2024,8,0,0,1,0,1,0
44.0,25,75.77,1894.25,0,2023,3,0,0,0,0,1,0
25.0,36,23.1,2060.0699999999997,0,2023,8,0,0,1,1,0,0
60.0,8,88.37,706.96,0,2023,3,0,0,1,0,0,1
45.0,59,40.39,2383.01,0,2023,3,1,0,0,0,1,0
19.0,35,51.26,1794.1,0,2023,3,1,1,0,0,1,0
40.0,38,93.64,2060.0699999999997,0,2023,3,0,1,0,0,0,0
45.0,32,97.13,3108.16,0,2023,3,1,0,0,0,0,1
27.0,51,54.58,2783.58,0,2023,3,1,1,0,0,0,1
46.0,28,28.92,2060.0699999999997,0,2024,4,1,0,1,0,0,0
60.0,56,96.97,5430.32,0,2023,3,1,1,0,0,0,0
40.0,8,107.02,856.16,1,2023,3,1,0,0,0,0,0
45.0,41,116.43,4773.63,1,2023,3,0,0,0,0,1,0
43.0,23,51.78,1190.94,0,2023,3,0,0,0,1,0,0
52.0,54,32.39,1749.06,0,2023,3,0,0,0,1,0,0
39.0,23,113.77,2616.71,1,2023,3,1,0,0,0,1,0
27.0,32,59.98,1919.36,0,2023,3,1,1,0,0,1,0
51.0,10,29.35,293.5,0,2025,10,1,0,1,0,0,0
28.0,35,69.88,2445.8,0,2023,9,0,1,0,0,0,0
62.0,63,39.05,2460.15,0,2023,4,0,0,1,0,0,1
40.0,67,55.53,3720.51,0,2023,4,0,1,0,0,0,0
33.0,36,52.04,1873.44,0,2023,8,0,0,0,0,1,0
53.0,49,118.73,5817.77,1,2022,7,0,0,0,0,0,1
40.0,46,83.95,3861.7,0,2023,4,1,0,0,0,0,0
37.0,27,69.18,1867.86,0,2024,5,1,1,0,0,0,1
32.0,31,71.38,2212.78,1,2024,1,1,1,0,0,0,1
17.0,34,80.41,2733.94,0,2023,4,1,0,1,0,0,0
47.0,59,107.28,6329.52,0,2023,4,0,1,0,1,0,0
20.0,54,34.6,1868.4,0,2023,4,0,0,0,0,1,0
30.0,66,79.96,5277.36,0,2023,4,1,0,1,0,1,0
40.0,30,52.22,1566.6,0,2023,4,1,1,0,0,0,1
34.0,23,77.14,1774.22,0,2023,4,0,0,1,0,0,1
42.0,9,71.77,645.93,1,2023,4,0,1,0,1,0,0
25.0,55,22.99,1264.4499999999998,0,2023,4,1,0,1,0,0,0
36.0,1,78.25,78.25,1,2026,7,1,0,0,0,0,0
42.0,56,90.92,5091.52,0,2021,12,1,1,0,0,1,0
29.0,39,44.6,1739.4,0,2023,4,1,0,0,0,0,0
60.0,18,30.69,552.4200000000001,0,2023,4,1,1,0,0,0,0
32.0,42,41.16,2060.0699999999997,0,2023,4,0,1,0,0,0,1
57.0,65,83.64,2060.0699999999997,0,2021,3,0,0,1,1,0,0
38.0,33,66.88,2207.04,0,2023,4,1,0,0,1,0,0
21.0,30,106.53,2060.0699999999997,0,2023,4,0,0,1,0,0,0
26.0,5,48.5,242.5,0,2023,4,1,0,1,0,0,0
42.0,50,56.51,2825.5,0,2022,7,1,0,0,0,0,0
52.0,65,72.81,4732.650000000001,0,2023,4,1,0,1,0,1,0
61.0,10,66.0,660.0,0,2023,4,0,0,0,0,1,0
42.0,60,74.78,4486.8,0,2023,4,0,0,0,0,0,1
26.0,27,51.21,1382.67,0,2023,4,1,0,0,0,1,0
43.0,28,36.67,1026.76,0,2024,4,0,1,0,1,0,0
30.0,45,100.33,4514.85,0,2023,5,0,0,0,0,1,0
45.0,52,23.93,1244.36,0,2023,5,0,0,0,1,0,0
29.0,66,56.97,2060.0699999999997,0,2023,5,1,1,0,0,1,0
15.0,62,28.74,1781.88,0,2023,5,1,0,0,0,1,0
56.0,60,93.63,2060.0699999999997,0,2023,5,1,1,0,0,0,1
37.0,40,56.55,2060.0699999999997,0,2023,5,0,0,1,0,0,0
40.0,15,23.0,2060.0699999999997,0,2023,5,0,0,1,0,0,1
52.0,7,27.59,193.13,0,2023,5,1,0,0,0,0,0
63.0,39,39.86,1554.54,0,2023,5,1,0,0,0,0,1
49.0,51,98.69,5033.19,0,2023,5,1,1,0,1,0,0
41.0,7,99.92,699.44,0,2026,1,0,1,0,0,1,0
46.0,12,119.66,2060.0699999999997,1,2023,5,1,0,0,0,0,1
36.0,14,44.09,617.26,0,2025,6,0,0,1,1,0,0
40.0,34,26.04,885.36,0,2023,5,1,0,0,0,0,1
42.0,39,48.31,2060.0699999999997,0,2023,5,1,0,0,0,0,1
31.0,64,37.88,2424.32,0,2023,5,0,0,0,1,0,0
40.0,12,91.04,1092.48,0,2023,5,0,0,0,0,0,0
44.0,34,116.92,2060.0699999999997,1,2023,5,0,1,0,0,1,0
46.0,27,47.3,1277.1,0,2023,5,0,0,1,0,0,0
45.0,22,52.86,1162.92,0,2024,10,1,1,0,0,0,1
24.0,18,55.11,991.98,0,2023,5,0,1,0,1,0,0
55.0,46,105.7,4862.2,0,2023,5,1,1,0,0,0,1
54.0,44,77.8,3423.2,0,2022,12,0,0,0,0,0,0
39.0,18,117.4,2113.2000000000003,1,2023,5,0,1,0,0,0,0
45.0,37,82.72,3060.64,0,2023,5,0,1,0,0,0,0
37.0,7,90.59,634.13,1,2026,1,0,0,1,0,0,1
49.0,68,28.92,2060.0699999999997,0,2023,5,1,0,1,0,0,0
30.0,60,115.17,6910.2,1,2023,5,0,1,0,0,1,0
56.0,48,82.81,3974.88,0,2022,8,0,1,0,0,1,0
48.0,51,72.02,3673.02,0,2023,5,0,1,0,0,0,0
49.0,52,58.74,3054.48,0,2022,5,1,0,0,1,0,0
39.0,52,27.71,1440.92,0,2022,5,1,0,0,0,0,1
23.0,54,33.33,1799.82,0,2023,6,1,0,1,0,0,1
40.0,41,21.17,867.97,0,2023,6,1,0,0,0,1,0
23.0,42,119.87,5034.54,1,2023,6,1,1,0,0,1,0
51.0,22,98.63,2169.86,0,2023,6,1,0,1,0,1,0
31.0,39,99.75,3890.25,0,2023,6,1,1,0,0,0,1
21.0,23,93.01,2060.0699999999997,1,2023,6,1,0,1,0,0,1
40.0,48,68.41,3283.68,0,2022,8,0,0,0,1,0,0
54.0,33,28.82,2060.0699999999997,1,2023,11,0,0,1,1,0,0
28.0,41,27.23,1116.43,0,2023,6,1,0,0,0,1,0
59.0,30,111.64,3349.2,0,2023,6,1,1,0,0,0,1
48.0,47,20.03,941.41,0,2023,6,1,1,0,0,0,0
40.0,57,89.91,5124.87,0,2023,6,1,1,0,0,0,1
40.0,57,82.86,4723.02,0,2023,6,0,0,0,0,0,0
36.0,62,70.12,4347.4400000000005,0,2023,6,0,0,0,0,0,0
45.0,57,117.5,2060.0699999999997,0,2023,6,0,0,0,0,1,0
50.0,68,39.81,2060.0699999999997,0,2023,6,0,0,0,1,0,0
33.0,25,98.53,2463.25,1,2024,7,1,1,0,0,1,0
30.0,40,87.48,3499.2000000000003,0,2023,6,1,0,0,0,0,0
37.0,17,117.44,1996.48,1,2023,6,0,0,0,0,1,0
40.0,48,113.41,5443.68,0,2023,6,0,1,0,0,0,0
25.0,39,32.86,1281.54,0,2023,6,0,0,0,0,1,0
54.0,15,50.77,761.5500000000001,1,2023,6,0,1,0,1,0,0
41.0,17,105.08,2060.0699999999997,0,2023,6,0,1,0,1,0,0
20.0,35,42.87,1500.4499999999998,0,2023,6,0,0,0,0,0,1
34.0,33,57.85,1909.05,1,2023,6,1,0,0,0,0,0
47.0,18,82.6,1486.8,0,2023,6,0,0,0,0,0,0
62.0,30,76.29,2288.7000000000003,0,2023,6,1,0,1,0,1,0
24.0,37,84.06,3110.2200000000003,0,2023,6,1,1,0,0,0,1
40.0,7,91.35,639.4499999999999,0,2023,6,0,0,0,1,0,0
24.0,28,92.88,2600.64,1,2023,7,1,0,0,0,1,0
54.0,18,93.76,2060.0699999999997,0,2025,3,0,1,0,0,0,1
18.0,47,119.17,5600.99,1,2022,9,0,0,0,1,0,0
58.0,23,55.66,1280.1799999999998,1,2023,7,1,0,0,0,1,0
55.0,20,24.42,488.4,0,2023,7,0,0,1,1,0,0
42.0,31,54.89,1701.59,0,2023,7,1,0,1,0,0,0
40.0,14,111.16,1556.24,1,2023,7,1,0,0,0,0,1
41.0,23,28.34,651.82,0,2023,7,0,1,0,1,0,0
47.0,2,84.69,169.38,1,2023,7,0,0,0,0,0,1
46.0,29,62.32,1807.28,0,2023,7,1,0,0,0,1,0
61.0,50,112.16,5608.0,1,2022,7,1,0,1,0,0,1
37.0,59,112.86,6658.74,0,2023,7,0,0,1,0,0,1
24.0,33,98.52,3251.16,1,2023,7,1,0,1,0,0,1
22.0,48,29.85,1432.8000000000002,0,2023,7,1,0,0,0,1,0
20.0,44,22.47,988.68,0,2023,7,1,0,0,0,1,0
40.0,12,33.66,403.92,0,2023,7,1,1,0,0,1,0
37.0,42,52.18,2191.56,0,2023,7,1,0,0,1,0,0
40.0,35,44.14,1544.9,0,2023,7,0,1,0,0,0,0
34.0,41,56.98,2336.18,0,2023,7,1,1,0,0,0,1
27.0,55,34.31,2060.0699999999997,0,2023,7,0,0,1,0,0,1
40.0,13,95.25,1238.25,0,2023,7,0,0,0,0,0,0
10.0,39,104.53,4076.67,0,2023,5,1,0,1,0,0,0
30.0,66,68.8,4540.8,0,2023,7,1,0,0,0,0,0
49.0,35,115.65,2060.0699999999997,1,2023,9,1,0,1,0,0,1
29.0,33,32.03,1056.99,0,2023,7,0,0,1,0,0,1
45.0,36,30.58,1100.88,0,2023,8,0,1,0,0,0,0
30.0,13,40.04,520.52,0,2023,7,1,0,0,0,0,1
35.0,56,118.19,6618.639999999999,0,2021,12,1,1,0,0,0,1
47.0,46,61.65,2835.9,0,2023,7,0,1,0,0,1,0
40.0,46,112.41,5170.86,0,2023,7,0,0,1,0,0,1
49.0,44,40.2,1768.8000000000002,0,2023,7,1,0,1,1,0,0
41.0,46,104.61,4812.06,0,2023,8,0,1,0,0,0,0
55.0,69,51.0,3519.0,0,2023,8,0,0,0,0,0,1
42.0,31,93.44,2896.64,0,2023,8,0,0,1,0,0,0
27.0,24,117.45,2818.8,1,2024,8,1,1,0,0,0,1
61.0,32,113.3,3625.6,0,2023,8,1,0,0,0,0,0
28.0,67,103.13,2060.0699999999997,0,2023,8,1,0,1,1,0,0
37.0,16,25.02,400.32,0,2023,8,1,0,0,0,0,1
51.0,57,80.78,4604.46,0,2023,8,1,1,0,0,0,1
17.0,24,103.54,2484.96,0,2023,8,1,1,0,1,0,0
57.0,34,59.93,2037.62,0,2023,8,0,0,0,0,0,1
26.0,52,93.12,4842.24,0,2023,8,0,1,0,0,0,0
35.0,48,33.81,1622.88,0,2023,8,0,0,1,1,0,0
43.0,53,37.68,2060.0699999999997,0,2023,8,0,0,0,0,1,0
40.0,55,84.37,4640.35,1,2023,8,1,0,0,0,0,0
49.0,38,63.71,2420.98,0,2023,8,1,1,0,0,0,1
21.0,2,41.83,83.66,0,2023,8,1,0,0,0,0,0
49.0,69,48.29,2060.0699999999997,0,2023,8,1,0,1,1,0,0
40.0,53,81.89,4340.17,0,2022,3,0,0,1,0,0,1
52.0,50,92.54,4627.0,0,2023,8,0,1,0,0,0,1
21.0,29,40.76,2060.0699999999997,1,2023,8,0,1,0,1,0,0
22.0,55,115.52,6353.599999999999,1,2022,1,1,0,0,0,1,0
36.0,61,20.82,2060.0699999999997,0,2023,8,1,0,0,0,0,1
24.0,50,90.01,4500.5,0,2023,8,1,0,1,0,0,1
18.0,16,49.1,2060.0699999999997,0,2023,8,0,0,0,0,0,1
35.0,70,67.85,4749.5,0,2020,10,1,1,0,0,1,0
43.0,44,76.98,3387.1200000000003,0,2023,8,0,0,0,0,0,0
40.0,16,76.15,1218.4,0,2023,8,1,0,1,0,1,0
47.0,28,97.63,2733.64,0,2023,8,1,0,0,0,0,0
61.0,57,102.38,5835.66,0,2023,8,0,0,0,0,0,1
40.0,26,27.33,710.5799999999999,0,2023,8,0,1,0,0,0,0
47.0,11,90.3,993.3,0,2025,9,1,1,0,0,0,0
38.0,1,59.91,2060.0699999999997,0,2023,9,0,0,0,0,0,0
72.0,69,101.86,7028.34,0,2023,9,0,1,0,0,0,0
32.0,43,80.89,3478.27,0,2023,9,1,0,0,0,0,1
33.0,46,21.02,966.92,0,2023,9,1,0,0,1,0,0
50.0,36,86.65,2060.0699999999997,0,2023,9,0,0,0,0,1,0
42.0,66,112.57,7429.62,0,2021,2,0,0,1,0,0,0
35.0,57,28.31,1613.6699999999998,0,2023,9,0,0,0,0,0,1
40.0,6,69.42,2060.0699999999997,1,2026,3,1,1,0,0,0,1
40.0,62,82.59,5120.58,0,2023,9,0,0,0,0,0,1
40.0,27,39.59,1068.93,0,2024,5,1,0,0,0,0,1
43.0,26,85.07,2211.82,0,2023,9,0,1,0,0,0,0
19.0,13,24.98,324.74,0,2023,9,1,0,1,0,1,0
21.0,18,110.57,1990.26,1,2023,9,0,0,1,0,0,1
53.0,38,96.27,3658.26,1,2023,9,1,0,0,0,1,0
32.0,6,114.1,684.5999999999999,0,2023,9,0,0,0,0,1,0
38.0,28,61.84,1731.52,0,2023,9,1,1,0,0,1,0
59.0,5,23.42,117.1,1,2023,9,0,1,0,1,0,0
39.0,59,54.15,3194.85,0,2023,9,0,0,1,0,0,1
37.0,45,71.58,2060.0699999999997,0,2022,11,0,0,0,0,0,1
51.0,53,113.59,6020.27,0,2023,9,1,1,0,0,0,1
33.0,2,108.31,216.62,0,2023,9,1,0,0,0,1,0
54.0,49,79.41,3891.09,0,2022,7,0,1,0,0,0,1
51.0,63,92.98,2060.0699999999997,0,2021,5,1,0,1,0,0,1
62.0,70,115.39,8077.3,0,2023,9,0,1,0,0,1,0
32.0,58,105.06,6093.4800000000005,0,2023,9,1,0,0,0,0,1
56.0,4,85.88,343.52,0,2023,9,1,1,0,0,0,1
47.0,30,74.01,2220.3,0,2023,9,0,1,0,1,0,0
24.0,57,67.6,3853.2,0,2023,9,1,1,0,0,0,0
9.0,47,95.66,4496.02,0,2023,9,0,0,0,0,0,0
40.0,18,100.88,1815.84,0,2023,9,1,0,0,0,0,0
44.0,44,41.76,1837.44,0,2023,10,1,1,0,0,1,0
45.0,52,67.4,3504.8,0,2023,10,0,0,1,0,0,1
39.0,49,97.12,4758.88,0,2023,10,1,0,1,0,0,0
39.0,30,87.57,2627.1,0,2023,10,1,1,0,0,0,0
40.0,52,79.16,4116.32,0,2023,10,1,0,1,0,0,1
52.0,37,52.37,1937.69,0,2023,10,1,1,0,0,1,0
23.0,63,80.92,5097.96,0,2023,10,1,0,1,0,0,0
43.0,12,81.21,974.52,0,2023,10,1,0,0,0,0,1
30.0,17,63.24,1075.08,0,2023,10,1,1,0,0,0,1
29.0,34,116.03,3945.02,1,2023,10,1,0,0,0,0,1
54.0,28,85.31,2388.6800000000003,1,2023,10,0,1,0,0,0,0
28.0,4,105.07,420.28,1,2023,10,0,1,0,0,0,1
38.0,46,32.9,1513.4,0,2022,10,1,0,1,1,0,0
64.0,14,95.68,1339.52,0,2023,10,0,0,0,0,0,1
50.0,13,80.19,1042.47,1,2025,7,0,0,0,0,0,1
35.0,58,50.83,2948.14,0,2023,10,0,1,0,0,0,0
36.0,49,33.64,1648.36,0,2023,10,1,1,0,0,0,0
25.0,50,57.96,2898.0,0,2023,10,0,1,0,1,0,0
56.0,67,64.14,4297.38,0,2023,10,1,1,0,0,0,0
52.0,21,34.08,715.68,0,2024,11,1,1,0,0,0,0
48.0,51,87.01,4437.51,0,2023,10,1,1,0,0,1,0
50.0,38,50.71,1926.98,0,2023,10,1,0,0,1,0,0
31.0,26,100.6,2060.0699999999997,0,2024,6,1,0,0,0,0,1
21.0,6,84.83,508.98,1,2026,3,1,1,0,0,0,0
47.0,18,51.05,918.9,0,2023,10,1,1,0,0,0,1
51.0,6,56.0,336.0,1,2026,3,1,0,0,0,0,0
59.0,41,114.21,2060.0699999999997,1,2023,10,0,0,0,0,1,0
38.0,57,114.81,6544.17,0,2021,11,1,0,0,1,0,0
36.0,50,61.84,3092.0,0,2023,10,0,0,0,1,0,0
37.0,25,87.92,2198.0,1,2023,10,1,0,1,0,0,1
48.0,48,118.0,5664.0,0,2023,10,0,1,0,0,1,0
37.0,24,119.41,2865.84,1,2024,8,0,0,0,0,0,1
39.0,30,27.21,816.3000000000001,0,2023,11,0,0,1,0,1,0
40.0,45,75.35,3390.7499999999995,1,2023,11,1,0,0,0,0,0
32.0,43,92.66,3984.38,0,2023,1,0,0,0,0,0,0
57.0,56,38.69,2166.64,0,2023,11,1,1,0,0,1,0
48.0,70,102.19,7153.3,0,2023,11,0,1,0,0,0,0
40.0,33,66.85,2206.05,1,2023,11,1,0,1,1,0,0
34.0,45,69.78,3140.1,0,2023,11,0,1,0,0,1,0
40.0,7,47.43,332.01,0,2023,11,1,0,0,0,1,0
38.0,18,50.01,900.18,0,2023,11,0,1,0,0,0,1
34.0,70,28.42,2060.0699999999997,0,2023,11,1,0,0,0,0,1
50.0,45,113.15,5091.75,0,2023,11,0,0,0,0,0,1
29.0,37,58.19,2153.03,1,2023,11,1,1,0,0,1,0
45.0,21,36.22,760.62,0,2023,11,0,1,0,1,0,0
40.0,44,34.24,1506.5600000000002,0,2023,11,1,0,0,1,0,0
40.0,30,60.74,1822.2,0,2023,11,1,0,0,1,0,0
54.0,11,83.22,915.42,1,2023,11,0,0,0,0,0,1
40.0,8,97.78,782.24,1,2023,11,1,1,0,0,0,1
41.0,5,112.46,562.3,1,2023,11,1,0,1,0,0,0
45.0,8,83.57,668.56,1,2023,11,0,0,1,0,0,1
29.0,5,62.07,2060.0699999999997,0,2023,11,0,1,0,0,0,1
28.0,10,62.19,621.9,0,2025,10,1,0,1,1,0,0
52.0,15,77.44,1161.6,0,2025,5,1,0,0,0,1,0
40.0,56,73.8,4132.8,0,2023,11,1,1,0,0,0,1
40.0,55,84.08,4624.4,0,2023,11,1,0,0,0,0,0
24.0,3,70.34,211.02,0,2023,11,0,0,1,0,1,0
32.0,41,25.9,1061.9,0,2023,11,0,0,1,0,0,1
38.0,10,70.07,700.6999999999999,1,2023,11,0,1,0,0,1,0
35.0,7,22.25,155.75,0,2023,11,0,0,0,0,1,0
40.0,63,38.06,2397.78,0,2023,11,0,0,0,0,1,0
51.0,63,58.74,3700.62,0,2021,5,0,1,0,0,1,0
46.0,26,75.13,1953.38,0,2024,6,0,0,0,0,1,0
46.0,34,38.48,2060.0699999999997,0,2023,12,0,1,0,0,0,1
11.0,39,47.63,1857.57,1,2023,12,0,0,0,0,1,0
21.0,60,57.42,3445.2000000000003,0,2021,8,1,1,0,0,1,0
30.0,69,39.72,2740.68,0,2023,12,0,1,0,0,0,0
32.0,26,119.88,3116.88,0,2023,12,1,0,1,0,0,0
50.0,62,100.47,6229.14,0,2023,12,1,0,0,0,1,0
29.0,10,101.09,1010.9,0,2023,12,1,0,0,0,0,1
48.0,54,76.89,4152.06,0,2023,12,1,0,0,0,0,0
31.0,31,116.13,3600.03,1,2024,1,1,1,0,0,0,0
26.0,38,93.22,3542.36,0,2023,12,1,0,1,0,0,1
26.0,25,53.09,1327.25,0,2023,12,1,0,0,0,0,1
67.0,65,81.05,2060.0699999999997,0,2021,3,1,1,0,1,0,0
30.0,50,74.37,3718.5,1,2023,12,0,1,0,0,0,1
48.0,24,78.03,1872.72,0,2023,12,1,1,0,0,0,0
21.0,27,101.77,2747.79,1,2024,5,0,0,0,0,0,0
57.0,50,70.96,3547.9999999999995,1,2023,12,0,0,0,0,0,0
40.0,50,92.86,2060.0699999999997,0,2023,12,0,0,0,0,0,0
43.0,15,45.06,675.9000000000001,1,2023,12,1,0,0,0,0,0
45.0,17,113.21,2060.0699999999997,1,2023,12,0,1,0,0,1,0
46.0,29,28.64,830.5600000000001,0,2023,12,1,1,0,0,1,0
50.0,5,119.36,596.8,1,2026,3,1,1,0,0,1,0
33.0,11,83.27,2060.0699999999997,0,2023,12,0,0,0,0,0,0
32.0,52,67.0,3484.0,0,2022,5,0,0,0,0,1,0
41.0,34,51.08,1736.72,0,2023,10,1,0,0,0,0,0
48.0,33,60.51,1996.83,0,2023,12,1,1,0,0,0,1
39.0,49,98.24,4813.759999999999,0,2023,12,1,0,0,1,0,0
49.0,31,33.94,1052.14,0,2023,12,1,0,1,0,0,1
47.0,18,45.27,814.86,0,2023,12,0,0,0,1,0,0
37.0,5,32.37,161.85,0,2023,12,0,1,0,0,1,0
19.0,30,62.67,1880.1,0,2024,1,1,1,0,1,0,0
34.0,45,58.72,2642.4,0,2022,11,1,1,0,0,0,1
61.0,38,84.88,3225.44,0,2024,1,0,0,0,0,0,1
44.0,29,119.57,2060.0699999999997,1,2024,1,1,0,1,1,0,0
32.0,36,109.24,3932.64,0,2023,8,0,1,0,0,0,1
43.0,9,108.04,972.36,0,2025,11,1,1,0,0,1,0
48.0,23,84.57,1945.11,1,2024,1,1,0,0,0,0,1
32.0,3,47.06,141.18,0,2024,1,0,0,1,1,0,0
55.0,56,58.41,3270.96,0,2021,12,0,1,0,0,1,0
46.0,40,45.01,1800.4,0,2023,5,0,0,1,1,0,0
27.0,56,33.51,1876.56,0,2024,1,1,0,1,0,0,0
50.0,58,63.6,3688.8,0,2024,1,1,1,0,0,0,0
35.0,31,109.75,3402.25,0,2024,1,1,0,0,0,1,0
40.0,11,94.38,1038.1799999999998,1,2024,1,0,0,1,0,1,0
28.0,42,118.48,4976.16,0,2024,1,1,0,0,0,0,1
48.0,3,39.48,118.44,0,2026,5,0,0,1,1,0,0
38.0,57,70.05,3992.85,0,2024,1,1,1,0,0,0,0
48.0,14,99.3,1390.2,1,2024,1,0,0,1,0,0,1
40.0,46,66.05,3038.3,0,2024,1,0,1,0,0,0,0
32.0,19,55.51,1054.69,1,2024,1,1,1,0,0,0,1
31.0,60,101.59,6095.400000000001,0,2024,1,0,0,1,0,0,1
45.0,31,63.03,2060.0699999999997,0,2024,1,1,1,0,0,0,0
32.0,36,111.3,4006.8,1,2024,1,1,1,0,0,0,1
38.0,32,46.84,1498.88,1,2024,1,0,0,0,0,0,0
34.0,63,109.65,6907.950000000001,0,2021,5,1,1,0,0,1,0
45.0,26,47.85,1244.1,1,2024,1,1,0,0,1,0,0
19.0,65,48.96,3182.4,0,2024,1,1,0,1,0,0,1
43.0,2,62.06,2060.0699999999997,1,2024,1,1,1,0,0,0,0
61.0,70,71.58,5010.599999999999,0,2020,10,1,1,0,0,0,0
55.0,45,61.82,2060.0699999999997,0,2024,1,1,1,0,1,0,0
33.0,25,106.21,2060.0699999999997,0,2024,1,0,0,0,1,0,0
46.0,40,99.56,3982.4,0,2024,2,1,0,1,1,0,0
44.0,18,50.99,917.82,0,2025,3,0,1,0,0,0,1
58.0,12,71.15,853.8000000000001,0,2024,2,1,1,0,0,0,1
10.0,24,63.1,1514.4,0,2024,8,1,1,0,0,0,1
53.0,43,25.61,1101.23,0,2024,2,1,0,0,0,0,1
37.0,32,94.81,3033.92,0,2024,2,1,1,0,0,1,0
31.0,47,38.17,1793.99,0,2024,2,1,1,0,1,0,0
31.0,45,113.41,5103.45,0,2022,11,1,0,1,0,1,0
24.0,35,59.78,2092.3,0,2024,2,0,0,1,0,1,0
33.0,9,82.23,740.07,0,2024,2,0,1,0,0,0,1
27.0,10,101.83,1018.3,1,2025,10,0,0,1,0,0,1
42.0,65,38.03,2471.9500000000003,0,2024,2,1,1,0,0,0,0
47.0,59,74.11,4372.49,0,2024,2,0,0,0,0,1,0
37.0,57,43.74,2493.1800000000003,0,2024,2,1,1,0,1,0,0
58.0,10,70.97,709.7,1,2025,10,1,0,0,0,1,0
33.0,19,77.94,1480.86,0,2025,1,0,0,0,0,0,0
36.0,50,36.91,1845.5,0,2024,2,0,1,0,0,1,0
34.0,68,78.08,5309.44,0,2024,2,1,1,0,0,1,0
47.0,5,65.49,327.45,1,2024,2,1,1,0,0,1,0
48.0,29,72.2,2093.8,0,2024,2,1,0,1,0,0,0
46.0,5,110.5,552.5,1,2024,2,0,0,0,0,1,0
39.0,60,68.38,4102.799999999999,0,2024,2,0,1,0,0,0,1
24.0,65,67.61,4394.65,0,2024,2,1,1,0,0,1,0
36.0,28,67.04,1877.12,1,2024,4,1,0,0,0,0,1
58.0,1,82.31,2060.0699999999997,0,2024,2,1,1,0,0,1,0
52.0,29,56.75,2060.0699999999997,0,2024,2,0,1,0,0,0,1
44.0,51,100.14,5107.14,0,2024,2,1,1,0,0,1,0
35.0,36,48.61,1749.96,0,2024,2,0,0,0,1,0,0
40.0,32,49.95,1598.4,0,2024,2,0,0,0,0,0,1
35.0,64,78.88,5048.32,0,2024,3,0,1,0,1,0,0
54.0,14,45.99,2060.0699999999997,1,2024,3,1,0,1,0,0,1
40.0,32,28.99,927.68,0,2024,3,0,1,0,0,1,0
51.0,9,40.56,365.04,0,2024,3,1,1,0,0,0,0
34.0,11,111.37,1225.0700000000002,0,2025,9,1,1,0,0,1,0
56.0,48,21.07,2060.0699999999997,0,2024,3,1,0,0,0,0,0
40.0,51,33.35,1700.85,0,2024,3,0,0,1,1,0,0
31.0,4,95.8,383.2,0,2024,3,0,0,1,0,0,0
36.0,41,117.99,4837.59,0,2024,3,0,0,1,0,0,0
49.0,25,88.82,2220.5,0,2024,3,0,0,1,0,0,0
34.0,17,112.23,1907.91,1,2025,3,0,0,1,0,0,1
40.0,47,105.52,4959.44,0,2024,3,0,0,0,1,0,0
34.0,8,68.0,544.0,0,2025,12,0,0,1,0,0,0
61.0,58,53.35,2060.0699999999997,0,2024,3,0,0,1,0,1,0
63.0,1,83.22,83.22,1,2024,3,0,0,0,0,0,1
58.0,2,73.36,146.72,1,2024,3,0,0,0,0,0,1
39.0,10,22.58,2060.0699999999997,0,2024,3,0,0,1,0,1,0
40.0,27,115.73,3124.71,1,2024,3,1,0,0,0,0,1
31.0,13,77.02,1001.26,0,2024,3,1,0,1,0,1,0
58.0,63,107.45,6769.35,0,2024,3,1,0,1,0,1,0
51.0,11,93.46,1028.06,0,2024,3,0,0,1,0,0,0
52.0,14,54.08,757.12,0,2024,3,0,1,0,0,0,0
37.0,26,110.12,2863.12,0,2024,3,0,0,0,1,0,0
19.0,69,99.04,6833.76,0,2024,3,1,1,0,1,0,0
22.0,39,62.98,2456.22,0,2024,3,1,0,1,0,0,1
41.0,28,104.05,2913.4,0,2024,3,0,1,0,1,0,0
34.0,17,47.16,2060.0699999999997,0,2024,3,0,0,0,0,1,0
32.0,37,87.07,3221.59,1,2023,7,1,0,1,0,0,1
40.0,27,31.46,849.4200000000001,0,2024,3,1,1,0,0,0,1
52.0,67,106.58,7140.86,0,2021,1,0,1,0,0,0,0
32.0,68,92.94,6319.92,0,2020,12,1,0,0,0,0,0
24.0,47,35.26,1657.2199999999998,0,2022,9,1,0,1,0,0,1
32.0,34,22.13,752.42,0,2023,10,0,1,0,0,0,0
27.0,18,58.99,1061.82,0,2024,4,1,0,0,0,0,0
47.0,35,87.53,3063.55,0,2023,9,1,1,0,0,0,0
40.0,18,48.31,869.58,1,2024,4,0,0,1,0,0,1
63.0,70,117.33,8213.1,0,2020,10,0,1,0,0,0,1
49.0,34,113.47,3857.98,1,2024,4,0,0,0,0,0,1
62.0,33,79.79,2633.07,0,2024,4,1,0,0,0,1,0
23.0,43,51.56,2217.08,0,2023,1,0,0,0,0,0,1
40.0,27,109.63,2960.01,0,2024,4,1,0,0,0,0,0
43.0,48,100.35,4816.799999999999,1,2022,8,1,0,1,0,0,1
41.0,69,28.62,1974.78,0,2024,4,0,0,0,0,1,0
40.0,71,67.63,4801.73,0,2024,4,1,0,0,0,0,0
41.0,22,118.12,2598.6400000000003,0,2024,10,0,0,0,0,0,1
40.0,34,65.39,2223.26,0,2024,4,0,1,0,0,0,1
47.0,43,113.29,4871.47,0,2024,4,0,0,0,0,0,1
49.0,16,117.73,1883.68,0,2024,4,0,1,0,1,0,0
26.0,14,58.74,2060.0699999999997,1,2024,4,0,0,1,0,0,0
36.0,39,116.46,4541.94,1,2024,4,0,1,0,0,0,1
36.0,71,33.79,2399.09,0,2024,4,0,1,0,0,1,0
32.0,12,36.01,432.12,0,2024,4,1,0,1,0,0,0
26.0,55,47.65,2620.75,0,2024,4,0,0,0,0,0,1
40.0,6,66.76,400.56000000000006,0,2024,4,0,1,0,0,0,0
43.0,40,38.1,1524.0,1,2024,4,1,0,0,0,0,1
33.0,13,54.02,702.26,1,2024,4,1,0,0,1,0,0
27.0,69,30.37,2095.53,0,2020,11,1,0,0,0,0,1
45.0,24,63.0,1512.0,0,2024,4,0,1,0,0,0,0
31.0,59,102.75,6062.25,0,2024,4,1,1,0,0,0,1
36.0,46,79.51,3657.46,0,2024,4,1,1,0,0,0,1
35.0,44,101.02,4444.88,0,2022,12,1,1,0,0,0,0
55.0,11,33.57,369.27,0,2024,5,1,1,0,0,0,1
31.0,61,59.94,3656.34,0,2024,5,1,1,0,0,0,1
61.0,36,23.93,2060.0699999999997,0,2024,5,1,0,1,0,0,0
40.0,10,57.0,570.0,0,2024,5,0,1,0,1,0,0
62.0,1,81.45,81.45,1,2024,5,0,0,0,0,1,0
48.0,63,76.89,2060.0699999999997,0,2024,5,0,0,0,0,1,0
37.0,12,26.03,312.36,0,2025,8,1,0,0,0,1,0
29.0,5,26.21,131.05,0,2024,5,0,0,0,0,1,0
36.0,36,50.51,1818.36,0,2024,5,1,0,0,0,1,0
58.0,17,97.14,1651.38,0,2024,5,1,0,0,0,1,0
39.0,58,22.06,1279.48,0,2024,5,1,0,0,0,0,0
48.0,22,81.59,1794.98,0,2024,5,1,0,0,0,0,0
42.0,31,38.37,2060.0699999999997,0,2024,5,1,0,0,0,0,0
43.0,26,114.43,2975.1800000000003,1,2024,5,0,1,0,0,0,1
40.0,13,63.02,2060.0699999999997,0,2025,7,1,1,0,1,0,0
46.0,63,24.79,1561.77,0,2024,5,0,0,1,1,0,0
30.0,67,91.36,6121.12,0,2024,5,1,0,0,0,1,0
37.0,63,68.46,4312.98,0,2024,5,0,1,0,0,1,0
44.0,11,108.12,1189.3200000000002,1,2024,5,0,1,0,0,0,1
42.0,69,85.18,5877.42,0,2024,5,1,1,0,1,0,0
34.0,64,89.25,2060.0699999999997,0,2021,4,0,1,0,0,0,1
40.0,68,96.73,6577.64,0,2024,5,0,0,0,0,0,1
31.0,32,62.04,1985.28,0,2024,5,1,0,1,0,0,0
25.0,10,99.25,992.5,1,2024,5,1,1,0,0,1,0
44.0,54,25.06,1353.24,0,2024,5,0,0,1,1,0,0
26.0,55,96.55,5310.25,0,2024,5,1,1,0,0,0,1
43.0,62,83.63,5185.06,0,2024,5,0,0,0,0,1,0
17.0,55,76.67,4216.85,0,2024,5,1,0,1,1,0,0
31.0,35,51.82,1813.7,0,2024,5,1,1,0,0,0,1
40.0,67,31.41,2104.47,0,2024,5,0,1,0,0,1,0
21.0,65,84.72,5506.8,0,2021,3,0,0,0,0,0,1
36.0,17,67.17,1141.89,0,2024,6,1,1,0,0,1,0
54.0,42,41.78,1754.76,0,2024,6,0,1,0,0,1,0
25.0,59,24.34,1436.06,0,2024,6,1,1,0,0,1,0
36.0,70,73.88,5171.599999999999,0,2024,6,1,0,0,1,0,0
60.0,11,32.63,358.93,0,2025,9,1,1,0,0,0,0
27.0,28,112.94,3162.32,1,2024,6,1,0,1,0,1,0
57.0,39,35.06,1367.34,0,2023,5,0,0,1,0,1,0
37.0,54,23.2,1252.8,0,2024,6,1,1,0,0,0,1
41.0,11,46.2,508.2000000000001,1,2025,9,1,0,1,0,0,1
55.0,58,37.5,2060.0699999999997,0,2024,6,1,1,0,1,0,0
40.0,40,99.12,3964.8,0,2023,5,1,1,0,0,0,0
48.0,4,48.93,195.72,0,2024,6,0,1,0,0,0,1
51.0,64,44.52,2849.28,0,2024,6,1,0,0,1,0,0
32.0,48,119.48,5735.04,0,2024,6,0,1,0,1,0,0
31.0,70,35.01,2450.7,0,2024,6,1,0,1,1,0,0
37.0,31,28.5,883.5,0,2024,6,1,0,0,0,1,0
38.0,2,50.56,101.12,1,2024,6,0,1,0,0,0,0
27.0,43,60.51,2060.0699999999997,0,2024,6,1,0,1,0,0,0
32.0,41,96.04,3937.64,0,2023,3,1,0,0,0,0,0
40.0,60,115.54,6932.400000000001,0,2021,8,0,0,1,0,1,0
36.0,46,96.37,4433.02,0,2024,6,0,0,0,0,1,0
51.0,40,92.66,3706.4,1,2024,6,0,0,0,0,0,1
20.0,59,119.14,7029.26,1,2024,6,0,1,0,0,0,1
34.0,45,96.54,4344.3,1,2022,11,1,0,0,0,0,1
69.0,42,33.95,1425.9,0,2024,6,1,1,0,1,0,0
40.0,21,66.15,1389.15,0,2024,6,0,0,0,0,0,0
56.0,3,70.35,211.05,1,2024,6,1,0,0,0,1,0
28.0,66,50.48,3331.68,0,2021,2,1,1,0,0,0,1
40.0,11,36.43,400.73,1,2024,6,0,0,1,1,0,0
26.0,24,91.17,2188.08,0,2024,6,1,1,0,0,1,0
45.0,50,47.75,2060.0699999999997,0,2024,7,1,0,0,1,0,0
50.0,21,82.47,1731.87,1,2024,7,0,0,0,1,0,0
47.0,25,52.26,1306.5,0,2024,7,0,1,0,1,0,0
36.0,4,70.62,282.48,0,2024,7,1,0,1,0,0,0
43.0,43,53.71,2309.53,0,2023,1,1,0,0,0,1,0
43.0,47,61.18,2875.46,0,2022,9,0,0,1,0,1,0
48.0,23,93.21,2143.83,0,2024,9,1,1,0,1,0,0
39.0,60,108.38,6502.799999999999,0,2021,8,1,0,0,0,0,0
51.0,21,70.87,1488.27,0,2024,7,1,0,0,1,0,0
57.0,66,81.03,5347.9800000000005,0,2021,2,1,0,0,0,0,1
36.0,51,106.44,5428.44,0,2022,5,1,0,1,0,1,0
41.0,15,34.32,2060.0699999999997,0,2024,7,1,1,0,0,1,0
29.0,58,36.22,2060.0699999999997,0,2024,7,0,1,0,0,0,0
44.0,26,55.92,1453.92,0,2024,6,1,0,0,0,1,0
44.0,59,50.91,3003.69,0,2024,7,0,0,0,0,1,0
41.0,45,118.64,2060.0699999999997,1,2024,7,0,0,0,0,1,0
42.0,66,76.41,5043.06,0,2024,7,1,0,0,0,0,0
63.0,35,72.39,2533.65,0,2024,7,1,1,0,1,0,0
40.0,64,77.87,4983.68,0,2021,4,0,1,0,0,1,0
34.0,27,107.52,2903.04,0,2024,7,1,1,0,1,0,0
36.0,31,44.35,1374.85,0,2024,1,1,0,0,0,0,0
57.0,12,71.1,853.1999999999999,1,2025,8,1,0,0,1,0,0
46.0,45,47.1,2119.5,0,2024,7,0,0,1,0,0,1
46.0,32,98.06,2060.0699999999997,1,2024,7,0,0,1,0,1,0
55.0,54,97.71,5276.339999999999,0,2022,3,1,0,0,0,0,0
38.0,66,115.74,7638.839999999999,1,2021,2,0,0,0,0,0,0
48.0,32,64.68,2060.0699999999997,0,2023,12,1,0,1,1,0,0
34.0,15,35.87,538.05,0,2025,5,0,0,0,0,1,0
27.0,55,109.64,6030.2,0,2024,7,1,0,0,0,0,0
62.0,41,109.06,4471.46,0,2024,7,1,1,0,0,0,1
44.0,40,43.47,1738.8,0,2024,7,1,0,0,1,0,0
48.0,49,47.63,2333.8700000000003,0,2024,8,0,0,1,0,0,1
27.0,38,51.34,1950.92,0,2024,8,1,1,0,0,0,1
46.0,56,65.18,3650.08,0,2024,8,0,1,0,1,0,0
61.0,34,102.9,3498.6000000000004,0,2024,8,1,0,1,0,0,1
37.0,1,34.44,34.44,0,2026,7,0,0,0,0,0,1
25.0,10,90.04,900.4000000000001,1,2025,10,0,0,0,1,0,0
42.0,40,55.28,2211.2,0,2024,8,1,0,0,0,0,0
28.0,16,39.57,633.12,0,2024,8,1,1,0,0,0,0
21.0,46,53.84,2476.6400000000003,0,2022,10,0,0,1,0,0,1
31.0,24,73.33,1759.92,1,2024,8,0,0,1,0,0,1
34.0,14,112.14,1569.96,0,2024,8,1,1,0,0,0,1
28.0,39,82.83,3230.37,0,2024,8,0,1,0,0,0,1
56.0,18,80.71,1452.78,1,2024,8,0,0,1,0,0,1
63.0,41,30.87,2060.0699999999997,1,2024,8,0,1,0,0,0,0
40.0,56,27.98,1566.88,0,2024,8,1,0,0,0,0,1
45.0,36,32.95,1186.2,0,2024,8,1,1,0,0,0,1
38.0,24,29.55,709.2,0,2024,8,1,1,0,0,1,0
29.0,29,77.64,2251.56,0,2024,8,1,0,1,1,0,0
59.0,22,65.26,1435.72,0,2024,10,0,0,1,1,0,0
39.0,11,20.5,225.5,0,2024,8,1,0,0,0,0,0
34.0,41,55.11,2259.51,0,2024,8,1,0,0,1,0,0
52.0,49,32.74,1604.26,0,2024,8,0,0,0,0,0,1
39.0,11,118.81,1306.91,1,2024,8,1,1,0,1,0,0
40.0,52,66.02,3433.04,0,2024,8,1,1,0,0,0,1
35.0,67,62.61,4194.87,0,2021,1,1,0,0,1,0,0
52.0,8,84.42,2060.0699999999997,1,2025,12,0,0,0,1,0,0
52.0,31,55.71,2060.0699999999997,0,2024,1,0,1,0,0,1,0
56.0,6,91.55,2060.0699999999997,0,2024,8,1,0,0,0,1,0
31.0,71,110.48,7844.08,0,2024,8,1,0,0,0,0,1
39.0,13,69.89,908.57,0,2024,8,1,1,0,0,0,1
63.0,6,58.29,349.74,0,2024,8,1,0,1,0,0,1
37.0,67,72.19,2060.0699999999997,0,2024,9,0,0,1,1,0,0
50.0,27,80.36,2169.72,0,2024,5,0,1,0,0,0,1
67.0,45,104.77,4714.65,1,2024,9,0,0,0,0,0,1
18.0,26,59.45,1545.7,0,2024,9,1,1,0,1,0,0
37.0,4,25.14,100.56,0,2026,5,0,0,0,0,1,0
40.0,37,83.07,2060.0699999999997,0,2024,9,1,1,0,0,0,0
18.0,21,118.69,2492.49,1,2024,9,0,1,0,0,0,1
35.0,28,105.42,2951.76,0,2024,4,0,0,0,0,0,0
28.0,32,95.83,3066.56,0,2024,9,1,1,0,1,0,0
50.0,53,37.65,1995.45,0,2024,9,0,0,1,0,0,1
19.0,33,94.86,3130.38,0,2024,9,1,0,0,1,0,0
63.0,26,28.15,731.9,0,2024,9,0,1,0,0,0,1
48.0,17,69.39,2060.0699999999997,0,2024,9,1,0,0,0,1,0
27.0,56,57.09,3197.04,0,2021,12,0,0,1,0,0,1
52.0,30,110.53,2060.0699999999997,0,2024,9,0,1,0,0,0,1
47.0,5,35.98,179.89999999999998,1,2024,9,0,1,0,0,0,1
40.0,6,98.89,593.34,1,2024,9,0,0,0,1,0,0
31.0,62,24.85,1540.7,0,2024,9,0,0,1,0,1,0
47.0,10,90.18,901.8,0,2025,10,1,0,0,1,0,0
41.0,70,49.38,3456.6000000000004,1,2020,10,0,0,0,0,0,0
32.0,10,117.59,1175.9,0,2024,9,0,0,1,0,0,1
24.0,44,87.17,2060.0699999999997,0,2022,12,1,1,0,0,0,1
30.0,56,50.89,2849.84,0,2021,12,0,1,0,0,0,1
34.0,4,43.55,174.2,0,2024,9,0,0,0,0,0,1
54.0,13,83.93,1091.09,1,2024,9,1,0,1,0,0,0
50.0,19,47.27,898.1300000000001,0,2024,9,0,0,1,0,0,1
35.0,70,38.68,2707.6,0,2024,9,0,0,0,0,0,1
35.0,62,84.77,2060.0699999999997,0,2024,9,0,0,0,0,0,1
52.0,9,92.43,831.8700000000001,1,2024,9,0,1,0,0,0,0
43.0,46,43.8,2014.8,0,2022,10,1,1,0,1,0,0
43.0,56,73.59,4121.04,0,2024,10,1,1,0,0,1,0
40.0,40,86.36,2060.0699999999997,0,2024,10,1,1,0,0,1,0
39.0,67,114.19,7650.73,0,2024,10,0,1,0,0,0,0
40.0,62,100.34,6221.08,0,2024,10,0,0,0,0,0,0
39.0,46,62.08,2855.68,0,2024,10,0,0,0,1,0,0
49.0,6,104.44,626.64,1,2026,3,1,1,0,0,0,1
49.0,29,64.17,1860.93,0,2024,10,0,1,0,0,0,0
29.0,19,33.01,627.1899999999999,0,2024,10,0,0,0,1,0,0
34.0,15,54.11,811.65,1,2025,5,1,0,0,0,0,0
32.0,57,100.47,5726.79,0,2024,10,0,0,1,0,0,1
57.0,38,115.58,4392.04,0,2024,10,1,0,0,0,0,1
67.0,21,118.36,2485.56,1,2024,11,0,0,0,0,0,1
34.0,51,83.91,4279.41,0,2024,10,1,1,0,1,0,0
38.0,39,67.83,2645.37,0,2024,10,1,0,0,0,1,0
50.0,20,36.21,724.2,1,2024,10,1,1,0,1,0,0
32.0,2,30.25,60.5,0,2026,7,1,0,0,0,1,0
40.0,32,71.85,2060.0699999999997,0,2023,12,0,0,1,1,0,0
40.0,4,92.78,371.12,0,2024,10,1,0,0,0,1,0
19.0,7,52.39,366.73,0,2026,1,1,0,1,1,0,0
24.0,3,87.47,262.41,1,2024,10,1,1,0,0,0,1
36.0,25,77.08,2060.0699999999997,1,2024,10,1,0,1,0,1,0
55.0,9,114.07,1026.63,1,2024,10,0,0,1,0,1,0
29.0,26,40.96,1064.96,0,2024,10,0,0,0,0,0,1
34.0,64,79.11,5063.04,0,2021,4,1,0,0,0,0,1
43.0,18,61.38,1104.84,0,2024,10,1,0,0,0,1,0
20.0,2,46.16,92.32,0,2024,10,1,0,0,0,0,1
44.0,1,55.73,55.73,0,2024,10,1,0,0,0,1,0
21.0,48,49.45,2373.6000000000004,0,2022,8,1,0,1,0,0,0
47.0,63,72.76,2060.0699999999997,1,2024,10,1,1,0,0,0,1
30.0,36,75.81,2729.16,0,2024,10,0,0,0,0,0,1
29.0,63,106.55,6712.65,0,2024,10,0,1,0,0,0,1
43.0,26,98.13,2551.38,0,2024,11,0,1,0,1,0,0
40.0,6,50.25,301.5,0,2026,3,0,1,0,0,0,1
45.0,26,113.13,2060.0699999999997,0,2024,11,0,1,0,0,0,1
42.0,43,106.84,4594.12,0,2024,11,0,0,0,0,1,0
40.0,1,82.59,82.59,0,2024,11,0,1,0,0,0,1
45.0,9,21.86,196.74,1,2024,11,1,0,0,0,0,0
45.0,27,40.91,2060.0699999999997,0,2024,5,1,1,0,0,0,0
35.0,71,98.93,7024.030000000001,0,2024,11,0,0,0,0,1,0
48.0,3,65.38,196.14,1,2024,11,0,1,0,0,1,0
30.0,61,32.6,1988.6,0,2024,11,0,0,1,0,0,1
40.0,2,60.83,121.66,0,2026,7,0,0,0,0,1,0
49.0,31,41.19,1276.89,0,2024,11,1,0,0,0,1,0
66.0,65,109.26,7101.900000000001,0,2024,11,1,1,0,1,0,0
46.0,18,108.93,1960.74,0,2025,3,0,0,0,0,1,0
51.0,6,58.71,352.26,0,2024,11,1,0,0,0,0,0
40.0,42,33.74,1417.0800000000002,0,2024,11,0,0,1,0,0,1
51.0,68,55.88,3799.84,0,2024,11,1,0,1,0,1,0
54.0,4,32.87,131.48,0,2024,11,1,1,0,1,0,0
58.0,4,50.4,201.6,1,2024,11,0,1,0,0,0,1
41.0,65,97.12,6312.8,0,2024,11,0,0,0,0,0,1
36.0,41,49.19,2016.79,0,2023,3,0,1,0,0,0,1
27.0,43,74.42,3200.06,0,2024,11,0,1,0,1,0,0
28.0,55,31.89,1753.95,0,2022,1,1,0,0,0,0,0
40.0,19,54.76,1040.44,0,2025,1,0,1,0,1,0,0
19.0,21,23.96,503.16,1,2024,11,1,0,0,1,0,0
31.0,58,74.82,4339.56,0,2024,11,1,0,1,0,0,1
41.0,30,54.76,1642.8,0,2024,11,1,0,1,1,0,0
41.0,7,107.2,2060.0699999999997,1,2024,11,1,0,0,0,0,1
28.0,69,59.26,4088.94,0,2020,11,0,1,0,0,0,1
25.0,64,75.78,4849.92,0,2024,11,0,1,0,0,1,0
40.0,2,117.66,235.32,0,2024,12,0,0,0,1,0,0
37.0,67,84.27,5646.09,0,2021,1,1,0,0,0,0,0
66.0,9,70.05,630.4499999999999,1,2025,11,0,1,0,0,0,1
53.0,23,29.81,685.63,0,2024,12,0,1,0,1,0,0
43.0,14,102.1,1429.4,0,2024,12,0,1,0,1,0,0
47.0,54,84.24,4548.96,0,2022,3,1,1,0,0,0,0
52.0,45,30.85,1388.25,0,2024,12,0,0,1,0,0,1
48.0,16,44.57,713.12,0,2024,12,0,0,0,1,0,0
36.0,57,73.76,4204.320000000001,0,2024,12,0,1,0,0,0,0
30.0,8,24.51,196.08,0,2025,12,1,0,0,0,0,1
38.0,25,91.83,2060.0699999999997,1,2024,12,0,1,0,0,1,0
52.0,41,42.78,1753.98,0,2023,3,1,0,0,0,0,0
37.0,62,68.97,4276.14,0,2021,6,0,0,0,1,0,0
27.0,18,44.16,794.8799999999999,0,2025,3,0,1,0,0,1,0
19.0,50,68.92,3446.0,0,2022,7,1,1,0,0,0,1
39.0,41,38.97,1597.77,0,2024,12,1,0,1,0,0,0
28.0,34,79.39,2699.26,0,2023,10,1,0,0,0,1,0
35.0,12,111.04,1332.48,1,2024,12,1,1,0,0,1,0
57.0,42,100.73,4230.66,0,2024,12,0,0,1,1,0,0
40.0,55,44.15,2428.25,0,2024,12,0,1,0,0,1,0
31.0,59,69.81,4118.79,0,2021,9,1,0,1,1,0,0
44.0,51,62.31,3177.81,0,2022,5,0,1,0,0,0,1
63.0,53,116.55,6177.15,0,2024,12,0,0,0,1,0,0
39.0,9,99.88,898.92,0,2025,11,0,0,0,0,0,0
12.0,3,30.74,92.22,0,2024,12,1,0,0,0,1,0
48.0,8,36.86,2060.0699999999997,1,2024,12,1,0,0,0,0,1
44.0,59,90.2,5321.8,1,2024,12,0,0,1,1,0,0
41.0,30,35.99,1079.7,0,2024,12,1,1,0,1,0,0
37.0,67,115.05,7708.349999999999,0,2024,12,1,0,0,1,0,0
30.0,55,119.29,6560.950000000001,1,2022,1,1,1,0,0,0,1
58.0,34,97.84,3326.56,1,2023,10,1,0,0,0,0,1
18.0,43,22.68,975.24,0,2025,1,0,0,1,0,0,0
36.0,28,68.27,1911.56,0,2025,1,1,1,0,0,0,1
36.0,37,60.61,2242.57,0,2025,1,1,0,1,1,0,0
50.0,30,99.95,2998.5,1,2024,2,0,0,0,0,0,1
55.0,71,48.7,3457.7000000000003,0,2025,1,1,1,0,1,0,0
37.0,62,58.61,3633.82,0,2025,1,0,1,0,0,0,0
42.0,29,29.35,851.1500000000001,0,2025,1,0,0,0,0,0,1
43.0,2,54.26,108.52,0,2026,7,0,0,1,1,0,0
53.0,57,117.39,6691.2300000000005,1,2025,1,1,0,0,0,0,1
52.0,57,114.21,2060.0699999999997,0,2025,1,1,1,0,0,0,1
34.0,42,95.03,3991.26,0,2025,1,0,1,0,0,1,0
45.0,49,110.73,5425.77,0,2025,1,1,0,0,0,0,1
45.0,57,41.12,2343.84,0,2021,11,1,1,0,0,0,0
39.0,71,82.18,5834.780000000001,0,2025,1,1,1,0,1,0,0
44.0,18,70.0,1260.0,0,2025,1,1,1,0,0,1,0
40.0,70,62.27,4358.900000000001,0,2025,1,0,1,0,0,0,1
42.0,27,52.48,1416.9599999999998,0,2024,5,1,1,0,1,0,0
24.0,54,106.63,5758.02,1,2025,1,0,1,0,0,0,1
29.0,24,68.45,2060.0699999999997,1,2025,1,1,0,0,0,0,1
50.0,34,92.4,3141.6000000000004,1,2025,1,0,0,1,0,0,1
25.0,22,90.6,2060.0699999999997,0,2025,1,0,1,0,0,1,0
46.0,63,33.61,2117.43,0,2021,5,0,0,0,0,0,0
39.0,36,24.89,896.04,0,2025,1,1,1,0,0,0,0
52.0,61,104.0,6344.0,0,2025,1,1,1,0,0,0,1
48.0,42,69.03,2899.26,0,2025,1,1,0,0,0,1,0
35.0,33,101.01,3333.3300000000004,0,2025,1,1,0,0,0,0,1
37.0,9,49.71,447.39,0,2025,1,1,0,0,0,0,1
40.0,25,106.18,2654.5,1,2025,1,0,0,0,1,0,0
38.0,13,103.08,1340.04,0,2025,1,1,0,0,0,1,0
25.0,47,58.17,2733.99,0,2025,1,0,0,0,0,1,0
37.0,45,61.17,2752.65,0,2025,1,1,1,0,0,0,0
32.0,5,55.09,275.45000000000005,1,2026,3,1,1,0,0,0,0
29.0,31,23.48,727.88,0,2024,1,1,0,0,0,0,1
54.0,31,88.77,2751.87,1,2025,2,0,0,1,1,0,0
25.0,71,47.27,3356.17,0,2025,2,0,0,1,1,0,0
28.0,41,108.4,4444.400000000001,1,2025,2,0,1,0,1,0,0
32.0,46,109.74,5048.04,1,2025,2,0,0,1,0,0,1
34.0,52,92.26,4797.52,1,2025,2,1,1,0,0,0,0
29.0,5,38.16,190.8,1,2025,2,1,1,0,0,1,0
36.0,12,28.93,347.16,1,2025,2,1,1,0,0,0,1
40.0,21,101.64,2134.44,1,2025,2,0,0,0,1,0,0
48.0,9,109.31,983.79,1,2025,2,0,0,0,1,0,0
47.0,17,55.2,2060.0699999999997,0,2025,2,1,0,0,0,0,1
17.0,24,55.3,1327.1999999999998,1,2025,2,0,0,0,1,0,0
45.0,27,59.03,1593.81,1,2025,2,0,0,0,0,1,0
45.0,8,102.76,822.08,0,2025,12,1,0,0,0,0,1
32.0,44,90.71,3991.24,0,2025,2,1,0,0,0,1,0
60.0,62,32.2,1996.4,0,2025,2,1,0,0,0,0,0
53.0,29,83.47,2420.63,0,2024,3,0,0,0,1,0,0
40.0,24,20.98,503.52,0,2025,2,1,1,0,1,0,0
33.0,34,91.04,3095.36,0,2023,10,0,0,0,0,0,0
60.0,60,96.46,5787.599999999999,1,2025,2,1,1,0,0,0,0
40.0,31,101.49,3146.19,0,2025,2,1,1,0,0,0,0
41.0,4,82.56,330.24,1,2025,2,0,0,1,1,0,0
41.0,9,38.06,342.54,0,2025,2,1,0,0,0,0,0
40.0,54,99.37,5365.9800000000005,0,2025,2,1,1,0,0,0,1
37.0,1,109.98,2060.0699999999997,0,2025,2,0,0,0,0,0,0
40.0,61,83.38,5086.179999999999,0,2025,2,1,1,0,0,0,1
30.0,31,47.51,1472.81,0,2025,2,0,0,0,0,0,1
35.0,45,37.94,1707.3,0,2025,3,1,0,0,0,1,0
40.0,60,43.15,2589.0,0,2025,3,1,0,0,0,0,1
30.0,42,21.69,910.98,0,2023,3,1,0,0,0,0,1
18.0,27,21.02,567.54,1,2025,3,0,1,0,0,0,0
51.0,58,49.7,2882.6000000000004,0,2025,3,1,0,0,1,0,0
42.0,69,112.3,7748.7,0,2025,3,0,0,0,0,0,0
43.0,34,82.13,2792.42,0,2025,3,1,0,0,0,1,0
39.0,10,58.61,586.1,0,2025,3,0,1,0,0,1,0
41.0,66,21.08,1391.28,0,2025,3,1,0,1,1,0,0
59.0,25,118.97,2974.25,1,2025,3,0,0,0,0,0,1
31.0,3,65.58,196.74,0,2026,5,0,1,0,0,1,0
43.0,34,119.15,4051.1,0,2023,10,0,1,0,1,0,0
43.0,71,92.01,6532.71,0,2025,3,1,1,0,0,0,0
54.0,28,25.12,703.36,0,2025,3,0,1,0,0,0,0
45.0,9,105.9,953.1,0,2025,3,0,0,0,0,0,0
46.0,11,73.04,803.44,1,2025,9,1,0,0,0,0,1
25.0,39,65.27,2545.53,0,2023,5,0,1,0,0,0,1
30.0,13,95.79,1245.27,0,2025,3,1,0,0,1,0,0
26.0,11,97.48,1072.28,1,2025,9,0,1,0,0,1,0
10.0,35,99.64,3487.4,1,2025,3,1,0,0,0,0,0
45.0,8,96.05,768.4,0,2025,3,1,1,0,0,0,1
37.0,7,84.13,2060.0699999999997,0,2025,3,0,0,0,0,0,1
45.0,69,87.56,6041.64,0,2025,3,1,1,0,0,0,1
40.0,70,105.86,7410.2,0,2020,10,0,0,0,0,0,0
43.0,57,89.05,5075.849999999999,0,2025,3,0,0,0,0,0,0
56.0,35,30.14,2060.0699999999997,0,2023,9,1,0,1,0,1,0
40.0,11,84.55,930.05,0,2025,9,0,0,1,1,0,0
48.0,38,37.0,2060.0699999999997,0,2025,3,1,0,1,1,0,0
36.0,49,21.43,1050.07,0,2025,3,0,0,0,0,1,0
50.0,35,41.42,1449.7,0,2025,3,1,0,1,0,1,0
25.0,29,35.44,1027.76,0,2024,3,0,0,0,1,0,0
18.0,41,30.21,1238.61,0,2025,4,1,0,1,0,1,0
65.0,6,41.5,249.0,1,2025,4,1,0,0,0,0,0
62.0,10,76.36,763.6,0,2025,4,1,0,0,0,0,1
17.0,23,35.15,808.4499999999999,0,2024,9,0,1,0,1,0,0
40.0,46,47.94,2205.24,0,2022,10,0,1,0,1,0,0
42.0,12,104.96,1259.52,1,2025,4,0,0,1,0,0,0
49.0,55,108.81,5984.55,0,2025,4,0,1,0,0,1,0
61.0,13,53.31,693.03,0,2025,7,1,1,0,0,0,1
27.0,7,109.9,2060.0699999999997,0,2025,4,0,0,0,0,0,1
28.0,12,78.57,942.84,0,2025,8,1,0,0,0,0,0
40.0,61,42.64,2601.04,0,2025,4,0,1,0,0,0,1
40.0,25,95.43,2385.75,0,2024,7,0,1,0,0,1,0
40.0,2,112.21,224.42,1,2025,4,1,0,1,0,0,1
37.0,26,85.92,2233.92,0,2025,4,0,0,0,1,0,0
40.0,51,40.13,2046.63,0,2025,4,0,0,0,0,0,0
40.0,69,28.59,1972.71,0,2025,4,1,1,0,0,0,1
47.0,62,42.94,2662.28,0,2021,6,1,1,0,1,0,0
46.0,39,53.85,2100.15,0,2023,5,0,0,1,1,0,0
28.0,11,53.37,587.0699999999999,0,2025,4,0,1,0,0,0,1
40.0,64,69.85,2060.0699999999997,0,2025,4,1,0,1,0,0,0
40.0,42,70.52,2060.0699999999997,1,2023,3,0,0,0,1,0,0
40.0,10,67.14,671.4,0,2025,10,0,0,0,0,0,0
41.0,19,54.38,1033.22,1,2025,4,0,1,0,0,0,1
40.0,4,30.68,122.72,1,2025,4,1,1,0,0,0,1
25.0,3,61.83,185.49,0,2025,4,0,0,1,0,0,0
27.0,14,118.58,1660.12,0,2025,6,1,0,1,1,0,0
43.0,10,85.39,2060.0699999999997,1,2025,4,0,0,1,1,0,0
50.0,6,63.98,383.88,0,2025,4,0,0,1,0,0,1
38.0,31,28.35,2060.0699999999997,0,2025,4,1,0,0,1,0,0
37.0,31,41.32,1280.92,0,2025,4,1,1,0,1,0,0
51.0,48,77.46,3718.08,0,2025,5,0,1,0,0,0,1
31.0,9,69.79,628.11,1,2025,5,0,0,0,0,1,0
61.0,26,21.92,569.9200000000001,0,2024,6,0,1,0,0,0,1
24.0,2,28.62,57.24,0,2025,5,1,1,0,0,0,0
53.0,4,55.6,222.4,0,2026,5,1,1,0,0,1,0
46.0,6,34.08,204.48,0,2025,5,1,1,0,0,0,0
69.0,30,115.78,3473.4,1,2025,5,0,0,0,0,1,0
40.0,55,23.41,1287.55,0,2025,5,0,0,1,0,1,0
12.0,28,117.4,2060.0699999999997,0,2025,5,1,0,0,0,0,1
55.0,61,85.66,5225.26,0,2025,5,1,0,0,0,0,1
22.0,55,60.72,3339.6,0,2025,5,0,0,0,0,0,0
47.0,36,73.94,2661.84,0,2025,5,1,1,0,0,0,1
54.0,5,61.01,305.05,0,2026,3,0,0,0,0,0,1
45.0,29,77.32,2242.28,0,2025,5,0,1,0,0,0,1
43.0,12,35.2,422.4,0,2025,8,1,0,0,0,0,0
45.0,22,32.0,704.0,0,2025,5,0,1,0,0,1,0
50.0,59,72.86,4298.74,0,2025,5,1,0,1,0,0,0
47.0,39,27.13,1058.07,1,2025,5,0,0,1,1,0,0
25.0,2,49.25,98.5,0,2025,5,1,0,0,0,0,1
62.0,14,112.69,1577.66,1,2025,5,1,1,0,0,1,0
41.0,10,107.62,1076.2,1,2025,10,0,0,1,0,0,0
46.0,48,103.14,4950.72,0,2025,5,0,0,0,0,0,1
49.0,64,70.72,4526.08,0,2025,5,1,0,0,0,0,1
54.0,3,22.79,68.37,1,2025,5,1,1,0,0,0,1
53.0,60,32.14,1928.4,0,2025,5,1,0,1,0,0,1
42.0,68,111.95,7612.6,0,2025,5,1,0,0,0,0,0
41.0,21,103.64,2176.44,0,2024,11,0,0,0,0,0,1
45.0,19,57.65,1095.35,0,2025,5,1,0,0,0,0,0
40.0,20,92.9,1858.0,1,2025,5,1,0,0,1,0,0
27.0,58,105.45,6116.1,0,2025,5,0,1,0,0,0,1
48.0,42,82.03,3445.26,0,2025,5,0,0,1,0,1,0
40.0,10,105.35,2060.0699999999997,1,2025,6,0,0,0,1,0,0
62.0,23,44.47,1022.81,0,2025,6,1,1,0,0,0,0
44.0,12,66.21,794.52,0,2025,8,0,1,0,0,1,0
35.0,9,77.9,701.1,1,2025,6,1,0,0,0,0,1
45.0,29,83.12,2410.48,0,2025,6,1,0,0,0,0,0
40.0,20,118.7,2374.0,1,2025,6,0,1,0,1,0,0
38.0,65,104.59,6798.35,1,2025,6,1,0,0,0,0,1
18.0,3,25.53,76.59,0,2025,6,1,0,0,0,1,0
28.0,8,36.91,295.28,0,2025,6,1,1,0,1,0,0
38.0,39,85.71,3342.69,0,2023,5,1,1,0,0,0,1
20.0,64,44.05,2819.2,0,2025,6,0,0,1,0,0,0
40.0,31,35.9,1112.9,0,2025,6,0,1,0,0,0,1
34.0,22,86.67,1906.74,1,2025,6,1,0,0,0,0,0
31.0,5,73.64,368.2,1,2025,6,0,0,1,0,1,0
49.0,58,100.52,5830.16,0,2025,6,0,0,1,0,0,1
29.0,63,51.94,3272.22,0,2025,6,0,1,0,0,0,1
41.0,61,52.97,3231.17,0,2021,7,0,0,0,0,0,0
36.0,52,35.05,1822.6,0,2025,6,1,0,0,1,0,0
40.0,33,85.23,2812.59,0,2025,6,0,1,0,0,0,1
59.0,22,90.89,1999.58,0,2025,6,1,0,0,1,0,0
42.0,51,33.84,1725.84,0,2025,6,1,0,1,0,0,0
44.0,11,45.41,499.51,1,2025,6,1,1,0,0,1,0
31.0,58,35.43,2054.94,0,2021,10,1,0,0,1,0,0
48.0,50,94.77,4738.5,0,2025,6,0,1,0,0,0,1
47.0,70,40.91,2863.7,0,2020,10,0,0,1,1,0,0
46.0,17,35.22,598.74,0,2025,3,1,0,0,0,0,0
25.0,46,26.99,1241.54,0,2022,10,0,1,0,0,0,0
33.0,44,103.13,2060.0699999999997,1,2025,6,0,1,0,1,0,0
57.0,57,32.4,1846.8,0,2021,11,1,0,0,0,0,1
32.0,5,22.97,114.85,0,2026,3,0,1,0,0,1,0
59.0,39,26.43,1030.77,0,2025,7,0,1,0,0,0,1
33.0,58,56.68,3287.44,0,2025,7,1,0,1,1,0,0
42.0,9,79.67,717.03,0,2025,7,0,0,0,0,0,0
38.0,23,59.82,1375.86,0,2025,7,1,1,0,0,0,1
30.0,47,65.54,3080.38,0,2025,7,0,0,0,0,0,0
30.0,36,111.93,4029.480000000001,1,2025,7,1,0,0,0,0,0
32.0,31,95.89,2972.59,0,2025,7,0,0,0,0,0,1
42.0,23,54.1,1244.3,1,2025,7,1,1,0,1,0,0
51.0,56,35.43,1984.08,0,2025,7,0,1,0,0,0,1
41.0,71,94.92,6739.32,0,2025,7,1,0,0,0,1,0
40.0,46,77.35,3558.1,0,2022,10,0,1,0,0,0,0
55.0,58,116.22,6740.76,0,2025,7,1,0,1,0,0,0
40.0,36,110.84,3990.24,0,2023,8,1,0,1,1,0,0
33.0,68,76.36,2060.0699999999997,0,2025,7,0,1,0,0,0,0
28.0,60,26.99,1619.4,0,2021,8,1,0,1,0,0,1
40.0,14,23.1,323.40000000000003,0,2025,7,1,1,0,0,0,0
36.0,25,103.75,2593.75,1,2025,7,0,1,0,0,0,1
33.0,71,89.8,2060.0699999999997,0,2020,9,0,1,0,0,0,0
32.0,44,76.02,3344.88,1,2025,7,1,1,0,0,0,1
55.0,46,88.89,4088.94,0,2022,10,1,0,1,1,0,0
33.0,13,73.98,2060.0699999999997,0,2025,7,1,1,0,0,1,0
52.0,62,77.83,4825.46,0,2021,6,1,0,0,0,0,1
37.0,19,42.59,2060.0699999999997,0,2025,7,0,0,0,0,1,0
25.0,12,65.55,786.5999999999999,0,2025,8,0,0,0,0,0,1
40.0,48,21.11,1013.28,0,2025,7,1,0,0,1,0,0
40.0,33,86.87,2060.0699999999997,0,2023,11,0,1,0,1,0,0
39.0,37,53.23,1969.51,0,2025,7,1,0,0,0,0,1
38.0,6,85.63,513.78,1,2025,7,0,1,0,0,1,0
36.0,43,112.65,4843.95,0,2025,7,1,1,0,0,0,0
31.0,50,79.16,3958.0,0,2025,7,0,1,0,0,0,1
40.0,46,52.81,2429.26,0,2025,7,0,0,0,0,0,1
46.0,28,40.72,1140.16,0,2025,8,1,0,1,0,0,1
22.0,67,45.17,3026.3900000000003,0,2025,8,1,1,0,0,0,1
56.0,11,118.73,1306.03,0,2025,8,1,0,0,0,0,1
40.0,20,81.54,1630.8000000000002,1,2025,8,1,0,0,1,0,0
41.0,30,64.05,1921.5,1,2025,8,1,0,0,0,0,1
46.0,36,43.1,1551.6,0,2025,8,0,1,0,1,0,0
33.0,68,97.31,6617.08,1,2025,8,0,1,0,0,1,0
14.0,36,58.74,2114.64,0,2025,8,1,1,0,0,0,0
40.0,58,50.11,2906.38,0,2025,8,1,1,0,1,0,0
42.0,28,42.23,1182.4399999999998,0,2025,8,0,0,0,0,0,0
26.0,39,38.56,1503.84,0,2025,8,1,0,0,0,0,0
30.0,66,47.34,3124.44,0,2025,8,0,0,1,0,0,0
52.0,43,82.72,3556.96,1,2025,8,0,0,1,1,0,0
40.0,5,43.98,219.9,0,2025,8,1,0,0,1,0,0
22.0,13,26.06,338.78,0,2025,8,1,0,0,1,0,0
45.0,9,55.9,503.1,1,2025,8,1,1,0,0,1,0
29.0,57,78.49,4473.929999999999,0,2021,11,1,1,0,1,0,0
31.0,27,26.02,702.54,0,2025,8,0,1,0,0,0,1
42.0,61,65.26,3980.86,0,2025,8,0,0,1,1,0,0
41.0,50,25.23,1261.5,0,2025,8,1,0,1,1,0,0
35.0,34,96.82,3291.88,0,2023,10,1,0,0,0,0,0
34.0,65,107.19,6967.349999999999,0,2021,3,1,0,1,0,0,1
37.0,45,116.38,5237.099999999999,0,2025,8,0,1,0,0,0,0
31.0,34,89.13,3030.42,0,2025,8,0,0,1,1,0,0
53.0,8,83.21,665.68,0,2025,12,0,1,0,0,0,1
21.0,48,89.41,4291.68,0,2022,8,1,0,0,0,0,1
37.0,36,105.46,3796.56,1,2023,8,1,0,0,0,1,0
22.0,66,100.71,6646.86,0,2025,8,0,0,0,0,0,1
51.0,11,63.85,2060.0699999999997,1,2025,8,1,0,0,0,1,0
37.0,52,85.11,2060.0699999999997,0,2025,8,1,1,0,0,0,0
27.0,36,36.19,1302.84,0,2025,8,0,0,0,0,1,0
48.0,31,89.49,2774.19,0,2025,9,0,1,0,1,0,0
12.0,24,93.08,2233.92,1,2024,8,1,0,0,0,0,1
40.0,21,100.13,2060.0699999999997,1,2024,11,1,0,0,1,0,0
54.0,30,101.76,3052.8,0,2025,9,0,1,0,0,0,1
42.0,64,63.99,4095.36,0,2025,9,0,0,1,0,0,1
34.0,39,110.35,4303.65,0,2025,9,0,1,0,0,0,0
25.0,1,118.1,118.1,1,2025,9,1,1,0,0,1,0
53.0,42,117.8,4947.599999999999,1,2025,9,0,1,0,0,0,0
40.0,5,78.58,392.9,0,2026,3,0,0,0,0,1,0
32.0,12,75.95,911.4,0,2025,9,0,1,0,0,0,0
33.0,29,65.73,1906.17,0,2025,9,0,0,1,0,0,0
54.0,3,49.98,149.94,0,2025,9,0,1,0,0,0,1
46.0,61,53.38,2060.0699999999997,0,2025,9,0,0,1,0,0,0
19.0,51,41.58,2120.58,0,2025,9,1,1,0,0,0,0
40.0,36,115.57,4160.52,0,2025,9,0,1,0,0,1,0
37.0,2,81.98,163.96,0,2025,9,0,0,0,0,0,0
43.0,29,113.45,3290.05,1,2025,9,1,0,0,0,0,1
40.0,41,58.71,2060.0699999999997,0,2023,3,0,1,0,0,0,0
34.0,29,49.82,2060.0699999999997,0,2025,9,1,0,0,1,0,0
42.0,64,33.27,2129.28,0,2021,4,0,0,1,1,0,0
35.0,58,50.02,2901.1600000000003,0,2025,9,1,1,0,0,1,0
40.0,10,109.02,2060.0699999999997,0,2025,10,0,1,0,0,1,0
41.0,11,78.23,860.5300000000001,0,2025,9,1,1,0,1,0,0
40.0,7,65.25,456.75,0,2025,9,0,0,0,0,0,0
40.0,61,76.82,4686.02,0,2025,9,0,0,0,0,0,0
24.0,66,109.27,7211.82,0,2025,9,1,0,1,0,1,0
39.0,53,39.28,2081.84,0,2025,9,1,0,0,0,0,1
29.0,65,116.57,7577.049999999999,0,2025,9,1,0,0,0,0,0
48.0,27,86.62,2338.74,0,2025,9,0,0,0,1,0,0
34.0,7,105.54,738.7800000000001,0,2026,1,1,1,0,0,0,1
47.0,65,72.54,4715.1,0,2025,10,1,0,0,0,0,1
46.0,58,43.66,2060.0699999999997,0,2025,10,1,0,1,0,0,0
49.0,25,76.74,1918.5,0,2025,10,1,1,0,0,0,1
46.0,48,26.79,1285.92,0,2022,8,0,0,0,0,1,0
37.0,4,105.22,420.88,1,2025,10,1,0,0,0,0,1
23.0,8,84.96,679.68,1,2025,12,0,1,0,0,1,0
52.0,68,48.29,3283.72,0,2025,10,1,0,0,0,0,0
40.0,60,47.45,2847.0,0,2021,8,0,1,0,0,0,1
29.0,4,110.28,441.12,0,2025,10,0,0,0,1,0,0
49.0,8,104.09,832.72,0,2025,12,0,0,1,1,0,0
26.0,16,96.31,1540.96,1,2025,10,1,0,0,0,1,0
42.0,19,61.48,1168.12,1,2025,1,1,0,0,0,1,0
45.0,1,107.25,107.25,1,2026,7,0,1,0,0,0,0
40.0,34,44.69,1519.46,0,2025,10,0,0,1,0,0,1
41.0,45,22.43,1009.35,0,2025,10,1,0,0,0,1,0
50.0,63,63.28,3986.64,1,2025,10,0,0,0,0,1,0
40.0,6,111.95,671.7,0,2025,10,0,1,0,0,0,0
32.0,36,77.12,2776.32,0,2023,8,1,0,0,0,0,1
25.0,66,42.94,2834.04,0,2025,10,1,0,0,0,0,1
40.0,8,85.08,680.64,0,2025,10,0,0,1,0,0,1
26.0,67,94.5,6331.5,0,2025,10,0,1,0,0,0,1
35.0,27,75.03,2025.81,0,2025,10,1,1,0,0,0,1
34.0,34,104.26,3544.84,1,2023,10,0,0,0,0,0,1
50.0,28,79.24,2218.72,0,2025,10,1,1,0,1,0,0
41.0,31,29.6,917.6,0,2025,10,0,0,0,0,0,1
71.0,17,100.95,1716.15,1,2025,10,0,0,0,1,0,0
16.0,55,34.64,1905.2,0,2025,10,0,0,0,0,0,1
40.0,9,108.28,974.52,1,2025,10,1,1,0,0,0,1
35.0,57,72.18,4114.26,0,2025,10,0,0,1,0,0,1
29.0,45,93.19,4193.55,0,2025,10,0,1,0,0,1,0
40.0,6,117.21,703.26,1,2025,10,0,0,0,0,1,0
39.0,14,63.19,884.66,0,2025,6,0,0,1,1,0,0
53.0,31,65.97,2045.07,0,2024,1,0,1,0,0,0,1
40.0,54,102.58,5539.32,0,2025,11,1,0,0,0,0,1
40.0,11,31.02,341.22,0,2025,11,1,1,0,0,0,1
44.0,69,22.77,1571.13,0,2025,11,1,0,0,0,0,0
37.0,2,80.43,2060.0699999999997,0,2025,11,1,1,0,1,0,0
26.0,17,36.75,624.75,0,2025,3,1,0,0,0,1,0
37.0,36,45.57,1640.52,0,2025,11,0,0,0,0,0,0
43.0,3,117.63,352.89,1,2026,5,0,0,0,0,1,0
41.0,63,85.31,5374.53,0,2021,5,0,0,0,0,0,0
44.0,43,105.58,4539.94,0,2023,1,1,0,0,0,0,0
34.0,33,109.78,3622.74,1,2025,11,1,0,0,0,0,0
40.0,29,32.14,932.06,0,2025,11,1,0,0,1,0,0
41.0,23,112.78,2593.94,1,2025,11,1,0,0,1,0,0
40.0,59,106.65,6292.35,0,2025,11,0,0,1,0,1,0
40.0,49,24.53,1201.97,0,2025,11,1,0,0,1,0,0
66.0,55,117.72,6474.6,0,2025,11,0,0,0,0,1,0
53.0,28,65.83,1843.24,0,2025,11,0,0,0,0,0,1
44.0,71,117.45,8338.95,0,2025,11,0,1,0,0,1,0
30.0,25,102.39,2559.75,1,2024,7,1,1,0,0,0,1
36.0,7,64.01,448.0700000000001,0,2025,11,0,0,0,1,0,0
59.0,34,71.16,2419.44,0,2025,11,0,0,1,0,1,0
33.0,22,47.51,1045.22,0,2024,10,1,0,0,1,0,0
38.0,67,68.69,4602.23,0,2025,11,0,0,1,0,1,0
37.0,50,30.75,1537.5,0,2025,11,0,1,0,0,0,1
44.0,48,110.86,5321.28,0,2022,8,0,1,0,1,0,0
35.0,70,91.32,6392.4,0,2025,11,0,1,0,1,0,0
42.0,57,100.52,2060.0699999999997,0,2025,11,0,1,0,0,0,1
35.0,25,73.11,1827.75,1,2025,11,1,0,1,1,0,0
56.0,66,32.56,2148.96,0,2021,2,1,0,0,0,1,0
32.0,16,73.72,1179.52,0,2025,12,0,0,1,0,0,0
52.0,58,52.92,3069.36,0,2025,12,1,1,0,1,0,0
33.0,41,21.01,861.4100000000001,0,2023,3,1,1,0,0,0,0
30.0,51,81.5,4156.5,0,2025,12,0,1,0,0,1,0
32.0,21,105.36,2212.56,0,2024,11,1,1,0,0,0,1
19.0,56,91.06,5099.360000000001,0,2025,12,1,1,0,1,0,0
45.0,47,42.35,1990.45,0,2025,12,1,1,0,0,0,0
26.0,43,101.91,4382.13,0,2025,12,0,0,1,0,0,1
36.0,31,50.95,1579.45,0,2025,12,1,1,0,0,0,1
49.0,15,41.85,627.75,0,2025,12,0,0,0,1,0,0
40.0,48,116.11,5573.28,0,2022,8,0,1,0,0,0,0
23.0,62,21.66,1342.92,0,2025,12,1,1,0,1,0,0
44.0,70,36.76,2573.2,0,2020,10,0,0,0,0,1,0
54.0,3,66.7,200.1,1,2026,5,0,0,1,0,0,1
32.0,38,36.71,1394.98,0,2025,12,0,1,0,0,0,0
46.0,58,36.69,2128.02,1,2021,10,1,1,0,1,0,0
26.0,67,83.43,5589.81,0,2025,12,1,0,1,0,0,1
45.0,45,101.9,4585.5,0,2022,11,0,0,0,0,0,1
42.0,44,86.16,2060.0699999999997,0,2022,12,0,1,0,0,0,0
48.0,8,30.15,2060.0699999999997,0,2025,12,0,1,0,0,1,0
47.0,66,109.54,7229.64,0,2025,12,0,0,1,0,1,0
24.0,71,112.27,7971.17,0,2020,9,1,1,0,0,1,0
42.0,61,48.1,2934.1,0,2025,12,1,0,0,1,0,0
57.0,17,75.31,1280.27,0,2025,12,1,1,0,0,0,1
14.0,71,68.52,4864.92,0,2025,12,1,1,0,0,1,0
52.0,36,86.82,2060.0699999999997,0,2023,8,1,0,0,0,1,0
59.0,68,117.79,2060.0699999999997,1,2025,12,0,0,0,0,1,0
22.0,21,118.64,2491.44,0,2025,12,0,0,1,0,1,0
32.0,46,70.91,3261.86,0,2025,12,0,0,0,0,0,0
46.0,46,29.19,2060.0699999999997,0,2025,12,1,0,0,0,0,0
29.0,16,53.45,855.2,0,2025,12,0,0,0,0,0,1
56.0,22,61.36,1349.92,0,2024,10,0,0,0,0,0,0
53.0,6,73.46,440.76,0,2026,1,0,1,0,0,0,0
23.0,56,116.04,6498.240000000001,1,2026,1,1,1,0,0,0,0
40.0,45,46.24,2080.8,0,2026,1,1,1,0,1,0,0
49.0,58,73.67,4272.86,0,2026,1,0,1,0,0,0,0
49.0,28,49.1,1374.8,0,2026,1,1,0,1,1,0,0
67.0,17,111.95,1903.15,1,2025,3,0,0,0,1,0,0
40.0,36,119.0,2060.0699999999997,0,2026,1,0,0,0,0,0,0
40.0,12,107.07,1284.84,1,2026,1,1,1,0,1,0,0
40.0,50,53.87,2693.5,0,2022,7,0,1,0,0,1,0
46.0,59,47.79,2819.61,0,2021,9,0,0,0,0,0,1
51.0,12,63.12,757.4399999999999,0,2025,8,1,0,0,0,0,0
40.0,62,94.76,5875.12,0,2026,1,0,1,0,0,0,0
51.0,40,20.93,837.2,0,2026,1,1,0,0,0,0,1
57.0,2,119.51,239.02,1,2026,1,1,0,1,0,0,0
53.0,25,108.34,2708.5,1,2024,7,1,1,0,0,0,0
40.0,31,22.38,693.78,0,2026,1,1,0,0,0,0,1
52.0,47,58.21,2735.87,0,2022,9,1,0,0,1,0,0
34.0,60,88.78,5326.8,0,2026,1,1,0,0,0,1,0
55.0,41,44.14,1809.74,0,2026,1,0,1,0,1,0,0
33.0,50,34.28,2060.0699999999997,0,2026,1,0,1,0,0,1,0
41.0,23,82.93,1907.39,0,2026,1,0,0,0,0,0,1
50.0,12,110.35,1324.1999999999998,1,2026,1,0,0,0,1,0,0
45.0,71,115.56,8204.76,0,2020,9,0,0,0,0,0,1
56.0,22,21.03,462.66,0,2024,10,1,0,0,0,1,0
70.0,56,107.45,6017.2,0,2026,1,0,0,0,0,1,0
26.0,16,76.08,2060.0699999999997,0,2026,1,1,0,0,0,1,0
36.0,58,43.77,2538.6600000000003,0,2021,10,1,0,0,0,1,0
44.0,51,81.69,4166.19,0,2022,5,1,1,0,0,0,0
40.0,6,119.58,717.48,1,2026,1,0,0,0,0,0,1
39.0,2,47.62,95.24,1,2026,7,1,1,0,0,1,0
49.0,62,47.69,2956.78,0,2026,2,1,0,1,1,0,0
48.0,42,89.89,3775.38,0,2026,2,1,1,0,1,0,0
43.0,43,24.32,1045.76,0,2026,2,0,1,0,1,0,0
42.0,52,102.05,2060.0699999999997,0,2026,2,0,0,0,0,1,0
37.0,58,85.25,4944.5,0,2021,10,1,0,1,0,0,1
40.0,20,104.12,2082.4,1,2026,2,0,0,0,0,0,0
60.0,56,43.07,2411.92,0,2021,12,0,1,0,0,1,0
52.0,67,104.72,2060.0699999999997,0,2026,2,1,0,1,0,1,0
26.0,59,64.86,3826.74,0,2026,2,1,1,0,0,0,0
37.0,48,33.27,1596.96,0,2026,2,1,1,0,0,0,1
42.0,35,110.14,3854.9,1,2023,9,0,0,0,0,1,0
29.0,8,90.5,724.0,1,2025,12,0,0,0,1,0,0
41.0,32,36.83,1178.56,0,2026,2,0,1,0,1,0,0
40.0,45,44.65,2009.25,0,2026,2,1,1,0,0,1,0
53.0,67,46.89,3141.63,0,2026,2,0,0,0,0,0,1
34.0,27,116.33,3140.91,1,2026,2,1,0,0,1,0,0
54.0,3,108.62,325.86,1,2026,2,1,0,0,1,0,0
40.0,57,54.63,3113.9100000000003,0,2021,11,1,1,0,0,0,0
30.0,65,66.66,4332.9,0,2026,2,0,0,0,0,0,1
35.0,20,48.53,2060.0699999999997,0,2026,2,0,0,0,0,0,1
41.0,71,94.26,6692.46,0,2026,2,1,0,0,0,0,0
11.0,41,36.12,1480.9199999999998,1,2023,3,1,1,0,0,0,0
46.0,1,53.86,53.86,0,2026,2,0,1,0,0,0,0
61.0,4,80.61,322.44,1,2026,2,0,1,0,0,0,1
48.0,71,107.73,7648.83,0,2020,9,1,0,0,0,0,1
37.0,10,83.56,2060.0699999999997,0,2026,2,0,1,0,0,0,1
27.0,29,113.97,3305.13,0,2026,2,0,1,0,0,1,0
40.0,15,113.08,1696.2,0,2026,2,0,0,0,0,0,1
20.0,19,91.83,1744.77,0,2026,3,0,0,1,0,0,0
38.0,58,47.87,2776.46,0,2026,3,0,0,1,1,0,0
65.0,53,88.31,4680.43,0,2026,3,1,0,0,0,1,0
40.0,46,39.27,1806.42,0,2026,3,0,0,1,0,1,0
48.0,18,53.32,2060.0699999999997,0,2026,3,1,1,0,0,1,0
32.0,3,95.79,2060.0699999999997,1,2026,3,1,1,0,0,0,0
40.0,70,105.06,2060.0699999999997,0,2026,3,1,0,0,0,0,1
29.0,22,61.68,1356.96,0,2026,3,1,1,0,0,0,0
40.0,55,72.34,3978.7,0,2022,1,1,0,0,1,0,0
42.0,64,58.61,3751.04,0,2026,3,1,0,1,0,0,1
43.0,41,67.93,2785.13,0,2026,3,0,0,0,1,0,0
40.0,8,71.25,570.0,0,2026,3,0,0,0,0,1,0
20.0,65,89.18,5796.700000000001,1,2026,3,0,1,0,0,1,0
50.0,3,95.05,285.15,0,2026,3,1,0,1,0,0,0
51.0,29,117.5,3407.5,1,2024,3,1,0,0,0,0,1
45.0,70,63.77,4463.900000000001,0,2020,10,1,0,1,0,1,0
35.0,18,28.31,509.58,1,2026,3,0,1,0,0,0,0
44.0,58,88.82,5151.56,0,2026,3,1,1,0,1,0,0
38.0,1,69.83,2060.0699999999997,1,2026,3,1,0,1,0,0,0
52.0,22,104.1,2290.2,0,2026,3,0,1,0,0,0,1
36.0,23,34.65,796.9499999999999,0,2026,3,0,1,0,0,0,1
41.0,8,84.49,675.92,0,2026,3,0,1,0,0,0,1
19.0,29,65.93,2060.0699999999997,0,2026,3,1,0,0,0,1,0
44.0,44,61.93,2060.0699999999997,0,2022,12,0,0,0,0,0,0
31.0,62,76.49,4742.38,0,2021,6,1,0,0,1,0,0
46.0,19,88.42,1679.98,0,2026,3,0,1,0,0,0,1
49.0,59,105.09,6200.31,0,2026,3,0,0,0,0,0,0
33.0,19,43.51,826.6899999999999,0,2026,3,1,0,1,0,1,0
40.0,22,49.31,1084.8200000000002,0,2026,3,0,0,0,1,0,0
42.0,68,74.86,5090.48,0,2026,3,1,0,0,1,0,0
44.0,5,54.66,273.29999999999995,1,2026,3,1,0,0,1,0,0
49.0,5,76.83,384.15,1,2026,3,1,1,0,0,1,0
48.0,25,40.02,1000.5,0,2024,7,0,1,0,0,0,1
40.0,24,50.76,1218.24,0,2026,4,1,0,0,0,1,0
59.0,1,52.48,2060.0699999999997,0,2026,7,1,1,0,1,0,0
49.0,28,119.23,3338.44,0,2026,4,0,0,0,0,0,0
57.0,47,105.43,4955.21,1,2026,4,1,0,0,0,0,1
44.0,60,103.77,6226.2,0,2026,4,1,1,0,0,0,0
45.0,19,71.36,1355.84,0,2026,4,1,0,1,0,1,0
39.0,14,66.68,933.52,1,2025,6,1,1,0,0,1,0
35.0,70,27.01,1890.7,0,2020,10,1,0,0,0,1,0
52.0,8,39.73,317.84,0,2026,4,1,0,0,0,0,1
43.0,37,109.53,2060.0699999999997,0,2023,7,1,0,0,0,1,0
40.0,10,72.56,725.6,1,2026,4,0,0,1,0,0,1
28.0,67,118.74,7955.58,0,2026,4,1,1,0,1,0,0
59.0,13,79.18,1029.34,0,2025,7,1,1,0,0,0,1
41.0,39,57.75,2252.25,0,2026,4,1,0,0,0,0,0
25.0,64,47.41,3034.24,0,2026,4,1,1,0,0,1,0
41.0,30,111.84,3355.2000000000003,1,2026,4,0,1,0,1,0,0
38.0,4,57.07,2060.0699999999997,1,2026,5,0,0,1,0,1,0
37.0,45,34.61,1557.45,0,2022,11,1,0,0,0,1,0
47.0,6,47.83,286.98,1,2026,4,0,0,1,1,0,0
38.0,16,84.56,1352.96,0,2025,4,0,0,0,1,0,0
40.0,22,33.3,732.5999999999999,0,2024,10,0,1,0,0,0,1
56.0,21,29.16,612.36,0,2026,4,1,0,1,0,0,1
19.0,65,65.76,2060.0699999999997,0,2021,3,0,0,1,0,0,1
39.0,30,28.37,851.1,0,2024,2,1,0,1,0,0,1
51.0,24,59.29,1422.96,1,2026,4,1,1,0,0,0,1
48.0,64,52.27,3345.28,0,2026,4,1,1,0,0,0,0
40.0,13,59.15,768.9499999999999,0,2025,7,0,0,0,0,0,1
64.0,26,68.78,1788.28,0,2026,4,1,0,1,0,1,0
60.0,20,38.53,770.6,1,2026,5,1,1,0,0,1,0
26.0,61,64.24,3918.64,0,2026,5,0,1,0,0,0,1
21.0,6,56.15,336.9,1,2026,5,0,1,0,0,1,0
44.0,43,99.55,4280.65,1,2026,5,0,1,0,0,0,0
24.0,49,89.47,4384.03,1,2022,7,1,0,0,0,0,0
17.0,9,107.25,965.25,1,2025,11,0,1,0,0,0,1
44.0,37,86.9,3215.3,1,2026,5,1,1,0,0,0,1
47.0,16,32.11,513.76,0,2026,5,0,0,0,0,0,0
61.0,4,70.71,282.84,1,2026,5,1,1,0,1,0,0
49.0,32,94.25,3016.0,0,2026,5,0,0,0,1,0,0
40.0,17,104.17,1770.89,1,2026,5,0,0,0,0,1,0
44.0,41,38.13,1563.3300000000002,0,2026,5,0,1,0,0,0,1
26.0,45,42.35,1905.75,0,2026,5,0,1,0,0,1,0
50.0,16,106.22,1699.52,0,2026,5,0,0,0,0,0,1
56.0,20,68.54,1370.8000000000002,0,2026,5,1,0,0,0,0,1
45.0,42,65.24,2740.08,0,2026,5,1,0,0,1,0,0
57.0,10,69.41,694.0999999999999,0,2026,5,0,1,0,0,0,0
39.0,52,37.33,1941.16,0,2026,5,1,0,0,0,0,0
47.0,60,82.76,4965.6,0,2026,5,1,0,0,0,1,0
38.0,48,100.8,4838.4,0,2026,5,1,0,0,0,1,0
69.0,23,103.71,2385.33,1,2026,5,1,0,0,0,0,1
50.0,33,23.04,760.3199999999999,0,2023,11,1,0,0,0,0,0
27.0,25,91.52,2288.0,0,2026,5,1,0,1,0,0,1
62.0,50,29.12,1456.0,0,2026,5,1,1,0,1,0,0
31.0,70,116.69,8168.3,0,2026,5,0,1,0,1,0,0
40.0,55,68.22,3752.1,0,2026,5,0,1,0,0,0,1
46.0,68,97.54,6632.72,0,2026,5,0,1,0,0,0,1
47.0,4,82.19,328.76,0,2026,5,0,0,0,0,0,1
40.0,28,115.19,3225.32,1,2024,4,1,0,0,0,0,1
26.0,29,117.37,3403.73,0,2026,5,0,0,0,0,0,1
46.0,48,47.89,2298.7200000000003,0,2026,5,1,0,0,1,0,0
53.0,13,68.29,887.7700000000001,0,2026,6,1,1,0,1,0,0
53.0,43,70.42,3028.06,1,2026,6,1,0,0,1,0,0
24.0,9,37.77,339.93,1,2026,6,0,1,0,0,1,0
32.0,40,110.39,4415.6,0,2026,6,0,0,0,1,0,0
27.0,46,54.96,2060.0699999999997,0,2026,6,1,0,0,0,0,0
44.0,58,28.75,2060.0699999999997,0,2026,6,0,0,0,0,0,0
21.0,56,35.45,2060.0699999999997,0,2026,6,1,0,0,0,0,1
27.0,12,71.33,855.96,1,2026,6,0,1,0,1,0,0
32.0,25,108.17,2704.25,0,2026,6,1,0,0,0,0,1
40.0,16,82.82,1325.12,1,2026,6,1,1,0,0,0,1
40.0,51,41.48,2060.0699999999997,1,2022,5,0,1,0,0,0,0
15.0,53,49.68,2633.04,0,2022,3,0,0,0,0,0,0
40.0,52,117.6,6115.2,1,2026,6,1,0,1,0,0,1
35.0,67,25.28,2060.0699999999997,0,2026,6,1,0,0,0,0,0
33.0,24,119.43,2866.32,1,2026,6,0,0,1,0,0,1
34.0,14,110.59,1548.26,1,2025,6,1,0,0,0,0,1
40.0,22,87.85,1932.7,1,2026,6,0,1,0,0,0,1
47.0,31,114.32,3543.92,1,2024,1,0,0,0,0,1,0
56.0,58,35.25,2044.5,0,2021,10,0,1,0,0,0,0
52.0,69,114.26,7883.94,0,2020,11,1,0,0,0,0,0
67.0,19,41.26,2060.0699999999997,0,2026,6,0,1,0,1,0,0
48.0,53,74.62,3954.86,0,2026,6,1,1,0,0,0,0
40.0,2,68.88,137.76,1,2026,7,0,0,1,1,0,0
35.0,53,71.25,3776.25,0,2022,3,1,0,1,0,0,1
35.0,67,46.74,3131.58,0,2026,6,1,1,0,0,1,0
40.0,47,98.06,4608.82,0,2026,6,0,1,0,0,0,1
40.0,53,94.26,4995.780000000001,1,2026,6,0,0,0,0,0,1
43.0,57,115.4,6577.8,1,2021,11,0,1,0,0,0,1
40.0,25,70.7,1767.5,0,2026,6,0,0,1,1,0,0
31.0,35,74.81,2618.35,0,2026,6,1,1,0,0,0,1
27.0,29,110.34,3199.86,1,2026,7,0,0,0,0,0,1
70.0,17,111.94,1902.98,1,2026,7,0,0,0,1,0,0
23.0,49,84.95,4162.55,0,2022,7,1,0,0,0,0,1
39.0,56,102.04,5714.240000000001,0,2026,7,0,0,0,0,1,0
55.0,3,70.51,211.53000000000003,0,2026,7,1,1,0,0,0,1
46.0,22,58.82,1294.04,0,2026,7,1,1,0,0,0,1
34.0,14,106.41,2060.0699999999997,1,2025,6,0,0,0,0,0,0
26.0,3,97.73,293.19,0,2026,7,1,0,0,1,0,0
42.0,38,44.24,1681.12,1,2026,7,1,0,1,0,1,0
8.0,21,24.76,519.96,0,2026,7,1,0,0,1,0,0
42.0,51,76.56,3904.56,0,2026,7,0,0,0,0,0,0
40.0,24,104.16,2499.84,1,2024,8,0,0,0,0,0,1
53.0,45,44.72,2012.4,0,2026,7,1,0,0,0,1,0
26.0,69,96.74,6675.06,0,2026,7,1,0,0,0,1,0
36.0,44,61.4,2701.6,0,2026,7,0,0,0,1,0,0
45.0,47,53.57,2517.79,0,2026,7,0,0,0,0,0,1
42.0,57,37.28,2124.96,0,2026,7,1,1,0,0,0,0
24.0,19,113.43,2155.17,1,2025,1,1,0,1,0,0,1
32.0,34,42.57,1447.38,0,2023,10,0,1,0,1,0,0
57.0,3,47.92,143.76,1,2026,7,1,1,0,0,1,0
43.0,39,53.15,2072.85,0,2026,7,1,1,0,0,1,0
20.0,60,48.47,2908.2,0,2026,7,0,0,0,0,0,1
51.0,10,36.29,362.9,0,2026,7,0,0,0,0,0,1
21.0,40,55.45,2218.0,0,2026,7,0,1,0,0,0,1
36.0,2,67.18,134.36,0,2026,7,0,0,0,0,0,1
47.0,45,75.18,3383.1000000000004,0,2026,7,0,0,0,0,0,0
40.0,27,35.65,962.55,0,2024,5,0,0,1,0,0,0
12.0,53,97.94,5190.82,0,2026,7,0,0,1,0,0,0
49.0,9,51.15,460.35,1,2026,7,0,0,1,0,0,0
50.0,1,111.79,111.79,1,2026,7,1,0,1,1,0,0
33.0,33,52.96,2060.0699999999997,0,2023,11,0,1,0,0,1,0
41.0,38,106.29,4039.02,0,2026,8,0,1,0,0,0,1
40.0,57,55.25,3149.25,0,2021,11,0,0,0,1,0,0
40.0,33,70.58,2329.14,0,2026,8,1,1,0,1,0,0
53.0,48,57.24,2747.52,0,2026,8,1,0,0,0,0,0
34.0,3,58.71,176.13,0,2026,8,1,0,0,0,0,1
36.0,32,81.86,2619.52,1,2026,8,0,1,0,0,1,0
43.0,21,89.29,1875.09,1,2026,8,0,0,1,1,0,0
36.0,68,107.05,7279.4,0,2026,8,0,0,0,0,0,1
40.0,17,76.91,1307.47,0,2026,8,0,1,0,0,0,0
45.0,42,41.68,1750.56,0,2026,8,0,1,0,1,0,0
40.0,68,118.96,8089.28,1,2026,8,0,0,0,0,1,0
54.0,12,88.38,2060.0699999999997,1,2026,8,0,0,0,0,1,0
37.0,45,57.48,2586.6,1,2026,8,0,1,0,0,1,0
40.0,36,116.82,4205.52,0,2026,8,1,0,0,1,0,0
26.0,51,115.85,5908.349999999999,1,2026,8,0,0,1,0,1,0
40.0,7,27.95,195.65,0,2026,1,1,0,0,0,0,0
36.0,33,21.98,2060.0699999999997,0,2023,11,1,1,0,0,1,0
21.0,48,24.45,1173.6,0,2026,8,0,0,0,0,0,0
33.0,66,88.53,5842.9800000000005,0,2026,8,1,0,0,0,1,0
30.0,33,91.09,3005.9700000000003,0,2023,11,0,0,0,0,0,0
40.0,27,92.4,2494.8,0,2026,8,0,1,0,1,0,0
42.0,47,83.02,3901.94,0,2026,8,1,0,0,0,0,0
59.0,66,48.55,3204.3,0,2021,2,0,1,0,1,0,0
31.0,43,36.71,1578.53,0,2023,1,0,1,0,0,0,1
37.0,19,112.79,2143.01,1,2025,1,0,0,1,0,0,0
45.0,68,111.31,7569.08,0,2026,8,1,1,0,1,0,0
47.0,10,44.25,442.5,1,2026,8,1,0,0,0,0,1
49.0,22,36.79,809.38,1,2026,8,0,0,1,0,1,0
29.0,66,57.53,3796.98,1,2021,2,0,0,0,0,0,1
30.0,2,24.84,49.68,0,2026,8,1,0,0,0,0,0
40.0,18,36.21,651.78,1,2026,8,0,0,1,0,0,1
58.0,19,58.03,1102.57,1,2025,1,0,1,0,0,1,0
28.0,30,43.87,1316.1,1,2024,2,1,0,1,0,0,1
34.0,6,93.68,562.08,1,2026,3,1,1,0,0,0,1
49.0,27,110.5,2983.5,1,2024,5,0,1,0,0,0,0
40.0,15,110.91,2060.0699999999997,1,2025,5,0,0,1,1,0,0
47.0,31,80.43,2493.3300000000004,0,2024,1,0,1,0,0,1,0
41.0,44,90.35,3975.4,0,2022,12,1,1,0,0,1,0
27.0,10,69.4,694.0,0,2025,10,0,1,0,0,0,1
32.0,21,34.67,728.07,0,2024,11,1,0,0,0,1,0
40.0,47,83.5,3924.5,0,2022,9,1,0,1,0,0,0
49.0,55,55.0,3025.0,0,2022,1,1,0,0,0,0,1
24.0,36,20.58,740.8799999999999,0,2023,8,0,1,0,1,0,0
50.0,58,77.5,4495.0,0,2021,10,0,0,0,0,0,1
56.0,19,39.84,756.96,0,2025,1,1,0,0,0,0,1
41.0,64,108.65,6953.6,0,2021,4,1,0,0,1,0,0
45.0,10,113.39,1133.9,1,2025,10,0,1,0,0,0,1
52.0,49,36.22,1774.78,0,2022,7,0,0,0,0,1,0
32.0,54,22.94,1238.76,0,2022,3,1,0,1,0,0,1
68.0,61,20.4,1244.4,0,2021,7,1,1,0,0,0,1
55.0,59,111.3,6566.7,0,2021,9,1,0,0,0,0,1
46.0,2,35.2,70.4,0,2026,7,1,1,0,0,0,0
40.0,8,63.53,508.24,0,2025,12,1,0,0,0,0,0
46.0,19,25.72,488.68,0,2025,1,0,0,0,0,1,0
21.0,68,57.33,3898.44,0,2020,12,0,0,0,1,0,0
65.0,14,98.54,1379.5600000000002,0,2025,6,1,1,0,0,0,0
54.0,22,60.67,1334.74,0,2024,10,0,0,0,0,0,0
58.0,17,97.56,1658.52,0,2025,3,0,0,0,0,1,0
40.0,63,88.88,5599.44,0,2021,5,1,0,0,0,1,0
36.0,26,71.73,1864.98,0,2024,6,0,1,0,1,0,0
32.0,36,93.77,3375.72,1,2023,8,0,0,0,0,0,1
50.0,45,107.91,4855.95,0,2022,11,0,0,0,0,0,1
40.0,30,99.3,2979.0,0,2024,2,1,1,0,1,0,0
38.0,21,89.17,1872.57,1,2024,11,0,0,0,1,0,0
47.0,20,90.18,1803.6,1,2024,12,1,1,0,1,0,0
32.0,42,36.11,1516.62,0,2023,3,1,1,0,0,1,0
40.0,56,115.07,6443.92,0,2021,12,1,0,0,0,0,1
40.0,12,40.57,486.84,0,2025,8,0,0,1,1,0,0
22.0,8,54.9,439.2,0,2025,12,0,0,0,1,0,0
32.0,63,71.8,4523.4,0,2021,5,0,0,1,0,0,1
56.0,56,32.62,1826.72,0,2021,12,0,0,0,0,0,1
29.0,7,79.36,555.52,0,2026,1,1,1,0,0,1,0
51.0,62,38.27,2372.74,0,2021,6,1,1,0,0,0,0
41.0,61,112.34,6852.74,0,2021,7,1,0,0,0,0,0
38.0,10,108.87,1088.7,1,2025,10,0,0,0,0,1,0
70.0,50,74.44,3722.0,0,2022,7,0,0,1,0,1,0
25.0,20,64.95,2060.0699999999997,0,2024,12,1,1,0,0,0,1
31.0,28,30.26,2060.0699999999997,0,2024,4,0,1,0,0,1,0
40.0,14,102.33,1432.62,0,2025,6,1,1,0,0,1,0
69.0,8,57.94,463.52,1,2025,12,1,1,0,1,0,0
40.0,7,44.63,312.41,1,2026,1,1,1,0,0,1,0
43.0,5,119.53,597.65,1,2026,3,0,0,0,0,1,0
36.0,1,86.83,86.83,1,2026,7,0,1,0,1,0,0
44.0,10,27.39,273.9,0,2025,10,1,0,0,0,0,1
37.0,58,100.13,5807.54,0,2021,10,1,0,0,0,0,1
48.0,65,95.04,6177.6,0,2021,3,0,0,0,0,1,0
49.0,60,60.12,3607.2,0,2021,8,0,1,0,0,1,0
37.0,20,32.37,647.4,0,2024,12,0,0,0,0,0,0
26.0,58,69.74,2060.0699999999997,1,2021,10,0,1,0,1,0,0
40.0,43,96.33,4142.19,0,2023,1,1,1,0,0,0,0
57.0,29,27.6,800.4000000000001,0,2024,3,1,0,0,0,1,0
30.0,2,36.34,72.68,1,2026,7,0,1,0,0,0,0
44.0,26,81.89,2060.0699999999997,0,2024,6,0,1,0,0,0,0
26.0,59,75.95,4481.05,0,2021,9,1,0,0,0,0,1
28.0,1,110.51,110.51,1,2026,7,0,1,0,1,0,0
56.0,31,101.48,3145.88,0,2024,1,1,0,0,0,0,1
48.0,38,111.88,4251.44,1,2023,7,0,0,0,0,0,1
44.0,22,66.6,2060.0699999999997,0,2024,10,0,1,0,0,0,0
12.0,66,98.78,6519.4800000000005,0,2021,2,0,1,0,1,0,0
33.0,47,24.87,1168.89,0,2022,9,1,1,0,0,1,0
47.0,1,49.45,49.45,0,2026,7,0,0,0,1,0,0
23.0,50,84.43,4221.5,0,2022,7,1,0,0,0,0,1
36.0,36,96.37,3469.32,1,2023,8,0,0,1,0,0,0
49.0,45,77.05,3467.25,0,2022,11,0,1,0,0,1,0
22.0,36,68.07,2060.0699999999997,0,2023,8,0,0,0,0,0,1
20.0,34,43.33,1473.22,0,2023,10,0,1,0,0,0,0
22.0,9,37.42,336.78000000000003,0,2025,11,1,0,0,0,0,1
44.0,4,107.55,430.2,1,2026,5,1,0,0,0,0,0
33.0,63,34.22,2155.86,0,2021,5,1,1,0,1,0,0
51.0,4,63.53,254.12,1,2026,5,0,1,0,0,0,1
41.0,5,108.85,544.25,1,2026,3,0,1,0,1,0,0
63.0,10,34.77,347.70000000000005,0,2025,10,1,0,1,1,0,0
25.0,44,32.75,1441.0,0,2022,12,0,0,1,0,0,0
44.0,40,89.25,3570.0,0,2023,5,1,1,0,0,1,0
30.0,36,53.16,1913.76,0,2023,8,1,1,0,1,0,0
47.0,35,63.57,2224.95,0,2023,9,1,1,0,0,0,1
41.0,59,82.56,4871.04,0,2021,9,1,1,0,0,0,1
28.0,65,57.9,3763.5,0,2021,3,0,0,0,0,0,0
38.0,31,99.98,3099.38,0,2024,1,0,0,1,1,0,0
41.0,46,116.9,5377.400000000001,0,2022,10,0,1,0,0,1,0
33.0,49,113.31,5552.1900000000005,0,2022,7,0,0,0,0,1,0
49.0,6,74.55,447.3,1,2026,3,0,1,0,0,0,1
28.0,70,55.48,3883.6,0,2020,10,1,0,0,0,0,0
65.0,19,63.37,1204.03,1,2025,1,1,0,0,1,0,0
51.0,42,53.02,2226.84,0,2023,3,1,0,1,0,0,1
44.0,30,64.17,1925.1,0,2024,2,0,0,0,0,0,0
40.0,26,21.3,553.8000000000001,0,2024,6,1,1,0,0,1,0
36.0,3,25.52,76.56,0,2026,5,0,0,0,0,0,1
47.0,33,97.13,3205.29,0,2023,11,0,0,0,0,0,0
43.0,50,53.48,2674.0,0,2022,7,1,1,0,0,1,0
50.0,31,99.44,3082.64,0,2024,1,1,0,0,0,0,0
58.0,68,67.99,4623.32,0,2020,12,0,0,0,0,0,1
47.0,10,100.59,1005.9,0,2025,10,0,1,0,1,0,0
40.0,22,86.36,1899.92,1,2024,10,1,0,1,0,0,0
33.0,63,40.1,2526.3,0,2021,5,0,0,0,1,0,0
38.0,54,64.77,3497.58,0,2022,3,1,0,0,0,0,1
60.0,51,90.43,4611.93,0,2022,5,0,1,0,0,1,0
47.0,4,53.06,212.24,1,2026,5,0,0,1,0,0,0
43.0,37,39.33,1455.21,0,2023,7,0,1,0,0,1,0
31.0,71,73.99,5253.29,0,2020,9,0,0,1,1,0,0
52.0,63,47.36,2983.68,0,2021,5,0,0,0,1,0,0
31.0,51,79.43,2060.0699999999997,0,2022,5,0,1,0,0,1,0
40.0,8,47.17,377.36,1,2025,12,0,1,0,0,0,1
41.0,1,110.66,110.66,0,2026,7,1,1,0,1,0,0
11.0,8,54.39,435.12,0,2025,12,0,0,0,0,0,1
40.0,55,110.75,6091.25,0,2022,1,1,1,0,0,1,0
45.0,9,47.95,431.55,0,2025,11,0,0,1,0,0,1
36.0,51,80.45,4102.95,0,2022,5,1,0,0,1,0,0
37.0,16,33.02,528.32,0,2025,4,0,0,0,0,1,0
39.0,53,97.84,5185.52,0,2022,3,1,0,0,0,0,1
31.0,59,40.02,2361.1800000000003,0,2021,9,0,1,0,0,0,1
42.0,45,106.4,4788.0,0,2022,11,1,0,0,0,0,1
37.0,37,65.24,2413.88,1,2023,7,0,1,0,1,0,0
41.0,66,29.45,1943.7,0,2021,2,1,0,0,0,0,0
38.0,64,56.35,3606.4,0,2021,4,0,0,0,0,0,1
36.0,36,97.97,3526.92,0,2023,8,0,1,0,1,0,0
43.0,50,27.63,1381.5,0,2022,7,1,0,1,0,1,0
49.0,53,82.57,4376.21,0,2022,3,0,0,0,0,0,1
40.0,57,70.73,4031.61,0,2021,11,1,0,1,0,1,0
45.0,19,50.99,968.81,0,2025,1,0,0,0,0,0,1
46.0,26,95.56,2484.56,0,2024,6,1,1,0,0,0,1
25.0,68,25.24,2060.0699999999997,0,2020,12,1,1,0,0,1,0
52.0,43,69.76,2060.0699999999997,0,2023,1,1,0,0,0,0,0
65.0,58,70.69,4100.02,0,2021,10,0,0,1,0,0,0
39.0,59,28.64,2060.0699999999997,0,2021,9,1,0,0,1,0,0
38.0,46,33.6,1545.6,0,2022,10,1,1,0,1,0,0
37.0,68,60.97,4145.96,0,2020,12,1,1,0,0,1,0
47.0,40,73.65,2946.0,0,2023,5,1,0,0,0,0,1
46.0,13,25.32,329.16,0,2025,7,0,0,0,0,0,1
21.0,9,21.18,190.62,0,2025,11,0,0,1,1,0,0
30.0,66,39.26,2591.16,0,2021,2,1,0,0,0,1,0
46.0,53,68.78,3645.34,0,2022,3,0,0,1,1,0,0
38.0,4,24.03,96.12,0,2026,5,1,1,0,0,0,0
26.0,14,93.32,1306.48,1,2025,6,0,0,0,0,1,0
58.0,8,35.19,281.52,0,2025,12,0,1,0,0,0,1
30.0,62,97.26,6030.12,0,2021,6,0,1,0,0,1,0
40.0,45,40.47,1821.15,0,2022,11,1,1,0,0,0,0
40.0,67,54.66,3662.22,0,2021,1,1,0,0,0,1,0
40.0,62,67.91,4210.42,0,2021,6,1,0,0,1,0,0
42.0,70,54.73,3831.1,0,2020,10,1,1,0,0,0,1
45.0,36,22.36,804.96,0,2023,8,1,0,0,0,0,1
34.0,1,110.86,110.86,1,2026,7,0,1,0,1,0,0
36.0,60,48.65,2919.0,0,2021,8,1,0,0,1,0,0
47.0,13,33.6,436.8,0,2025,7,0,1,0,1,0,0
16.0,12,33.25,399.0,0,2025,8,0,0,0,0,0,0
30.0,17,117.46,1996.82,0,2025,3,1,0,1,1,0,0
43.0,47,32.31,1518.5700000000002,0,2022,9,1,0,0,0,0,0
34.0,53,54.65,2896.45,0,2022,3,0,1,0,0,1,0
40.0,67,26.76,1792.92,0,2021,1,0,1,0,0,0,1
51.0,10,93.55,935.5,1,2025,10,0,1,0,0,1,0
32.0,46,79.68,3665.28,0,2022,10,1,1,0,1,0,0
64.0,4,73.36,2060.0699999999997,1,2026,5,1,0,0,0,0,0
19.0,57,105.58,6018.06,0,2021,11,0,1,0,0,0,0
40.0,38,77.33,2060.0699999999997,0,2023,7,1,1,0,0,1,0
51.0,12,115.55,2060.0699999999997,1,2025,8,1,0,0,1,0,0
28.0,31,82.28,2550.68,1,2024,1,1,1,0,0,0,1
28.0,2,55.43,110.86,1,2026,7,0,0,0,0,0,0
52.0,1,23.67,23.67,0,2026,7,0,0,0,0,0,0
34.0,25,92.53,2313.25,0,2024,7,0,1,0,1,0,0
51.0,5,57.36,286.8,0,2026,3,1,0,0,0,0,0
40.0,48,79.92,3836.16,0,2022,8,1,0,1,0,0,1
44.0,14,107.63,1506.82,0,2025,6,0,1,0,1,0,0
34.0,52,20.77,1080.04,0,2022,5,1,1,0,0,0,1
29.0,21,95.96,2015.16,0,2024,11,1,0,1,1,0,0
61.0,25,63.53,1588.25,0,2024,7,1,0,0,0,1,0
53.0,67,32.41,2171.47,0,2021,1,1,0,0,0,0,1
31.0,50,78.25,3912.5,0,2022,7,1,1,0,1,0,0
38.0,33,73.26,2060.0699999999997,0,2023,11,0,0,1,1,0,0
58.0,17,104.23,2060.0699999999997,0,2025,3,1,0,1,0,0,1
40.0,70,72.16,5051.2,0,2020,10,0,1,0,0,0,0
29.0,34,102.74,3493.16,1,2023,10,0,0,0,0,0,1
46.0,26,74.45,1935.7,1,2024,6,0,0,0,0,0,0
67.0,42,64.69,2716.98,0,2023,3,1,1,0,0,0,1
41.0,31,57.12,1770.72,0,2024,1,0,1,0,0,0,1
53.0,51,37.37,1905.87,0,2022,5,0,1,0,0,1,0
28.0,36,78.4,2822.4,0,2023,8,1,1,0,0,0,1
44.0,13,74.43,967.59,1,2025,7,1,1,0,0,1,0
36.0,13,117.57,2060.0699999999997,1,2025,7,1,1,0,1,0,0
62.0,32,61.24,1959.68,1,2023,12,1,0,0,0,0,0
59.0,5,62.15,310.75,1,2026,3,1,0,1,0,0,0
67.0,12,36.39,436.68,0,2025,8,0,0,1,0,1,0
32.0,59,79.76,2060.0699999999997,0,2021,9,1,0,0,0,0,0
40.0,41,104.79,4296.39,1,2023,3,0,0,1,0,0,0
45.0,37,44.79,1657.23,0,2023,7,1,0,1,0,0,1
32.0,68,20.91,1421.88,0,2020,12,1,0,0,0,1,0
42.0,48,89.15,4279.200000000001,0,2022,8,1,0,1,0,0,0
51.0,43,23.14,995.02,0,2023,1,1,0,0,1,0,0
33.0,41,60.93,2060.0699999999997,0,2023,3,0,1,0,0,1,0
32.0,56,81.27,2060.0699999999997,0,2021,12,0,0,0,0,0,1
31.0,69,58.6,4043.4,0,2020,11,1,1,0,1,0,0
24.0,11,46.06,2060.0699999999997,0,2025,9,1,0,0,0,0,0
50.0,9,99.93,899.3700000000001,1,2025,11,1,1,0,0,0,0
32.0,28,50.09,1402.52,0,2024,4,0,1,0,0,1,0
30.0,22,38.0,2060.0699999999997,0,2024,10,0,1,0,0,0,0
46.0,6,58.84,353.04,0,2026,3,0,0,1,0,1,0
40.0,26,33.17,862.4200000000001,0,2024,6,1,1,0,0,0,0
34.0,16,89.04,1424.64,0,2025,4,0,0,0,1,0,0
50.0,14,91.01,1274.14,1,2025,6,0,1,0,0,0,1
40.0,35,21.48,751.8000000000001,0,2023,9,0,1,0,1,0,0
14.0,42,89.49,3758.58,1,2023,3,0,0,1,0,0,1
56.0,53,49.9,2644.7,0,2022,3,1,0,0,0,1,0
30.0,22,85.62,1883.64,0,2024,10,0,0,0,0,0,1
40.0,53,90.65,4804.450000000001,0,2022,3,0,0,0,0,0,1
31.0,66,47.78,3153.48,0,2021,2,0,1,0,0,0,0
41.0,13,38.54,501.02,0,2025,7,0,0,1,0,1,0
37.0,11,102.64,1129.04,0,2025,9,0,1,0,0,0,1
52.0,12,93.92,1127.04,1,2025,8,0,0,0,1,0,0
60.0,53,103.71,5496.63,0,2022,3,1,0,0,0,0,1
40.0,9,63.57,572.13,0,2025,11,1,1,0,0,0,1
29.0,71,65.64,4660.44,0,2020,9,1,1,0,0,1,0
34.0,17,54.42,925.14,0,2025,3,0,0,0,0,0,1
45.0,61,69.91,4264.51,0,2021,7,0,0,0,0,1,0
39.0,10,84.66,2060.0699999999997,1,2025,10,1,1,0,0,0,1
34.0,38,101.45,3855.1,0,2023,7,1,1,0,0,0,1
24.0,39,38.32,1494.48,0,2023,5,0,0,0,1,0,0
13.0,30,60.54,1816.2,0,2024,2,0,0,0,0,1,0
28.0,34,66.12,2248.08,0,2023,10,1,0,1,0,0,1
55.0,33,68.8,2270.4,0,2023,11,0,1,0,0,0,0
45.0,32,74.2,2060.0699999999997,0,2023,12,0,0,0,0,0,0
38.0,12,100.17,1202.04,1,2025,8,1,0,0,1,0,0
49.0,65,108.63,7060.95,1,2021,3,0,1,0,1,0,0
25.0,10,35.92,359.20000000000005,0,2025,10,1,0,1,0,0,1
41.0,19,91.27,1734.13,1,2025,1,1,0,0,0,0,1
40.0,23,67.91,1561.9299999999998,1,2024,9,0,1,0,0,0,0
44.0,57,61.77,3520.8900000000003,1,2021,11,0,0,1,0,0,1
43.0,59,31.33,1848.47,0,2021,9,0,1,0,0,0,1
43.0,54,26.41,1426.14,0,2022,3,1,1,0,1,0,0
54.0,2,117.78,235.56,1,2026,7,1,0,1,0,0,0
40.0,48,84.24,4043.52,0,2022,8,0,0,0,0,1,0
25.0,6,65.24,2060.0699999999997,0,2026,3,1,0,0,0,0,0
54.0,43,96.18,4135.740000000001,0,2023,1,0,0,1,1,0,0
37.0,17,29.11,494.87,0,2025,3,0,1,0,0,0,0
16.0,36,80.74,2906.64,1,2023,8,0,0,1,0,1,0
39.0,24,86.06,2065.44,1,2024,8,0,0,0,0,0,1
48.0,61,65.21,3977.81,0,2021,7,1,0,1,0,0,0
28.0,29,45.26,1312.54,0,2024,3,1,0,1,1,0,0
56.0,58,115.46,6696.679999999999,0,2021,10,0,0,0,0,0,1
29.0,66,50.11,3307.26,0,2021,2,0,1,0,0,0,1
34.0,53,32.48,1721.4399999999998,0,2022,3,1,0,1,0,0,1
32.0,70,83.05,5813.5,0,2020,10,0,1,0,0,0,1
19.0,9,77.43,696.8700000000001,1,2025,11,0,0,0,1,0,0
28.0,42,95.48,4010.16,0,2023,3,1,0,0,1,0,0
31.0,39,95.38,3719.82,0,2023,5,0,0,1,0,0,1
38.0,69,82.02,5659.38,0,2020,11,0,1,0,0,0,1
40.0,40,40.75,1630.0,0,2023,5,1,0,1,0,0,0
49.0,59,108.71,6413.889999999999,0,2021,9,0,1,0,1,0,0
48.0,44,44.83,1972.52,0,2022,12,0,0,0,1,0,0
54.0,65,29.4,1911.0,0,2021,3,0,1,0,0,0,1
22.0,11,50.15,551.65,0,2025,9,1,0,1,1,0,0
36.0,5,68.32,341.6,0,2026,3,1,0,0,0,0,1
51.0,49,40.72,1995.28,0,2022,7,1,0,0,1,0,0
52.0,51,53.37,2721.87,0,2022,5,0,1,0,0,0,1
58.0,36,71.37,2569.32,0,2023,8,0,0,1,0,1,0
41.0,16,52.29,836.64,0,2025,4,0,1,0,0,1,0
39.0,7,28.93,202.51,0,2026,1,1,0,0,0,0,0
21.0,44,39.72,1747.6799999999998,0,2022,12,0,0,0,1,0,0
53.0,26,99.42,2584.92,1,2024,6,0,0,1,0,0,0
34.0,36,115.43,4155.4800000000005,1,2023,8,0,0,1,0,0,1
40.0,53,34.84,1846.52,0,2022,3,0,0,0,0,0,0
40.0,44,88.1,3876.4,0,2022,12,0,1,0,0,0,0
11.0,12,110.56,1326.72,1,2025,8,0,0,0,1,0,0
30.0,68,49.91,3393.88,0,2020,12,1,1,0,0,0,1
45.0,23,102.95,2367.85,0,2024,9,1,0,0,0,0,1
39.0,30,110.49,3314.7,0,2024,2,1,0,0,1,0,0
46.0,63,49.95,1200.5,0,2021,5,0,0,1,0,0,1
49.0,3,25.67,77.01,1,2026,5,0,0,0,0,1,0
30.0,34,111.68,3797.12,1,2023,10,0,0,1,1,0,0
34.0,49,53.05,2599.45,0,2022,7,1,1,0,1,0,0
38.0,44,21.37,940.28,0,2022,12,0,1,0,1,0,0
49.0,41,67.49,2767.09,0,2023,3,1,0,0,0,1,0
37.0,48,31.59,1516.32,0,2022,8,1,0,0,0,0,1
19.0,71,110.17,7822.07,0,2020,9,0,0,0,0,1,0
38.0,8,35.5,284.0,0,2025,12,1,1,0,0,1,0
49.0,7,50.44,353.08,1,2026,1,0,0,0,0,1,0
56.0,37,99.05,3664.85,0,2023,7,1,1,0,0,0,0
43.0,55,100.63,5534.65,1,2022,1,0,0,0,0,0,1
22.0,71,110.13,7819.23,0,2020,9,1,1,0,0,0,1
35.0,50,69.74,3486.9999999999995,1,2022,7,0,1,0,1,0,0
46.0,21,118.67,2492.07,0,2024,11,0,1,0,1,0,0
50.0,34,71.62,2435.08,0,2023,10,1,0,0,0,0,0
46.0,49,99.07,4854.429999999999,0,2022,7,0,1,0,0,1,0
37.0,27,56.19,1517.13,1,2024,5,0,0,0,1,0,0
50.0,8,114.13,913.04,1,2025,12,1,1,0,0,0,1
32.0,34,88.5,3009.0,0,2023,10,0,1,0,1,0,0
42.0,18,27.71,498.78,0,2025,3,1,1,0,0,1,0
49.0,51,30.85,1573.35,0,2022,5,0,0,0,0,0,0
47.0,12,109.08,1308.96,0,2025,8,0,0,0,0,1,0
47.0,51,100.96,5148.96,0,2022,5,0,1,0,1,0,0
47.0,63,53.01,3339.63,0,2021,5,1,1,0,0,0,0
27.0,40,72.16,2886.4,0,2023,5,0,1,0,0,0,0
40.0,22,105.27,2315.94,1,2024,10,0,0,0,0,1,0
29.0,8,30.34,242.72,0,2025,12,0,1,0,1,0,0
37.0,28,33.81,946.68,1,2024,4,1,0,0,0,1,0
26.0,50,91.55,4577.5,0,2022,7,0,0,0,1,0,0
44.0,47,28.22,1326.34,0,2022,9,1,1,0,1,0,0
16.0,56,55.26,3094.56,0,2021,12,0,1,0,0,0,1
47.0,32,45.18,1445.76,1,2023,12,0,0,0,0,0,0
40.0,11,96.03,1056.33,0,2025,9,1,0,0,1,0,0
63.0,21,20.24,425.04,0,2024,11,0,0,0,0,1,0
38.0,26,31.54,820.04,0,2024,6,0,0,0,0,1,0
38.0,14,29.9,418.6,0,2025,6,1,1,0,0,0,1
48.0,14,51.81,725.34,0,2025,6,1,0,1,0,0,1
38.0,3,43.25,129.75,0,2026,5,0,0,0,0,0,1
43.0,57,42.83,2060.0699999999997,0,2021,11,0,0,1,0,0,0
52.0,7,57.04,2060.0699999999997,1,2026,1,1,1,0,0,0,1
37.0,39,41.4,1614.6,0,2023,5,0,0,1,0,0,0
54.0,57,30.62,1745.34,0,2021,11,1,0,0,0,0,1
20.0,65,78.33,5091.45,0,2021,3,1,0,1,0,0,0
59.0,25,115.17,2879.25,1,2024,7,0,1,0,1,0,0
19.0,31,80.72,2502.32,0,2024,1,1,1,0,0,0,1
56.0,10,95.7,957.0,1,2025,10,0,1,0,0,0,0
18.0,9,117.22,1054.98,0,2025,11,1,0,1,1,0,0
64.0,8,35.32,282.56,0,2025,12,0,1,0,0,0,1
42.0,19,65.98,1253.62,0,2025,1,1,0,0,1,0,0
29.0,30,78.18,2345.4,1,2024,2,1,0,1,0,0,1
62.0,9,52.21,469.89,0,2025,11,0,1,0,0,0,1
27.0,47,81.31,3821.57,0,2022,9,0,0,0,0,0,0
37.0,46,82.38,3789.48,0,2022,10,1,0,1,0,1,0
71.0,1,104.22,104.22,1,2026,7,1,0,0,0,0,0
45.0,3,103.25,309.75,1,2026,5,1,0,0,0,1,0
16.0,34,34.25,1164.5,0,2023,10,0,0,1,0,0,1
37.0,25,36.89,922.25,0,2024,7,1,0,0,0,1,0
40.0,30,42.24,1267.2,0,2024,2,0,0,1,0,0,1
42.0,1,46.12,46.12,0,2026,7,0,0,1,0,0,0
39.0,18,76.45,1376.1,0,2025,3,1,1,0,0,0,1
47.0,33,52.75,1740.75,0,2023,11,0,1,0,0,1,0
22.0,9,115.3,1037.7,1,2025,11,1,0,1,1,0,0
33.0,7,31.83,222.81,0,2026,1,0,0,0,0,0,0
44.0,30,44.65,1339.5,0,2024,2,1,1,0,1,0,0
31.0,13,106.83,1388.79,0,2025,7,1,1,0,1,0,0
53.0,13,78.43,1019.59,1,2025,7,1,1,0,1,0,0
31.0,42,74.74,3139.08,0,2023,3,0,1,0,1,0,0
42.0,63,79.43,5004.09,0,2021,5,1,0,1,1,0,0
39.0,69,45.23,3120.87,0,2020,11,1,0,0,0,1,0
28.0,36,96.14,3461.04,0,2023,8,0,0,1,0,0,1
41.0,35,69.65,2437.75,0,2023,9,0,0,0,0,0,1
24.0,46,24.26,1115.96,0,2022,10,1,0,0,1,0,0
35.0,45,37.72,1697.4,0,2022,11,0,0,0,0,1,0
40.0,56,101.66,5692.96,0,2021,12,0,0,1,1,0,0
23.0,5,54.5,272.5,1,2026,3,1,1,0,1,0,0
47.0,44,97.34,4282.96,0,2022,12,0,1,0,0,0,0
43.0,28,86.34,2417.52,1,2024,4,0,0,0,0,1,0
46.0,42,50.15,2106.3,0,2023,3,1,1,0,1,0,0
40.0,31,32.7,1013.7,0,2024,1,0,0,1,0,0,1
26.0,7,100.69,2060.0699999999997,1,2026,1,1,0,0,0,0,0
40.0,7,84.31,590.1700000000001,0,2026,1,1,0,1,1,0,0
40.0,4,50.08,200.32,1,2026,5,1,0,1,1,0,0
26.0,32,72.33,2314.56,0,2023,12,1,0,0,1,0,0
27.0,28,81.19,2273.32,0,2024,4,1,1,0,0,1,0
37.0,56,20.21,1131.76,0,2021,12,1,0,0,1,0,0
36.0,4,87.05,348.2,0,2026,5,0,1,0,0,0,1
40.0,8,85.61,684.88,1,2025,12,0,0,0,0,0,0
36.0,14,28.26,395.64,0,2025,6,1,1,0,0,1,0
42.0,30,98.78,2963.4,1,2024,2,0,0,0,0,0,0
40.0,3,102.51,307.53000000000003,0,2026,5,0,0,0,0,0,1
46.0,2,49.02,98.04,0,2026,7,0,0,0,1,0,0
41.0,10,36.22,362.2,0,2025,10,0,1,0,0,1,0
27.0,70,88.65,6205.5,1,2020,10,0,1,0,1,0,0
31.0,71,32.34,2060.0699999999997,0,2020,9,1,0,0,0,1,0
50.0,16,105.8,1692.8,0,2025,4,0,0,0,1,0,0
34.0,70,68.01,4760.700000000001,0,2020,10,1,1,0,0,0,1
28.0,22,110.98,2441.56,0,2024,10,0,1,0,0,0,1
65.0,35,84.22,2947.7,0,2023,9,1,0,1,1,0,0
58.0,49,48.51,2376.99,0,2022,7,1,0,0,0,0,1
39.0,2,66.8,133.6,0,2026,7,0,1,0,1,0,0
27.0,66,72.93,4813.38,0,2021,2,0,1,0,0,1,0
49.0,19,101.52,1928.88,0,2025,1,0,1,0,0,0,1
34.0,69,106.19,2060.0699999999997,0,2020,11,1,1,0,0,1,0
51.0,4,88.3,353.2,1,2026,5,1,1,0,1,0,0
34.0,41,49.42,2026.22,0,2023,3,1,0,1,0,1,0
60.0,56,72.86,4080.16,0,2021,12,0,1,0,0,0,0
34.0,55,33.06,1818.3,0,2022,1,0,0,0,1,0,0
68.0,31,43.01,1333.31,1,2024,1,0,1,0,0,0,1
42.0,22,50.31,1106.8200000000002,0,2024,10,1,1,0,0,0,1
57.0,48,27.28,1309.44,0,2022,8,1,0,0,0,0,0
34.0,4,108.5,434.0,1,2026,5,1,0,0,1,0,0
24.0,21,32.26,2060.0699999999997,1,2024,11,0,0,1,1,0,0
12.0,41,89.68,2060.0699999999997,0,2023,3,1,0,0,1,0,0
55.0,45,70.57,3175.65,0,2022,11,0,1,0,1,0,0
41.0,8,103.18,825.44,1,2025,12,1,1,0,0,1,0
25.0,9,94.1,846.9,0,2025,11,0,0,1,1,0,0
40.0,18,95.97,1727.46,0,2025,3,0,1,0,0,1,0
54.0,31,61.83,1916.73,0,2024,1,0,0,0,0,1,0
57.0,35,103.4,3619.0,1,2023,9,0,0,0,0,0,1
24.0,30,29.47,884.0999999999999,0,2024,2,0,1,0,1,0,0
55.0,18,64.44,1159.92,1,2025,3,0,0,0,0,1,0
45.0,41,119.46,4897.86,1,2023,3,1,0,0,0,0,1
57.0,24,114.81,2755.44,1,2024,8,0,0,1,0,0,0
47.0,48,28.22,1354.56,0,2022,8,1,1,0,0,1,0
42.0,14,77.3,1082.2,0,2025,6,1,0,0,0,0,1
55.0,19,51.57,979.83,0,2025,1,1,0,0,1,0,0
50.0,60,92.85,5571.0,1,2021,8,0,1,0,0,0,1
53.0,22,93.58,2058.76,1,2024,10,1,0,0,0,1,0
34.0,30,20.01,600.3000000000001,0,2024,2,0,0,1,0,1,0
38.0,15,104.58,1568.7,1,2025,5,0,0,0,0,0,1
19.0,21,42.36,889.56,0,2024,11,1,1,0,1,0,0
33.0,26,116.59,3031.34,0,2024,6,1,0,0,0,1,0
49.0,12,110.54,1326.48,1,2025,8,0,1,0,0,0,0
47.0,7,39.07,2060.0699999999997,0,2026,1,0,0,0,0,0,1
28.0,35,83.63,2927.05,0,2023,9,1,0,0,0,1,0
55.0,68,49.64,3375.52,0,2020,12,1,0,0,1,0,0
40.0,2,30.3,60.6,0,2026,7,0,1,0,0,1,0
29.0,20,107.4,2060.0699999999997,1,2024,12,0,0,1,1,0,0
40.0,47,38.08,2060.0699999999997,0,2022,9,0,1,0,1,0,0
33.0,12,62.1,745.2,0,2025,8,1,1,0,0,1,0
40.0,53,112.42,5958.26,0,2022,3,1,1,0,0,0,0
43.0,17,27.54,468.18,0,2025,3,1,0,1,1,0,0
32.0,18,75.06,1351.08,0,2025,3,0,1,0,0,0,1
37.0,24,77.21,1853.04,1,2024,8,0,0,0,1,0,0
40.0,37,96.31,3563.4700000000003,1,2023,7,1,0,1,1,0,0
46.0,30,102.71,3081.3,0,2024,2,1,0,0,0,0,0
58.0,52,62.41,3245.32,0,2022,5,0,1,0,1,0,0
40.0,23,94.37,2170.51,0,2024,9,1,0,1,0,1,0
33.0,37,111.04,4108.4800000000005,0,2023,7,0,0,1,0,0,0
48.0,24,108.63,2607.12,1,2024,8,0,1,0,1,0,0
45.0,50,70.18,3509.0000000000005,0,2022,7,1,0,0,0,1,0
38.0,20,80.7,1614.0,0,2024,12,0,0,0,0,1,0
46.0,47,87.28,4102.16,0,2022,9,0,0,1,1,0,0
35.0,18,101.91,1834.38,1,2025,3,0,1,0,0,0,1
34.0,26,70.77,1840.02,0,2024,6,1,0,1,0,0,1
17.0,71,31.19,2214.49,0,2020,9,0,1,0,1,0,0
36.0,43,58.53,2516.79,0,2023,1,1,1,0,1,0,0
19.0,47,92.02,4324.94,0,2022,9,0,1,0,0,1,0
32.0,43,82.38,3542.34,0,2023,1,0,0,0,1,0,0
47.0,32,95.35,3051.2,0,2023,12,0,0,0,1,0,0
22.0,7,70.0,490.0,1,2026,1,1,1,0,0,1,0
38.0,32,37.44,1198.08,0,2023,12,0,1,0,1,0,0
41.0,65,31.52,2048.8,0,2021,3,0,1,0,1,0,0
37.0,58,68.13,3951.54,0,2021,10,1,1,0,0,0,1
34.0,53,40.57,2150.21,0,2022,3,1,0,1,0,1,0
44.0,34,118.23,4019.82,1,2023,10,1,0,1,1,0,0
46.0,69,39.88,2751.7200000000003,0,2020,11,1,0,1,0,0,1
40.0,56,76.68,4294.08,0,2021,12,1,1,0,1,0,0
35.0,66,20.18,1331.88,0,2021,2,1,1,0,0,0,1
50.0,32,45.36,1451.52,0,2023,12,0,0,1,1,0,0
24.0,50,45.91,2295.5,0,2022,7,1,1,0,0,1,0
48.0,24,93.8,1200.5,1,2024,8,0,1,0,0,0,1
45.0,46,69.56,3199.76,0,2022,10,0,1,0,1,0,0
42.0,3,21.21,63.63,0,2026,5,0,0,1,1,0,0
40.0,10,57.92,579.2,1,2025,10,1,1,0,1,0,0
17.0,6,84.48,506.88,0,2026,3,1,1,0,0,0,1
57.0,52,83.67,2060.0699999999997,0,2022,5,1,1,0,0,1,0
50.0,50,25.39,2060.0699999999997,0,2022,7,1,0,0,0,0,0
40.0,58,112.89,6547.62,0,2021,10,1,0,0,0,0,1
49.0,52,44.7,2324.4,0,2022,5,0,0,1,1,0,0
42.0,13,109.15,1418.95,1,2025,7,0,0,0,0,1,0
33.0,59,41.34,2060.0699999999997,0,2021,9,0,0,1,0,0,0
54.0,39,76.79,2994.8100000000004,0,2023,5,0,0,0,0,1,0
35.0,53,60.61,3212.33,0,2022,3,0,1,0,1,0,0
40.0,58,78.13,4531.54,0,2021,10,1,0,1,0,0,0
46.0,20,69.79,1395.8000000000002,0,2024,12,0,0,0,0,0,1
51.0,63,20.2,1272.6,0,2021,5,1,0,0,0,0,1
40.0,10,55.13,551.3000000000001,1,2025,10,0,1,0,0,1,0
46.0,26,21.12,549.12,0,2024,6,0,0,1,0,0,1
43.0,19,88.34,1678.46,0,2025,1,1,0,1,0,0,1
31.0,61,105.35,6426.349999999999,0,2021,7,1,0,0,0,0,0
41.0,34,58.47,1987.98,0,2023,10,0,0,1,0,0,1
51.0,44,72.48,3189.1200000000003,0,2022,12,1,1,0,0,0,0
49.0,18,26.58,478.44,0,2025,3,1,1,0,0,0,0
40.0,16,58.52,936.32,0,2025,4,1,0,0,0,0,0
15.0,26,33.89,2060.0699999999997,0,2024,6,1,0,0,0,0,1
40.0,65,26.47,1720.55,0,2021,3,0,0,1,0,1,0
36.0,66,37.2,2455.2000000000003,0,2021,2,1,1,0,0,1,0
27.0,27,107.08,2891.16,0,2024,5,1,0,1,0,0,1
51.0,4,118.22,472.88,1,2026,5,0,0,0,0,0,0
16.0,51,107.92,5503.92,0,2022,5,1,1,0,0,0,1
40.0,3,116.97,350.91,1,2026,5,0,0,0,1,0,0
56.0,66,93.08,6143.28,0,2021,2,1,1,0,0,1,0
37.0,16,35.97,575.52,0,2025,4,0,1,0,0,0,0
39.0,28,76.32,2136.96,0,2024,4,1,1,0,0,0,1
52.0,44,93.16,4099.04,0,2022,12,0,0,0,0,0,0
31.0,18,71.35,1284.3,0,2025,3,1,0,0,1,0,0
48.0,2,75.47,2060.0699999999997,0,2026,7,0,1,0,0,0,0
29.0,44,78.62,3459.28,0,2022,12,0,0,1,1,0,0
25.0,20,66.68,1333.6,1,2024,12,0,1,0,0,1,0
44.0,56,49.06,2747.36,0,2021,12,1,1,0,0,0,0
40.0,23,83.7,1925.1,1,2024,9,0,0,1,0,0,1
19.0,60,25.35,2060.0699999999997,0,2021,8,1,1,0,0,0,0
57.0,71,37.09,2633.3900000000003,0,2020,9,0,1,0,0,0,1
40.0,45,112.53,5063.85,0,2022,11,1,1,0,1,0,0
46.0,47,68.88,3237.36,0,2022,9,1,0,0,1,0,0
59.0,37,102.17,3780.29,0,2023,7,0,0,0,0,0,1
43.0,8,92.65,741.2,0,2025,12,1,0,0,0,1,0
55.0,5,52.07,260.35,0,2026,3,1,0,1,0,1,0
30.0,23,100.36,2308.28,0,2024,9,1,1,0,1,0,0
57.0,10,29.13,291.3,0,2025,10,1,1,0,0,0,1
30.0,27,107.5,2902.5,1,2024,5,1,0,0,0,0,0
33.0,1,88.06,88.06,1,2026,7,0,1,0,0,0,1
23.0,71,112.71,8002.41,0,2020,9,0,1,0,0,0,1
43.0,8,109.55,876.4,1,2025,12,1,0,0,0,0,1
48.0,11,58.03,2060.0699999999997,0,2025,9,1,1,0,0,1,0
49.0,28,105.68,2959.04,1,2024,4,1,1,0,0,0,0
23.0,34,76.3,2594.2,0,2023,10,1,0,0,0,0,1
44.0,43,35.71,2060.0699999999997,0,2023,1,1,0,0,0,1,0
45.0,28,102.96,2060.0699999999997,0,2024,4,0,1,0,0,1,0
47.0,49,110.79,5428.71,0,2022,7,0,1,0,1,0,0
31.0,61,28.45,1735.45,0,2021,7,0,1,0,0,0,0
10.0,37,113.06,2060.0699999999997,0,2023,7,0,1,0,0,0,1
48.0,3,80.13,240.39,0,2026,5,0,0,0,0,0,0
40.0,9,22.59,203.31,0,2025,11,0,1,0,1,0,0
43.0,2,74.18,148.36,1,2026,7,1,0,0,0,0,1
39.0,23,99.67,2292.41,0,2024,9,0,1,0,0,0,1
43.0,51,73.32,2060.0699999999997,0,2022,5,0,0,1,0,1,0
40.0,17,90.72,1542.24,1,2025,3,0,1,0,1,0,0
40.0,25,107.96,2699.0,1,2024,7,0,0,0,0,1,0
54.0,27,106.98,2888.46,1,2024,5,0,0,0,1,0,0
40.0,20,37.89,757.8,1,2024,12,0,1,0,0,0,0
60.0,36,62.71,2257.56,0,2023,8,1,0,0,0,0,1
34.0,28,31.12,871.36,0,2024,4,0,0,0,1,0,0
32.0,29,79.51,2305.79,0,2024,3,0,0,0,0,0,0
38.0,42,115.47,4849.74,1,2023,3,0,1,0,1,0,0
46.0,58,38.18,2214.44,0,2021,10,0,1,0,0,0,1
37.0,32,60.36,1931.52,0,2023,12,1,1,0,0,0,0
47.0,12,115.4,1384.8000000000002,1,2025,8,0,0,0,0,1,0
35.0,30,95.01,2850.3,0,2024,2,1,0,0,1,0,0
40.0,60,27.12,1627.2,0,2021,8,1,1,0,1,0,0
67.0,11,62.84,691.24,0,2025,9,0,1,0,0,0,0
44.0,11,118.79,1306.69,1,2025,9,0,0,0,0,0,1
45.0,50,65.32,3265.9999999999995,0,2022,7,1,0,0,1,0,0
22.0,1,82.94,82.94,1,2026,7,1,1,0,0,0,0
56.0,27,90.1,2432.7,0,2024,5,0,1,0,0,0,1
53.0,32,86.39,2764.48,0,2023,12,1,1,0,1,0,0
31.0,6,71.87,431.22,1,2026,3,0,1,0,0,0,0
53.0,41,33.28,2060.0699999999997,0,2023,3,0,1,0,0,0,1
44.0,36,90.84,3270.24,1,2023,8,1,0,1,1,0,0
41.0,39,113.33,4419.87,0,2023,5,0,1,0,0,0,1
55.0,30,114.17,3425.1,1,2024,2,1,1,0,0,0,1
34.0,57,79.34,4522.38,0,2021,11,1,1,0,0,0,1
31.0,11,69.22,761.42,0,2025,9,0,0,0,0,0,0
42.0,3,53.4,160.2,0,2026,5,0,1,0,1,0,0
46.0,48,30.36,1457.28,0,2022,8,1,0,0,1,0,0
52.0,6,108.31,649.86,0,2026,3,1,0,0,0,0,0
38.0,7,33.71,2060.0699999999997,0,2026,1,1,1,0,1,0,0
30.0,44,48.79,2060.0699999999997,0,2022,12,1,0,0,1,0,0
40.0,61,94.04,5736.4400000000005,0,2021,7,0,1,0,1,0,0
27.0,54,90.48,4885.92,0,2022,3,1,0,0,0,1,0
41.0,51,88.1,4493.099999999999,0,2022,5,0,1,0,0,0,1
49.0,48,94.17,4520.16,0,2022,8,1,0,0,0,1,0
54.0,61,74.2,2060.0699999999997,0,2021,7,1,0,0,0,1,0
33.0,40,35.5,1420.0,0,2023,5,1,0,0,0,0,1
18.0,3,119.84,359.52,0,2026,5,0,0,0,0,1,0
33.0,30,109.21,3276.3,0,2024,2,1,0,1,0,0,0
50.0,24,63.12,1514.88,1,2024,8,0,0,0,0,1,0
48.0,67,73.03,4893.01,0,2021,1,0,0,1,0,0,0
48.0,2,59.36,118.72,0,2026,7,1,0,0,0,0,1
40.0,44,83.8,3687.2,0,2022,12,0,0,1,1,0,0
56.0,40,93.11,3724.4,0,2023,5,0,1,0,0,0,1
31.0,19,43.16,820.04,0,2025,1,0,0,1,0,0,1
26.0,63,63.28,3986.64,0,2021,5,0,1,0,0,1,0
44.0,24,84.02,2016.48,1,2024,8,0,0,0,0,0,1
27.0,50,118.8,2060.0699999999997,0,2022,7,0,0,0,0,0,1
25.0,20,52.49,1049.8,1,2024,12,0,0,0,0,0,0
55.0,57,94.5,5386.5,0,2021,11,1,1,0,1,0,0
43.0,50,54.67,2733.5,0,2022,7,0,0,0,0,1,0
40.0,58,29.23,1695.34,0,2021,10,0,0,1,1,0,0
41.0,31,97.01,3007.31,0,2024,1,0,1,0,1,0,0
39.0,37,84.93,3142.4100000000003,0,2023,7,1,1,0,1,0,0
55.0,4,71.43,285.72,1,2026,5,0,1,0,0,1,0
22.0,58,87.5,5075.0,0,2021,10,1,1,0,0,0,1
21.0,10,107.93,1079.3000000000002,1,2025,10,1,1,0,1,0,0
29.0,63,95.65,6025.950000000001,0,2021,5,0,0,1,0,1,0
43.0,36,105.78,3808.08,0,2023,8,1,1,0,0,0,1
62.0,55,49.0,2695.0,0,2022,1,1,0,0,1,0,0
40.0,57,100.05,5702.849999999999,0,2021,11,0,0,1,0,0,0
47.0,43,56.0,2408.0,0,2023,1,0,1,0,0,1,0
39.0,65,22.07,1434.55,0,2021,3,1,1,0,1,0,0
24.0,12,24.32,291.84000000000003,0,2025,8,0,1,0,0,1,0
46.0,62,93.04,5768.4800000000005,0,2021,6,1,1,0,0,0,0
64.0,24,47.19,1132.56,0,2024,8,0,0,0,0,1,0
37.0,2,50.76,101.52,0,2026,7,1,0,1,0,0,1
33.0,47,82.26,3866.22,0,2022,9,1,0,0,1,0,0
37.0,56,94.15,5272.400000000001,0,2021,12,0,1,0,0,1,0
47.0,16,75.89,1214.24,0,2025,4,1,0,0,0,1,0
41.0,34,90.64,2060.0699999999997,0,2023,10,1,0,1,1,0,0
51.0,18,114.11,2053.98,0,2025,3,0,1,0,0,0,0
40.0,29,105.42,3057.18,0,2024,3,0,1,0,0,0,0
37.0,54,44.08,2380.32,0,2022,3,0,0,0,0,0,1
43.0,51,110.68,5644.68,0,2022,5,0,0,0,1,0,0
34.0,14,49.73,2060.0699999999997,0,2025,6,1,1,0,0,0,1
61.0,58,86.06,4991.4800000000005,0,2021,10,0,1,0,0,1,0
50.0,35,107.47,3761.45,1,2023,9,0,0,0,0,1,0
27.0,9,82.34,741.0600000000001,0,2025,11,0,0,1,0,0,0
31.0,37,100.62,3722.94,0,2023,7,0,0,0,0,0,1
40.0,12,112.73,1352.76,1,2025,8,0,1,0,0,1,0
42.0,11,116.69,2060.0699999999997,0,2025,9,0,1,0,0,0,1
44.0,27,61.06,1648.62,0,2024,5,0,1,0,1,0,0
38.0,43,119.28,5129.04,0,2023,1,0,1,0,0,1,0
45.0,50,47.17,2358.5,0,2022,7,0,0,0,1,0,0
38.0,20,66.22,1324.4,0,2024,12,0,0,1,0,0,0
47.0,13,96.07,1248.91,0,2025,7,0,1,0,0,0,0
49.0,47,117.02,5499.94,0,2022,9,1,0,0,0,0,1
59.0,8,25.29,202.32,0,2025,12,1,1,0,0,0,0
34.0,69,114.56,7904.64,0,2020,11,1,1,0,1,0,0
40.0,71,119.87,8510.77,0,2020,9,0,0,1,1,0,0
25.0,64,110.96,7101.44,0,2021,4,1,0,1,1,0,0
62.0,44,30.84,1356.96,0,2022,12,0,0,0,0,0,0
16.0,12,104.07,1248.84,1,2025,8,0,0,0,0,0,0
60.0,4,83.98,335.92,1,2026,5,0,0,0,0,0,0
41.0,40,20.95,838.0,0,2023,5,0,0,0,1,0,0
45.0,19,118.44,2250.36,0,2025,1,1,0,0,0,0,1
38.0,54,35.05,1892.7,0,2022,3,0,1,0,0,0,1
40.0,1,59.68,59.68,1,2026,7,0,0,0,0,0,1
47.0,13,23.03,299.39,1,2025,7,0,0,0,0,0,0
20.0,50,50.95,2547.5,0,2022,7,0,0,0,0,1,0
40.0,53,76.83,4071.99,0,2022,3,0,0,0,0,1,0
30.0,42,113.09,4749.78,1,2023,3,1,1,0,0,1,0
45.0,25,119.04,2976.0,1,2024,7,1,1,0,0,0,1
40.0,44,62.34,2742.96,0,2022,12,0,1,0,0,0,0
47.0,61,62.82,3832.02,0,2021,7,0,0,0,1,0,0
42.0,21,36.03,2060.0699999999997,0,2024,11,0,1,0,0,0,1
53.0,51,69.84,3561.84,1,2022,5,1,0,1,0,0,0
31.0,52,114.01,2060.0699999999997,1,2022,5,0,1,0,0,1,0
40.0,63,36.54,2302.02,0,2021,5,0,1,0,0,0,1
53.0,54,46.65,2519.1,0,2022,3,0,1,0,0,0,0
51.0,10,109.13,1091.3,0,2025,10,0,0,0,1,0,0
22.0,59,82.64,4875.76,0,2021,9,1,1,0,0,0,1
28.0,8,53.05,424.4,0,2025,12,1,1,0,1,0,0
39.0,51,101.27,5164.77,0,2022,5,1,0,0,0,0,1
37.0,5,30.9,2060.0699999999997,0,2026,3,1,0,0,0,1,0
39.0,42,105.84,4445.28,1,2023,3,1,1,0,0,1,0
50.0,12,71.8,861.5999999999999,1,2025,8,1,0,1,0,1,0
43.0,24,95.69,2296.56,0,2024,8,0,1,0,1,0,0
44.0,45,71.84,3232.8,0,2022,11,0,0,1,0,1,0
48.0,53,44.63,2365.3900000000003,0,2022,3,0,0,1,1,0,0
53.0,53,84.08,4456.24,0,2022,3,1,0,1,1,0,0
40.0,17,35.48,2060.0699999999997,0,2025,3,0,0,0,1,0,0
35.0,65,42.99,2060.0699999999997,0,2021,3,0,0,0,0,1,0
29.0,58,74.93,4345.9400000000005,0,2021,10,0,0,0,0,0,0
40.0,37,59.0,2183.0,0,2023,7,0,1,0,1,0,0
34.0,42,94.52,3969.84,0,2023,3,0,0,0,0,0,0
41.0,70,78.36,5485.2,0,2020,10,0,1,0,1,0,0
50.0,40,58.13,2060.0699999999997,0,2023,5,1,1,0,0,1,0
33.0,23,52.67,1211.41,1,2024,9,0,0,0,0,1,0
44.0,23,111.32,2560.36,0,2024,9,1,1,0,0,1,0
59.0,49,24.01,1176.49,0,2022,7,1,0,1,0,0,1
50.0,7,89.1,623.6999999999999,1,2026,1,1,1,0,0,1,0
21.0,37,59.19,2190.03,0,2023,7,1,1,0,0,0,1
36.0,16,57.74,923.84,0,2025,4,0,1,0,1,0,0
44.0,38,85.19,3237.22,0,2023,7,0,0,0,0,0,0
47.0,40,105.05,4202.0,0,2023,5,1,1,0,0,0,1
37.0,29,92.44,2680.76,0,2024,3,0,1,0,0,0,0
32.0,17,87.01,1479.17,1,2025,3,0,0,1,1,0,0
41.0,20,69.62,1392.4,1,2024,12,1,0,1,1,0,0
27.0,25,66.92,1673.0,0,2024,7,0,0,0,0,1,0
53.0,60,66.07,3964.2,0,2021,8,0,0,0,0,0,1
62.0,38,34.54,1312.52,0,2023,7,1,1,0,0,0,1
45.0,63,75.95,4784.85,0,2021,5,1,0,1,0,0,0
37.0,39,51.55,2010.45,0,2023,5,1,0,1,0,1,0
51.0,64,81.82,5236.48,0,2021,4,0,0,0,0,1,0
49.0,21,73.43,1542.0300000000002,0,2024,11,1,0,1,0,1,0
37.0,32,113.99,3647.68,0,2023,12,1,1,0,1,0,0
39.0,28,63.49,1777.72,0,2024,4,1,0,0,0,0,1
33.0,12,86.44,1037.28,1,2025,8,0,1,0,0,0,0
42.0,23,79.28,1823.44,1,2024,9,0,0,0,0,0,1
44.0,15,88.44,1326.6,1,2025,5,0,1,0,0,0,0
31.0,12,46.7,560.4000000000001,0,2025,8,0,1,0,0,1,0
27.0,4,45.72,182.88,0,2026,5,1,1,0,0,0,1
24.0,35,75.97,2060.0699999999997,0,2023,9,0,0,0,0,0,1
45.0,61,104.91,6399.51,0,2021,7,1,1,0,1,0,0
40.0,27,92.0,2484.0,0,2024,5,0,1,0,1,0,0
39.0,33,68.89,2273.37,0,2023,11,1,1,0,1,0,0
46.0,13,45.51,591.63,0,2025,7,1,0,0,0,0,0
29.0,37,95.93,3549.4100000000003,0,2023,7,0,0,0,0,0,0
27.0,44,112.62,4955.280000000001,0,2022,12,1,1,0,0,0,1
43.0,2,41.3,82.6,1,2026,7,1,0,1,1,0,0
19.0,38,99.91,3796.58,1,2023,7,0,1,0,0,0,0
37.0,37,37.24,1377.88,0,2023,7,0,0,0,1,0,0
70.0,59,110.08,6494.72,0,2021,9,0,0,0,1,0,0
24.0,69,84.2,5809.8,0,2020,11,1,1,0,0,0,1
35.0,18,38.1,685.8000000000001,0,2025,3,1,0,0,0,0,1
15.0,48,23.63,1134.24,0,2022,8,0,1,0,0,0,1
37.0,66,89.46,5904.36,0,2021,2,1,0,0,0,0,1
40.0,49,80.61,3949.89,0,2022,7,0,0,0,0,0,1
46.0,58,81.13,4705.54,1,2021,10,1,0,1,0,0,1
33.0,35,68.23,2388.05,0,2023,9,1,1,0,1,0,0
66.0,58,81.44,4723.52,0,2021,10,1,1,0,1,0,0
19.0,7,107.32,751.24,1,2026,1,0,0,1,0,0,0
45.0,9,115.2,1036.8,1,2025,11,0,1,0,0,0,0
41.0,69,54.45,3757.05,0,2020,11,1,0,1,0,0,0
37.0,4,68.79,275.16,0,2026,5,1,0,0,1,0,0
40.0,32,47.3,1513.6,1,2023,12,0,1,0,0,0,1
26.0,5,61.16,305.79999999999995,0,2026,3,1,1,0,0,0,0
44.0,56,99.59,5577.04,0,2021,12,0,0,0,0,0,0
42.0,56,62.5,3500.0,0,2021,12,1,0,0,0,0,1
30.0,44,59.16,2603.04,0,2022,12,1,0,0,0,0,1
63.0,13,105.01,1365.13,0,2025,7,1,0,0,0,0,0
38.0,4,20.13,80.52,0,2026,5,1,0,0,1,0,0
38.0,52,105.22,5471.44,0,2022,5,0,1,0,1,0,0
28.0,15,38.14,572.1,0,2025,5,1,0,0,0,0,0
38.0,1,47.45,47.45,1,2026,7,0,0,1,0,0,1
68.0,65,56.16,3650.4,0,2021,3,0,1,0,1,0,0
37.0,11,108.07,1188.77,0,2025,9,0,0,0,0,0,1
46.0,61,110.87,6763.070000000001,1,2021,7,0,1,0,0,1,0
51.0,63,86.12,5425.56,0,2021,5,0,1,0,0,0,1
38.0,38,63.94,2429.72,0,2023,7,1,0,0,0,0,1
35.0,69,71.61,4941.09,0,2020,11,0,0,1,0,1,0
46.0,45,78.04,3511.8,0,2022,11,1,0,0,1,0,0
37.0,70,115.4,8078.0,1,2020,10,0,1,0,1,0,0
36.0,68,116.92,7950.56,0,2020,12,0,0,1,1,0,0
51.0,4,104.73,418.92,1,2026,5,0,1,0,0,0,0
39.0,71,78.37,5564.27,0,2020,9,0,0,0,0,1,0
55.0,48,59.07,2060.0699999999997,0,2022,8,1,1,0,0,0,1
39.0,9,43.03,387.27,0,2025,11,0,0,0,0,1,0
24.0,47,73.45,3452.15,0,2022,9,1,0,0,0,1,0
40.0,60,54.56,3273.6000000000004,0,2021,8,0,0,1,0,1,0
18.0,52,27.27,1418.04,0,2022,5,1,1,0,0,1,0
20.0,33,67.62,2060.0699999999997,0,2023,11,1,1,0,0,1,0
43.0,58,77.11,4472.38,0,2021,10,1,1,0,0,1,0
28.0,48,81.13,3894.24,0,2022,8,1,1,0,0,0,0
16.0,5,27.38,136.9,1,2026,3,0,0,1,0,1,0
38.0,27,68.31,1844.37,0,2024,5,0,0,0,0,1,0
27.0,41,85.59,3509.19,0,2023,3,1,1,0,1,0,0
46.0,1,116.11,116.11,0,2026,7,0,1,0,0,1,0
45.0,51,22.5,1147.5,0,2022,5,1,0,0,0,1,0
47.0,16,87.63,1402.08,0,2025,4,0,0,0,1,0,0
9.0,32,26.23,839.36,0,2023,12,1,1,0,1,0,0
41.0,47,35.88,1686.36,0,2022,9,0,1,0,1,0,0
39.0,23,37.33,858.5899999999999,1,2024,9,0,0,0,0,0,1
25.0,15,52.89,793.35,0,2025,5,0,0,0,0,1,0
14.0,26,103.13,2681.38,0,2024,6,1,0,0,0,1,0
39.0,37,105.62,3907.94,1,2023,7,1,1,0,0,1,0
53.0,55,57.5,3162.5,0,2022,1,1,0,1,1,0,0
9.0,2,63.13,126.26,0,2026,7,0,0,1,0,0,0
30.0,19,41.7,792.3000000000001,1,2025,1,1,1,0,0,1,0
42.0,32,63.25,2024.0,0,2023,12,0,0,1,1,0,0
53.0,69,47.48,3276.12,0,2020,11,1,1,0,0,0,1
36.0,55,37.49,2061.9500000000003,0,2022,1,1,0,1,1,0,0
63.0,56,35.85,2007.6,0,2021,12,0,0,0,0,0,1
18.0,29,97.56,2829.24,1,2024,3,1,0,0,1,0,0
16.0,36,31.69,1140.84,0,2023,8,0,0,0,0,0,0
52.0,71,81.6,5793.599999999999,0,2020,9,0,1,0,0,0,1
12.0,53,36.75,1947.75,0,2022,3,0,1,0,0,0,1
46.0,39,103.78,4047.42,0,2023,5,1,0,0,0,0,0
40.0,11,47.45,521.95,0,2025,9,0,0,1,0,0,0
29.0,30,24.49,734.6999999999999,0,2024,2,1,0,0,0,1,0
35.0,53,65.21,3456.13,0,2022,3,1,1,0,1,0,0
25.0,8,119.98,959.84,1,2025,12,1,1,0,1,0,0
36.0,20,101.31,2026.2,0,2024,12,0,1,0,0,1,0
40.0,12,77.03,924.36,0,2025,8,1,0,0,0,0,1
35.0,67,38.94,2608.98,0,2021,1,1,1,0,1,0,0
40.0,50,31.75,1587.5,0,2022,7,1,1,0,0,1,0
43.0,12,103.86,1246.32,1,2025,8,1,0,1,0,1,0
60.0,54,98.77,5333.58,0,2022,3,1,0,0,0,0,0
37.0,54,66.22,3575.88,0,2022,3,1,0,1,0,0,0
50.0,19,62.14,1180.66,0,2025,1,0,1,0,0,0,1
28.0,14,94.87,2060.0699999999997,0,2025,6,0,1,0,1,0,0
24.0,52,73.6,3827.2,0,2022,5,0,0,1,0,0,1
45.0,22,60.42,1329.24,0,2024,10,0,0,0,0,0,0
37.0,4,45.17,180.68,1,2026,5,0,1,0,0,0,1
54.0,59,32.26,1903.34,0,2021,9,0,1,0,0,0,1
56.0,34,79.48,2702.32,0,2023,10,0,0,0,0,1,0
50.0,64,102.6,6566.4,0,2021,4,0,0,0,0,1,0
50.0,18,94.62,1703.16,1,2025,3,1,1,0,1,0,0
40.0,31,89.63,2778.53,0,2024,1,0,1,0,0,0,0
45.0,42,112.89,4741.38,0,2023,3,1,0,1,0,0,0
50.0,3,59.45,178.35000000000002,0,2026,5,0,0,0,0,0,1
25.0,55,33.72,2060.0699999999997,0,2022,1,0,1,0,0,0,1
40.0,10,30.19,301.90000000000003,0,2025,10,1,1,0,1,0,0
27.0,71,115.5,8200.5,1,2020,9,1,0,0,0,1,0
52.0,22,78.9,1735.8000000000002,1,2024,10,0,1,0,0,0,0
29.0,23,101.08,2324.84,0,2024,9,0,1,0,0,0,0
30.0,13,73.56,956.28,1,2025,7,1,0,1,0,0,0
34.0,40,59.85,2394.0,0,2023,5,1,0,0,0,0,0
67.0,13,40.03,520.39,0,2025,7,1,0,0,0,1,0
52.0,51,105.64,5387.64,0,2022,5,1,0,1,0,0,1
59.0,64,26.35,1686.4,0,2021,4,0,0,0,0,0,1
18.0,13,110.02,1430.26,1,2025,7,1,1,0,0,1,0
25.0,29,40.5,1174.5,0,2024,3,0,0,1,1,0,0
56.0,71,20.95,1487.45,0,2020,9,1,0,0,1,0,0
40.0,47,30.39,1428.33,0,2022,9,0,0,0,0,0,1
32.0,26,108.35,2817.1,0,2024,6,0,0,0,0,1,0
65.0,70,27.37,1915.9,1,2020,10,0,1,0,1,0,0
28.0,23,55.52,1276.96,0,2024,9,1,0,0,0,0,1
18.0,56,45.03,2521.6800000000003,0,2021,12,0,0,1,0,1,0
41.0,19,23.69,450.11,0,2025,1,0,1,0,0,1,0
19.0,50,73.15,3657.500000000001,0,2022,7,1,0,0,0,0,0
55.0,35,119.83,4194.05,1,2023,9,1,0,0,0,0,1
29.0,49,105.3,5159.7,0,2022,7,0,0,0,0,0,1
27.0,46,36.89,1696.94,0,2022,10,1,0,0,0,0,1
40.0,70,108.43,7590.1,0,2020,10,0,1,0,0,1,0
35.0,53,65.18,3454.5400000000004,0,2022,3,0,1,0,0,0,0
43.0,31,47.33,1467.23,0,2024,1,1,1,0,0,1,0
46.0,22,84.03,1848.66,0,2024,10,1,1,0,1,0,0
37.0,67,41.67,2791.8900000000003,0,2021,1,0,0,0,1,0,0
26.0,8,107.97,863.76,1,2025,12,0,0,0,1,0,0
49.0,19,82.42,1565.98,1,2025,1,1,1,0,0,0,0
40.0,31,33.6,1041.6,0,2024,1,1,1,0,0,1,0
30.0,32,77.06,2465.92,0,2023,12,1,0,1,0,0,1
42.0,55,71.04,3907.2,1,2022,1,0,0,0,1,0,0
17.0,31,67.15,2081.65,1,2024,1,1,0,0,1,0,0
45.0,67,56.5,2060.0699999999997,0,2021,1,0,1,0,0,1,0
42.0,51,67.42,3438.42,0,2022,5,1,0,0,0,0,1
53.0,27,78.6,2122.2,0,2024,5,0,1,0,0,0,0
34.0,48,93.36,4481.28,0,2022,8,0,0,0,1,0,0
56.0,43,111.79,4806.97,0,2023,1,1,0,1,1,0,0
46.0,51,24.44,1246.44,0,2022,5,0,0,1,1,0,0
40.0,69,76.93,5308.17,1,2020,11,0,0,0,0,0,1
62.0,71,95.2,6759.2,0,2020,9,0,0,0,1,0,0
41.0,50,31.56,1578.0,0,2022,7,1,1,0,0,0,1
34.0,61,111.15,6780.150000000001,0,2021,7,0,1,0,1,0,0
41.0,41,44.5,1824.5,0,2023,3,1,1,0,1,0,0
34.0,51,103.33,5269.83,1,2022,5,1,1,0,0,0,1
44.0,24,86.2,2068.8,0,2024,8,1,0,1,0,0,1
56.0,30,75.95,2278.5,0,2024,2,1,0,0,0,0,0
40.0,52,106.92,2060.0699999999997,0,2022,5,0,0,1,0,1,0
41.0,50,116.92,5846.0,0,2022,7,0,1,0,1,0,0
50.0,57,119.71,6823.469999999999,0,2021,11,1,0,0,1,0,0
54.0,62,88.33,5476.46,0,2021,6,0,1,0,0,1,0
35.0,53,53.91,2857.23,0,2022,3,1,0,0,0,1,0
42.0,68,107.47,7307.96,0,2020,12,1,0,0,0,1,0
50.0,69,85.43,5894.67,0,2020,11,1,0,0,1,0,0
44.0,31,52.33,1622.23,0,2024,1,1,0,0,1,0,0
18.0,30,113.24,3397.2,0,2024,2,0,1,0,1,0,0
52.0,10,94.77,947.7,1,2025,10,0,1,0,0,0,1
46.0,44,65.28,2872.32,0,2022,12,0,0,0,0,0,0
47.0,6,65.45,392.7000000000001,0,2026,3,0,0,1,0,0,0
26.0,27,119.59,3228.9300000000003,0,2024,5,0,0,1,0,1,0
42.0,20,57.37,2060.0699999999997,0,2024,12,0,0,0,0,1,0
50.0,20,29.41,588.2,0,2024,12,0,1,0,1,0,0
29.0,12,73.86,886.3199999999999,0,2025,8,1,1,0,0,0,0
40.0,49,108.49,5316.009999999999,0,2022,7,1,0,0,0,0,0
50.0,52,78.45,4079.4,0,2022,5,0,0,1,0,0,1
32.0,10,99.31,993.1,1,2025,10,0,0,0,1,0,0
37.0,5,25.49,127.45,0,2026,3,1,0,0,1,0,0
28.0,64,87.34,5589.76,0,2021,4,0,0,0,0,0,0
62.0,58,27.92,1619.36,0,2021,10,1,1,0,0,0,0
46.0,8,75.64,605.12,1,2025,12,0,0,0,0,0,1
37.0,30,69.78,2060.0699999999997,0,2024,2,0,1,0,0,0,1
35.0,17,114.56,2060.0699999999997,1,2025,3,1,0,0,0,0,1
25.0,67,33.25,2227.75,0,2021,1,1,1,0,0,0,1
39.0,21,20.95,439.95,0,2024,11,0,0,1,0,0,0
48.0,16,33.74,539.84,0,2025,4,0,0,0,1,0,0
30.0,27,37.07,1000.89,0,2024,5,1,0,0,0,0,0
41.0,6,45.09,270.54,0,2026,3,0,0,1,1,0,0
40.0,42,101.51,4263.42,1,2023,3,0,1,0,1,0,0
57.0,16,57.69,923.04,0,2025,4,1,1,0,0,0,0
32.0,45,104.08,4683.6,0,2022,11,0,0,1,0,0,1
49.0,3,47.19,141.57,0,2026,5,0,1,0,1,0,0
57.0,40,106.05,4242.0,1,2023,5,1,0,0,0,0,1
35.0,20,20.81,416.2,0,2024,12,1,1,0,0,0,0
33.0,7,113.45,794.15,1,2026,1,0,1,0,0,0,0
51.0,59,94.6,5581.4,0,2021,9,0,0,0,0,0,1
19.0,11,61.27,673.97,0,2025,9,0,1,0,1,0,0
45.0,52,77.73,4041.96,0,2022,5,0,0,0,0,1,0
21.0,3,113.3,339.9,0,2026,5,1,1,0,0,1,0
55.0,21,78.26,1643.46,1,2024,11,0,1,0,0,0,0
37.0,53,42.86,2271.58,0,2022,3,1,0,0,0,0,1
39.0,30,77.29,2318.7000000000003,1,2024,2,0,0,0,1,0,0
31.0,11,107.14,1178.54,0,2025,9,1,1,0,0,0,1
21.0,25,118.74,2968.5,0,2024,7,0,1,0,1,0,0
55.0,50,78.41,3920.5,0,2022,7,0,0,0,0,0,1
38.0,9,35.56,320.04,0,2025,11,1,1,0,0,0,0
40.0,45,97.18,4373.1,0,2022,11,1,1,0,0,1,0
30.0,29,119.69,3471.01,0,2024,3,1,0,0,0,0,1
32.0,62,67.36,4176.32,0,2021,6,1,0,0,0,0,0
29.0,15,58.37,875.55,0,2025,5,1,1,0,0,0,1
38.0,19,75.25,1429.75,0,2025,1,0,0,0,0,0,0
59.0,15,36.48,547.1999999999999,0,2025,5,0,0,1,1,0,0
52.0,39,117.13,4568.07,0,2023,5,1,0,0,1,0,0
22.0,35,103.83,3634.05,0,2023,9,0,1,0,0,1,0
54.0,13,31.3,406.9,1,2025,7,1,0,0,0,0,0
48.0,16,114.51,1832.16,1,2025,4,0,0,1,0,1,0
46.0,67,114.28,7656.76,0,2021,1,0,0,1,0,1,0
32.0,55,51.64,2840.2,0,2022,1,1,0,0,0,0,1
33.0,65,81.91,5324.15,0,2021,3,0,1,0,0,0,0
42.0,35,31.08,1087.8,0,2023,9,0,0,0,1,0,0
33.0,16,28.42,454.72,0,2025,4,1,0,0,0,1,0
56.0,1,70.18,70.18,1,2026,7,1,0,0,1,0,0
33.0,50,24.97,1248.5,0,2022,7,1,1,0,0,0,1
17.0,14,107.49,2060.0699999999997,1,2025,6,0,0,0,0,0,1
24.0,62,112.81,6994.22,0,2021,6,0,0,0,0,1,0
25.0,7,26.73,187.11,1,2026,1,1,0,0,0,1,0
37.0,23,24.73,568.79,0,2024,9,1,0,0,0,0,0
43.0,63,42.14,2654.82,0,2021,5,0,0,1,0,0,0
41.0,29,113.0,3277.0,0,2024,3,1,1,0,0,1,0
46.0,22,96.9,2131.8,0,2024,10,1,1,0,0,1,0
37.0,6,87.65,525.9000000000001,0,2026,3,1,1,0,0,0,1
40.0,29,97.63,2831.27,0,2024,3,0,1,0,1,0,0
61.0,2,39.95,79.9,0,2026,7,1,0,1,0,0,1
54.0,64,45.66,2060.0699999999997,0,2021,4,0,1,0,0,0,1
45.0,36,51.76,1863.36,0,2023,8,1,1,0,1,0,0
51.0,20,80.51,1610.2,0,2024,12,1,0,1,0,1,0
17.0,55,80.82,4445.099999999999,0,2022,1,1,0,0,0,1,0
30.0,37,40.86,1511.82,0,2023,7,0,0,0,0,0,1
40.0,52,63.67,3310.84,0,2022,5,0,0,0,0,0,1
30.0,69,89.0,6141.0,0,2020,11,1,1,0,1,0,0
21.0,70,50.96,3567.2000000000003,0,2020,10,1,0,0,0,0,1
45.0,22,27.55,606.1,0,2024,10,1,0,1,0,0,0
57.0,15,39.74,596.1,0,2025,5,0,1,0,0,1,0
40.0,47,36.47,1714.09,0,2022,9,1,0,0,0,0,0
48.0,71,83.19,5906.49,0,2020,9,1,1,0,0,1,0
39.0,69,26.85,1852.65,0,2020,11,0,0,0,0,1,0
35.0,52,108.47,5640.44,0,2022,5,0,1,0,0,1,0
51.0,39,28.44,2060.0699999999997,0,2023,5,1,1,0,1,0,0
23.0,2,79.79,159.58,1,2026,7,0,1,0,0,0,1
18.0,45,112.95,5082.75,0,2022,11,0,1,0,0,0,0
40.0,24,26.24,629.76,0,2024,8,0,1,0,1,0,0
40.0,61,58.31,3556.9100000000003,0,2021,7,0,0,1,0,0,0
41.0,65,52.79,3431.35,0,2021,3,1,0,0,1,0,0
45.0,53,54.42,2884.26,0,2022,3,0,1,0,0,0,0
60.0,21,80.03,1680.63,0,2024,11,1,0,1,0,0,0
26.0,67,46.21,3096.07,0,2021,1,1,0,1,0,0,1
54.0,1,22.73,22.73,0,2026,7,1,1,0,0,0,1
35.0,59,116.23,6857.570000000001,0,2021,9,1,1,0,0,0,1
40.0,47,94.88,2060.0699999999997,0,2022,9,1,0,0,0,0,0
41.0,18,33.51,603.18,0,2025,3,0,0,0,0,0,1
43.0,33,65.52,2060.0699999999997,0,2023,11,1,0,0,0,0,0
40.0,15,26.27,394.05,0,2025,5,1,0,0,1,0,0
47.0,24,22.79,546.96,0,2024,8,1,1,0,0,0,0
41.0,36,24.75,891.0,1,2023,8,0,0,1,0,0,1
38.0,60,95.58,5734.8,0,2021,8,1,0,0,0,0,1
35.0,34,64.49,2060.0699999999997,0,2023,10,0,0,0,0,0,1
43.0,51,104.44,5326.44,0,2022,5,1,0,1,0,0,1
24.0,40,50.52,2060.0699999999997,0,2023,5,0,1,0,0,1,0
27.0,22,97.53,2145.66,1,2024,10,1,1,0,0,0,1
36.0,16,27.79,444.64,0,2025,4,1,0,0,0,0,0
47.0,42,83.51,3507.42,0,2023,3,0,0,1,0,0,0
66.0,16,56.06,896.96,0,2025,4,1,1,0,0,0,0
38.0,5,47.67,238.35,0,2026,3,0,1,0,0,0,0
19.0,6,101.51,609.0600000000001,1,2026,3,0,0,0,0,1,0
31.0,42,25.19,1057.98,0,2023,3,0,0,0,0,1,0
48.0,30,114.95,3448.5,1,2024,2,0,0,0,0,1,0
28.0,32,98.55,3153.6,0,2023,12,1,0,0,0,0,0
24.0,53,55.56,2060.0699999999997,0,2022,3,0,0,0,1,0,0
48.0,19,119.13,2060.0699999999997,1,2025,1,0,0,0,1,0,0
46.0,51,40.25,2052.75,0,2022,5,0,0,1,0,0,0
22.0,28,60.24,1686.72,0,2024,4,0,0,0,0,0,1
29.0,47,108.49,2060.0699999999997,0,2022,9,1,1,0,0,0,1
55.0,1,119.68,119.68,1,2026,7,0,0,0,0,0,0
50.0,68,43.91,2985.88,0,2020,12,0,0,0,0,0,1
26.0,57,94.31,5375.67,0,2021,11,1,0,0,0,0,1
16.0,22,50.57,1112.54,0,2024,10,0,0,0,0,0,1
43.0,58,96.65,5605.700000000001,1,2021,10,1,0,0,0,0,0
36.0,13,32.53,422.89,0,2025,7,1,1,0,0,1,0
42.0,39,53.62,2091.18,0,2023,5,1,1,0,1,0,0
48.0,27,27.5,742.5,0,2024,5,0,0,0,0,0,0
29.0,39,69.19,2698.41,0,2023,5,1,1,0,0,0,0
35.0,12,90.15,1081.8000000000002,0,2025,8,1,0,0,1,0,0
29.0,24,57.86,1388.64,0,2024,8,1,0,0,0,0,1
30.0,18,81.47,1466.46,0,2025,3,1,0,0,0,0,1
47.0,15,76.91,1153.65,0,2025,5,0,0,0,1,0,0
42.0,60,49.46,2060.0699999999997,0,2021,8,0,1,0,0,0,0
21.0,16,68.68,1098.88,1,2025,4,0,0,0,0,1,0
49.0,47,26.9,1264.3,0,2022,9,1,0,0,0,0,0
36.0,24,65.99,1583.7599999999998,0,2024,8,0,0,0,0,1,0
49.0,45,65.82,2961.9,0,2022,11,1,1,0,0,1,0
28.0,19,22.87,434.53,0,2025,1,0,1,0,0,0,0
29.0,41,71.39,2926.99,0,2023,3,0,0,0,0,0,1
43.0,31,93.77,2906.87,1,2024,1,1,0,0,0,0,0
27.0,16,65.23,1043.68,1,2025,4,0,0,0,0,1,0
37.0,23,84.6,1945.8,0,2024,9,0,0,0,0,0,1
25.0,23,73.24,2060.0699999999997,0,2024,9,1,0,0,0,1,0
35.0,41,98.52,2060.0699999999997,0,2023,3,1,0,0,0,1,0
40.0,18,71.45,1286.1,0,2025,3,0,1,0,0,1,0
40.0,36,53.16,1913.76,0,2023,8,1,1,0,1,0,0
36.0,12,102.76,1233.12,0,2025,8,0,1,0,0,0,1
44.0,69,26.76,1846.44,0,2020,11,1,0,0,0,1,0
42.0,51,48.95,2496.4500000000003,0,2022,5,0,0,1,0,1,0
39.0,32,79.15,2532.8,0,2023,12,1,1,0,1,0,0
32.0,71,105.6,7497.599999999999,0,2020,9,0,0,0,0,1,0
53.0,36,27.21,979.56,0,2023,8,1,1,0,0,0,1
45.0,40,29.61,1184.4,0,2023,5,0,1,0,0,1,0
28.0,70,48.24,3376.8,0,2020,10,1,0,1,0,0,1
48.0,38,54.46,2060.0699999999997,0,2023,7,0,1,0,0,0,1
51.0,54,104.35,5634.9,1,2022,3,1,1,0,0,0,0
39.0,4,115.89,463.56,1,2026,5,0,0,0,0,0,1
40.0,46,21.72,999.12,0,2022,10,0,0,0,1,0,0
15.0,63,21.54,1357.02,0,2021,5,1,0,0,1,0,0
30.0,50,106.48,5324.0,0,2022,7,0,0,0,0,0,0
50.0,30,33.56,1006.8,0,2024,2,0,1,0,0,0,0
31.0,16,53.93,862.88,0,2025,4,0,0,0,0,0,1
38.0,52,47.52,2060.0699999999997,0,2022,5,1,0,0,1,0,0
30.0,4,48.19,192.76,0,2026,5,1,1,0,0,0,0
43.0,26,52.86,1374.36,0,2024,6,0,1,0,0,0,0
45.0,29,53.6,1554.4,0,2024,3,0,0,1,0,0,0
45.0,11,82.02,902.22,1,2025,9,0,0,0,0,0,1
26.0,24,82.88,1989.12,0,2024,8,1,1,0,0,1,0
40.0,51,72.29,3686.79,0,2022,5,1,0,0,0,0,0
59.0,42,105.85,4445.7,0,2023,3,1,0,0,0,0,0
49.0,39,104.57,4078.23,1,2023,5,0,1,0,0,0,0
41.0,7,41.72,292.04,0,2026,1,1,1,0,1,0,0
17.0,18,74.36,2060.0699999999997,0,2025,3,0,0,1,1,0,0
37.0,3,98.38,295.14,1,2026,5,0,0,0,0,0,0
60.0,63,106.69,6721.47,0,2021,5,0,1,0,0,0,1
56.0,20,45.52,910.4,0,2024,12,0,1,0,0,1,0
40.0,70,69.41,4858.7,0,2020,10,0,0,0,1,0,0
31.0,17,72.5,1232.5,1,2025,3,1,0,0,0,0,1
41.0,59,89.96,5307.639999999999,0,2021,9,1,0,1,0,0,1
49.0,54,53.03,2863.62,1,2022,3,0,1,0,1,0,0
51.0,13,49.35,2060.0699999999997,0,2025,7,0,1,0,0,1,0
44.0,42,90.56,3803.52,0,2023,3,0,1,0,0,0,0
50.0,44,59.93,2636.92,0,2022,12,0,0,0,1,0,0
40.0,67,20.4,1366.8,0,2021,1,0,1,0,0,0,0
39.0,20,113.78,2275.6,1,2024,12,1,1,0,1,0,0
34.0,47,34.96,1643.12,0,2022,9,0,0,0,0,1,0
45.0,24,34.86,836.64,0,2024,8,0,1,0,0,1,0
40.0,51,101.84,5193.84,0,2022,5,1,0,0,1,0,0
49.0,18,53.55,2060.0699999999997,0,2025,3,1,0,0,0,0,1
25.0,23,52.82,1214.86,1,2024,9,1,0,0,0,0,0
26.0,1,82.24,82.24,1,2026,7,1,0,0,0,1,0
53.0,66,25.9,1709.4,0,2021,2,0,0,1,0,0,1
42.0,5,43.7,218.5,1,2026,3,0,1,0,1,0,0
43.0,18,25.33,455.94,0,2025,3,1,0,1,0,1,0
42.0,35,49.15,1720.25,0,2023,9,0,0,0,0,1,0
61.0,25,106.99,2060.0699999999997,1,2024,7,1,0,0,0,0,0
40.0,24,110.93,2662.32,0,2024,8,1,0,0,0,0,1
53.0,13,50.94,662.22,0,2025,7,0,0,1,0,0,0
43.0,21,38.76,813.9599999999999,0,2024,11,0,0,0,1,0,0
21.0,39,33.53,1307.67,0,2023,5,0,1,0,0,1,0
30.0,34,59.44,2020.96,0,2023,10,0,0,0,0,0,1
33.0,19,102.64,1950.16,1,2025,1,1,0,0,0,0,0
53.0,28,105.27,2060.0699999999997,1,2024,4,1,0,0,0,0,1
55.0,11,24.59,2060.0699999999997,0,2025,9,1,1,0,1,0,0
44.0,49,40.92,2005.08,0,2022,7,1,1,0,0,1,0
34.0,35,40.32,1411.2,0,2023,9,0,1,0,0,0,1
29.0,57,102.84,5861.88,0,2021,11,0,0,0,0,0,1
54.0,28,65.63,1837.64,0,2024,4,0,0,0,1,0,0
25.0,66,56.84,3751.44,0,2021,2,0,0,0,0,1,0
39.0,65,115.66,7517.9,0,2021,3,0,0,0,0,0,1
68.0,22,112.54,2475.88,0,2024,10,1,1,0,0,1,0
34.0,51,64.01,3264.51,1,2022,5,1,1,0,0,1,0
25.0,9,32.83,2060.0699999999997,0,2025,11,1,0,1,0,0,1
19.0,71,37.1,2634.1,0,2020,9,1,0,0,0,0,1
69.0,36,31.21,1123.56,0,2023,8,1,0,0,0,0,0
44.0,54,88.05,4754.7,0,2022,3,0,0,0,1,0,0
30.0,38,75.47,2867.86,0,2023,7,1,0,0,0,0,1
38.0,66,75.66,4993.56,0,2021,2,1,0,1,0,0,1
32.0,43,29.84,1283.12,0,2023,1,1,1,0,0,1,0
18.0,5,99.33,2060.0699999999997,1,2026,3,0,0,0,0,0,1
49.0,37,73.56,2721.7200000000003,0,2023,7,1,1,0,0,1,0
40.0,58,29.1,1687.8000000000002,0,2021,10,0,0,0,1,0,0
48.0,63,94.71,2060.0699999999997,0,2021,5,0,0,0,0,0,1
40.0,51,118.13,2060.0699999999997,0,2022,5,0,0,0,0,1,0
42.0,43,64.12,2757.1600000000003,0,2023,1,0,1,0,0,1,0
13.0,67,31.57,2115.19,0,2021,1,1,0,0,1,0,0
51.0,67,30.14,2019.38,0,2021,1,1,1,0,0,0,0
40.0,65,22.59,1468.35,0,2021,3,0,1,0,1,0,0
30.0,62,97.04,6016.4800000000005,0,2021,6,0,0,1,0,0,1
34.0,63,89.4,5632.200000000001,0,2021,5,0,1,0,0,0,0
15.0,30,78.42,2060.0699999999997,1,2024,2,1,0,0,0,1,0
33.0,38,96.56,3669.28,1,2023,7,0,0,0,0,1,0
32.0,51,119.93,6116.43,0,2022,5,1,0,0,0,1,0
35.0,38,60.18,2286.84,1,2023,7,0,1,0,0,0,1
20.0,67,90.58,6068.86,0,2021,1,1,0,0,0,1,0
51.0,48,57.72,2770.56,0,2022,8,0,1,0,0,1,0
45.0,12,55.21,662.52,1,2025,8,1,0,0,0,0,0
30.0,20,105.09,2060.0699999999997,1,2024,12,0,0,0,0,0,1
33.0,2,77.48,2060.0699999999997,1,2026,7,1,0,0,0,1,0
50.0,55,32.06,1763.3000000000002,0,2022,1,1,0,0,0,0,0
37.0,6,60.35,362.1,0,2026,3,1,1,0,0,1,0
25.0,62,99.66,6178.92,0,2021,6,0,0,0,0,0,0
39.0,49,114.0,5586.0,0,2022,7,0,0,0,0,1,0
27.0,54,81.44,4397.76,0,2022,3,0,0,0,0,0,1
32.0,10,59.42,594.2,0,2025,10,0,0,1,1,0,0
39.0,24,45.2,1084.8000000000002,1,2024,8,1,1,0,0,0,1
53.0,29,62.2,1803.8,0,2024,3,0,0,0,0,0,0
64.0,6,76.57,2060.0699999999997,0,2026,3,1,1,0,0,1,0
56.0,58,20.44,1185.52,0,2021,10,0,1,0,0,0,1
39.0,57,46.87,2060.0699999999997,0,2021,11,1,1,0,0,1,0
67.0,3,87.15,261.45000000000005,1,2026,5,0,1,0,0,0,1
47.0,24,87.32,2095.68,0,2024,8,0,1,0,0,0,0
28.0,19,85.3,1620.7,1,2025,1,1,0,0,1,0,0
41.0,9,114.99,1034.91,1,2025,11,1,1,0,0,0,1
32.0,30,76.85,2305.5,1,2024,2,0,0,0,0,1,0
25.0,44,46.97,2066.68,0,2022,12,1,0,0,0,1,0
26.0,53,101.16,5361.48,0,2022,3,0,0,0,0,1,0
38.0,68,58.94,4007.92,0,2020,12,0,0,0,0,0,0
49.0,60,43.93,2635.8,0,2021,8,0,1,0,0,0,0
53.0,23,75.67,1740.41,0,2024,9,1,1,0,1,0,0
40.0,61,48.9,2982.9,0,2021,7,0,0,0,0,1,0
36.0,7,59.62,2060.0699999999997,0,2026,1,1,0,1,1,0,0
46.0,44,89.32,3930.08,0,2022,12,1,0,0,0,1,0
40.0,55,119.59,6577.45,1,2022,1,1,0,1,0,0,1
48.0,39,84.47,3294.33,0,2023,5,0,0,0,0,0,1
35.0,59,47.65,2811.35,0,2021,9,1,0,0,0,0,1
55.0,5,29.05,2060.0699999999997,0,2026,3,0,0,0,0,1,0
40.0,42,56.2,2360.4,0,2023,3,0,0,0,0,0,1
49.0,14,21.93,307.02,0,2025,6,1,0,0,0,1,0
35.0,27,66.48,2060.0699999999997,1,2024,5,1,0,1,1,0,0
41.0,16,86.0,1376.0,1,2025,4,0,1,0,0,0,0
21.0,2,71.18,142.36,0,2026,7,1,0,0,0,0,1
30.0,19,106.53,2024.07,1,2025,1,1,0,1,0,1,0
38.0,23,69.41,2060.0699999999997,0,2024,9,0,0,0,0,1,0
41.0,41,66.24,2060.0699999999997,0,2023,3,1,0,1,1,0,0
72.0,14,50.97,713.5799999999999,0,2025,6,1,0,0,1,0,0
35.0,47,103.76,4876.72,0,2022,9,0,0,1,0,0,0
23.0,63,110.36,6952.68,1,2021,5,1,0,0,1,0,0
60.0,8,117.79,942.32,1,2025,12,1,1,0,0,0,0
53.0,27,118.12,3189.24,1,2024,5,0,1,0,0,0,0
40.0,40,118.04,4721.6,1,2023,5,0,1,0,1,0,0
46.0,28,91.2,2553.6,1,2024,4,0,1,0,0,0,0
50.0,68,76.27,5186.36,0,2020,12,0,0,0,0,0,1
42.0,61,37.23,2271.03,0,2021,7,1,0,1,0,0,0
44.0,38,96.71,3674.98,0,2023,7,0,0,1,0,1,0
32.0,24,93.49,2243.76,0,2024,8,0,1,0,0,1,0
46.0,28,104.24,2918.72,1,2024,4,0,1,0,0,1,0
34.0,41,66.25,2716.25,1,2023,3,1,0,0,1,0,0
8.0,18,109.24,1966.32,1,2025,3,1,0,0,0,1,0
42.0,49,91.87,4501.63,0,2022,7,0,1,0,1,0,0
20.0,26,37.11,964.86,0,2024,6,0,0,0,0,1,0
52.0,3,40.69,122.07,0,2026,5,0,0,0,0,0,0
26.0,38,101.43,3854.34,0,2023,7,0,1,0,1,0,0
11.0,14,62.57,875.98,0,2025,6,1,1,0,0,0,1
19.0,1,44.9,44.9,0,2026,7,0,1,0,0,0,0
40.0,11,62.26,2060.0699999999997,0,2025,9,0,0,0,1,0,0
42.0,40,36.14,1445.6,0,2023,5,1,0,1,0,0,0
23.0,4,109.17,436.68,1,2026,5,0,0,0,0,0,0
27.0,34,27.15,2060.0699999999997,0,2023,10,1,1,0,0,0,0
40.0,65,55.32,3595.8,0,2021,3,1,0,0,1,0,0
40.0,56,75.69,4238.639999999999,0,2021,12,0,0,0,1,0,0
25.0,10,107.36,1073.6,0,2025,10,1,0,0,0,0,1
45.0,71,98.15,6968.650000000001,0,2020,9,1,0,1,0,0,1
19.0,64,22.24,1423.36,0,2021,4,1,1,0,0,0,1
44.0,13,102.52,1332.76,0,2025,7,0,1,0,0,0,1
49.0,22,83.81,2060.0699999999997,0,2024,10,1,1,0,1,0,0
40.0,56,33.33,1866.48,0,2021,12,0,0,0,0,0,1
52.0,65,81.75,5313.75,0,2021,3,0,0,0,0,1,0
51.0,13,101.79,1323.27,1,2025,7,1,0,1,0,0,1
62.0,1,80.21,80.21,0,2026,7,0,0,0,0,1,0
41.0,38,119.91,4556.58,0,2023,7,0,1,0,0,1,0
62.0,58,70.7,4100.6,0,2021,10,1,0,0,0,0,0
29.0,25,87.31,2182.75,0,2024,7,1,0,0,0,0,0
40.0,42,27.04,1135.68,0,2023,3,1,1,0,0,0,0
39.0,33,101.32,3343.56,0,2023,11,1,0,0,0,0,1
27.0,57,82.41,4697.37,0,2021,11,1,1,0,1,0,0
12.0,37,76.12,2816.44,0,2023,7,1,0,0,0,1,0
50.0,57,90.88,5180.16,0,2021,11,0,1,0,1,0,0
29.0,62,76.05,4715.099999999999,0,2021,6,1,1,0,1,0,0
35.0,3,96.65,289.95000000000005,1,2026,5,1,0,1,0,0,1
59.0,30,78.35,2060.0699999999997,0,2024,2,1,0,0,1,0,0
47.0,67,72.01,4824.67,0,2021,1,0,0,0,1,0,0
61.0,63,33.5,2110.5,0,2021,5,0,0,0,0,0,0
41.0,23,67.18,1545.14,0,2024,9,0,0,0,0,0,0
40.0,66,73.82,4872.12,0,2021,2,1,0,0,0,1,0
37.0,61,82.46,5030.06,0,2021,7,0,0,0,0,1,0
30.0,2,65.59,131.18,1,2026,7,0,0,0,0,0,0
47.0,27,34.66,935.82,0,2024,5,0,0,1,0,0,1
35.0,48,35.04,1681.92,0,2022,8,0,1,0,0,0,1
48.0,63,92.1,5802.299999999999,0,2021,5,1,1,0,0,1,0
33.0,5,86.14,430.7,1,2026,3,0,0,1,0,0,0
38.0,1,45.95,45.95,1,2026,7,1,0,1,0,0,1
39.0,22,64.59,2060.0699999999997,0,2024,10,1,0,0,1,0,0
53.0,24,50.7,1216.8000000000002,0,2024,8,0,0,0,0,1,0
35.0,59,38.1,2060.0699999999997,0,2021,9,1,1,0,0,1,0
54.0,50,52.62,2631.0,0,2022,7,1,0,0,1,0,0
29.0,23,46.27,1064.21,0,2024,9,1,0,0,1,0,0
43.0,18,28.24,508.32,0,2025,3,0,0,1,0,1,0
32.0,22,70.45,1549.9,1,2024,10,1,0,0,0,0,1
53.0,44,65.09,2863.96,0,2022,12,0,1,0,0,0,1
30.0,44,91.46,4024.24,0,2022,12,0,1,0,0,1,0
31.0,37,82.03,3035.11,0,2023,7,0,0,0,0,0,1
25.0,7,54.34,380.38,1,2026,1,1,0,0,0,1,0
41.0,24,69.63,1671.12,0,2024,8,1,1,0,0,0,1
47.0,41,73.61,3018.01,0,2023,3,0,0,1,0,0,0
46.0,70,111.75,7822.5,0,2020,10,1,1,0,0,0,1
38.0,71,118.17,8390.07,0,2020,9,0,1,0,1,0,0
32.0,18,101.55,1827.9,1,2025,3,0,1,0,0,0,0
37.0,60,76.21,4572.599999999999,0,2021,8,0,0,0,0,1,0
37.0,52,112.81,5866.12,0,2022,5,1,0,0,0,0,1
43.0,49,37.81,1852.69,0,2022,7,0,1,0,0,1,0
42.0,67,89.65,6006.55,0,2021,1,1,0,0,0,0,0
61.0,45,66.05,2972.25,0,2022,11,0,1,0,1,0,0
40.0,9,34.47,310.23,0,2025,11,1,0,1,1,0,0
44.0,26,27.52,2060.0699999999997,0,2024,6,1,0,0,1,0,0
41.0,26,68.07,1769.8199999999997,0,2024,6,0,0,0,0,1,0
36.0,30,43.9,1317.0,0,2024,2,0,0,0,1,0,0
44.0,27,45.05,2060.0699999999997,0,2024,5,1,0,1,1,0,0
35.0,4,52.02,208.08,1,2026,5,1,0,1,0,1,0
39.0,51,91.84,4683.84,0,2022,5,0,0,0,0,1,0
54.0,70,36.41,2548.7,0,2020,10,0,1,0,0,0,0
34.0,10,91.76,917.6,1,2025,10,0,1,0,1,0,0
45.0,36,98.27,3537.72,0,2023,8,1,1,0,0,0,0
40.0,46,79.45,3654.7,0,2022,10,0,0,1,0,0,1
38.0,6,44.76,268.56,1,2026,3,0,0,0,0,0,1
34.0,70,25.15,1760.5,0,2020,10,1,1,0,0,0,1
41.0,3,60.79,182.37,1,2026,5,1,0,0,0,0,1
37.0,50,104.74,5237.0,0,2022,7,0,1,0,0,1,0
42.0,42,30.19,1267.98,0,2023,3,0,1,0,0,0,0
35.0,54,94.48,5101.92,0,2022,3,1,1,0,0,0,0
45.0,39,66.79,2604.8100000000004,0,2023,5,0,0,0,0,1,0
19.0,55,109.88,2060.0699999999997,0,2022,1,0,1,0,0,0,1
41.0,11,55.62,611.8199999999999,0,2025,9,0,0,0,0,0,0
29.0,30,90.47,2714.1,0,2024,2,0,0,0,1,0,0
54.0,56,94.01,5264.56,0,2021,12,1,0,1,0,1,0
29.0,29,39.87,1156.23,0,2024,3,1,1,0,0,1,0
40.0,17,35.81,608.77,0,2025,3,0,1,0,0,0,1
40.0,33,29.27,965.91,0,2023,11,1,0,0,0,0,1
18.0,21,90.16,1893.36,1,2024,11,0,0,0,0,0,1
29.0,10,74.82,748.1999999999999,1,2025,10,0,1,0,0,0,0
50.0,39,28.67,2060.0699999999997,0,2023,5,1,0,1,1,0,0
49.0,47,50.83,2389.01,0,2022,9,1,1,0,0,0,0
24.0,52,34.23,1779.9599999999998,0,2022,5,0,0,1,0,0,1
59.0,41,29.27,1200.07,0,2023,3,0,1,0,0,0,0
40.0,47,49.88,2060.0699999999997,0,2022,9,1,0,0,1,0,0
51.0,71,29.63,2103.73,0,2020,9,1,0,0,1,0,0
25.0,43,46.02,1978.86,0,2023,1,1,0,0,1,0,0
35.0,37,75.27,2784.99,0,2023,7,1,0,0,0,0,1
45.0,64,76.09,4869.76,0,2021,4,0,0,0,0,1,0
36.0,71,36.8,2612.8,0,2020,9,0,0,1,0,1,0
40.0,60,39.1,2346.0,0,2021,8,1,0,0,0,1,0
38.0,25,105.5,2637.5,1,2024,7,1,0,1,0,0,0
16.0,22,36.69,807.18,0,2024,10,1,0,0,1,0,0
27.0,43,24.57,1056.51,0,2023,1,1,0,1,0,0,1
23.0,71,44.48,2060.0699999999997,0,2020,9,1,0,1,0,1,0
54.0,70,77.64,5434.8,0,2020,10,0,0,0,0,1,0
57.0,36,20.72,745.92,0,2023,8,0,0,0,0,0,0
44.0,46,118.5,5451.0,0,2022,10,0,1,0,0,0,0
37.0,22,43.04,946.88,0,2024,10,0,0,0,0,1,0
40.0,35,43.81,1533.35,0,2023,9,1,0,1,1,0,0
54.0,47,93.86,4411.42,0,2022,9,0,0,1,0,0,1
16.0,33,44.82,1479.06,0,2023,11,1,1,0,0,0,1
27.0,13,59.62,775.06,1,2025,7,1,1,0,0,0,0
52.0,56,74.39,4165.84,0,2021,12,0,0,1,1,0,0
55.0,67,22.19,1486.73,0,2021,1,0,1,0,0,0,0
47.0,13,103.73,1348.49,1,2025,7,1,1,0,0,0,0
27.0,50,71.21,2060.0699999999997,0,2022,7,1,0,0,1,0,0
52.0,57,51.29,2060.0699999999997,0,2021,11,0,0,0,1,0,0
56.0,28,59.98,1679.4399999999998,0,2024,4,0,1,0,0,0,1
49.0,65,25.58,1662.6999999999998,0,2021,3,1,1,0,0,0,0
10.0,24,91.8,2203.2,0,2024,8,1,1,0,0,0,0
41.0,67,73.95,4954.650000000001,0,2021,1,0,0,0,0,0,1
47.0,7,111.4,779.8000000000001,0,2026,1,1,1,0,0,0,0
34.0,24,66.42,1594.08,1,2024,8,1,0,0,0,0,0
42.0,9,102.84,925.56,1,2025,11,0,0,0,0,1,0
34.0,15,38.83,582.4499999999999,0,2025,5,0,1,0,0,1,0
30.0,56,25.65,1436.4,0,2021,12,1,0,0,0,1,0
58.0,17,114.84,1952.28,1,2025,3,0,0,0,0,0,1
43.0,19,45.7,868.3000000000001,1,2025,1,1,1,0,0,0,0
27.0,9,103.36,930.24,0,2025,11,0,1,0,0,0,1
23.0,64,45.73,2926.72,0,2021,4,0,0,1,0,0,1
30.0,57,35.58,2028.06,0,2021,11,1,1,0,0,0,1
30.0,38,93.25,3543.5,0,2023,7,1,0,1,0,0,1
42.0,8,97.84,782.72,0,2025,12,1,1,0,1,0,0
46.0,6,104.36,626.16,1,2026,3,0,0,0,0,0,0
46.0,49,106.49,5218.009999999999,0,2022,7,0,0,0,1,0,0
31.0,45,68.31,3073.9500000000003,0,2022,11,0,0,1,0,1,0
51.0,21,60.02,2060.0699999999997,0,2024,11,1,0,0,0,0,0
55.0,34,95.1,2060.0699999999997,0,2023,10,1,0,0,0,0,1
37.0,12,76.94,923.28,1,2025,8,1,0,0,0,1,0
28.0,39,116.53,2060.0699999999997,0,2023,5,1,1,0,0,0,1
41.0,6,57.58,345.48,0,2026,3,1,1,0,1,0,0
40.0,32,24.29,777.28,0,2023,12,1,1,0,0,0,0
27.0,60,78.93,4735.8,0,2021,8,1,0,1,0,1,0
34.0,8,55.35,442.8,0,2025,12,0,0,1,0,0,0
41.0,38,54.27,2062.26,0,2023,7,1,0,0,0,1,0
46.0,19,76.45,1452.55,0,2025,1,1,0,1,0,1,0
16.0,55,112.18,6169.900000000001,1,2022,1,1,0,0,0,1,0
56.0,9,46.7,420.3,0,2025,11,0,0,0,0,0,0
56.0,52,57.96,3013.92,0,2022,5,0,1,0,0,1,0
35.0,28,109.12,3055.36,0,2024,4,1,0,0,0,1,0
72.0,62,109.52,2060.0699999999997,0,2021,6,1,0,0,0,0,0
55.0,48,43.46,2086.08,0,2022,8,1,0,0,0,0,1
54.0,39,90.63,3534.57,0,2023,5,1,1,0,1,0,0
54.0,53,61.56,3262.6800000000003,0,2022,3,1,1,0,0,0,0
40.0,63,113.6,2060.0699999999997,0,2021,5,1,1,0,0,0,0
40.0,19,93.22,1771.18,0,2025,1,0,0,0,0,1,0
39.0,33,69.44,2291.52,0,2023,11,1,0,0,0,0,0
29.0,64,101.74,6511.36,0,2021,4,1,0,1,0,0,0
33.0,26,119.79,3114.54,1,2024,6,1,0,1,1,0,0
36.0,45,64.7,2911.5,0,2022,11,0,1,0,0,0,0
41.0,1,57.35,2060.0699999999997,1,2026,7,1,1,0,0,1,0
40.0,66,80.7,5326.2,0,2021,2,1,0,1,1,0,0
15.0,35,88.31,3090.85,0,2023,9,1,0,0,0,0,0
40.0,45,90.44,4069.8,0,2022,11,1,0,0,0,1,0
28.0,33,67.36,2222.88,0,2023,11,1,0,1,1,0,0
39.0,69,53.23,3672.87,0,2020,11,1,0,0,0,0,0
31.0,31,102.19,3167.89,0,2024,1,1,0,1,0,1,0
62.0,64,115.83,7413.12,1,2021,4,0,1,0,1,0,0
34.0,15,106.4,1596.0,0,2025,5,1,0,1,0,1,0
46.0,46,88.24,2060.0699999999997,0,2022,10,1,1,0,1,0,0
47.0,48,56.02,2060.0699999999997,0,2022,8,0,0,0,0,0,0
40.0,68,82.25,5593.0,0,2020,12,0,1,0,0,0,1
39.0,40,30.12,1204.8,0,2023,5,0,0,1,1,0,0
54.0,1,73.39,73.39,1,2026,7,1,1,0,0,0,0
30.0,20,98.12,1962.4,1,2024,12,1,0,0,1,0,0
50.0,22,45.11,992.42,0,2024,10,1,1,0,0,0,1
36.0,54,70.15,3788.1,0,2022,3,0,1,0,0,1,0
54.0,65,27.33,1776.4499999999998,0,2021,3,1,1,0,0,0,1
61.0,15,103.85,1557.75,1,2025,5,0,0,0,0,0,1
16.0,61,55.02,3356.2200000000003,0,2021,7,1,0,0,0,1,0
24.0,14,78.22,1095.08,0,2025,6,0,1,0,0,0,1
35.0,69,57.85,3991.65,0,2020,11,1,0,0,0,0,0
58.0,49,79.76,3908.24,0,2022,7,1,0,0,1,0,0
46.0,6,94.42,566.52,1,2026,3,0,0,0,0,0,1
25.0,41,52.68,2159.88,0,2023,3,0,1,0,1,0,0
40.0,31,71.93,2229.8300000000004,0,2024,1,0,0,0,1,0,0
40.0,64,99.49,6367.36,0,2021,4,1,0,0,0,1,0
50.0,51,88.79,4528.29,1,2022,5,1,1,0,0,0,1
46.0,59,25.71,1516.89,0,2021,9,1,0,1,0,1,0
29.0,55,76.88,4228.4,1,2022,1,1,0,0,0,1,0
40.0,49,57.63,2823.8700000000003,0,2022,7,0,0,0,1,0,0
55.0,40,90.88,3635.2,0,2023,5,1,1,0,0,0,0
17.0,15,21.67,325.05,0,2025,5,1,1,0,1,0,0
44.0,70,53.06,2060.0699999999997,0,2020,10,1,1,0,0,1,0
27.0,65,28.65,1862.25,0,2021,3,0,1,0,0,0,1
40.0,7,112.05,784.35,1,2026,1,1,0,0,0,0,0
45.0,62,107.65,6674.3,0,2021,6,1,1,0,0,0,0
64.0,54,116.81,6307.74,0,2022,3,1,1,0,0,0,1
40.0,52,84.35,4386.2,0,2022,5,1,0,0,0,0,1
58.0,51,100.7,2060.0699999999997,0,2022,5,1,0,0,0,0,0
30.0,4,81.19,324.76,0,2026,5,1,1,0,0,1,0
34.0,1,69.2,69.2,0,2026,7,0,1,0,0,0,0
47.0,66,103.38,6823.08,0,2021,2,1,0,1,0,0,0
42.0,35,97.62,3416.7000000000003,0,2023,9,0,0,0,0,0,0
36.0,10,93.33,933.3,1,2025,10,0,0,0,0,1,0
40.0,67,109.39,7329.13,1,2021,1,0,0,0,0,0,1
56.0,68,112.87,7675.16,0,2020,12,1,0,0,0,0,1
37.0,65,64.53,2060.0699999999997,0,2021,3,0,1,0,0,0,1
28.0,51,48.28,2462.28,0,2022,5,1,0,0,0,1,0
30.0,30,71.18,2135.4,0,2024,2,1,0,0,0,1,0
48.0,39,29.31,1143.09,0,2023,5,1,0,1,0,0,1
67.0,10,113.82,1138.1999999999998,1,2025,10,0,1,0,0,0,1
40.0,44,118.39,5209.16,1,2022,12,1,1,0,0,0,1
66.0,32,85.27,2728.64,1,2023,12,1,0,1,0,0,1
40.0,44,94.62,4163.280000000001,1,2022,12,1,1,0,1,0,0
37.0,63,52.37,3299.31,0,2021,5,0,1,0,1,0,0
29.0,61,106.63,6504.429999999999,0,2021,7,1,1,0,0,0,1
38.0,65,110.03,7151.95,0,2021,3,1,0,0,0,0,1
31.0,41,27.69,2060.0699999999997,0,2023,3,1,1,0,0,1,0
30.0,12,33.14,397.68,0,2025,8,0,0,1,1,0,0
20.0,2,46.09,92.18,0,2026,7,0,0,1,1,0,0
61.0,60,90.37,5422.200000000001,0,2021,8,0,0,0,0,0,1
53.0,25,38.34,2060.0699999999997,0,2024,7,0,0,1,0,0,0
43.0,61,42.01,2060.0699999999997,0,2021,7,0,0,0,0,0,1
38.0,22,58.19,2060.0699999999997,0,2024,10,0,0,0,0,1,0
40.0,56,81.16,4544.96,0,2021,12,1,0,1,0,0,0
31.0,21,117.63,2470.23,0,2024,11,0,1,0,0,0,0
26.0,55,98.39,5411.45,0,2022,1,1,0,0,0,0,0
49.0,40,75.83,3033.2,1,2023,5,0,0,1,0,1,0
40.0,51,24.94,1271.94,0,2022,5,0,0,0,1,0,0
44.0,22,71.68,1576.96,0,2024,10,1,1,0,0,0,1
20.0,28,40.41,1131.48,0,2024,4,0,1,0,0,1,0
36.0,4,50.01,200.04,1,2026,5,1,0,0,0,1,0
26.0,26,45.09,1172.34,0,2024,6,0,0,1,0,0,0
46.0,60,54.74,3284.4,0,2021,8,1,1,0,0,0,0
52.0,23,26.23,603.29,0,2024,9,1,0,1,0,1,0
40.0,41,77.68,3184.88,0,2023,3,0,0,0,1,0,0
32.0,58,24.58,1425.64,0,2021,10,1,0,0,0,0,0
26.0,8,86.06,688.48,1,2025,12,0,0,1,0,1,0
35.0,51,93.08,4747.08,0,2022,5,0,0,0,0,0,0
32.0,61,68.61,4185.21,0,2021,7,1,1,0,0,0,1
45.0,1,98.13,98.13,0,2026,7,0,1,0,0,0,1
23.0,30,116.74,2060.0699999999997,0,2024,2,1,1,0,0,0,1
19.0,17,54.01,918.17,0,2025,3,1,0,0,0,0,0
36.0,23,81.89,1883.47,0,2024,9,1,0,1,0,0,0
49.0,24,52.37,1256.88,0,2024,8,0,1,0,1,0,0
28.0,69,64.34,4439.46,0,2020,11,0,1,0,0,0,1
50.0,52,22.08,1148.16,0,2022,5,0,1,0,1,0,0
44.0,71,27.43,1947.53,0,2020,9,1,0,0,0,1,0
59.0,58,99.75,5785.5,0,2021,10,0,0,0,0,1,0
30.0,22,33.99,747.7800000000001,0,2024,10,1,0,1,0,0,1
21.0,59,89.92,2060.0699999999997,1,2021,9,1,1,0,1,0,0
47.0,44,90.89,3999.16,0,2022,12,0,1,0,0,0,0
43.0,37,119.62,4425.9400000000005,0,2023,7,1,0,1,1,0,0
42.0,34,89.56,3045.04,0,2023,10,0,0,0,0,1,0
27.0,57,32.87,1873.59,0,2021,11,1,0,1,1,0,0
49.0,57,82.65,4711.05,0,2021,11,0,0,0,0,1,0
32.0,40,72.41,2896.4,0,2023,5,0,0,0,0,1,0
42.0,20,111.74,2234.8,0,2024,12,0,0,0,1,0,0
34.0,17,89.02,1513.34,1,2025,3,0,1,0,0,0,0
44.0,52,71.85,3736.2,0,2022,5,1,0,0,0,0,1
26.0,4,82.42,329.68,1,2026,5,0,0,1,1,0,0
46.0,63,64.35,4054.05,0,2021,5,0,0,0,0,1,0
48.0,50,70.84,3542.0,0,2022,7,1,0,1,0,0,1
41.0,50,92.23,4611.5,0,2022,7,1,1,0,0,0,0
60.0,16,27.83,445.28,0,2025,4,0,0,0,0,0,1
42.0,61,81.53,4973.33,0,2021,7,0,0,0,0,1,0
51.0,44,28.82,1268.08,0,2022,12,0,1,0,0,0,1
41.0,18,105.51,1899.18,0,2025,3,1,1,0,1,0,0
50.0,50,114.25,5712.5,0,2022,7,1,1,0,1,0,0
40.0,30,98.02,2940.6,1,2024,2,1,1,0,0,0,1
40.0,49,91.8,2060.0699999999997,0,2022,7,1,0,0,0,0,1
26.0,21,114.37,2401.77,0,2024,11,1,0,1,0,0,1
42.0,22,41.85,920.7,0,2024,10,1,0,0,0,0,0
45.0,47,42.88,2015.36,0,2022,9,1,0,0,1,0,0
50.0,25,68.1,1702.4999999999998,0,2024,7,0,0,0,0,0,0
46.0,56,20.75,1162.0,0,2021,12,1,1,0,0,0,1
36.0,64,116.51,7456.64,0,2021,4,0,0,1,0,1,0
31.0,28,23.23,650.44,0,2024,4,0,0,0,1,0,0
12.0,33,79.61,2627.13,1,2023,11,1,0,1,0,0,0
41.0,66,55.4,3656.4,0,2021,2,0,0,0,0,1,0
54.0,4,30.3,121.2,1,2026,5,1,0,0,0,0,1
41.0,12,22.46,269.52,1,2025,8,1,0,0,1,0,0
39.0,17,46.24,786.08,0,2025,3,0,0,0,0,0,0
42.0,36,30.67,1104.12,0,2023,8,0,0,0,0,0,1
35.0,16,114.03,1824.48,0,2025,4,1,0,0,0,0,0
42.0,23,44.48,1023.04,0,2024,9,1,1,0,0,0,0
35.0,9,29.41,264.69,0,2025,11,0,1,0,1,0,0
29.0,55,96.97,5333.35,0,2022,1,0,0,1,0,0,1
39.0,64,61.43,3931.52,0,2021,4,1,1,0,0,0,1
39.0,47,104.37,4905.39,0,2022,9,1,0,0,0,0,1
63.0,67,103.84,6957.280000000001,0,2021,1,1,0,0,0,0,1
30.0,10,119.24,1192.4,0,2025,10,1,1,0,0,0,1
38.0,4,100.38,401.52,1,2026,5,0,1,0,1,0,0
37.0,30,41.42,1242.6,0,2024,2,0,0,0,0,1,0
35.0,11,78.64,865.04,1,2025,9,1,1,0,1,0,0
46.0,51,72.63,3704.13,0,2022,5,0,1,0,0,0,1
67.0,19,70.82,1345.58,0,2025,1,0,1,0,0,1,0
36.0,13,49.68,645.84,0,2025,7,1,0,1,1,0,0
46.0,57,41.01,2337.57,0,2021,11,1,1,0,0,1,0
17.0,3,91.69,2060.0699999999997,0,2026,5,1,1,0,0,0,1
35.0,38,30.18,1146.84,0,2023,7,1,0,0,0,1,0
59.0,27,24.96,673.9200000000001,0,2024,5,1,0,0,0,1,0
39.0,10,58.12,581.1999999999999,0,2025,10,1,0,0,0,1,0
40.0,53,94.39,5002.67,0,2022,3,0,1,0,0,0,1
33.0,27,106.85,2884.95,1,2024,5,0,0,0,0,0,1
43.0,7,74.01,518.07,0,2026,1,1,0,1,0,0,1
60.0,13,103.99,2060.0699999999997,0,2025,7,0,1,0,1,0,0
26.0,60,22.53,2060.0699999999997,0,2021,8,0,0,0,1,0,0
66.0,14,65.54,917.56,0,2025,6,0,0,0,0,0,1
21.0,44,33.34,1466.96,0,2022,12,1,1,0,0,0,0
34.0,70,78.27,5478.9,0,2020,10,1,0,0,0,0,1
30.0,28,112.1,3138.8,1,2024,4,0,0,0,0,1,0
37.0,23,20.72,476.56,0,2024,9,1,0,0,0,0,0
30.0,12,86.82,1041.84,1,2025,8,1,0,1,0,0,1
29.0,24,99.23,2381.52,0,2024,8,1,0,0,1,0,0
26.0,51,94.45,2060.0699999999997,0,2022,5,1,0,1,0,0,0
48.0,22,21.98,483.56,0,2024,10,1,0,0,0,0,1
37.0,62,37.39,2318.18,0,2021,6,0,1,0,0,0,1
40.0,26,29.44,765.44,1,2024,6,1,1,0,0,1,0
43.0,58,28.55,1655.9,0,2021,10,1,0,0,1,0,0
22.0,71,93.02,6604.42,0,2020,9,1,1,0,0,0,0
44.0,15,62.48,937.2,1,2025,5,0,0,0,0,1,0
39.0,68,92.48,6288.64,0,2020,12,1,0,0,1,0,0
39.0,6,56.08,336.48,0,2026,3,1,1,0,0,0,0
46.0,2,31.7,63.4,0,2026,7,1,1,0,0,0,1
40.0,31,91.85,2847.35,0,2024,1,0,0,0,0,0,1
44.0,24,82.61,1982.64,0,2024,8,1,0,0,1,0,0
38.0,35,31.3,1095.5,0,2023,9,1,0,0,0,1,0
26.0,47,112.44,2060.0699999999997,0,2022,9,1,1,0,0,0,0
11.0,31,50.89,1577.59,0,2024,1,1,1,0,0,0,0
42.0,2,85.47,170.94,0,2026,7,0,1,0,0,0,1
25.0,59,23.2,1368.8,0,2021,9,1,0,1,1,0,0
10.0,63,64.3,4050.9,0,2021,5,0,1,0,0,1,0
40.0,17,116.44,1979.48,1,2025,3,1,1,0,0,0,1
43.0,54,108.65,5867.1,0,2022,3,0,0,0,0,0,1
49.0,21,42.13,884.73,0,2024,11,1,0,1,0,0,1
53.0,22,107.91,2374.02,0,2024,10,0,0,1,0,0,0
40.0,55,49.31,2712.05,0,2022,1,0,0,0,0,0,0
51.0,29,105.22,3051.38,0,2024,3,0,0,0,1,0,0
22.0,21,92.92,1951.32,0,2024,11,0,1,0,0,0,1
38.0,2,55.21,110.42,0,2026,7,0,0,0,1,0,0
47.0,42,111.08,4665.36,0,2023,3,0,0,1,0,0,0
41.0,52,68.53,3563.56,0,2022,5,1,1,0,0,1,0
38.0,38,51.77,1967.26,0,2023,7,0,1,0,0,0,0
40.0,3,47.97,143.91,1,2026,5,0,0,0,0,0,0
43.0,25,113.91,2847.75,1,2024,7,0,0,1,0,0,1
40.0,62,95.86,5943.32,0,2021,6,0,1,0,0,0,0
30.0,15,54.99,824.85,1,2025,5,0,0,1,1,0,0
20.0,70,45.42,3179.4,0,2020,10,1,1,0,0,1,0
38.0,10,41.16,411.6,0,2025,10,1,0,0,0,0,1
41.0,69,44.45,3067.05,0,2020,11,1,1,0,0,1,0
41.0,44,31.1,1368.4,0,2022,12,1,0,0,1,0,0
51.0,41,68.47,2807.27,0,2023,3,0,0,0,1,0,0
54.0,20,24.11,2060.0699999999997,0,2024,12,1,0,1,0,0,0
39.0,37,21.15,782.55,0,2023,7,0,1,0,0,0,1
39.0,39,81.81,3190.59,0,2023,5,0,0,0,0,0,0
47.0,70,28.85,2019.5,0,2020,10,0,0,0,0,0,1
45.0,8,104.52,836.16,1,2025,12,0,0,0,0,1,0
35.0,43,30.67,1318.8100000000002,0,2023,1,0,1,0,0,0,0
40.0,10,74.27,742.6999999999999,0,2025,10,1,0,1,0,0,0
38.0,41,87.55,3589.55,0,2023,3,1,0,0,0,0,1
38.0,4,42.92,171.68,1,2026,5,0,0,1,1,0,0
45.0,4,108.83,435.32,1,2026,5,0,1,0,0,0,1
36.0,24,68.14,1635.36,0,2024,8,0,0,0,1,0,0
41.0,21,51.53,1082.13,0,2024,11,1,0,0,0,0,0
44.0,10,110.11,1101.1,1,2025,10,0,1,0,1,0,0
50.0,46,105.83,4868.18,0,2022,10,0,1,0,0,0,0
49.0,70,90.96,6367.2,0,2020,10,1,0,0,0,1,0
43.0,44,49.05,2158.2,0,2022,12,1,0,0,0,1,0
9.0,33,59.02,1947.66,0,2023,11,0,0,0,0,1,0
43.0,36,88.97,3202.92,0,2023,8,0,1,0,0,0,0
45.0,25,38.53,963.25,1,2024,7,1,0,0,1,0,0
47.0,13,69.51,903.63,1,2025,7,1,1,0,0,0,1
29.0,39,93.77,3657.03,0,2023,5,0,0,1,0,0,1
15.0,38,85.77,3259.26,0,2023,7,0,1,0,0,0,1
50.0,30,91.99,2759.7,0,2024,2,1,1,0,0,1,0
25.0,14,109.19,1528.66,0,2025,6,0,0,0,0,1,0
55.0,50,116.83,5841.5,0,2022,7,0,0,0,0,1,0
33.0,68,65.84,4477.12,0,2020,12,1,0,0,1,0,0
28.0,1,26.0,26.0,0,2026,7,1,1,0,0,1,0
44.0,61,103.44,6309.84,1,2021,7,0,0,1,1,0,0
47.0,3,31.8,95.4,0,2026,5,0,0,1,1,0,0
47.0,50,41.94,2097.0,0,2022,7,1,0,0,1,0,0
40.0,61,85.32,5204.52,0,2021,7,0,0,1,0,0,0
32.0,36,94.57,3404.5199999999995,1,2023,8,1,0,1,0,0,1
22.0,4,89.46,357.84,0,2026,5,1,0,0,1,0,0
40.0,43,63.85,2745.55,0,2023,1,1,1,0,0,0,1
26.0,14,111.81,1565.34,1,2025,6,1,1,0,1,0,0
45.0,67,103.22,6915.74,1,2021,1,0,1,0,1,0,0
50.0,7,86.37,604.59,0,2026,1,1,1,0,0,1,0
40.0,8,64.11,512.88,0,2025,12,0,0,0,0,0,1
40.0,44,66.38,2920.72,0,2022,12,1,0,0,1,0,0
36.0,64,37.6,2406.4,0,2021,4,1,1,0,0,0,1
52.0,7,97.97,685.79,1,2026,1,0,0,1,0,1,0
18.0,48,106.6,5116.799999999999,0,2022,8,0,1,0,1,0,0
40.0,62,102.73,6369.26,0,2021,6,0,0,0,0,1,0
62.0,25,74.71,1867.75,0,2024,7,1,1,0,1,0,0
25.0,68,103.79,7057.72,0,2020,12,1,1,0,0,1,0
46.0,64,99.04,6338.56,0,2021,4,1,0,0,0,1,0
49.0,18,103.24,1858.32,0,2025,3,0,0,0,0,0,0
17.0,4,118.19,472.76,0,2026,5,1,0,0,1,0,0
19.0,17,101.0,1717.0,1,2025,3,1,1,0,1,0,0
55.0,47,47.07,2212.29,0,2022,9,1,0,0,1,0,0
28.0,45,102.09,4594.05,0,2022,11,0,0,0,0,0,1
29.0,58,57.56,3338.48,0,2021,10,1,1,0,0,0,0
34.0,3,71.62,214.86,0,2026,5,1,0,0,0,0,1
28.0,12,99.64,1195.68,1,2025,8,1,0,1,1,0,0
46.0,17,51.67,878.39,0,2025,3,0,0,0,0,0,0
26.0,22,22.61,497.42,0,2024,10,0,0,0,0,1,0
16.0,39,91.81,3580.59,0,2023,5,0,1,0,0,0,0
54.0,39,110.22,2060.0699999999997,1,2023,5,0,0,0,0,1,0
26.0,16,112.79,2060.0699999999997,1,2025,4,1,0,0,1,0,0
31.0,51,99.89,5094.39,0,2022,5,1,0,1,1,0,0
50.0,29,113.51,3291.79,1,2024,3,1,1,0,0,1,0
40.0,71,102.07,7246.969999999999,0,2020,9,1,1,0,0,0,0
53.0,41,23.01,943.41,0,2023,3,1,0,0,0,0,1
50.0,57,54.97,3133.29,0,2021,11,0,0,1,0,0,0
35.0,28,53.61,2060.0699999999997,0,2024,4,0,0,1,0,1,0
52.0,21,41.92,880.32,0,2024,11,1,1,0,0,1,0
42.0,4,99.79,399.16,1,2026,5,1,0,1,0,0,1
33.0,15,72.01,1080.15,0,2025,5,0,1,0,0,0,1
43.0,53,103.63,2060.0699999999997,0,2022,3,0,1,0,0,0,1
40.0,46,80.13,3685.98,0,2022,10,1,1,0,0,1,0
50.0,7,79.06,553.4200000000001,0,2026,1,0,0,1,1,0,0
48.0,18,58.41,1051.38,0,2025,3,1,1,0,0,0,0
41.0,21,98.96,2078.16,1,2024,11,0,0,1,0,0,1
17.0,8,88.31,706.48,1,2025,12,1,1,0,0,1,0
54.0,59,53.88,3178.92,0,2021,9,0,1,0,0,0,0
45.0,20,119.36,2060.0699999999997,0,2024,12,1,0,1,0,0,1
40.0,67,66.28,4440.76,0,2021,1,0,0,1,1,0,0
38.0,55,51.66,2841.3,1,2022,1,0,0,1,0,0,0
34.0,62,88.78,5504.36,0,2021,6,0,0,0,0,0,0
36.0,18,42.28,2060.0699999999997,0,2025,3,1,0,0,0,1,0
49.0,56,103.06,5771.360000000001,0,2021,12,1,1,0,0,1,0
34.0,22,88.04,1936.88,1,2024,10,0,1,0,0,1,0
37.0,8,107.01,856.08,1,2025,12,0,1,0,1,0,0
38.0,11,52.91,582.01,0,2025,9,1,0,0,0,0,0
39.0,12,105.44,1265.28,1,2025,8,1,0,0,0,0,1
33.0,48,70.09,3364.32,0,2022,8,0,1,0,1,0,0
38.0,63,25.92,1632.96,0,2021,5,1,1,0,0,0,1
44.0,27,39.42,1064.34,0,2024,5,1,1,0,0,0,1
40.0,35,41.76,1461.6,0,2023,9,1,0,0,0,0,1
38.0,2,96.8,193.6,0,2026,7,0,0,0,0,0,1
63.0,8,40.31,322.48,0,2025,12,0,0,0,0,0,1
39.0,20,76.19,1523.8,1,2024,12,1,1,0,1,0,0
40.0,8,85.25,682.0,1,2025,12,0,0,1,0,1,0
27.0,63,97.39,6135.57,0,2021,5,0,0,0,0,0,1
40.0,68,98.39,6690.52,1,2020,12,0,1,0,0,0,1
40.0,31,91.76,2844.56,0,2024,1,0,0,1,0,0,1
52.0,32,41.32,1322.24,0,2023,12,0,1,0,0,0,0
25.0,13,74.35,966.55,1,2025,7,1,1,0,0,0,0
43.0,26,49.02,1274.52,0,2024,6,1,0,1,0,1,0
55.0,29,97.51,2827.79,0,2024,3,0,1,0,1,0,0
40.0,18,94.81,2060.0699999999997,1,2025,3,1,0,0,0,1,0
34.0,69,42.96,2060.0699999999997,0,2020,11,0,0,0,0,0,0
67.0,12,84.13,1009.56,1,2025,8,0,1,0,0,1,0
17.0,2,25.84,51.68,0,2026,7,0,0,0,0,0,1
72.0,42,96.85,4067.7,0,2023,3,0,1,0,0,1,0
41.0,7,98.02,686.14,1,2026,1,0,1,0,0,0,1
55.0,47,54.7,2570.9,0,2022,9,1,0,1,1,0,0
26.0,54,100.63,5434.02,1,2022,3,1,0,1,1,0,0
31.0,15,105.83,1587.45,1,2025,5,1,1,0,1,0,0
27.0,58,39.01,2262.58,0,2021,10,1,1,0,0,1,0
39.0,33,55.09,1817.97,0,2023,11,1,1,0,0,1,0
40.0,67,46.11,2060.0699999999997,0,2021,1,1,1,0,0,0,1
53.0,63,57.44,3618.72,0,2021,5,1,1,0,1,0,0
19.0,48,64.69,3105.12,0,2022,8,1,0,1,0,0,1
42.0,66,71.0,4686.0,0,2021,2,0,1,0,1,0,0
51.0,65,23.51,1528.15,0,2021,3,0,0,1,0,0,0
53.0,36,25.52,918.72,1,2023,8,0,0,0,0,1,0
35.0,17,85.52,1453.84,1,2025,3,0,1,0,0,0,1
40.0,2,64.27,128.54,0,2026,7,1,0,0,0,1,0
39.0,33,28.97,956.01,0,2023,11,1,1,0,0,1,0
42.0,6,58.62,351.72,0,2026,3,0,0,1,0,0,0
56.0,43,67.55,2904.65,0,2023,1,1,1,0,0,0,0
25.0,11,83.56,919.16,0,2025,9,0,0,0,1,0,0
31.0,5,31.83,159.14999999999998,0,2026,3,0,1,0,0,0,0
24.0,30,119.48,3584.4,0,2024,2,0,1,0,1,0,0
45.0,10,67.47,674.7,0,2025,10,1,1,0,0,0,0
53.0,24,88.08,2060.0699999999997,0,2024,8,1,0,0,0,0,0
23.0,59,110.82,6538.379999999999,0,2021,9,1,0,0,0,0,1
41.0,67,23.18,1553.06,0,2021,1,1,0,0,0,0,0
52.0,61,80.14,4888.54,0,2021,7,0,1,0,0,0,1
49.0,26,74.04,1925.04,0,2024,6,0,1,0,0,0,0
49.0,39,25.74,1003.86,1,2023,5,0,0,0,0,0,1
26.0,3,89.3,267.9,1,2026,5,1,0,0,0,1,0
49.0,38,42.08,1599.04,0,2023,7,1,0,1,1,0,0
38.0,42,90.19,3787.98,0,2023,3,1,1,0,0,0,0
53.0,48,56.26,2700.48,0,2022,8,1,1,0,0,0,1
45.0,13,97.01,1261.13,1,2025,7,1,0,0,0,0,0
30.0,56,114.18,6394.08,0,2021,12,0,1,0,0,0,1
43.0,59,106.05,6256.95,0,2021,9,1,1,0,0,0,1
50.0,63,68.26,4300.38,0,2021,5,0,1,0,0,0,1
34.0,43,42.53,1828.79,0,2023,1,1,0,0,1,0,0
42.0,57,119.24,6796.679999999999,0,2021,11,1,0,0,0,0,1
24.0,21,85.95,1804.95,0,2024,11,0,1,0,0,1,0
47.0,54,59.6,3218.4,1,2022,3,0,1,0,0,0,0
39.0,53,68.15,3611.95,0,2022,3,1,0,1,0,1,0
51.0,45,32.81,1476.45,0,2022,11,0,1,0,0,0,1
46.0,36,70.53,2060.0699999999997,0,2023,8,0,1,0,0,0,1
35.0,63,37.32,2351.16,0,2021,5,0,0,0,0,0,0
30.0,1,56.57,56.57,0,2026,7,0,0,0,1,0,0
27.0,67,69.18,4635.06,0,2021,1,0,0,0,0,1,0
34.0,33,114.78,3787.74,0,2023,11,0,0,1,1,0,0
51.0,32,82.47,2639.04,0,2023,12,0,0,0,0,1,0
19.0,58,57.19,2060.0699999999997,0,2021,10,0,0,0,1,0,0
28.0,26,31.31,814.06,0,2024,6,1,0,0,0,0,0
50.0,61,94.72,5777.92,0,2021,7,1,0,0,0,1,0
56.0,17,66.69,1133.73,0,2025,3,0,0,1,0,0,0
28.0,69,26.82,1850.58,0,2020,11,0,1,0,1,0,0
27.0,29,85.69,2485.01,0,2024,3,0,0,0,1,0,0
57.0,63,55.01,3465.63,0,2021,5,1,1,0,1,0,0
39.0,6,60.39,362.34,0,2026,3,1,1,0,0,0,0
29.0,59,103.89,6129.51,0,2021,9,0,1,0,0,0,1
53.0,21,33.73,2060.0699999999997,0,2024,11,0,0,0,0,0,1
46.0,45,54.04,2431.8,0,2022,11,1,1,0,0,1,0
49.0,45,56.37,2536.65,0,2022,11,1,0,1,0,0,0
30.0,35,20.33,711.55,0,2023,9,0,0,0,0,0,0
40.0,52,104.53,5435.56,0,2022,5,1,1,0,0,0,0
55.0,46,103.53,4762.38,0,2022,10,0,1,0,1,0,0
48.0,66,86.18,5687.88,0,2021,2,1,0,0,0,0,0
51.0,57,109.89,6263.7300000000005,0,2021,11,0,1,0,0,0,1
57.0,42,47.29,1986.18,0,2023,3,0,1,0,0,0,1
45.0,16,42.06,672.96,0,2025,4,0,0,0,0,0,1
33.0,5,26.85,134.25,0,2026,3,1,0,1,0,0,0
51.0,1,79.2,79.2,1,2026,7,1,0,0,0,1,0
40.0,22,69.64,2060.0699999999997,1,2024,10,0,0,0,0,1,0
37.0,48,101.04,4849.92,0,2022,8,0,0,0,0,0,0
47.0,26,68.13,1771.38,0,2024,6,0,0,0,0,0,0
40.0,34,40.32,1370.88,0,2023,10,1,0,0,0,0,1
40.0,58,100.96,5855.679999999999,0,2021,10,0,1,0,0,0,1
44.0,7,65.55,458.85,0,2026,1,1,0,1,1,0,0
26.0,25,115.58,2889.5,1,2024,7,1,1,0,1,0,0
44.0,57,73.45,4186.650000000001,1,2021,11,1,1,0,1,0,0
42.0,12,31.67,380.04,0,2025,8,0,1,0,0,0,0
40.0,31,105.1,3258.1,0,2024,1,0,0,0,0,0,0
54.0,27,107.84,2911.6800000000003,0,2024,5,0,0,0,1,0,0
51.0,34,64.54,2194.36,0,2023,10,1,0,0,1,0,0
48.0,34,22.6,768.4000000000001,0,2023,10,0,1,0,0,0,1
28.0,37,22.97,849.89,0,2023,7,1,0,0,1,0,0
40.0,58,55.11,3196.38,0,2021,10,0,0,1,1,0,0
54.0,60,91.62,5497.200000000001,1,2021,8,1,1,0,0,1,0
37.0,26,53.11,1380.86,0,2024,6,0,0,0,1,0,0
59.0,45,20.77,934.65,1,2022,11,0,0,0,0,1,0
48.0,45,104.86,4718.7,1,2022,11,0,1,0,1,0,0
61.0,32,116.87,3739.84,1,2023,12,1,1,0,0,1,0
27.0,69,54.64,3770.16,0,2020,11,0,0,1,1,0,0
38.0,71,27.31,1939.01,0,2020,9,1,1,0,0,0,1
39.0,23,49.14,1130.22,0,2024,9,1,1,0,0,0,0
47.0,65,99.9,6493.5,0,2021,3,0,0,0,0,1,0
31.0,39,74.23,2894.9700000000003,0,2023,5,0,0,0,0,0,0
21.0,67,58.4,3912.8,0,2021,1,1,0,0,0,0,1
45.0,45,53.42,2403.9,1,2022,11,0,0,0,1,0,0
36.0,67,31.54,2113.18,0,2021,1,0,0,0,1,0,0
40.0,63,53.95,3398.8500000000004,0,2021,5,1,0,0,0,0,1
32.0,70,67.01,4690.700000000001,0,2020,10,0,1,0,0,0,0
41.0,54,87.31,4714.74,0,2022,3,1,1,0,0,0,0
27.0,27,46.21,1247.67,1,2024,5,0,1,0,0,0,0
40.0,36,109.74,3950.64,1,2023,8,1,1,0,0,0,0
30.0,5,68.48,342.40000000000003,1,2026,3,1,0,0,0,1,0
33.0,67,60.52,4054.84,0,2021,1,0,1,0,0,0,0
44.0,51,79.4,4049.4,1,2022,5,0,0,0,0,1,0
48.0,32,36.76,1176.32,0,2023,12,1,1,0,0,0,1
36.0,21,30.66,643.86,0,2024,11,1,1,0,1,0,0
52.0,17,54.65,929.05,1,2025,3,0,0,0,0,1,0
28.0,26,23.99,2060.0699999999997,0,2024,6,1,0,0,0,0,0
22.0,22,57.76,1270.72,0,2024,10,0,0,1,1,0,0
24.0,41,87.15,3573.15,0,2023,3,0,1,0,0,1,0
27.0,59,101.21,5971.389999999999,0,2021,9,0,0,0,1,0,0
24.0,10,77.98,779.8000000000001,1,2025,10,0,0,1,0,0,1
64.0,5,89.13,445.65,0,2026,3,1,1,0,0,0,0
21.0,55,103.31,5682.05,1,2022,1,0,0,0,0,0,1
51.0,26,97.31,2530.06,1,2024,6,0,1,0,1,0,0
40.0,4,52.0,208.0,1,2026,5,1,1,0,0,0,1
43.0,27,77.34,2088.1800000000003,0,2024,5,1,0,0,0,0,0
29.0,58,46.49,2696.42,0,2021,10,1,1,0,0,1,0
44.0,3,77.63,232.89,1,2026,5,0,1,0,0,0,1
29.0,50,62.6,3130.0,1,2022,7,0,1,0,0,0,0
51.0,26,57.28,1489.28,0,2024,6,1,0,0,1,0,0
52.0,18,38.36,690.48,0,2025,3,1,1,0,0,0,1
38.0,7,76.18,533.26,1,2026,1,0,1,0,0,1,0
39.0,45,92.93,4181.85,0,2022,11,0,0,0,0,0,1
45.0,13,77.13,1002.69,0,2025,7,1,1,0,1,0,0
45.0,6,26.92,2060.0699999999997,0,2026,3,0,0,0,1,0,0
52.0,35,112.43,3935.05,1,2023,9,1,0,0,1,0,0
40.0,53,20.55,1089.15,0,2022,3,1,1,0,0,0,1
40.0,68,108.51,7378.68,0,2020,12,0,0,1,0,0,1
34.0,42,96.61,4057.62,0,2023,3,0,1,0,0,0,1
50.0,4,29.66,2060.0699999999997,0,2026,5,1,0,0,0,1,0
38.0,60,43.66,2619.6,0,2021,8,0,0,0,0,0,0
41.0,45,54.9,2470.5,0,2022,11,1,0,0,0,0,1
46.0,66,111.03,7327.98,0,2021,2,1,0,0,0,1,0
52.0,22,117.99,2595.78,0,2024,10,0,0,0,1,0,0
43.0,12,28.72,344.64,0,2025,8,0,1,0,0,0,1
33.0,51,59.69,3044.19,0,2022,5,1,1,0,0,0,1
40.0,17,34.93,593.81,0,2025,3,1,1,0,0,0,1
58.0,36,47.84,1722.2400000000002,0,2023,8,1,0,1,0,1,0
40.0,49,118.11,5787.39,1,2022,7,1,1,0,0,0,1
29.0,16,118.44,1895.04,0,2025,4,0,1,0,0,0,1
31.0,44,67.21,2957.24,0,2022,12,0,1,0,0,0,0
50.0,22,38.31,842.82,0,2024,10,0,0,0,0,1,0
62.0,8,74.7,2060.0699999999997,1,2025,12,0,1,0,0,0,0
34.0,18,52.07,2060.0699999999997,0,2025,3,1,0,0,0,0,1
42.0,38,112.88,4289.44,1,2023,7,0,0,0,0,0,1
31.0,29,101.82,2952.78,1,2024,3,0,0,0,0,0,0
60.0,2,50.88,101.76,1,2026,7,1,0,0,1,0,0
50.0,59,21.83,1287.9699999999998,0,2021,9,1,0,0,0,0,1
30.0,42,119.8,5031.599999999999,0,2023,3,1,0,0,0,0,0
15.0,21,88.33,1854.93,0,2024,11,1,0,0,0,1,0
52.0,2,62.57,125.14,1,2026,7,1,1,0,0,0,1
33.0,5,48.85,244.25,1,2026,3,1,0,0,0,0,0
50.0,17,20.44,347.48,0,2025,3,1,0,1,0,0,0
44.0,24,35.4,2060.0699999999997,0,2024,8,1,0,1,0,1,0
18.0,8,20.59,164.72,0,2025,12,0,0,0,1,0,0
30.0,30,79.76,2392.8,0,2024,2,1,1,0,0,1,0
36.0,50,86.33,4316.5,0,2022,7,1,1,0,1,0,0
32.0,22,96.68,2126.96,0,2024,10,0,0,1,1,0,0
41.0,59,38.7,2283.3,0,2021,9,1,0,0,1,0,0
45.0,24,29.6,710.4000000000001,0,2024,8,1,1,0,0,0,0
61.0,26,85.05,2211.3,0,2024,6,0,0,0,0,0,0
46.0,61,69.99,4269.389999999999,1,2021,7,0,1,0,0,0,1
58.0,8,107.57,860.56,0,2025,12,1,1,0,1,0,0
34.0,12,73.33,879.96,0,2025,8,0,1,0,0,0,0
54.0,14,64.48,902.72,0,2025,6,0,0,0,1,0,0
35.0,30,68.8,2060.0699999999997,0,2024,2,1,0,0,0,0,0
29.0,55,98.23,2060.0699999999997,0,2022,1,1,0,1,1,0,0
28.0,61,21.83,1331.63,0,2021,7,0,0,0,0,0,0
8.0,62,111.82,6932.839999999999,0,2021,6,0,0,0,0,1,0
50.0,31,91.42,2834.02,0,2024,1,1,0,1,1,0,0
25.0,27,108.53,2930.31,1,2024,5,1,1,0,1,0,0
57.0,1,115.96,2060.0699999999997,1,2026,7,1,0,1,0,1,0
38.0,41,42.6,1746.6,0,2023,3,1,0,1,0,0,1
40.0,14,77.83,1089.62,0,2025,6,1,0,0,1,0,0
27.0,50,68.6,2060.0699999999997,0,2022,7,1,0,1,0,0,1
42.0,42,73.76,3097.92,0,2023,3,1,1,0,0,1,0
17.0,71,24.73,1755.83,0,2020,9,1,0,0,1,0,0
47.0,40,111.4,4456.0,0,2023,5,0,1,0,0,0,1
22.0,14,115.47,1616.58,0,2025,6,0,0,1,1,0,0
31.0,11,88.51,973.61,1,2025,9,1,0,1,1,0,0
42.0,63,45.83,2887.29,0,2021,5,0,0,0,0,0,0
46.0,49,98.72,4837.28,0,2022,7,0,0,0,0,0,1
50.0,37,93.08,3443.96,0,2023,7,1,0,1,0,0,0
24.0,10,77.46,774.5999999999999,0,2025,10,0,0,1,0,0,0
36.0,54,37.02,2060.0699999999997,0,2022,3,1,1,0,0,0,1
40.0,7,40.12,280.84,0,2026,1,1,0,0,0,0,1
36.0,12,78.94,947.28,0,2025,8,1,0,0,0,0,0
44.0,55,32.88,1808.4,0,2022,1,1,1,0,1,0,0
42.0,36,92.39,3326.04,0,2023,8,0,0,0,1,0,0
56.0,7,41.26,288.82,0,2026,1,0,1,0,0,0,1
40.0,24,111.05,2665.2,1,2024,8,1,0,0,1,0,0
23.0,34,109.97,3738.98,0,2023,10,0,1,0,0,0,1
28.0,65,49.36,3208.4,0,2021,3,0,1,0,0,0,1
42.0,29,28.34,821.86,0,2024,3,0,0,0,0,1,0
21.0,26,81.14,2060.0699999999997,1,2024,6,1,0,1,0,0,1
33.0,65,64.84,4214.6,0,2021,3,1,0,0,0,0,0
41.0,45,34.37,2060.0699999999997,0,2022,11,1,1,0,0,0,1
31.0,17,73.15,1243.5500000000002,0,2025,3,1,1,0,0,1,0
44.0,36,119.27,4293.72,1,2023,8,1,1,0,1,0,0
49.0,63,26.9,1694.6999999999998,0,2021,5,1,1,0,1,0,0
45.0,23,46.39,1066.97,1,2024,9,1,0,1,0,0,0
40.0,66,73.86,4874.76,0,2021,2,0,1,0,0,0,0
41.0,42,99.34,4172.28,0,2023,3,0,0,0,1,0,0
42.0,71,21.88,1553.48,0,2020,9,1,0,0,1,0,0
35.0,71,93.28,6622.88,0,2020,9,1,0,1,0,0,0
44.0,43,33.99,2060.0699999999997,0,2023,1,1,1,0,1,0,0
40.0,55,103.07,5668.849999999999,0,2022,1,1,0,0,0,1,0
39.0,56,89.22,4996.32,0,2021,12,0,0,0,0,0,0
28.0,31,65.65,2035.15,0,2024,1,1,0,0,1,0,0
40.0,56,102.16,5720.96,1,2021,12,0,1,0,0,0,1
62.0,48,93.3,4478.4,1,2022,8,1,1,0,0,0,1
35.0,52,95.92,4987.84,0,2022,5,0,0,1,0,0,0
53.0,1,49.01,49.01,0,2026,7,0,0,0,0,0,1
40.0,2,81.94,2060.0699999999997,0,2026,7,0,1,0,0,0,1
30.0,42,34.11,1432.62,0,2023,3,0,0,1,0,1,0
40.0,9,102.09,918.81,1,2025,11,1,0,1,0,0,0
40.0,31,72.67,2252.77,1,2024,1,1,0,1,0,0,1
48.0,2,102.49,204.98,1,2026,7,0,0,0,1,0,0
69.0,24,41.12,986.88,1,2024,8,1,1,0,0,0,0
41.0,43,33.03,1420.29,0,2023,1,0,1,0,0,0,0
25.0,70,88.9,6223.0,0,2020,10,1,1,0,0,0,1
20.0,43,25.84,1111.12,0,2023,1,0,0,0,0,0,1
35.0,51,44.4,2264.4,0,2022,5,1,1,0,0,1,0
26.0,46,110.87,5100.02,0,2022,10,1,1,0,1,0,0
47.0,1,33.28,33.28,0,2026,7,0,1,0,0,1,0
47.0,67,57.56,3856.52,0,2021,1,1,0,0,0,1,0
38.0,1,114.56,114.56,1,2026,7,1,0,0,1,0,0
48.0,63,22.0,1386.0,0,2021,5,1,0,0,0,0,1
41.0,62,64.53,4000.86,0,2021,6,1,0,1,0,1,0
62.0,61,98.65,6017.650000000001,0,2021,7,1,1,0,0,0,0
48.0,40,110.9,4436.0,0,2023,5,1,1,0,0,1,0
51.0,29,93.56,2713.24,1,2024,3,0,1,0,1,0,0
23.0,35,108.84,3809.4,1,2023,9,0,1,0,0,1,0
26.0,11,23.44,2060.0699999999997,0,2025,9,0,1,0,0,1,0
46.0,11,29.99,329.89,1,2025,9,0,0,1,0,0,0
21.0,63,93.77,5907.509999999999,0,2021,5,0,0,0,1,0,0
33.0,69,95.33,6577.77,0,2020,11,0,0,0,0,0,0
54.0,56,80.53,4509.68,0,2021,12,1,0,0,0,0,1
32.0,7,93.03,651.21,1,2026,1,1,0,0,1,0,0
25.0,51,105.81,5396.31,0,2022,5,1,0,1,0,1,0
48.0,39,74.55,2060.0699999999997,0,2023,5,0,1,0,0,0,0
65.0,42,114.73,4818.66,1,2023,3,1,0,1,0,0,0
30.0,53,89.42,4739.26,0,2022,3,0,1,0,1,0,0
55.0,21,67.2,1411.2,0,2024,11,0,1,0,0,0,0
40.0,30,62.15,1864.5,0,2024,2,0,0,0,1,0,0
39.0,1,95.02,95.02,1,2026,7,1,1,0,0,0,1
39.0,24,83.05,1993.2,0,2024,8,0,1,0,1,0,0
31.0,6,101.74,610.4399999999999,0,2026,3,0,0,0,1,0,0
51.0,6,98.1,588.5999999999999,1,2026,3,0,0,0,0,0,1
22.0,69,72.42,4996.9800000000005,0,2020,11,0,1,0,0,0,1
42.0,62,114.57,7103.339999999999,0,2021,6,0,0,0,0,1,0
53.0,35,90.43,3165.05,1,2023,9,0,1,0,0,0,0
50.0,35,40.08,1402.8,0,2023,9,0,1,0,0,0,1
46.0,48,81.85,3928.8,0,2022,8,1,1,0,0,0,1
59.0,43,40.18,1727.74,0,2023,1,1,0,1,0,0,0
37.0,35,75.88,2060.0699999999997,0,2023,9,1,1,0,0,0,0
22.0,5,98.99,494.95,0,2026,3,1,1,0,0,1,0
42.0,31,101.25,3138.75,0,2024,1,1,0,0,0,1,0
38.0,31,85.08,2637.48,1,2024,1,0,0,0,1,0,0
15.0,8,98.33,786.64,1,2025,12,0,1,0,0,1,0
26.0,6,67.22,2060.0699999999997,0,2026,3,1,1,0,0,0,1
25.0,53,75.07,3978.71,0,2022,3,1,0,1,0,0,1
30.0,44,107.96,4750.24,0,2022,12,1,0,0,0,0,0
36.0,49,69.31,3396.19,0,2022,7,1,0,0,0,1,0
36.0,8,55.09,440.72,0,2025,12,0,0,1,1,0,0
31.0,64,99.7,6380.8,0,2021,4,0,0,0,1,0,0
40.0,4,25.05,100.2,0,2026,5,0,1,0,1,0,0
45.0,32,115.84,3706.88,0,2023,12,1,0,0,1,0,0
41.0,53,54.01,2862.53,0,2022,3,0,0,0,0,0,0
40.0,67,82.96,5558.32,0,2021,1,1,1,0,0,1,0
61.0,63,88.55,5578.65,0,2021,5,1,1,0,0,1,0
42.0,60,33.71,2060.0699999999997,0,2021,8,1,1,0,0,1,0
36.0,33,102.29,3375.57,0,2023,11,1,1,0,0,1,0
39.0,22,77.21,2060.0699999999997,0,2024,10,1,0,0,1,0,0
41.0,31,52.79,1636.49,0,2024,1,1,0,1,1,0,0
47.0,24,105.07,2521.68,1,2024,8,0,1,0,0,0,0
39.0,3,82.51,247.53000000000003,0,2026,5,0,0,0,0,0,0
17.0,33,98.58,3253.14,0,2023,11,0,0,1,1,0,0
35.0,26,119.23,3099.98,1,2024,6,1,1,0,0,0,1
40.0,51,33.03,2060.0699999999997,0,2022,5,0,0,0,0,1,0
56.0,30,94.96,2848.8,1,2024,2,0,1,0,0,0,0
31.0,35,95.77,3351.95,0,2023,9,0,0,1,1,0,0
20.0,25,107.47,2686.75,1,2024,7,1,0,0,0,1,0
41.0,28,60.81,1702.68,0,2024,4,0,0,0,0,1,0
50.0,26,106.97,2060.0699999999997,1,2024,6,0,0,1,1,0,0
35.0,8,83.99,671.92,0,2025,12,1,0,1,0,0,1
69.0,15,26.88,403.2,0,2025,5,0,1,0,0,0,1
66.0,49,23.15,1134.35,0,2022,7,0,1,0,0,0,0
39.0,8,68.15,545.2,0,2025,12,1,1,0,1,0,0
42.0,55,98.58,5421.9,0,2022,1,1,0,0,0,0,0
56.0,58,58.42,3388.36,0,2021,10,0,0,1,0,0,1
39.0,3,105.18,315.54,1,2026,5,0,0,0,0,0,0
30.0,9,69.21,622.89,0,2025,11,1,0,0,0,0,0
51.0,14,22.63,316.82,0,2025,6,0,0,0,0,0,1
46.0,20,117.37,2347.4,0,2024,12,0,1,0,0,1,0
30.0,4,68.96,275.84,0,2026,5,1,0,0,0,1,0
43.0,24,85.01,2040.24,0,2024,8,0,0,1,0,0,1
38.0,28,39.93,2060.0699999999997,0,2024,4,0,0,1,0,1,0
35.0,31,49.73,1541.63,0,2024,1,0,0,1,1,0,0
31.0,67,68.43,2060.0699999999997,0,2021,1,1,0,0,0,1,0
41.0,64,105.62,6759.68,0,2021,4,1,1,0,0,0,1
37.0,17,30.2,513.4,0,2025,3,0,0,0,1,0,0
43.0,6,98.03,588.1800000000001,0,2026,3,1,1,0,0,0,0
50.0,60,77.94,4676.4,0,2021,8,1,1,0,0,0,1
43.0,11,69.97,769.67,0,2025,9,1,0,1,0,0,1
43.0,38,107.66,4091.08,0,2023,7,0,1,0,0,1,0
34.0,34,31.81,1081.54,0,2023,10,0,0,1,1,0,0
40.0,47,119.08,5596.76,1,2022,9,0,0,1,0,0,1
30.0,32,105.46,3374.72,0,2023,12,0,0,0,1,0,0
21.0,57,52.57,2060.0699999999997,0,2021,11,1,0,1,1,0,0
40.0,46,65.16,2060.0699999999997,0,2022,10,1,0,1,0,1,0
52.0,35,22.5,787.5,0,2023,9,1,1,0,0,0,1
40.0,22,72.76,2060.0699999999997,0,2024,10,0,1,0,1,0,0
56.0,16,74.77,1196.32,1,2025,4,1,1,0,1,0,0
24.0,5,112.66,2060.0699999999997,1,2026,3,1,0,1,0,0,1
68.0,26,58.79,1528.54,0,2024,6,0,1,0,0,1,0
37.0,24,77.06,1849.44,0,2024,8,0,1,0,0,0,1
19.0,67,94.06,6302.02,0,2021,1,1,0,0,1,0,0
66.0,32,80.85,2587.2,0,2023,12,0,0,0,0,1,0
24.0,23,35.62,819.26,0,2024,9,0,1,0,0,0,1
35.0,49,37.18,2060.0699999999997,0,2022,7,1,0,0,1,0,0
38.0,62,33.83,2097.46,0,2021,6,1,0,0,0,0,1
45.0,66,41.77,2756.82,0,2021,2,1,1,0,0,0,1
31.0,11,52.83,581.13,0,2025,9,1,1,0,0,1,0
52.0,18,93.97,1691.46,1,2025,3,1,1,0,0,1,0
49.0,10,26.09,260.9,0,2025,10,1,0,0,0,0,0
40.0,60,102.04,6122.400000000001,0,2021,8,1,1,0,0,0,0
56.0,8,46.25,370.0,0,2025,12,0,0,1,0,0,0
39.0,71,81.34,2060.0699999999997,0,2020,9,0,1,0,1,0,0
37.0,48,75.28,3613.44,0,2022,8,0,0,1,0,0,0
64.0,41,35.4,1451.4,0,2023,3,0,0,0,0,0,1
44.0,8,48.73,389.84,0,2025,12,0,0,0,0,1,0
28.0,37,49.59,1834.83,0,2023,7,1,0,1,0,0,1
30.0,37,82.38,3048.06,0,2023,7,0,1,0,0,1,0
40.0,64,98.85,6326.4,0,2021,4,1,0,1,0,1,0
11.0,59,119.63,7058.17,1,2021,9,1,0,1,0,0,1
32.0,45,29.59,1331.55,0,2022,11,1,1,0,0,0,1
39.0,16,113.87,1821.92,0,2025,4,0,0,0,1,0,0
38.0,26,76.15,1979.9,0,2024,6,1,0,0,0,1,0
25.0,31,55.68,1726.08,1,2024,1,0,1,0,0,0,0
35.0,27,48.46,1308.42,0,2024,5,1,1,0,1,0,0
54.0,43,40.9,1758.7,1,2023,1,0,0,0,0,0,0
52.0,15,75.71,1135.65,0,2025,5,0,1,0,1,0,0
41.0,58,114.6,6646.799999999999,0,2021,10,0,1,0,0,1,0
40.0,49,38.22,1872.78,0,2022,7,1,0,1,0,0,1
38.0,25,63.62,2060.0699999999997,1,2024,7,0,1,0,0,0,1
43.0,68,40.38,2745.84,0,2020,12,1,1,0,0,1,0
40.0,36,37.56,1352.16,0,2023,8,1,1,0,0,0,1
44.0,47,70.45,5013.49,0,2022,9,0,0,0,0,1,0
46.0,59,46.2,2060.0699999999997,0,2021,9,0,0,0,0,1,0
25.0,52,44.8,2329.6,0,2022,5,0,0,0,0,1,0
36.0,40,110.98,4439.2,1,2023,5,1,0,0,1,0,0
42.0,43,58.6,2519.8,0,2023,1,0,1,0,0,0,1
28.0,56,20.87,2060.0699999999997,0,2021,12,0,0,0,0,0,1
32.0,3,92.12,276.36,0,2026,5,1,0,0,0,0,0
37.0,71,71.7,5090.7,0,2020,9,0,0,0,0,1,0
38.0,12,97.41,1168.92,1,2025,8,1,1,0,0,0,1
43.0,65,77.03,5006.95,0,2021,3,1,0,0,0,0,0
30.0,43,55.13,2370.59,1,2023,1,0,0,0,0,1,0
52.0,70,26.66,1866.2,0,2020,10,1,1,0,0,0,0
38.0,46,106.59,4903.14,1,2022,10,1,0,0,1,0,0
42.0,60,40.71,2060.0699999999997,0,2021,8,1,0,0,1,0,0
36.0,61,117.13,7144.929999999999,0,2021,7,0,0,0,0,0,1
43.0,49,44.58,2184.42,0,2022,7,0,0,0,0,0,0
60.0,25,102.7,2567.5,1,2024,7,1,0,1,0,0,0
35.0,3,98.87,296.61,1,2026,5,1,0,0,1,0,0
33.0,68,66.27,4506.36,0,2020,12,0,1,0,1,0,0
30.0,63,60.17,3790.71,0,2021,5,0,1,0,0,0,1
39.0,30,90.33,2709.9,0,2024,2,0,1,0,0,1,0
39.0,4,72.86,291.44,0,2026,5,1,0,1,0,0,1
41.0,71,83.2,5907.2,0,2020,9,0,0,1,1,0,0
46.0,21,67.02,1407.4199999999998,0,2024,11,1,0,0,0,0,1
44.0,71,75.72,5376.12,0,2020,9,0,1,0,0,1,0
40.0,1,38.92,1200.5,0,2026,7,1,0,0,1,0,0
63.0,60,25.54,1532.4,0,2021,8,1,1,0,0,1,0
48.0,34,55.59,1890.06,1,2023,10,0,0,1,0,0,1
27.0,3,66.59,199.77,1,2026,5,1,0,0,0,1,0
40.0,18,110.6,2060.0699999999997,1,2025,3,1,1,0,1,0,0
32.0,43,61.39,2060.0699999999997,1,2023,1,0,0,1,1,0,0
40.0,41,63.39,2598.99,0,2023,3,1,0,1,0,1,0
31.0,24,87.48,2099.52,0,2024,8,0,0,0,0,0,1
32.0,24,40.68,976.32,0,2024,8,1,0,0,0,0,1
40.0,3,107.16,321.48,0,2026,5,0,0,0,0,0,1
36.0,59,62.76,3702.84,0,2021,9,0,0,1,0,0,1
15.0,58,113.08,6558.64,0,2021,10,0,0,0,0,0,0
53.0,24,47.13,1131.12,0,2024,8,0,0,0,0,0,0
50.0,66,66.56,4392.96,0,2021,2,0,1,0,0,1,0
25.0,40,97.82,3912.8,0,2023,5,0,1,0,0,0,0
41.0,71,75.59,5366.89,0,2020,9,1,1,0,0,0,0
40.0,9,86.12,775.08,0,2025,11,1,1,0,0,0,0
33.0,60,48.07,2060.0699999999997,0,2021,8,1,0,1,0,1,0
40.0,39,52.85,2061.15,0,2023,5,1,1,0,0,0,0
50.0,33,70.76,2335.0800000000004,0,2023,11,1,1,0,0,0,1
49.0,34,40.25,1368.5,0,2023,10,1,1,0,0,0,1
43.0,62,32.63,2023.06,0,2021,6,1,0,0,0,1,0
55.0,61,104.38,6367.179999999999,0,2021,7,0,0,1,0,1,0
33.0,27,97.49,2632.23,0,2024,5,0,1,0,0,1,0
35.0,17,113.21,1924.57,0,2025,3,0,1,0,1,0,0
9.0,60,78.66,2060.0699999999997,0,2021,8,0,0,0,0,0,0
39.0,42,62.03,2605.26,0,2023,3,0,0,0,0,1,0
47.0,47,30.3,1424.1,0,2022,9,1,0,1,0,1,0
43.0,53,105.05,5567.65,0,2022,3,0,0,0,0,1,0
33.0,21,65.63,1378.23,1,2024,11,0,0,0,0,0,1
50.0,8,76.11,608.88,0,2025,12,1,0,0,0,1,0
39.0,58,51.35,2978.3,0,2021,10,0,1,0,0,0,1
49.0,68,72.39,4922.52,0,2020,12,1,0,1,0,0,1
46.0,63,98.18,6185.34,0,2021,5,0,0,1,1,0,0
57.0,59,91.23,5382.570000000001,0,2021,9,0,0,0,0,1,0
44.0,30,118.89,3566.7,0,2024,2,0,1,0,1,0,0
47.0,25,69.56,1739.0,0,2024,7,0,1,0,0,1,0
39.0,56,72.97,2060.0699999999997,0,2021,12,1,1,0,0,0,0
34.0,34,25.27,859.18,0,2023,10,1,1,0,0,1,0
46.0,50,58.94,2060.0699999999997,0,2022,7,1,0,1,0,0,1
58.0,2,112.21,224.42,1,2026,7,0,0,0,0,1,0
33.0,53,55.05,2060.0699999999997,0,2022,3,0,1,0,0,1,0
40.0,41,96.61,3961.01,0,2023,3,0,0,0,0,1,0
40.0,23,117.76,2708.48,0,2024,9,1,0,0,0,1,0
48.0,61,32.68,1993.48,0,2021,7,1,0,0,1,0,0
44.0,31,53.4,1655.4,1,2024,1,0,0,1,0,0,0
40.0,66,67.44,4451.04,0,2021,2,1,0,0,1,0,0
64.0,2,43.74,87.48,0,2026,7,1,1,0,0,0,0
32.0,69,21.24,1465.56,0,2020,11,1,0,0,1,0,0
47.0,60,66.86,4011.6,0,2021,8,1,1,0,1,0,0
44.0,23,73.66,1694.1799999999998,0,2024,9,0,0,0,0,1,0
40.0,57,82.54,4704.780000000001,0,2021,11,0,1,0,1,0,0
47.0,35,102.72,3595.2,1,2023,9,0,0,0,0,0,0
37.0,1,45.3,45.3,1,2026,7,0,0,0,0,0,1
44.0,48,26.1,1252.8000000000002,0,2022,8,0,1,0,0,0,0
24.0,49,28.98,1420.02,0,2022,7,1,0,1,1,0,0
34.0,40,69.74,2789.6,0,2023,5,0,0,0,0,0,1
53.0,62,112.22,6957.64,0,2021,6,0,1,0,0,1,0
52.0,15,118.22,1773.3,1,2025,5,1,0,0,0,0,1
40.0,30,40.51,2060.0699999999997,0,2024,2,0,1,0,0,1,0
35.0,21,35.2,739.2,0,2024,11,1,0,0,0,0,0
50.0,8,55.35,442.8,0,2025,12,1,0,1,0,0,1
55.0,7,66.39,464.73,0,2026,1,0,1,0,0,0,1
35.0,34,100.81,3427.54,0,2023,10,1,1,0,0,0,1
23.0,64,97.46,6237.44,0,2021,4,0,0,1,0,1,0
45.0,42,112.27,4715.34,0,2023,3,1,0,0,0,1,0
51.0,53,105.81,5607.93,0,2022,3,1,0,0,0,0,0
40.0,70,63.88,4471.6,0,2020,10,1,0,0,0,0,0
59.0,10,21.9,219.0,0,2025,10,1,0,0,1,0,0
59.0,58,43.66,2532.28,0,2021,10,1,0,0,0,1,0
36.0,4,81.01,324.04,1,2026,5,0,1,0,0,0,0
42.0,8,70.15,561.2,0,2025,12,1,0,1,0,0,1
34.0,12,44.02,528.24,0,2025,8,0,1,0,0,0,1
28.0,25,33.16,828.9999999999999,0,2024,7,0,1,0,0,0,1
28.0,27,41.6,1123.2,0,2024,5,1,1,0,0,0,0
49.0,2,45.97,91.94,0,2026,7,1,1,0,0,0,1
44.0,55,106.73,5870.150000000001,0,2022,1,0,1,0,0,0,1
51.0,58,91.03,5279.74,0,2021,10,0,0,0,0,1,0
70.0,33,75.23,2482.59,0,2023,11,0,0,1,0,1,0
46.0,49,22.09,1082.41,0,2022,7,0,0,1,0,0,0
31.0,5,102.12,510.6,1,2026,3,1,1,0,0,1,0
52.0,47,75.25,3536.75,0,2022,9,1,0,1,1,0,0
30.0,24,82.73,1985.52,1,2024,8,0,0,0,0,0,0
61.0,44,26.56,1168.64,0,2022,12,0,0,1,1,0,0
16.0,68,101.49,6901.32,0,2020,12,1,1,0,1,0,0
33.0,14,103.2,1444.8,1,2025,6,0,0,1,0,0,0
47.0,36,108.33,3899.88,0,2023,8,0,0,0,0,1,0
40.0,51,72.81,3713.31,0,2022,5,0,1,0,0,1,0
32.0,6,59.4,356.4,0,2026,3,1,1,0,0,0,0
30.0,17,27.3,464.1,0,2025,3,1,0,0,1,0,0
42.0,51,39.39,2008.89,0,2022,5,0,0,1,0,0,0
63.0,52,42.56,2213.12,0,2022,5,0,1,0,0,0,0
40.0,12,26.27,2060.0699999999997,0,2025,8,1,0,0,0,0,1
36.0,1,35.44,35.44,0,2026,7,1,0,0,0,0,1
43.0,11,108.68,1195.48,1,2025,9,1,0,0,0,0,1
30.0,16,74.54,1192.64,1,2025,4,0,1,0,0,1,0
30.0,9,96.45,868.0500000000001,0,2025,11,0,0,0,0,0,1
37.0,8,47.5,380.0,1,2025,12,1,0,1,0,0,1
44.0,25,33.46,836.5,0,2024,7,0,1,0,1,0,0
38.0,40,57.33,2293.2,0,2023,5,1,0,1,0,0,0
58.0,67,99.3,6653.099999999999,0,2021,1,1,1,0,0,0,1
40.0,23,49.73,1143.79,1,2024,9,0,1,0,0,1,0
45.0,62,40.45,2507.9,0,2021,6,0,1,0,1,0,0
52.0,23,22.24,511.52,0,2024,9,1,0,0,0,0,1
45.0,44,82.4,3625.6,0,2022,12,1,0,0,1,0,0
35.0,56,63.58,3560.48,0,2021,12,0,0,0,0,0,1
37.0,68,45.88,3119.84,0,2020,12,1,0,1,0,0,1
26.0,23,71.98,1655.5400000000002,1,2024,9,0,1,0,1,0,0
40.0,9,90.06,810.54,0,2025,11,0,0,1,0,1,0
51.0,4,44.75,179.0,0,2026,5,0,0,0,0,1,0
9.0,34,80.88,2749.92,0,2023,10,0,0,0,0,0,0
56.0,34,46.02,1564.68,0,2023,10,1,1,0,0,0,1
22.0,42,118.67,4984.14,0,2023,3,1,0,0,0,0,0
46.0,3,93.24,279.72,1,2026,5,1,1,0,1,0,0
14.0,34,80.27,2729.18,1,2023,10,1,0,0,0,0,0
35.0,43,37.23,1600.89,0,2023,1,1,0,0,1,0,0
56.0,67,78.64,5268.88,0,2021,1,0,1,0,0,1,0
57.0,37,100.05,3701.85,0,2023,7,1,0,0,1,0,0
44.0,12,93.71,1124.52,1,2025,8,1,0,0,1,0,0
49.0,16,97.8,1564.8,1,2025,4,0,1,0,0,0,0
23.0,62,51.78,3210.36,0,2021,6,1,0,1,0,0,1
46.0,17,52.83,898.11,0,2025,3,0,1,0,0,0,0
50.0,15,73.89,1108.35,1,2025,5,1,0,0,0,1,0
40.0,26,47.87,1244.62,0,2024,6,0,0,0,0,1,0
33.0,45,31.3,1408.5,0,2022,11,0,0,1,0,1,0
40.0,2,66.11,2060.0699999999997,0,2026,7,0,1,0,0,0,1
41.0,17,20.19,343.23,1,2025,3,0,0,1,0,0,0
48.0,65,96.08,6245.2,0,2021,3,0,1,0,1,0,0
51.0,30,94.97,2849.1,0,2024,2,0,1,0,1,0,0
53.0,68,75.19,5112.92,0,2020,12,0,1,0,0,0,1
52.0,44,94.76,4169.4400000000005,0,2022,12,0,0,0,0,1,0
22.0,60,82.45,4947.0,0,2021,8,0,0,0,0,0,1
9.0,1,89.75,89.75,1,2026,7,0,1,0,1,0,0
34.0,19,26.47,2060.0699999999997,0,2025,1,1,0,0,0,1,0
40.0,33,108.13,3568.29,0,2023,11,0,1,0,0,0,1
33.0,36,84.39,3038.04,1,2023,8,0,0,1,1,0,0
34.0,24,81.06,1945.44,0,2024,8,0,0,0,1,0,0
40.0,25,58.72,1468.0,0,2024,7,1,1,0,0,0,1
47.0,11,22.81,250.91,0,2025,9,0,1,0,1,0,0
40.0,9,110.15,991.35,1,2025,11,1,1,0,0,0,0
39.0,6,118.57,711.42,1,2026,3,1,0,0,0,0,0
39.0,58,100.78,5845.24,0,2021,10,1,0,0,0,1,0
47.0,29,111.5,3233.5,1,2024,3,1,0,0,0,0,0
54.0,11,32.1,353.1,0,2025,9,0,0,0,0,0,0
60.0,23,32.87,756.01,0,2024,9,0,0,1,0,0,1
31.0,26,107.96,2806.96,0,2024,6,0,1,0,0,1,0
40.0,1,25.75,25.75,1,2026,7,1,0,1,0,0,1
37.0,47,29.32,2060.0699999999997,0,2022,9,0,0,0,0,0,1
21.0,41,101.68,4168.88,1,2023,3,1,0,1,0,0,0
40.0,23,75.7,1741.1,0,2024,9,0,1,0,0,0,0
30.0,5,59.17,2060.0699999999997,1,2026,3,1,1,0,1,0,0
47.0,50,75.34,3767.0,0,2022,7,0,0,0,1,0,0
51.0,9,107.87,970.83,1,2025,11,1,1,0,0,1,0
44.0,4,95.71,382.84,1,2026,5,1,0,1,0,0,0
65.0,71,89.16,6330.36,0,2020,9,0,1,0,1,0,0
38.0,65,117.69,7649.849999999999,0,2021,3,0,1,0,0,0,1
30.0,57,72.13,4111.41,0,2021,11,0,0,1,0,0,0
29.0,25,20.63,515.75,1,2024,7,0,0,1,0,1,0
49.0,58,62.9,3648.2,0,2021,10,1,0,1,0,1,0
38.0,6,29.66,177.96,1,2026,3,1,1,0,0,0,1
29.0,14,31.65,443.1,0,2025,6,1,1,0,1,0,0
45.0,63,45.49,2060.0699999999997,0,2021,5,1,0,0,0,0,1
40.0,65,58.14,3779.1,0,2021,3,0,0,0,1,0,0
43.0,52,68.16,3544.32,0,2022,5,1,1,0,0,0,0
51.0,65,36.98,2403.7,0,2021,3,1,1,0,0,1,0
41.0,8,51.17,409.36,1,2025,12,0,0,0,1,0,0
33.0,8,47.65,381.2,0,2025,12,1,1,0,0,0,1
50.0,14,56.52,791.2800000000001,0,2025,6,1,0,1,0,0,0
29.0,24,30.8,739.2,0,2024,8,1,0,1,1,0,0
26.0,64,59.73,3822.72,0,2021,4,0,0,0,0,0,0
54.0,25,75.44,1886.0,1,2024,7,0,1,0,0,0,0
36.0,6,29.69,178.14,0,2026,3,1,1,0,0,0,1
60.0,1,72.08,72.08,1,2026,7,0,0,0,0,0,1
50.0,33,95.59,3154.4700000000003,1,2023,11,0,1,0,0,0,0
35.0,14,20.82,291.48,0,2025,6,0,1,0,0,0,0
46.0,63,24.75,1559.25,0,2021,5,0,0,1,0,0,1
70.0,56,66.65,2060.0699999999997,0,2021,12,1,0,0,0,0,1
49.0,62,107.28,6651.36,0,2021,6,1,1,0,1,0,0
40.0,28,119.78,3353.84,0,2024,4,1,0,1,0,1,0
33.0,29,29.34,2060.0699999999997,0,2024,3,1,1,0,1,0,0
62.0,23,21.83,502.09,0,2024,9,0,1,0,0,0,0
56.0,44,42.88,1886.72,0,2022,12,1,1,0,0,1,0
33.0,38,66.75,2536.5,0,2023,7,1,1,0,1,0,0
63.0,49,77.18,3781.82,0,2022,7,0,0,0,0,1,0
42.0,43,117.35,5046.05,1,2023,1,0,1,0,0,0,1
30.0,10,108.85,1088.5,1,2025,10,0,1,0,1,0,0
33.0,27,76.21,2057.67,0,2024,5,0,0,0,1,0,0
51.0,8,56.17,449.36,0,2025,12,1,0,0,0,0,1
40.0,68,52.13,2060.0699999999997,1,2020,12,0,1,0,1,0,0
27.0,30,77.26,2317.8,0,2024,2,1,0,0,0,1,0
35.0,13,92.14,1197.82,0,2025,7,1,0,0,0,0,1
37.0,58,68.17,2060.0699999999997,0,2021,10,1,1,0,0,1,0
32.0,3,50.44,151.32,0,2026,5,1,0,0,1,0,0
35.0,5,81.32,406.6,1,2026,3,1,1,0,1,0,0
51.0,22,75.79,1667.38,0,2024,10,0,0,0,1,0,0
43.0,58,62.74,2060.0699999999997,0,2021,10,1,1,0,1,0,0
34.0,66,94.84,6259.4400000000005,0,2021,2,0,1,0,0,1,0
35.0,40,48.22,1928.8,0,2023,5,1,0,0,1,0,0
38.0,5,68.49,342.45,0,2026,3,0,0,0,0,0,1
39.0,16,114.03,1824.48,1,2025,4,1,1,0,0,0,1
39.0,15,92.28,1384.2,0,2025,5,1,0,0,0,0,0
51.0,18,58.8,1058.4,0,2025,3,1,0,1,0,0,1
42.0,47,74.62,3507.1400000000003,0,2022,9,1,1,0,0,0,0
43.0,4,60.55,242.2,0,2026,5,0,1,0,0,0,1
57.0,53,31.25,1656.25,0,2022,3,0,1,0,0,0,1
63.0,58,53.49,3102.42,1,2021,10,0,0,1,1,0,0
40.0,58,106.04,2060.0699999999997,0,2021,10,1,0,0,0,0,1
21.0,59,66.12,3901.08,0,2021,9,0,0,0,1,0,0
36.0,34,78.46,2667.64,0,2023,10,1,0,1,1,0,0
49.0,30,38.14,1144.2,0,2024,2,1,0,0,0,0,1
45.0,54,55.62,2060.0699999999997,0,2022,3,1,1,0,0,1,0
53.0,68,112.92,7678.56,0,2020,12,0,0,0,1,0,0
35.0,68,51.42,3496.56,0,2020,12,0,0,0,0,0,1
17.0,26,45.06,1171.56,0,2024,6,1,0,1,0,1,0
24.0,3,25.59,76.77,1,2026,5,0,1,0,0,0,1
47.0,57,29.72,1694.04,0,2021,11,0,0,0,0,0,1
53.0,37,78.48,2903.76,0,2023,7,1,0,1,0,1,0
17.0,38,86.0,3268.0,0,2023,7,1,1,0,0,0,1
57.0,41,84.16,2060.0699999999997,0,2023,3,0,1,0,1,0,0
46.0,4,73.98,295.92,1,2026,5,1,1,0,0,0,0
39.0,26,69.1,1796.6,0,2024,6,0,0,0,0,0,0
32.0,39,27.21,1061.19,0,2023,5,1,0,0,0,0,1
59.0,42,104.07,4370.94,0,2023,3,0,0,0,0,0,0
51.0,11,71.31,784.4100000000001,0,2025,9,1,0,1,0,0,0
46.0,11,33.19,365.09,0,2025,9,1,1,0,0,0,0
40.0,54,33.58,1813.32,0,2022,3,0,0,1,1,0,0
59.0,38,71.3,2709.4,1,2023,7,1,0,0,1,0,0
40.0,20,44.46,889.2,0,2024,12,0,0,0,0,0,0
44.0,26,112.2,2917.2000000000003,1,2024,6,1,0,1,0,1,0
41.0,14,69.89,978.46,0,2025,6,0,1,0,0,1,0
40.0,50,117.84,5892.0,0,2022,7,1,0,1,0,1,0
44.0,25,93.42,2335.5,1,2024,7,1,1,0,1,0,0
48.0,55,101.07,5558.849999999999,0,2022,1,1,1,0,1,0,0
35.0,51,58.89,3003.39,0,2022,5,0,1,0,1,0,0
43.0,10,33.4,334.0,0,2025,10,0,0,0,1,0,0
41.0,14,88.97,1245.58,1,2025,6,1,0,0,0,0,1
51.0,5,60.71,303.55,0,2026,3,0,0,1,1,0,0
36.0,57,114.89,6548.7300000000005,0,2021,11,0,0,1,0,0,0
43.0,22,39.36,865.92,0,2024,10,1,1,0,0,1,0
45.0,29,82.65,2396.8500000000004,0,2024,3,0,1,0,0,0,0
36.0,7,106.61,746.27,0,2026,1,1,0,0,0,1,0
30.0,18,60.28,1085.04,1,2025,3,0,0,1,1,0,0
32.0,31,115.37,3576.4700000000003,1,2024,1,0,0,0,0,1,0
45.0,43,27.66,1189.38,0,2023,1,1,1,0,0,1,0
40.0,35,78.69,2754.15,0,2023,9,1,1,0,0,0,0
37.0,71,97.74,6939.54,0,2020,9,1,1,0,0,1,0
47.0,4,40.18,160.72,0,2026,5,0,1,0,0,0,1
52.0,51,25.79,2060.0699999999997,0,2022,5,0,1,0,0,1,0
54.0,30,27.99,839.6999999999999,0,2024,2,0,0,0,1,0,0
33.0,53,51.92,2751.76,0,2022,3,0,1,0,0,1,0
51.0,14,42.32,592.48,1,2025,6,0,1,0,0,0,1
65.0,36,42.39,1526.04,0,2023,8,1,0,1,0,0,1
42.0,12,65.85,790.1999999999999,1,2025,8,0,0,0,0,1,0
39.0,34,28.49,968.66,0,2023,10,1,0,1,0,0,1
37.0,26,119.55,3108.3,0,2024,6,1,0,1,1,0,0
27.0,6,89.58,537.48,1,2026,3,1,0,1,1,0,0
50.0,53,23.03,1220.59,0,2022,3,1,1,0,0,0,0
39.0,15,89.19,1337.85,0,2025,5,1,0,0,1,0,0
38.0,19,99.18,1884.42,0,2025,1,0,1,0,0,0,1
48.0,47,39.08,1836.76,0,2022,9,0,1,0,0,0,1
40.0,61,104.03,2060.0699999999997,0,2021,7,1,1,0,0,0,1
33.0,52,81.18,2060.0699999999997,0,2022,5,0,1,0,0,0,0
33.0,18,102.09,1837.62,1,2025,3,1,0,0,0,1,0
33.0,60,91.67,5500.2,0,2021,8,0,0,1,0,0,1
65.0,47,90.46,4251.62,1,2022,9,1,0,0,0,0,0
58.0,57,35.82,2041.74,0,2021,11,0,0,1,0,0,1
48.0,33,51.58,1702.14,0,2023,11,0,1,0,0,1,0
35.0,32,72.32,2314.24,1,2023,12,0,1,0,0,1,0
37.0,4,31.25,125.0,1,2026,5,0,0,0,1,0,0
44.0,41,67.85,2781.85,0,2023,3,0,1,0,1,0,0
67.0,19,64.53,1226.07,0,2025,1,0,1,0,0,1,0
43.0,7,43.19,302.33,1,2026,1,0,0,1,1,0,0
40.0,26,39.97,1039.22,0,2024,6,1,1,0,0,1,0
40.0,51,44.74,2060.0699999999997,0,2022,5,0,0,1,1,0,0
43.0,56,80.51,4508.56,0,2021,12,0,0,1,0,0,1
23.0,71,61.5,2060.0699999999997,0,2020,9,0,1,0,0,0,0
34.0,51,61.4,3131.4,0,2022,5,0,0,1,0,1,0
41.0,8,38.17,305.36,0,2025,12,1,0,0,0,1,0
36.0,13,98.74,2060.0699999999997,0,2025,7,1,1,0,0,1,0
32.0,32,90.04,2881.28,0,2023,12,0,0,1,0,0,1
32.0,34,62.91,2138.94,0,2023,10,1,0,1,0,0,0
37.0,18,34.22,615.96,0,2025,3,1,0,0,1,0,0
37.0,55,91.47,5030.85,1,2022,1,0,1,0,1,0,0
40.0,43,109.88,4724.84,1,2023,1,1,1,0,0,0,0
39.0,24,37.83,2060.0699999999997,1,2024,8,0,0,1,1,0,0
55.0,21,80.27,1685.6699999999998,0,2024,11,0,0,0,0,1,0
15.0,18,62.43,1123.74,0,2025,3,0,0,0,0,0,0
43.0,14,28.77,402.78,0,2025,6,0,0,0,0,0,1
41.0,53,92.58,4906.74,0,2022,3,0,0,1,0,0,0
38.0,19,27.11,515.09,0,2025,1,1,1,0,0,1,0
32.0,57,90.22,5142.54,1,2021,11,1,1,0,0,0,0
40.0,64,48.12,3079.68,0,2021,4,1,0,0,0,0,1
20.0,2,76.57,153.14,0,2026,7,0,1,0,0,0,1
42.0,57,36.05,2054.85,0,2021,11,1,0,1,0,0,0
45.0,34,57.09,1941.06,0,2023,10,1,1,0,0,0,0
32.0,49,30.41,1490.09,0,2022,7,1,1,0,1,0,0
63.0,54,66.73,3603.42,0,2022,3,0,1,0,1,0,0
39.0,22,41.33,909.26,0,2024,10,1,1,0,0,1,0
41.0,44,38.79,1706.76,0,2022,12,1,1,0,1,0,0
56.0,35,30.72,1075.2,0,2023,9,0,0,0,0,1,0
66.0,29,96.54,2799.6600000000003,0,2024,3,0,0,1,0,1,0
27.0,6,83.95,503.7000000000001,0,2026,3,0,1,0,0,0,0
40.0,37,35.69,1320.53,0,2023,7,1,1,0,1,0,0
39.0,58,67.24,3899.92,1,2021,10,1,1,0,0,0,1
31.0,64,86.09,5509.76,0,2021,4,1,1,0,0,0,1
50.0,31,107.81,2060.0699999999997,0,2024,1,1,0,1,0,0,0
30.0,50,25.96,1298.0,0,2022,7,1,0,0,0,0,1
55.0,60,56.24,3374.4,0,2021,8,0,0,0,0,0,1
47.0,14,81.6,1142.4,0,2025,6,1,0,0,0,0,0
54.0,70,21.56,1509.1999999999998,0,2020,10,1,0,1,0,0,1
30.0,11,44.35,487.85,1,2025,9,0,1,0,0,0,0
40.0,27,94.49,2551.23,0,2024,5,0,0,1,0,1,0
51.0,69,55.57,3834.33,0,2020,11,0,1,0,1,0,0
49.0,38,28.45,1081.1,0,2023,7,0,0,0,0,0,1
37.0,62,82.66,5124.92,0,2021,6,0,0,0,0,0,0
38.0,53,45.01,2385.53,0,2022,3,0,0,0,0,0,1
40.0,18,90.17,1623.06,0,2025,3,1,0,0,1,0,0
38.0,52,110.02,5721.04,0,2022,5,0,0,1,0,0,1
28.0,24,72.79,1746.96,0,2024,8,0,0,1,0,1,0
26.0,7,79.91,559.37,0,2026,1,1,0,0,0,0,0
52.0,14,71.44,1000.16,1,2025,6,0,1,0,1,0,0
38.0,50,101.74,5087.0,0,2022,7,1,0,0,0,1,0
54.0,24,44.17,1060.08,1,2024,8,0,0,0,0,0,1
47.0,13,60.15,781.9499999999999,1,2025,7,0,0,0,0,0,1
44.0,19,109.5,2080.5,1,2025,1,0,0,0,0,0,1
31.0,29,92.36,2678.44,0,2024,3,0,1,0,1,0,0
25.0,22,52.01,1144.22,1,2024,10,0,0,1,0,0,0
35.0,2,103.26,206.52,0,2026,7,0,0,0,1,0,0
40.0,36,43.88,1579.68,0,2023,8,1,0,0,0,1,0
51.0,38,83.42,3169.96,0,2023,7,1,1,0,0,0,0
33.0,18,115.65,2081.7000000000003,1,2025,3,1,1,0,1,0,0
35.0,51,77.47,3950.97,0,2022,5,1,1,0,0,0,1
29.0,15,99.95,2060.0699999999997,1,2025,5,0,1,0,0,1,0
21.0,52,93.54,4864.08,0,2022,5,0,1,0,0,0,1
41.0,17,106.57,1811.69,0,2025,3,1,0,0,1,0,0
61.0,22,116.88,2571.36,1,2024,10,1,1,0,0,1,0
61.0,54,22.23,1200.42,0,2022,3,1,0,1,0,0,0
47.0,52,22.79,2060.0699999999997,0,2022,5,0,0,1,0,0,0
40.0,46,79.44,3654.24,0,2022,10,0,0,1,1,0,0
23.0,4,115.42,461.68,0,2026,5,1,0,0,1,0,0
53.0,7,68.57,479.99,0,2026,1,0,1,0,0,0,0
45.0,10,103.98,2060.0699999999997,0,2025,10,0,1,0,0,0,0
36.0,15,96.79,1451.85,0,2025,5,0,1,0,1,0,0
34.0,26,69.83,1815.58,0,2024,6,1,1,0,0,0,0
47.0,40,71.32,2852.8,1,2023,5,1,1,0,0,1,0
30.0,61,63.6,3879.6,0,2021,7,0,1,0,1,0,0
43.0,16,45.22,723.52,0,2025,4,1,1,0,0,1,0
25.0,18,105.87,1905.66,0,2025,3,0,1,0,0,0,1
40.0,2,40.96,81.92,0,2026,7,0,0,0,0,1,0
32.0,54,110.69,5977.26,0,2022,3,1,1,0,1,0,0
48.0,18,55.97,1007.46,0,2025,3,1,0,0,0,0,1
26.0,54,22.65,1223.1,0,2022,3,0,0,0,0,0,0
38.0,38,36.84,1399.92,0,2023,7,0,1,0,0,1,0
51.0,15,108.78,1631.7,0,2025,5,0,1,0,0,1,0
53.0,64,32.84,2101.76,0,2021,4,0,1,0,1,0,0
49.0,8,93.88,751.04,0,2025,12,0,0,0,0,0,0
40.0,46,38.28,1760.88,0,2022,10,1,0,0,1,0,0
32.0,39,69.89,2725.71,0,2023,5,0,0,0,0,0,0
27.0,52,40.52,2107.04,0,2022,5,0,0,0,1,0,0
58.0,8,53.32,426.56,1,2025,12,0,1,0,0,0,0
41.0,50,32.48,1623.9999999999998,0,2022,7,0,0,1,0,0,1
43.0,50,75.6,3780.0,0,2022,7,0,0,0,1,0,0
54.0,68,56.58,2060.0699999999997,0,2020,12,0,1,0,0,0,1
47.0,27,56.55,1526.85,0,2024,5,0,0,0,1,0,0
38.0,38,23.86,906.68,0,2023,7,1,1,0,1,0,0
49.0,21,33.61,705.81,0,2024,11,1,0,0,1,0,0
33.0,45,90.75,4083.75,0,2022,11,1,1,0,0,1,0
21.0,58,49.23,2855.34,0,2021,10,0,0,0,1,0,0
57.0,23,64.21,2060.0699999999997,0,2024,9,1,0,0,0,0,0
34.0,54,96.31,5200.74,0,2022,3,1,0,1,0,1,0
36.0,30,64.48,1934.4,0,2024,2,1,0,0,0,0,0
37.0,16,42.56,2060.0699999999997,0,2025,4,0,1,0,0,0,0
40.0,52,74.98,3898.96,1,2022,5,0,1,0,0,0,0
53.0,41,100.12,4104.92,1,2023,3,1,0,0,0,0,0
44.0,71,79.96,2060.0699999999997,1,2020,9,0,0,0,0,0,0
36.0,24,62.02,1488.48,0,2024,8,1,1,0,0,0,1
25.0,20,32.56,651.2,0,2024,12,1,1,0,0,1,0
44.0,27,44.87,1211.49,1,2024,5,1,0,1,0,0,1
11.0,2,114.61,229.22,1,2026,7,0,1,0,0,0,1
43.0,60,97.18,5830.8,0,2021,8,0,0,1,0,0,1
56.0,51,28.76,2060.0699999999997,0,2022,5,0,1,0,0,0,0
41.0,1,20.55,20.55,1,2026,7,0,0,0,1,0,0
54.0,6,37.54,225.24,0,2026,3,0,0,0,0,0,0
25.0,38,114.39,4346.82,1,2023,7,0,1,0,0,0,1
64.0,54,78.0,4212.0,0,2022,3,1,0,1,0,0,0
53.0,60,103.87,6232.200000000001,0,2021,8,0,1,0,0,0,1
46.0,27,66.52,2060.0699999999997,0,2024,5,1,1,0,0,0,0
33.0,62,102.66,6364.92,0,2021,6,1,1,0,0,0,1
31.0,63,23.39,1473.57,0,2021,5,0,0,0,0,0,0
39.0,35,62.68,2193.8,0,2023,9,0,1,0,1,0,0
54.0,58,57.76,3350.08,0,2021,10,0,0,0,1,0,0
24.0,61,118.15,2060.0699999999997,0,2021,7,0,0,1,0,0,1
40.0,36,50.05,1801.8,0,2023,8,1,0,1,1,0,0
49.0,56,61.69,3454.64,0,2021,12,0,0,0,1,0,0
51.0,67,95.88,6423.96,0,2021,1,1,1,0,0,1,0
49.0,57,108.07,6159.99,1,2021,11,1,1,0,0,0,0
23.0,41,107.84,4421.4400000000005,1,2023,3,1,1,0,0,0,0
54.0,31,59.45,1842.95,0,2024,1,0,0,0,1,0,0
41.0,3,114.86,344.58,1,2026,5,1,0,0,1,0,0
27.0,38,85.35,3243.3,0,2023,7,0,1,0,0,0,1
40.0,53,105.11,5570.83,0,2022,3,1,0,0,0,0,0
16.0,52,112.63,5856.76,0,2022,5,1,0,0,0,1,0
47.0,24,43.36,1040.64,0,2024,8,0,1,0,0,1,0
38.0,26,69.92,2060.0699999999997,0,2024,6,1,0,0,1,0,0
25.0,37,78.78,2060.0699999999997,0,2023,7,0,0,1,0,0,1
37.0,48,100.24,4811.52,0,2022,8,1,1,0,0,0,1
32.0,67,60.12,2060.0699999999997,1,2021,1,0,0,0,0,0,1
32.0,41,41.04,1682.64,0,2023,3,0,0,0,1,0,0
13.0,49,94.32,4621.679999999999,0,2022,7,0,0,0,1,0,0
20.0,28,79.23,2218.44,1,2024,4,1,0,0,0,0,1
37.0,32,109.83,3514.56,1,2023,12,1,0,0,0,1,0
35.0,71,85.5,6070.5,0,2020,9,1,0,1,0,1,0
52.0,71,21.68,1539.28,0,2020,9,0,0,0,0,0,0
32.0,32,116.67,3733.44,0,2023,12,0,1,0,1,0,0
34.0,38,79.31,2060.0699999999997,0,2023,7,0,0,0,0,0,1
34.0,20,79.59,1591.8000000000002,1,2024,12,1,0,1,0,0,1
38.0,8,110.93,887.44,1,2025,12,1,0,1,1,0,0
41.0,68,86.38,5873.84,0,2020,12,0,0,0,1,0,0
35.0,26,67.93,1766.1800000000003,0,2024,6,1,1,0,0,0,1
47.0,70,30.73,2151.1,0,2020,10,0,0,0,0,0,0
68.0,48,116.22,2060.0699999999997,0,2022,8,0,0,0,0,0,0
30.0,69,27.85,1921.65,0,2020,11,0,1,0,0,0,0
45.0,46,37.03,1703.38,0,2022,10,0,0,0,0,0,1
40.0,58,101.95,5913.1,1,2021,10,1,0,1,0,0,0
53.0,70,69.04,4832.8,0,2020,10,1,1,0,0,0,0
42.0,67,37.83,2534.61,0,2021,1,0,0,0,0,1,0
31.0,29,48.62,1409.98,0,2024,3,1,1,0,0,1,0
26.0,10,119.4,1194.0,1,2025,10,1,0,1,0,0,0
47.0,71,78.4,5566.400000000001,0,2020,9,1,0,0,0,0,1
27.0,65,60.16,3910.4,0,2021,3,1,1,0,0,0,1
54.0,65,107.62,6995.3,0,2021,3,1,0,0,0,0,1
47.0,17,67.97,1155.49,1,2025,3,1,0,1,1,0,0
41.0,22,50.79,1117.38,0,2024,10,1,0,1,1,0,0
40.0,14,36.42,509.88,0,2025,6,1,1,0,0,0,1
48.0,6,94.45,566.7,1,2026,3,0,1,0,0,1,0
59.0,30,79.62,2060.0699999999997,0,2024,2,1,0,1,1,0,0
40.0,47,29.24,2060.0699999999997,0,2022,9,0,1,0,0,0,1
31.0,20,79.16,1583.1999999999998,0,2024,12,1,1,0,1,0,0
39.0,16,35.95,575.2,0,2025,4,0,1,0,1,0,0
46.0,68,118.17,8035.56,0,2020,12,1,1,0,1,0,0
34.0,34,45.97,1562.98,0,2023,10,1,0,0,1,0,0
51.0,1,89.6,89.6,0,2026,7,0,0,1,0,0,1
63.0,48,85.6,4108.799999999999,0,2022,8,0,0,1,1,0,0
44.0,8,89.14,713.12,1,2025,12,1,1,0,0,0,0
40.0,22,63.0,2060.0699999999997,0,2024,10,0,0,0,0,0,1
45.0,68,27.43,1865.24,0,2020,12,1,1,0,0,0,1
54.0,34,118.0,4012.0,0,2023,10,1,1,0,0,0,1
42.0,60,39.15,2349.0,0,2021,8,1,1,0,1,0,0
46.0,45,96.97,4363.65,0,2022,11,1,0,0,0,0,1
48.0,37,33.76,1249.12,0,2023,7,0,0,0,0,1,0
29.0,23,48.12,1106.76,0,2024,9,1,0,0,0,0,0
46.0,24,75.99,1823.76,0,2024,8,1,0,0,0,0,1
24.0,13,61.35,797.5500000000001,1,2025,7,1,0,0,0,0,0
32.0,69,115.83,7992.269999999999,1,2020,11,0,0,0,0,0,0
54.0,60,104.77,6286.2,1,2021,8,0,0,0,1,0,0
50.0,38,112.18,4262.84,0,2023,7,1,0,0,0,0,0
37.0,48,84.07,4035.36,0,2022,8,1,0,0,0,0,0
40.0,26,41.89,1089.14,0,2024,6,0,0,1,0,1,0
24.0,1,71.85,71.85,0,2026,7,0,0,0,0,0,0
40.0,4,96.55,386.2,1,2026,5,1,0,0,0,0,1
43.0,67,26.47,1773.49,0,2021,1,1,0,0,0,0,1
40.0,13,106.31,1382.03,1,2025,7,1,1,0,0,0,0
38.0,39,83.14,3242.46,0,2023,5,1,1,0,0,0,1
27.0,31,92.36,2863.16,0,2024,1,1,0,0,1,0,0
27.0,24,89.43,2146.32,0,2024,8,0,0,0,0,0,1
37.0,5,104.78,1200.5,1,2026,3,1,1,0,1,0,0
18.0,49,28.75,1408.75,0,2022,7,1,0,0,0,0,0
30.0,11,57.7,634.7,0,2025,9,0,1,0,1,0,0
18.0,24,70.26,1686.2400000000002,0,2024,8,1,0,1,1,0,0
40.0,45,74.66,3359.7,0,2022,11,1,1,0,0,0,0
41.0,34,114.26,3884.84,1,2023,10,1,0,0,0,0,0
36.0,11,24.25,2060.0699999999997,1,2025,9,0,0,1,1,0,0
52.0,57,106.64,6078.4800000000005,1,2021,11,0,0,0,0,1,0
36.0,29,75.19,2180.51,0,2024,3,1,1,0,0,0,0
40.0,22,75.46,1660.12,1,2024,10,1,1,0,0,0,0
29.0,33,52.03,1716.99,0,2023,11,1,1,0,0,1,0
40.0,49,84.36,2060.0699999999997,0,2022,7,0,0,1,0,0,1
38.0,23,84.64,1946.72,0,2024,9,1,0,1,0,1,0
37.0,69,38.93,2686.17,0,2020,11,1,1,0,0,0,1
61.0,29,87.7,2543.3,0,2024,3,0,0,0,0,1,0
48.0,6,46.67,280.02,0,2026,3,1,1,0,1,0,0
35.0,52,88.88,4621.76,0,2022,5,0,0,0,0,0,0
42.0,14,81.19,1136.66,1,2025,6,1,1,0,0,1,0
51.0,17,91.6,1557.1999999999998,0,2025,3,1,1,0,0,0,0
46.0,28,21.97,615.16,0,2024,4,0,1,0,0,0,1
60.0,9,32.54,292.86,1,2025,11,0,0,0,1,0,0
31.0,66,104.02,6865.32,0,2021,2,0,0,1,0,0,0
52.0,4,58.07,2060.0699999999997,0,2026,5,1,1,0,0,1,0
35.0,20,103.67,2073.4,1,2024,12,1,1,0,0,1,0
42.0,41,26.27,1077.07,0,2023,3,1,1,0,1,0,0
33.0,36,96.94,3489.84,0,2023,8,0,1,0,0,0,1
38.0,6,28.38,170.28,0,2026,3,0,0,1,1,0,0
43.0,65,66.83,4343.95,0,2021,3,1,1,0,1,0,0
47.0,50,113.76,5688.0,0,2022,7,1,1,0,0,0,0
41.0,64,27.77,1777.28,0,2021,4,1,0,1,0,0,1
10.0,3,55.07,165.21,0,2026,5,0,0,0,1,0,0
39.0,37,71.83,2657.71,0,2023,7,0,0,0,0,0,0
58.0,3,109.95,329.85,1,2026,5,0,1,0,0,0,0
39.0,33,53.26,1757.58,0,2023,11,0,0,1,0,0,1
58.0,59,100.7,5941.3,0,2021,9,1,0,0,0,0,1
39.0,15,91.82,1377.3,0,2025,5,1,0,0,0,0,0
21.0,56,50.71,2839.76,0,2021,12,1,0,1,0,0,1
35.0,61,54.08,3298.88,0,2021,7,0,0,1,0,0,0
33.0,68,39.1,2658.8,0,2020,12,1,0,1,0,0,1
37.0,71,89.3,6340.3,0,2020,9,1,1,0,0,0,1
26.0,68,76.31,5189.08,0,2020,12,0,0,0,0,0,1
40.0,62,35.5,2201.0,0,2021,6,1,1,0,0,1,0
36.0,67,82.01,5494.67,0,2021,1,1,0,0,0,0,1
55.0,23,69.86,1606.78,0,2024,9,0,0,0,0,1,0
25.0,14,29.26,409.64,0,2025,6,0,0,0,0,0,0
43.0,6,115.37,692.22,0,2026,3,0,0,1,1,0,0
40.0,33,103.48,3414.84,1,2023,11,1,1,0,1,0,0
49.0,9,27.1,243.9,0,2025,11,0,1,0,1,0,0
36.0,12,113.13,1357.56,1,2025,8,1,1,0,0,0,0
43.0,51,111.67,5695.17,0,2022,5,1,0,0,0,0,1
40.0,3,24.22,72.66,0,2026,5,1,0,0,0,1,0
20.0,56,40.15,2248.4,0,2021,12,1,1,0,0,0,0
36.0,46,90.24,4151.04,0,2022,10,1,0,0,1,0,0
40.0,36,113.46,4084.56,1,2023,8,1,0,0,1,0,0
40.0,13,102.31,1330.03,1,2025,7,0,1,0,1,0,0
41.0,13,48.19,626.47,0,2025,7,1,1,0,1,0,0
45.0,58,23.34,1353.72,0,2021,10,0,0,1,0,1,0
63.0,34,67.29,2287.86,0,2023,10,1,0,0,1,0,0
33.0,43,29.2,1255.6,0,2023,1,1,0,1,0,1,0
45.0,28,44.53,1246.84,1,2024,4,0,1,0,1,0,0
56.0,56,84.01,4704.56,1,2021,12,1,0,0,0,0,0
18.0,47,69.5,3266.5,0,2022,9,1,0,1,0,1,0
43.0,35,57.67,2018.45,0,2023,9,1,0,1,0,1,0
20.0,19,113.0,2060.0699999999997,1,2025,1,0,1,0,0,0,0
66.0,51,39.3,1200.5,0,2022,5,1,1,0,0,0,1
46.0,20,68.75,1375.0,0,2024,12,1,1,0,1,0,0
45.0,29,77.35,2243.15,0,2024,3,0,1,0,0,0,1
18.0,65,52.19,2060.0699999999997,0,2021,3,1,1,0,0,0,1
34.0,38,90.53,3440.14,0,2023,7,0,1,0,0,0,1
34.0,49,106.73,5229.77,0,2022,7,0,1,0,0,0,1
61.0,28,74.15,2076.2000000000003,0,2024,4,0,1,0,0,0,0
49.0,33,98.13,3238.29,1,2023,11,0,1,0,0,0,0
20.0,13,26.1,339.3,0,2025,7,1,0,1,0,0,0
46.0,44,35.38,1556.72,0,2022,12,1,0,1,0,1,0
22.0,52,66.2,3442.4,0,2022,5,1,1,0,0,0,0
20.0,41,112.1,2060.0699999999997,0,2023,3,0,1,0,0,1,0
45.0,49,73.16,3584.84,0,2022,7,1,0,1,0,1,0
49.0,7,63.23,442.61,0,2026,1,1,0,0,0,0,0
40.0,36,80.01,2880.36,0,2023,8,0,1,0,0,0,0
63.0,26,32.45,843.7,0,2024,6,1,0,0,0,1,0
44.0,27,85.37,2304.99,1,2024,5,1,0,0,0,0,0
42.0,24,29.4,705.5999999999999,0,2024,8,0,0,0,0,0,1
25.0,71,77.68,5515.280000000001,0,2020,9,0,0,0,0,1,0
50.0,33,91.44,3017.52,0,2023,11,0,0,0,1,0,0
40.0,18,61.15,1100.7,0,2025,3,1,0,0,0,1,0
64.0,5,111.09,555.45,1,2026,3,1,0,0,0,0,0
50.0,1,35.2,35.2,0,2026,7,0,0,0,0,0,0
40.0,71,37.1,2634.1,0,2020,9,1,1,0,0,1,0
45.0,3,71.69,215.07,1,2026,5,0,0,0,0,1,0
51.0,36,113.17,4074.12,0,2023,8,1,1,0,1,0,0
37.0,35,59.07,2060.0699999999997,0,2023,9,0,1,0,1,0,0
40.0,51,112.64,5744.64,0,2022,5,1,1,0,0,1,0
27.0,12,89.35,1072.1999999999998,0,2025,8,0,1,0,0,0,0
23.0,15,98.26,1473.9,0,2025,5,1,0,0,0,1,0
42.0,4,113.79,455.16,1,2026,5,1,0,0,0,0,1
40.0,56,77.23,2060.0699999999997,0,2021,12,1,1,0,0,0,1
27.0,16,84.17,1346.72,0,2025,4,0,0,1,0,0,0
29.0,6,77.9,467.4,0,2026,3,1,1,0,0,1,0
40.0,63,98.49,6204.87,1,2021,5,0,0,0,0,1,0
40.0,23,47.34,1088.8200000000002,0,2024,9,1,0,0,0,0,1
44.0,44,98.8,4347.2,0,2022,12,0,1,0,0,1,0
27.0,1,91.35,91.35,1,2026,7,1,1,0,0,0,0
43.0,57,80.21,4571.969999999999,0,2021,11,1,0,0,0,0,0
40.0,27,23.88,644.76,0,2024,5,1,1,0,1,0,0
26.0,25,97.45,2436.25,0,2024,7,1,0,0,0,0,0
12.0,62,33.24,2060.88,0,2021,6,0,1,0,0,1,0
38.0,18,116.2,2091.6,0,2025,3,1,0,1,0,1,0
57.0,30,28.15,844.5,0,2024,2,1,1,0,0,0,1
57.0,30,92.03,2760.9,0,2024,2,1,0,0,0,0,1
40.0,47,56.04,2060.0699999999997,0,2022,9,0,0,0,0,0,0
40.0,22,93.57,2058.54,1,2024,10,1,0,0,1,0,0
50.0,42,71.9,3019.8,0,2023,3,0,1,0,0,1,0
40.0,34,82.95,2820.3,1,2023,10,1,1,0,1,0,0
35.0,63,27.54,1735.02,0,2021,5,0,0,0,0,1,0
54.0,4,116.65,466.6,0,2026,5,1,1,0,0,0,0
47.0,31,20.38,631.78,1,2024,1,0,1,0,0,0,0
40.0,51,114.12,5820.12,0,2022,5,0,1,0,0,0,1
23.0,50,76.83,3841.5,0,2022,7,1,1,0,1,0,0
24.0,14,45.83,641.62,0,2025,6,1,0,0,0,0,1
26.0,8,83.77,670.16,1,2025,12,1,1,0,0,0,0
37.0,69,87.29,2060.0699999999997,0,2020,11,1,1,0,1,0,0
40.0,8,93.03,744.24,0,2025,12,0,1,0,0,1,0
33.0,11,21.64,238.04,0,2025,9,0,0,1,0,0,1
33.0,29,118.28,3430.12,0,2024,3,0,1,0,0,0,0
45.0,55,81.79,4498.450000000001,1,2022,1,0,0,1,0,1,0
50.0,39,57.75,2252.25,0,2023,5,0,0,0,0,0,0
13.0,13,77.07,1001.91,0,2025,7,1,0,1,0,1,0
52.0,64,37.84,2421.76,0,2021,4,1,1,0,0,0,1
32.0,49,44.73,2191.77,0,2022,7,0,1,0,0,1,0
39.0,19,28.58,543.02,0,2025,1,1,0,0,1,0,0
57.0,67,107.92,2060.0699999999997,1,2021,1,0,1,0,0,1,0
37.0,52,45.16,2348.32,0,2022,5,0,0,0,0,0,0
22.0,71,93.97,6671.87,0,2020,9,1,0,0,0,1,0
22.0,20,47.42,948.4,1,2024,12,0,1,0,0,0,1
40.0,54,34.6,2060.0699999999997,0,2022,3,1,0,0,0,0,0
36.0,5,30.81,2060.0699999999997,0,2026,3,0,0,1,0,0,0
41.0,62,106.02,6573.24,0,2021,6,0,1,0,0,0,0
35.0,17,31.97,543.49,0,2025,3,0,0,0,0,0,0
55.0,53,28.71,1521.63,0,2022,3,1,1,0,1,0,0
40.0,37,20.94,774.7800000000001,0,2023,7,1,0,1,0,0,0
19.0,19,56.64,1076.16,0,2025,1,0,1,0,0,0,0
50.0,10,114.27,1142.7,1,2025,10,0,1,0,0,0,0
63.0,44,110.86,4877.84,0,2022,12,0,1,0,0,0,1
42.0,49,31.51,1543.99,0,2022,7,0,1,0,0,0,1
40.0,37,21.25,786.25,0,2023,7,1,0,0,0,0,0
31.0,58,95.1,5515.799999999999,0,2021,10,1,0,0,1,0,0
37.0,15,50.65,759.75,1,2025,5,1,0,0,0,1,0
46.0,20,103.47,2069.4,1,2024,12,1,0,0,1,0,0
54.0,55,41.54,2284.7,0,2022,1,0,0,1,0,0,0
45.0,13,69.22,899.86,0,2025,7,1,1,0,0,0,0
62.0,20,23.29,465.8,0,2024,12,1,0,1,1,0,0
41.0,43,109.47,4707.21,0,2023,1,0,1,0,0,0,0
27.0,41,37.8,1549.8,0,2023,3,0,0,1,0,1,0
27.0,48,49.47,2374.56,0,2022,8,1,0,1,0,0,1
55.0,56,67.97,3806.32,0,2021,12,1,0,0,0,1,0
52.0,68,47.13,3204.84,0,2020,12,0,1,0,0,1,0
20.0,44,24.02,1056.88,0,2022,12,0,0,1,0,1,0
37.0,47,22.91,1076.77,0,2022,9,0,1,0,1,0,0
38.0,50,115.52,5776.0,1,2022,7,1,0,0,1,0,0
31.0,32,52.55,1681.6,0,2023,12,1,0,1,0,1,0
23.0,54,53.44,2060.0699999999997,0,2022,3,0,1,0,1,0,0
31.0,39,112.29,4379.31,0,2023,5,1,1,0,0,0,0
29.0,58,103.62,2060.0699999999997,0,2021,10,1,1,0,0,0,1
23.0,61,88.69,2060.0699999999997,0,2021,7,0,1,0,1,0,0
50.0,19,85.85,1631.15,0,2025,1,1,1,0,1,0,0
43.0,69,100.11,6907.59,0,2020,11,0,0,0,0,1,0
34.0,22,36.89,811.58,0,2024,10,1,1,0,0,0,1
15.0,35,86.43,3025.05,0,2023,9,1,1,0,0,0,0
36.0,10,29.84,298.4,0,2025,10,1,0,0,0,0,0
46.0,15,32.65,489.75,0,2025,5,0,0,0,0,0,1
31.0,2,44.28,88.56,1,2026,7,0,0,0,0,0,0
26.0,22,90.98,2001.56,1,2024,10,1,0,0,0,0,1
39.0,12,109.25,1311.0,1,2025,8,0,0,0,0,1,0
44.0,62,89.08,5522.96,0,2021,6,1,1,0,0,0,0
16.0,45,61.66,2774.7,1,2022,11,0,0,0,0,0,0
56.0,58,71.37,4139.46,0,2021,10,1,0,0,0,0,1
25.0,20,91.23,2060.0699999999997,0,2024,12,0,1,0,0,0,1
35.0,51,81.33,4147.83,0,2022,5,0,0,0,1,0,0
54.0,7,72.95,510.65,1,2026,1,1,1,0,0,1,0
42.0,24,43.68,1048.32,0,2024,8,1,1,0,0,0,0
53.0,67,81.7,5473.900000000001,0,2021,1,1,0,0,0,0,0
59.0,70,21.87,1530.9,0,2020,10,1,1,0,0,0,0
22.0,53,76.01,4028.53,0,2022,3,0,1,0,0,0,1
51.0,34,102.07,3470.38,0,2023,10,1,1,0,0,1,0
40.0,33,37.98,2060.0699999999997,1,2023,11,1,0,1,0,1,0
35.0,23,31.42,722.6600000000001,0,2024,9,1,1,0,0,0,0
36.0,58,117.02,6787.16,0,2021,10,1,0,1,0,0,0
17.0,68,104.35,7095.799999999999,0,2020,12,1,1,0,0,0,1
49.0,69,50.2,3463.8,0,2020,11,0,0,1,0,1,0
10.0,40,40.86,1634.4,0,2023,5,1,0,1,1,0,0
52.0,47,53.4,2509.8,0,2022,9,0,1,0,0,0,0
23.0,43,63.12,2060.0699999999997,0,2023,1,0,1,0,1,0,0
57.0,61,102.11,6228.71,0,2021,7,0,0,0,1,0,0
45.0,42,43.92,1844.64,0,2023,3,0,1,0,0,1,0
52.0,62,92.08,5708.96,0,2021,6,1,0,0,1,0,0
30.0,67,112.93,7566.31,1,2021,1,1,1,0,0,0,0
24.0,55,57.95,3187.25,0,2022,1,0,0,0,0,0,0
19.0,49,22.6,1107.4,0,2022,7,1,1,0,0,0,1
53.0,49,102.76,5035.240000000001,0,2022,7,0,0,1,0,0,1
48.0,33,90.84,2997.7200000000003,0,2023,11,0,1,0,0,1,0
48.0,28,34.91,977.48,0,2024,4,1,1,0,1,0,0
43.0,57,79.69,4542.33,1,2021,11,1,0,0,0,0,0
40.0,41,102.48,4201.68,0,2023,3,1,0,0,0,0,0
37.0,4,38.1,152.4,1,2026,5,0,1,0,0,0,1
44.0,20,42.29,2060.0699999999997,0,2024,12,1,1,0,1,0,0
30.0,35,40.18,1406.3,0,2023,9,1,1,0,0,0,0
36.0,53,119.75,6346.75,0,2022,3,0,1,0,0,1,0
40.0,39,42.95,1675.0500000000002,0,2023,5,0,0,0,0,0,1
40.0,53,46.69,2474.57,0,2022,3,1,0,0,0,1,0
16.0,10,24.79,2060.0699999999997,0,2025,10,1,0,1,0,0,1
35.0,65,118.33,7691.45,0,2021,3,0,1,0,0,1,0
27.0,1,44.68,44.68,0,2026,7,0,0,0,1,0,0
42.0,53,92.52,4903.56,0,2022,3,1,0,1,0,0,0
29.0,46,22.64,1041.44,0,2022,10,1,0,0,0,1,0
37.0,26,98.34,2556.84,0,2024,6,0,0,0,1,0,0
31.0,2,95.06,190.12,0,2026,7,0,1,0,0,1,0
42.0,28,28.42,795.76,0,2024,4,1,0,0,0,0,1
32.0,27,32.26,871.02,1,2024,5,1,0,0,0,0,1
44.0,28,49.51,1386.28,1,2024,4,0,1,0,1,0,0
63.0,31,55.47,1719.57,1,2024,1,1,1,0,0,1,0
26.0,47,98.35,4622.45,0,2022,9,1,1,0,0,0,0
49.0,7,26.12,182.84,0,2026,1,0,0,1,0,0,1
11.0,48,85.02,4080.96,0,2022,8,0,1,0,0,0,1
40.0,26,42.85,1114.1,1,2024,6,1,0,0,1,0,0
43.0,55,58.25,3203.75,0,2022,1,0,1,0,0,1,0
31.0,7,20.22,141.54,0,2026,1,1,0,1,1,0,0
19.0,57,49.11,2799.27,0,2021,11,0,0,0,0,0,1
40.0,58,37.13,2153.54,0,2021,10,1,0,0,0,0,0
58.0,1,70.4,70.4,1,2026,7,1,0,0,1,0,0
40.0,29,35.82,1038.78,0,2024,3,1,0,1,0,1,0
47.0,22,103.58,2278.76,0,2024,10,0,1,0,1,0,0
54.0,40,108.29,4331.6,0,2023,5,0,1,0,1,0,0
70.0,62,104.53,6480.86,0,2021,6,1,0,1,1,0,0
40.0,14,118.18,1654.52,1,2025,6,1,0,0,0,0,0
29.0,2,111.46,222.92,1,2026,7,0,0,0,0,1,0
36.0,35,47.98,1679.3,0,2023,9,1,0,1,0,1,0
47.0,71,51.45,2060.0699999999997,0,2020,9,0,0,1,0,0,1
12.0,67,73.27,4909.09,0,2021,1,1,0,1,0,0,1
48.0,22,58.5,2060.0699999999997,0,2024,10,0,1,0,1,0,0
42.0,18,116.99,2105.82,1,2025,3,1,0,1,0,0,1
34.0,46,53.95,2481.7000000000003,0,2022,10,0,0,0,0,1,0
45.0,63,94.01,5922.63,0,2021,5,0,1,0,1,0,0
51.0,36,77.54,2791.44,0,2023,8,0,1,0,0,0,1
52.0,46,115.65,5319.900000000001,0,2022,10,1,0,0,0,0,0
40.0,37,94.45,2060.0699999999997,0,2023,7,1,0,0,0,0,1
44.0,18,50.36,906.48,0,2025,3,1,0,0,0,0,0
43.0,43,39.71,1707.53,0,2023,1,0,0,0,0,0,1
55.0,29,105.46,3058.34,0,2024,3,1,0,0,0,1,0
45.0,18,111.1,2060.0699999999997,1,2025,3,0,1,0,0,0,1
40.0,15,103.11,1546.65,1,2025,5,1,0,0,0,0,0
51.0,59,93.74,5530.66,0,2021,9,1,1,0,0,0,0
64.0,28,52.17,1460.76,0,2024,4,1,0,0,0,0,1
33.0,53,70.54,3738.62,0,2022,3,1,1,0,0,0,1
60.0,15,111.57,1673.55,1,2025,5,0,0,0,0,0,0
70.0,43,33.49,1440.0700000000002,0,2023,1,0,1,0,0,1,0
34.0,33,69.49,2293.17,1,2023,11,0,0,1,0,0,1
37.0,2,55.55,111.1,1,2026,7,0,0,1,0,0,0
35.0,59,87.75,5177.25,0,2021,9,1,0,0,0,0,1
48.0,8,83.41,2060.0699999999997,1,2025,12,0,0,0,0,0,1
18.0,33,76.01,2508.3300000000004,0,2023,11,0,0,0,1,0,0
34.0,35,47.96,1678.6,0,2023,9,1,1,0,0,0,1
37.0,18,35.96,647.28,1,2025,3,1,1,0,0,0,1
36.0,21,98.43,2067.03,0,2024,11,1,0,0,0,0,1
36.0,64,119.17,7626.88,0,2021,4,0,1,0,0,1,0
34.0,28,36.91,1033.48,0,2024,4,1,1,0,0,0,1
49.0,45,27.58,1241.1,0,2022,11,0,0,1,0,1,0
46.0,20,94.57,1891.4,0,2024,12,1,1,0,0,0,1
60.0,4,54.39,2060.0699999999997,0,2026,5,0,0,0,1,0,0
49.0,36,41.3,2060.0699999999997,1,2023,8,0,0,1,1,0,0
27.0,52,72.51,3770.52,0,2022,5,1,0,0,0,0,0
38.0,39,87.52,3413.28,1,2023,5,1,0,0,0,0,1
37.0,71,41.48,2945.08,0,2020,9,0,0,0,1,0,0
43.0,12,119.45,1433.4,1,2025,8,1,1,0,1,0,0
53.0,55,52.82,2905.1,0,2022,1,1,1,0,0,0,1
42.0,48,51.5,2472.0,0,2022,8,0,1,0,0,0,0
42.0,9,62.3,560.6999999999999,1,2025,11,1,1,0,0,1,0
40.0,12,94.5,1134.0,1,2025,8,0,0,1,1,0,0
50.0,69,107.33,7405.769999999999,0,2020,11,0,1,0,1,0,0
33.0,57,52.4,2986.8,0,2021,11,1,0,0,0,1,0
23.0,28,31.87,892.36,0,2024,4,1,1,0,0,0,1
48.0,17,45.61,775.37,0,2025,3,0,1,0,0,1,0
45.0,22,28.43,625.46,0,2024,10,1,1,0,0,1,0
40.0,35,83.03,2906.05,0,2023,9,0,0,1,0,0,0
11.0,59,94.07,5550.129999999999,0,2021,9,1,1,0,0,1,0
39.0,19,62.93,1195.67,0,2025,1,1,0,1,0,1,0
41.0,50,115.28,5764.0,1,2022,7,0,0,0,0,1,0
22.0,26,92.75,2411.5,1,2024,6,1,0,0,0,1,0
39.0,60,57.97,3478.2,0,2021,8,1,0,0,1,0,0
54.0,44,30.22,1329.6799999999998,0,2022,12,1,0,1,0,1,0
65.0,56,69.37,3884.72,0,2021,12,1,0,1,1,0,0
52.0,43,70.38,3026.34,0,2023,1,1,0,0,0,0,1
36.0,23,75.06,1726.38,1,2024,9,1,1,0,0,0,1
55.0,22,88.24,1941.28,0,2024,10,0,1,0,0,1,0
51.0,47,46.44,2182.68,0,2022,9,1,1,0,0,0,0
34.0,55,20.25,1113.75,0,2022,1,1,1,0,0,0,0
33.0,11,101.28,1114.08,0,2025,9,0,1,0,1,0,0
38.0,55,102.35,5629.25,0,2022,1,1,1,0,1,0,0
27.0,26,111.16,2890.16,1,2024,6,1,1,0,0,0,1
36.0,1,116.9,116.9,1,2026,7,1,0,1,1,0,0
46.0,62,35.92,2227.04,1,2021,6,1,0,1,0,0,0
52.0,21,55.39,1163.19,0,2024,11,0,0,1,0,0,1
35.0,8,105.14,841.12,1,2025,12,0,1,0,0,1,0
57.0,20,113.4,2268.0,1,2024,12,1,0,0,1,0,0
48.0,45,21.45,965.25,0,2022,11,1,1,0,0,1,0
48.0,65,58.75,3818.75,0,2021,3,0,0,0,1,0,0
29.0,60,31.34,1880.4,0,2021,8,1,0,1,0,0,0
62.0,67,98.85,6622.95,1,2021,1,0,0,0,1,0,0
47.0,56,94.71,5303.759999999999,0,2021,12,1,1,0,0,0,0
36.0,31,95.43,2958.3300000000004,1,2024,1,0,0,0,0,0,0
34.0,22,59.02,1298.44,0,2024,10,0,0,0,0,1,0
36.0,62,60.62,3758.44,0,2021,6,0,1,0,1,0,0
28.0,56,46.19,2060.0699999999997,0,2021,12,0,1,0,0,1,0
40.0,8,56.09,448.72,0,2025,12,1,0,1,0,0,0
29.0,62,118.31,7335.22,0,2021,6,1,0,0,0,0,0
40.0,24,24.66,591.84,0,2024,8,0,1,0,0,0,0
35.0,22,52.4,1152.8,0,2024,10,1,0,0,0,0,0
48.0,15,98.99,2060.0699999999997,0,2025,5,0,0,1,0,0,1
50.0,28,58.23,1630.4399999999998,1,2024,4,0,0,0,0,0,0
32.0,22,115.0,2530.0,1,2024,10,0,1,0,1,0,0
40.0,31,53.21,1649.51,0,2024,1,0,1,0,0,0,0
23.0,62,104.98,6508.76,0,2021,6,1,1,0,0,0,1
60.0,69,101.51,7004.1900000000005,0,2020,11,0,0,0,1,0,0
53.0,39,20.92,815.8800000000001,0,2023,5,0,1,0,0,0,1
40.0,40,60.3,2412.0,0,2023,5,0,0,0,0,0,1
30.0,69,48.06,2060.0699999999997,0,2020,11,0,1,0,1,0,0
38.0,55,67.96,3737.8,0,2022,1,1,0,0,0,0,1
40.0,71,66.28,4705.88,0,2020,9,1,0,0,0,0,0
32.0,64,110.55,7075.2,0,2021,4,0,0,0,0,1,0
26.0,8,38.36,306.88,0,2025,12,1,0,0,0,1,0
45.0,71,38.22,2060.0699999999997,0,2020,9,0,0,0,0,1,0
61.0,44,30.81,1355.64,0,2022,12,0,0,1,1,0,0
41.0,38,93.87,3567.0600000000004,0,2023,7,1,1,0,1,0,0
36.0,21,111.79,2347.59,1,2024,11,0,1,0,1,0,0
35.0,4,56.85,227.4,1,2026,5,1,0,1,0,1,0
27.0,32,26.18,837.76,0,2023,12,1,1,0,0,1,0
32.0,55,35.6,1958.0,0,2022,1,0,1,0,1,0,0
54.0,60,30.24,1814.4,0,2021,8,0,0,1,0,1,0
15.0,59,79.23,4674.570000000001,0,2021,9,1,0,1,0,0,1
41.0,67,48.23,3231.41,0,2021,1,1,0,0,0,0,1
40.0,5,109.74,548.6999999999999,1,2026,3,1,0,1,0,1,0
41.0,37,36.23,1340.51,0,2023,7,1,0,0,1,0,0
49.0,27,113.02,3051.54,1,2024,5,0,0,1,0,0,0
41.0,13,53.27,2060.0699999999997,0,2025,7,1,0,0,0,0,0
35.0,6,106.73,640.38,0,2026,3,1,1,0,0,1,0
32.0,65,114.9,2060.0699999999997,1,2021,3,1,1,0,0,0,0
56.0,30,118.64,3559.2,0,2024,2,1,0,0,1,0,0
52.0,52,100.36,5218.72,0,2022,5,0,0,0,0,0,1
40.0,41,30.17,1236.97,0,2023,3,0,0,0,0,0,1
37.0,15,25.54,383.1,0,2025,5,0,1,0,1,0,0
32.0,5,93.97,469.85,0,2026,3,1,0,1,0,0,0
45.0,15,109.7,1645.5,1,2025,5,0,1,0,0,1,0
45.0,1,36.61,36.61,0,2026,7,0,1,0,0,0,1
48.0,15,114.11,1711.65,0,2025,5,0,0,0,0,0,0
50.0,60,81.02,4861.2,0,2021,8,0,0,0,0,0,0
48.0,48,32.4,1555.1999999999998,0,2022,8,1,0,0,0,0,1
40.0,54,36.7,1981.8,0,2022,3,0,1,0,0,0,1
54.0,55,26.6,1463.0,0,2022,1,0,1,0,0,1,0
55.0,27,34.32,926.64,0,2024,5,1,0,1,1,0,0
13.0,30,93.21,2796.3,1,2024,2,1,1,0,0,0,0
43.0,60,41.88,2512.8,0,2021,8,0,0,0,0,1,0
40.0,66,76.17,5027.22,0,2021,2,0,1,0,0,0,1
53.0,46,92.11,4237.06,0,2022,10,1,1,0,1,0,0
13.0,52,109.53,5695.56,0,2022,5,0,1,0,1,0,0
40.0,35,78.99,2764.65,1,2023,9,0,0,0,0,0,0
30.0,42,76.97,3232.74,0,2023,3,0,1,0,1,0,0
27.0,56,111.28,6231.68,0,2021,12,1,0,1,0,0,1
44.0,45,49.49,2227.05,0,2022,11,0,0,0,0,0,1
36.0,52,40.37,2060.0699999999997,0,2022,5,1,0,0,0,0,1
61.0,23,107.28,2467.44,0,2024,9,0,0,0,0,1,0
56.0,29,27.45,796.05,0,2024,3,0,1,0,0,0,1
34.0,29,38.97,1130.13,0,2024,3,0,0,0,0,1,0
53.0,57,61.13,3484.4100000000003,0,2021,11,0,0,0,0,0,1
33.0,19,56.13,1066.47,1,2025,1,1,0,1,0,0,1
33.0,8,90.61,724.88,0,2025,12,0,0,0,1,0,0
49.0,50,29.18,1459.0,0,2022,7,1,1,0,0,0,0
40.0,7,67.72,474.04,0,2026,1,0,1,0,0,0,1
35.0,11,100.86,1109.46,1,2025,9,0,0,0,1,0,0
36.0,67,88.33,5918.11,0,2021,1,1,0,1,1,0,0
44.0,66,83.16,5488.56,0,2021,2,0,1,0,0,0,0
29.0,28,43.94,1230.32,0,2024,4,1,0,0,1,0,0
59.0,56,59.36,3324.16,0,2021,12,0,0,0,1,0,0
29.0,28,38.07,1065.96,0,2024,4,0,1,0,0,0,0
32.0,40,70.89,2835.6,0,2023,5,1,1,0,0,0,1
61.0,2,78.42,156.84,0,2026,7,1,0,0,0,0,0
43.0,61,83.12,5070.320000000001,0,2021,7,0,1,0,0,0,0
63.0,25,107.6,2690.0,1,2024,7,0,0,1,0,0,1
37.0,54,26.18,1413.72,0,2022,3,1,1,0,0,0,1
70.0,17,58.83,1000.11,0,2025,3,1,1,0,0,1,0
47.0,48,79.1,3796.8,0,2022,8,1,1,0,0,0,0
31.0,12,77.01,924.12,1,2025,8,0,0,0,0,0,0
40.0,61,22.17,1352.37,0,2021,7,1,0,0,0,1,0
23.0,2,38.93,77.86,0,2026,7,1,0,0,0,0,1
24.0,65,104.57,6797.049999999999,0,2021,3,1,0,1,0,0,0
32.0,52,71.54,3720.08,0,2022,5,1,1,0,0,1,0
28.0,34,61.36,2086.24,0,2023,10,0,1,0,0,0,1
9.0,45,110.02,4950.9,0,2022,11,0,1,0,1,0,0
50.0,1,27.5,27.5,0,2026,7,1,0,0,0,1,0
49.0,52,112.23,5835.96,0,2022,5,0,0,0,0,1,0
44.0,67,22.78,1526.26,0,2021,1,1,1,0,0,0,0
26.0,56,76.27,2060.0699999999997,0,2021,12,1,1,0,1,0,0
60.0,58,75.51,4379.58,0,2021,10,1,0,0,0,0,1
38.0,50,83.91,4195.5,0,2022,7,1,1,0,1,0,0
40.0,25,22.96,2060.0699999999997,0,2024,7,1,1,0,0,0,0
43.0,12,73.05,876.5999999999999,1,2025,8,0,0,0,0,0,0
42.0,65,31.36,2038.4,0,2021,3,0,1,0,0,0,1
10.0,56,35.6,2060.0699999999997,0,2021,12,0,1,0,0,0,1
40.0,50,41.54,2077.0,0,2022,7,1,0,0,0,0,1
41.0,28,81.32,2276.96,1,2024,4,0,0,0,0,0,0
35.0,3,59.01,177.03,1,2026,5,0,0,1,0,0,1
24.0,38,28.53,1084.14,0,2023,7,1,0,0,0,0,1
24.0,64,48.9,3129.6,0,2021,4,0,1,0,0,0,1
46.0,54,27.66,1493.64,0,2022,3,0,1,0,0,1,0
49.0,36,86.41,3110.76,0,2023,8,0,0,0,0,0,1
35.0,44,75.75,3333.0,0,2022,12,1,0,0,0,0,0
45.0,44,60.77,2673.88,0,2022,12,0,1,0,0,1,0
35.0,69,112.77,7781.13,0,2020,11,0,1,0,0,0,0
30.0,53,71.87,3809.11,0,2022,3,1,0,0,1,0,0
43.0,13,108.75,1413.75,0,2025,7,1,0,0,0,1,0
26.0,44,77.91,3428.04,0,2022,12,1,1,0,0,0,1
40.0,4,57.68,230.72,1,2026,5,1,0,1,0,1,0
23.0,70,73.9,5173.0,0,2020,10,1,1,0,0,0,0
40.0,51,35.19,1794.6899999999998,0,2022,5,1,1,0,0,1,0
42.0,70,87.48,6123.6,0,2020,10,1,0,0,1,0,0
41.0,11,118.21,1300.31,1,2025,9,1,0,1,0,0,1
58.0,54,44.74,2415.96,0,2022,3,0,1,0,0,0,1
8.0,62,52.32,2060.0699999999997,0,2021,6,1,1,0,1,0,0
45.0,59,60.61,3575.99,0,2021,9,1,0,1,0,0,0
37.0,61,68.35,4169.349999999999,0,2021,7,0,0,0,0,1,0
40.0,40,91.91,3676.4,0,2023,5,0,0,0,0,0,0
41.0,4,33.67,134.68,0,2026,5,0,1,0,0,0,0
39.0,27,50.25,2060.0699999999997,0,2024,5,1,0,1,0,0,0
26.0,16,73.87,1181.92,1,2025,4,0,1,0,0,0,1
32.0,7,78.96,552.7199999999999,0,2026,1,0,1,0,0,1,0
40.0,11,73.66,810.26,1,2025,9,1,0,1,0,0,1
47.0,64,63.55,4067.2,1,2021,4,0,1,0,0,0,1
53.0,52,91.15,4739.8,0,2022,5,0,0,1,0,0,1
36.0,6,40.45,242.7,0,2026,3,1,1,0,0,1,0
30.0,48,48.27,2316.96,0,2022,8,1,1,0,1,0,0
49.0,69,64.45,4447.05,1,2020,11,1,1,0,0,0,1
17.0,6,89.55,537.3,1,2026,3,1,0,0,0,0,1
32.0,61,28.24,1722.64,0,2021,7,1,0,0,0,0,1
36.0,66,31.57,2083.62,0,2021,2,1,0,0,0,1,0
51.0,53,98.24,5206.719999999999,0,2022,3,0,0,0,0,1,0
45.0,28,46.1,1290.8,1,2024,4,1,1,0,0,0,0
34.0,5,116.35,581.75,1,2026,3,0,0,1,0,0,1
44.0,58,116.14,6736.12,0,2021,10,1,1,0,0,0,1
36.0,24,88.59,2126.16,1,2024,8,1,1,0,0,1,0
53.0,31,91.69,2842.39,0,2024,1,1,1,0,0,1,0
43.0,41,85.1,3489.1,0,2023,3,1,0,1,0,0,1
61.0,68,37.73,2565.64,0,2020,12,1,0,0,1,0,0
37.0,46,70.05,3222.3,0,2022,10,1,0,0,0,0,0
55.0,10,99.3,993.0,1,2025,10,0,0,1,0,0,0
41.0,37,97.47,3606.39,0,2023,7,0,0,0,0,0,1
32.0,21,109.88,2307.48,0,2024,11,1,0,1,0,0,0
40.0,21,110.08,2311.68,1,2024,11,0,1,0,0,0,1
56.0,10,46.15,461.5,0,2025,10,0,1,0,0,0,1
43.0,24,92.17,2212.08,0,2024,8,0,1,0,0,0,0
49.0,12,85.13,1021.56,0,2025,8,1,0,0,0,1,0
27.0,20,108.58,2171.6,0,2024,12,0,0,1,0,0,1
40.0,70,38.35,2684.5,0,2020,10,1,1,0,0,1,0
53.0,8,93.98,751.84,0,2025,12,1,1,0,0,0,1
40.0,5,62.33,311.65,1,2026,3,0,0,0,0,1,0
40.0,54,59.45,3210.3,0,2022,3,0,0,0,0,0,0
37.0,36,23.58,848.8799999999999,0,2023,8,0,0,0,0,0,1
42.0,38,116.15,4413.7,0,2023,7,1,1,0,0,1,0
37.0,3,87.58,262.74,1,2026,5,0,1,0,0,1,0
16.0,36,79.07,2846.5199999999995,0,2023,8,0,0,0,1,0,0
57.0,22,45.12,992.64,1,2024,10,0,1,0,1,0,0
39.0,8,85.84,686.72,1,2025,12,0,0,0,0,1,0
62.0,61,114.56,6988.16,1,2021,7,1,0,0,0,1,0
19.0,7,36.33,254.31,1,2026,1,0,1,0,0,1,0
19.0,68,118.38,8049.84,0,2020,12,0,0,1,0,0,1
37.0,62,62.74,3889.88,0,2021,6,0,1,0,0,1,0
52.0,19,117.82,2238.58,0,2025,1,1,0,0,0,1,0
25.0,47,83.39,3919.33,0,2022,9,1,0,1,1,0,0
25.0,24,52.41,1257.84,0,2024,8,0,1,0,1,0,0
44.0,6,57.44,344.64,0,2026,3,1,0,1,0,0,1
40.0,8,49.06,392.48,0,2025,12,0,0,1,0,0,1
47.0,25,53.48,1337.0,0,2024,7,1,1,0,0,0,0
36.0,41,84.65,3470.65,0,2023,3,1,0,1,0,1,0
45.0,58,21.66,1256.28,0,2021,10,1,0,1,0,1,0
56.0,60,116.76,7005.6,0,2021,8,1,0,0,0,0,1
25.0,3,96.85,290.54999999999995,1,2026,5,1,1,0,0,0,0
54.0,9,114.1,1026.9,1,2025,11,1,0,0,0,1,0
20.0,52,91.75,4771.0,0,2022,5,1,1,0,0,0,0
47.0,58,68.1,3949.8,0,2021,10,0,1,0,0,0,1
57.0,60,38.97,2338.2,0,2021,8,1,0,1,0,0,1
34.0,49,71.63,3509.87,1,2022,7,0,1,0,0,1,0
48.0,5,91.17,455.85,0,2026,3,0,0,1,0,0,1
34.0,62,105.42,6536.04,0,2021,6,1,0,1,0,1,0
47.0,32,52.41,1677.12,0,2023,12,0,0,0,0,0,1
13.0,27,71.05,1918.35,0,2024,5,0,0,0,0,0,1
42.0,24,82.0,1968.0,0,2024,8,1,1,0,0,0,0
45.0,38,78.86,2996.68,0,2023,7,1,1,0,1,0,0
40.0,67,25.24,1691.08,0,2021,1,0,0,0,1,0,0
51.0,16,68.34,2060.0699999999997,0,2025,4,1,0,0,0,0,1
38.0,15,100.9,1513.5,1,2025,5,1,1,0,0,0,0
43.0,25,100.23,2505.75,0,2024,7,0,1,0,0,0,1
23.0,4,70.71,282.84,0,2026,5,1,0,1,0,0,0
60.0,32,115.24,3687.68,1,2023,12,1,0,0,0,0,0
48.0,45,102.62,4617.900000000001,1,2022,11,1,0,0,1,0,0
18.0,56,93.73,5248.88,0,2021,12,1,1,0,1,0,0
43.0,35,71.56,2060.0699999999997,0,2023,9,0,1,0,0,0,0
44.0,53,79.07,4190.71,0,2022,3,1,0,0,1,0,0
31.0,30,42.32,1269.6,0,2024,2,1,0,1,0,0,0
41.0,49,73.24,3588.76,0,2022,7,1,0,1,0,1,0
30.0,52,72.6,3775.2,0,2022,5,1,1,0,0,0,1
23.0,2,40.28,80.56,0,2026,7,0,0,0,1,0,0
33.0,59,115.11,6791.49,0,2021,9,1,1,0,0,0,1
42.0,37,44.48,2060.0699999999997,0,2023,7,1,1,0,0,0,1
51.0,29,30.42,882.1800000000001,0,2024,3,0,0,0,0,0,1
41.0,30,66.7,2001.0,0,2024,2,1,0,0,0,0,1
51.0,22,88.61,1949.42,0,2024,10,0,0,0,1,0,0
48.0,19,39.52,750.8800000000001,0,2025,1,1,0,0,1,0,0
28.0,67,38.29,2565.43,0,2021,1,1,1,0,1,0,0
48.0,18,46.15,830.6999999999999,0,2025,3,0,1,0,1,0,0
40.0,65,50.27,3267.55,0,2021,3,1,0,0,0,0,0
61.0,5,44.62,223.1,0,2026,3,1,0,1,1,0,0
45.0,11,67.07,737.77,1,2025,9,1,0,0,0,0,1
25.0,58,21.83,2060.0699999999997,0,2021,10,0,1,0,1,0,0
33.0,18,28.75,2060.0699999999997,0,2025,3,1,0,0,0,1,0
18.0,56,92.94,5204.639999999999,0,2021,12,0,1,0,0,0,1
46.0,22,61.23,1347.06,0,2024,10,1,0,0,1,0,0
60.0,56,56.03,3137.6800000000003,0,2021,12,1,1,0,1,0,0
11.0,66,21.04,1388.64,0,2021,2,0,0,0,0,0,1
60.0,23,49.82,1145.86,0,2024,9,1,0,1,0,0,1
46.0,16,102.12,1633.92,1,2025,4,0,0,1,0,0,0
27.0,44,54.04,2377.76,0,2022,12,0,0,0,0,0,1
43.0,68,116.37,7913.16,0,2020,12,0,0,0,0,0,1
27.0,14,59.0,826.0,0,2025,6,1,0,0,0,1,0
45.0,9,66.41,597.6899999999999,0,2025,11,1,1,0,0,0,0
41.0,16,100.19,1603.04,1,2025,4,0,0,0,0,1,0
44.0,13,118.3,1537.9,0,2025,7,0,0,0,0,0,1
29.0,36,57.16,2057.76,0,2023,8,0,0,0,1,0,0
31.0,44,31.99,2060.0699999999997,0,2022,12,0,1,0,0,0,0
46.0,14,72.31,1012.34,1,2025,6,0,0,0,0,0,1
34.0,17,79.18,1346.0600000000002,0,2025,3,1,0,0,0,0,1
42.0,65,115.95,7536.75,0,2021,3,0,0,0,1,0,0
45.0,54,61.39,2060.0699999999997,0,2022,3,0,0,1,1,0,0
37.0,2,29.08,58.16,1,2026,7,1,0,0,1,0,0
54.0,17,85.09,2060.0699999999997,0,2025,3,0,0,1,0,0,1
38.0,23,22.11,508.53,0,2024,9,0,1,0,0,1,0
37.0,1,62.54,62.54,1,2026,7,1,1,0,0,0,0
32.0,12,60.96,731.52,1,2025,8,1,1,0,1,0,0
52.0,13,45.48,591.24,1,2025,7,1,0,0,0,0,0
32.0,12,116.43,2060.0699999999997,1,2025,8,1,1,0,1,0,0
55.0,57,60.34,3439.38,0,2021,11,1,1,0,0,1,0
42.0,18,109.47,1970.46,0,2025,3,1,0,0,0,0,0
40.0,15,71.51,1072.65,1,2025,5,1,1,0,0,1,0
32.0,39,102.05,2060.0699999999997,1,2023,5,0,1,0,0,1,0
55.0,69,65.14,4494.66,0,2020,11,1,1,0,1,0,0
46.0,33,119.15,3931.95,1,2023,11,0,1,0,0,0,0
34.0,48,84.0,4032.0,1,2022,8,0,0,1,0,0,0
46.0,5,35.59,177.95000000000002,1,2026,3,1,1,0,0,1,0
46.0,8,20.64,165.12,0,2025,12,0,1,0,1,0,0
36.0,19,112.89,2144.91,0,2025,1,1,1,0,0,1,0
45.0,52,88.68,4611.360000000001,0,2022,5,1,0,1,0,1,0
54.0,12,30.63,367.56,0,2025,8,1,0,0,0,1,0
46.0,8,94.35,754.8,0,2025,12,1,1,0,0,1,0
35.0,55,42.71,2349.05,1,2022,1,0,0,0,0,0,0
34.0,34,100.92,3431.28,0,2023,10,1,1,0,0,0,1
39.0,65,80.99,5264.349999999999,0,2021,3,1,1,0,0,0,0
53.0,47,32.37,1521.39,0,2022,9,1,0,0,1,0,0
31.0,35,27.09,948.15,0,2023,9,0,1,0,0,0,1
40.0,32,66.61,2131.52,0,2023,12,0,1,0,0,1,0
40.0,51,113.69,5798.19,0,2022,5,0,0,1,0,0,0
47.0,6,76.46,458.76,1,2026,3,0,0,1,0,0,1
49.0,9,95.91,863.1899999999999,1,2025,11,1,0,1,0,1,0
40.0,40,66.95,2678.0,0,2023,5,0,0,1,0,0,0
51.0,48,58.41,2060.0699999999997,0,2022,8,1,0,1,0,0,1
35.0,26,102.22,2657.72,0,2024,6,0,0,0,0,0,0
22.0,37,66.34,2454.58,0,2023,7,0,0,0,0,0,1
46.0,52,34.15,1775.8,0,2022,5,0,1,0,1,0,0
36.0,12,47.45,569.4000000000001,1,2025,8,0,0,1,0,0,1
44.0,38,76.14,2893.32,0,2023,7,1,0,0,0,0,0
31.0,68,60.26,4097.68,0,2020,12,0,1,0,0,0,1
38.0,16,56.64,906.24,0,2025,4,0,1,0,1,0,0
20.0,61,86.88,5299.679999999999,0,2021,7,1,1,0,0,0,0
27.0,24,83.63,2007.12,0,2024,8,1,0,0,1,0,0
26.0,17,51.4,873.8,0,2025,3,0,0,0,1,0,0
50.0,4,55.94,223.76,0,2026,5,1,0,0,0,0,0
40.0,50,95.21,4760.5,0,2022,7,0,0,0,0,1,0
57.0,3,112.13,336.39,1,2026,5,0,0,0,0,0,1
30.0,8,52.42,419.36,0,2025,12,1,0,0,0,0,0
40.0,12,49.19,590.28,1,2025,8,0,1,0,1,0,0
17.0,35,46.53,1628.55,0,2023,9,1,0,0,0,0,1
45.0,66,34.15,2253.9,0,2021,2,0,0,0,0,0,0
40.0,53,57.72,3059.16,0,2022,3,1,0,0,0,0,1
25.0,33,71.6,2362.8,0,2023,11,0,0,0,0,0,1
33.0,18,73.74,1327.32,0,2025,3,0,0,1,1,0,0
37.0,58,89.1,5167.799999999999,0,2021,10,1,0,1,0,1,0
43.0,45,25.26,1136.7,0,2022,11,1,0,0,0,1,0
29.0,15,76.14,1142.1,0,2025,5,0,0,1,0,0,1
45.0,15,45.5,682.5,0,2025,5,0,1,0,1,0,0
41.0,45,43.91,1975.95,0,2022,11,0,0,0,1,0,0
49.0,68,98.97,6729.96,0,2020,12,0,0,0,0,0,0
30.0,69,35.35,2439.15,0,2020,11,0,0,1,0,0,1
35.0,67,52.91,3544.97,0,2021,1,0,1,0,0,0,1
57.0,62,83.76,5193.12,0,2021,6,1,0,0,1,0,0
29.0,44,84.29,3708.76,0,2022,12,1,0,0,0,0,1
23.0,20,24.81,496.2,0,2024,12,0,0,0,0,1,0
40.0,39,27.26,1063.14,1,2023,5,0,1,0,0,1,0
19.0,39,85.54,3336.0600000000004,0,2023,5,0,0,1,0,0,0
60.0,1,115.32,2060.0699999999997,1,2026,7,0,1,0,0,0,1
37.0,67,119.85,8029.95,0,2021,1,0,0,0,1,0,0
37.0,47,118.71,5579.37,0,2022,9,1,0,1,0,0,0
49.0,54,55.16,2978.64,0,2022,3,1,1,0,0,1,0
31.0,20,44.18,883.6,0,2024,12,1,1,0,1,0,0
37.0,9,29.86,268.74,1,2025,11,1,0,0,0,0,1
31.0,28,52.58,1472.24,0,2024,4,0,0,1,0,0,1
19.0,64,47.69,3052.16,0,2021,4,1,1,0,1,0,0
41.0,35,77.68,2718.8,0,2023,9,0,0,0,0,1,0
52.0,40,56.88,2275.2000000000003,1,2023,5,1,0,1,0,0,1
40.0,2,43.15,86.3,0,2026,7,1,0,1,0,0,0
40.0,3,81.25,243.75,0,2026,5,0,0,0,1,0,0
27.0,14,52.31,732.34,0,2025,6,0,0,1,1,0,0
31.0,68,55.36,3764.48,0,2020,12,0,1,0,0,0,1
24.0,47,79.84,3752.48,0,2022,9,1,1,0,0,1,0
44.0,54,31.82,1718.28,0,2022,3,1,1,0,0,1,0
36.0,58,97.42,5650.36,0,2021,10,0,0,1,0,1,0
36.0,62,116.54,7225.48,0,2021,6,0,0,0,1,0,0
48.0,51,69.08,3523.08,1,2022,5,0,0,0,1,0,0
34.0,48,75.99,3647.52,0,2022,8,0,0,1,0,1,0
40.0,27,58.46,2060.0699999999997,0,2024,5,1,0,0,1,0,0
40.0,55,115.67,6361.85,0,2022,1,0,0,1,0,0,0
36.0,49,33.29,1631.21,0,2022,7,0,0,0,0,0,1
21.0,24,101.35,2432.4,1,2024,8,1,0,1,0,0,1
48.0,10,85.04,850.4000000000001,1,2025,10,1,0,0,1,0,0
40.0,7,99.15,694.0500000000001,1,2026,1,1,0,0,0,0,0
44.0,17,115.05,1955.85,1,2025,3,1,1,0,0,0,0
44.0,22,69.62,1531.64,0,2024,10,1,0,0,0,1,0
34.0,59,48.83,2880.97,0,2021,9,1,0,1,0,0,1
38.0,44,97.95,4309.8,0,2022,12,1,0,0,0,0,1
40.0,11,104.46,1149.06,0,2025,9,1,1,0,0,0,1
55.0,42,88.63,3722.46,0,2023,3,1,0,0,1,0,0
37.0,23,104.9,2412.7000000000003,0,2024,9,0,0,0,0,0,0
33.0,60,93.03,5581.8,0,2021,8,1,0,0,0,1,0
40.0,62,115.75,7176.5,1,2021,6,1,0,0,1,0,0
55.0,54,77.07,4161.78,0,2022,3,0,1,0,0,1,0
43.0,13,58.05,754.65,0,2025,7,0,1,0,1,0,0
38.0,68,88.05,5987.4,1,2020,12,0,1,0,0,0,1
40.0,27,26.91,726.57,0,2024,5,0,0,1,0,1,0
39.0,40,69.84,2793.6000000000004,1,2023,5,1,0,0,0,0,0
30.0,10,97.34,973.4,1,2025,10,0,1,0,0,0,0
46.0,15,36.9,553.5,0,2025,5,1,0,0,1,0,0
60.0,45,60.04,2701.8,0,2022,11,0,0,0,0,0,1
47.0,53,55.03,2916.59,0,2022,3,1,0,1,1,0,0
40.0,7,53.5,374.5,0,2026,1,0,0,1,0,1,0
45.0,30,85.06,2551.8,0,2024,2,0,0,0,0,0,0
42.0,30,69.75,2092.5,0,2024,2,0,0,1,0,0,0
45.0,27,99.73,2692.71,1,2024,5,1,0,0,0,0,1
30.0,49,25.78,1263.22,0,2022,7,0,0,0,0,0,0
40.0,57,65.39,3727.23,0,2021,11,0,0,0,0,1,0
51.0,64,21.4,1369.6,0,2021,4,0,0,0,0,0,0
27.0,63,42.09,2651.67,0,2021,5,0,1,0,1,0,0
35.0,48,97.54,4681.92,1,2022,8,0,1,0,0,0,0
37.0,41,30.61,1255.01,0,2023,3,1,0,0,0,1,0
52.0,30,30.56,916.8,0,2024,2,0,1,0,0,0,1
54.0,3,60.14,180.42,0,2026,5,1,1,0,0,0,1
17.0,37,97.69,3614.53,0,2023,7,0,0,0,0,0,0
52.0,30,83.8,2514.0,0,2024,2,1,0,0,0,0,1
54.0,54,98.18,5301.72,0,2022,3,1,0,1,0,1,0
40.0,7,24.95,2060.0699999999997,0,2026,1,0,0,1,0,0,0
34.0,8,76.37,2060.0699999999997,0,2025,12,0,1,0,0,1,0
37.0,63,65.33,4115.79,0,2021,5,1,1,0,0,0,1
21.0,63,109.6,6904.799999999999,0,2021,5,0,1,0,0,0,1
15.0,64,93.73,5998.72,0,2021,4,0,1,0,0,0,0
40.0,30,62.43,1872.9,0,2024,2,1,1,0,0,0,1
41.0,10,75.38,753.8,0,2025,10,0,0,1,0,0,0
42.0,69,62.48,4311.12,0,2020,11,1,1,0,0,0,0
50.0,49,64.11,2060.0699999999997,0,2022,7,1,0,1,0,0,1
40.0,39,83.41,2060.0699999999997,0,2023,5,1,0,0,1,0,0
35.0,34,41.65,1416.1,0,2023,10,1,0,0,1,0,0
27.0,10,53.32,533.2,0,2025,10,0,0,0,0,1,0
47.0,9,47.92,431.28,0,2025,11,0,0,1,0,0,1
43.0,60,100.08,6004.8,0,2021,8,1,0,1,0,0,1
33.0,5,114.19,570.95,1,2026,3,0,0,0,1,0,0
51.0,35,61.43,2150.05,0,2023,9,0,0,0,0,0,0
40.0,11,27.71,304.81,0,2025,9,1,0,0,0,0,0
38.0,42,29.36,1233.12,0,2023,3,1,1,0,0,0,0
39.0,20,59.96,1199.2,0,2024,12,1,1,0,0,0,0
29.0,51,59.5,3034.5,0,2022,5,0,0,0,0,1,0
19.0,1,34.62,34.62,0,2026,7,1,1,0,0,0,1
43.0,11,100.71,1107.81,1,2025,9,1,0,1,1,0,0
56.0,61,70.01,4270.610000000001,0,2021,7,0,1,0,0,1,0
52.0,39,30.91,1205.49,0,2023,5,0,1,0,0,0,1
52.0,48,29.87,1433.76,0,2022,8,1,1,0,0,1,0
30.0,28,64.6,1808.8,0,2024,4,0,0,0,0,0,0
40.0,36,31.68,1140.48,0,2023,8,1,0,1,0,1,0
23.0,70,76.12,5328.400000000001,0,2020,10,0,1,0,0,1,0
42.0,62,58.5,3627.0,0,2021,6,0,0,0,0,0,0
57.0,70,111.97,7837.9,1,2020,10,1,0,0,0,0,0
57.0,10,61.89,618.9,0,2025,10,0,0,0,1,0,0
64.0,5,81.44,407.2,0,2026,3,1,0,0,1,0,0
52.0,28,101.14,2831.92,0,2024,4,1,0,0,0,0,1
46.0,59,50.29,2967.11,0,2021,9,0,0,1,1,0,0
50.0,9,71.19,640.71,1,2025,11,0,1,0,1,0,0
48.0,39,32.09,1251.5100000000002,0,2023,5,1,0,0,0,0,1
30.0,62,63.28,3923.36,0,2021,6,1,0,1,0,1,0
22.0,38,57.58,2060.0699999999997,1,2023,7,0,0,0,0,1,0
51.0,24,62.82,2060.0699999999997,0,2024,8,1,1,0,0,1,0
65.0,64,30.74,1967.36,0,2021,4,1,0,0,0,0,0
51.0,43,59.84,2573.1200000000003,0,2023,1,0,1,0,0,0,1
17.0,16,107.03,2060.0699999999997,0,2025,4,1,0,0,0,1,0
34.0,66,113.71,7504.86,0,2021,2,1,0,0,1,0,0
38.0,66,44.17,2915.2200000000003,0,2021,2,1,1,0,1,0,0
18.0,69,50.05,3453.45,0,2020,11,1,0,1,0,0,1
23.0,46,20.96,964.16,0,2022,10,0,0,1,0,0,1
40.0,21,31.56,662.76,0,2024,11,0,0,1,0,0,1
43.0,60,54.51,2060.0699999999997,0,2021,8,1,1,0,1,0,0
28.0,10,88.51,885.1,0,2025,10,1,0,1,0,0,0
23.0,18,49.22,2060.0699999999997,0,2025,3,1,0,0,0,0,0
54.0,41,27.54,2060.0699999999997,0,2023,3,1,1,0,0,1,0
35.0,36,93.09,3351.24,0,2023,8,0,0,1,0,0,1
37.0,66,66.68,4400.88,0,2021,2,1,0,0,0,1,0
33.0,46,71.92,3308.32,1,2022,10,0,1,0,0,1,0
31.0,23,52.6,1209.8,0,2024,9,1,0,0,0,1,0
56.0,39,81.3,3170.7,0,2023,5,0,1,0,0,0,1
29.0,4,109.08,436.32,0,2026,5,1,0,0,0,0,1
42.0,41,75.38,3090.58,0,2023,3,1,1,0,0,0,0
40.0,3,78.75,236.25,1,2026,5,0,0,1,0,0,0
17.0,53,57.36,3040.08,0,2022,3,0,1,0,0,0,1
43.0,36,28.26,1017.36,0,2023,8,0,0,1,0,0,0
21.0,49,62.85,3079.65,0,2022,7,0,0,1,1,0,0
48.0,27,112.46,3036.42,1,2024,5,1,0,0,0,0,0
26.0,53,88.02,4665.06,0,2022,3,1,1,0,1,0,0
46.0,49,69.02,3381.98,0,2022,7,0,0,0,1,0,0
40.0,1,82.09,82.09,0,2026,7,0,1,0,0,1,0
32.0,46,75.85,3489.1,0,2022,10,0,0,0,0,0,0
43.0,62,111.24,6896.88,1,2021,6,1,0,1,1,0,0
22.0,66,42.38,2797.0800000000004,0,2021,2,1,1,0,0,0,0
39.0,22,108.87,2395.1400000000003,1,2024,10,0,0,0,0,0,0
49.0,39,88.85,3465.15,0,2023,5,0,0,0,0,0,1
53.0,44,32.77,1441.88,0,2022,12,0,1,0,0,0,1
34.0,2,57.19,114.38,0,2026,7,1,0,0,0,1,0
36.0,59,63.63,3754.17,0,2021,9,1,1,0,0,0,0
22.0,28,28.29,792.12,0,2024,4,0,0,0,0,0,1
31.0,67,75.42,2060.0699999999997,0,2021,1,1,0,1,1,0,0
21.0,14,45.94,2060.0699999999997,0,2025,6,1,0,0,1,0,0
45.0,16,65.81,1052.96,0,2025,4,1,1,0,0,1,0
50.0,51,63.88,3257.88,0,2022,5,0,1,0,1,0,0
35.0,28,72.17,2020.76,0,2024,4,0,1,0,0,0,0
27.0,53,104.62,5544.860000000001,0,2022,3,0,1,0,1,0,0
44.0,52,98.08,5100.16,0,2022,5,1,0,0,0,1,0
30.0,25,107.3,2682.5,1,2024,7,0,0,0,0,1,0
40.0,57,77.23,2060.0699999999997,0,2021,11,1,0,1,1,0,0
63.0,9,81.58,734.22,1,2025,11,0,0,1,0,0,0
29.0,11,63.05,693.55,1,2025,9,0,1,0,0,0,1
31.0,45,91.72,4127.4,0,2022,11,0,1,0,0,0,0
22.0,2,40.49,80.98,0,2026,7,0,1,0,0,0,0
42.0,54,67.52,3646.08,0,2022,3,1,1,0,0,0,0
41.0,34,91.42,3108.28,0,2023,10,1,0,0,1,0,0
37.0,42,97.79,4107.18,0,2023,3,0,1,0,0,0,1
40.0,69,44.79,3090.51,0,2020,11,0,1,0,0,0,0
27.0,11,38.15,419.65,0,2025,9,1,1,0,0,0,1
20.0,29,48.85,1416.65,0,2024,3,1,0,0,0,1,0
31.0,5,112.02,560.1,0,2026,3,1,1,0,0,0,1
17.0,20,32.91,658.1999999999999,0,2024,12,1,0,0,1,0,0
29.0,39,115.31,4497.09,0,2023,5,1,0,0,0,1,0
44.0,32,119.48,2060.0699999999997,0,2023,12,0,0,1,0,1,0
41.0,29,98.34,2851.86,1,2024,3,0,0,0,0,0,0
19.0,66,96.04,6338.64,0,2021,2,1,0,0,0,0,1
53.0,1,115.33,115.33,1,2026,7,1,0,1,0,1,0
38.0,1,49.05,49.05,0,2026,7,0,1,0,0,1,0
24.0,4,32.9,2060.0699999999997,1,2026,5,1,0,1,0,0,1
36.0,15,102.31,1534.65,1,2025,5,0,1,0,0,0,1
33.0,47,37.09,1743.2300000000002,0,2022,9,0,1,0,0,0,1
30.0,30,24.54,736.1999999999999,0,2024,2,0,1,0,0,1,0
50.0,6,39.65,237.9,0,2026,3,1,0,0,0,0,1
27.0,1,63.79,63.79,1,2026,7,1,1,0,1,0,0
42.0,71,69.51,4935.21,0,2020,9,1,1,0,0,0,1
24.0,62,26.25,1627.5,0,2021,6,1,0,1,1,0,0
40.0,64,64.34,4117.76,0,2021,4,1,0,1,0,1,0
40.0,5,80.43,402.15,1,2026,3,0,0,1,0,0,0
43.0,54,113.18,6111.72,0,2022,3,1,0,0,0,0,1
41.0,49,42.73,2093.77,0,2022,7,1,1,0,0,1,0
37.0,7,41.1,287.7,0,2026,1,1,0,0,0,1,0
27.0,3,58.94,176.82,1,2026,5,0,0,1,0,0,0
27.0,61,118.37,7220.570000000001,0,2021,7,1,0,0,0,0,1
44.0,41,53.62,2060.0699999999997,0,2023,3,0,0,1,0,1,0
25.0,21,24.39,512.19,0,2024,11,1,1,0,1,0,0
22.0,32,46.56,1489.92,0,2023,12,1,0,0,0,0,0
57.0,12,75.83,909.96,0,2025,8,0,0,0,1,0,0
37.0,7,61.25,428.75,0,2026,1,1,0,1,0,0,1
48.0,51,97.42,4968.42,0,2022,5,0,1,0,1,0,0
50.0,45,80.73,3632.85,0,2022,11,1,1,0,0,0,0
41.0,65,75.95,4936.75,0,2021,3,1,0,1,0,1,0
35.0,60,52.3,3138.0,0,2021,8,0,0,0,0,0,0
36.0,45,75.18,2060.0699999999997,0,2022,11,0,0,1,0,1,0
59.0,34,81.56,2773.04,0,2023,10,0,1,0,0,1,0
33.0,11,37.92,417.12,0,2025,9,1,1,0,1,0,0
42.0,33,93.59,3088.4700000000003,1,2023,11,1,1,0,0,0,0
48.0,8,59.29,474.32,0,2025,12,1,1,0,0,0,0
43.0,45,94.23,4240.35,0,2022,11,0,1,0,0,1,0
53.0,34,37.77,1284.18,0,2023,10,1,0,1,0,0,0
35.0,45,85.65,3854.250000000001,0,2022,11,0,1,0,0,0,1
40.0,65,22.69,1474.85,0,2021,3,1,1,0,0,0,1
18.0,52,35.9,1866.8,0,2022,5,1,0,1,1,0,0
56.0,10,109.11,1091.1,0,2025,10,1,0,0,1,0,0
53.0,43,66.15,2844.4500000000003,0,2023,1,0,1,0,0,0,0
36.0,70,70.79,4955.3,0,2020,10,0,0,0,1,0,0
45.0,11,110.76,1200.5,1,2025,9,1,0,0,0,0,0
51.0,36,68.49,2465.64,0,2023,8,0,0,1,1,0,0
28.0,18,85.46,1538.28,1,2025,3,0,0,0,0,0,1
38.0,63,42.2,2658.6000000000004,0,2021,5,0,0,0,0,1,0
24.0,5,28.16,140.8,0,2026,3,0,1,0,0,1,0
54.0,31,55.34,1715.5400000000002,0,2024,1,1,1,0,0,0,1
50.0,16,99.87,1597.92,1,2025,4,1,0,0,0,1,0
37.0,66,64.68,4268.88,0,2021,2,0,0,0,0,0,0
35.0,9,36.82,331.38,0,2025,11,0,0,1,0,0,0
38.0,2,74.51,149.02,0,2026,7,1,0,1,0,0,1
29.0,37,46.38,1716.0600000000002,0,2023,7,0,1,0,0,0,1
40.0,59,114.67,6765.53,0,2021,9,1,1,0,0,0,1
28.0,58,77.74,4508.92,0,2021,10,0,0,0,0,0,1
51.0,8,118.3,946.4,0,2025,12,1,1,0,0,1,0
54.0,52,24.31,1264.12,1,2022,5,1,1,0,0,1,0
51.0,69,21.16,1460.04,0,2020,11,0,1,0,0,1,0
26.0,52,67.71,3520.92,0,2022,5,0,0,0,0,0,0
37.0,34,106.2,3610.8,1,2023,10,0,0,1,0,0,1
47.0,48,72.44,3477.12,0,2022,8,1,0,1,0,0,0
49.0,24,107.62,2582.88,1,2024,8,1,0,1,1,0,0
18.0,13,33.06,429.78,0,2025,7,0,0,0,0,0,1
49.0,50,89.93,4496.5,0,2022,7,0,1,0,0,0,1
25.0,65,85.99,2060.0699999999997,0,2021,3,1,0,0,0,1,0
38.0,71,74.5,5289.5,0,2020,9,1,1,0,0,1,0
55.0,4,60.51,242.04,0,2026,5,1,0,1,1,0,0
53.0,64,84.71,5421.44,0,2021,4,0,1,0,1,0,0
56.0,39,75.01,2925.3900000000003,0,2023,5,1,1,0,0,1,0
27.0,63,47.26,2977.38,0,2021,5,1,1,0,0,0,1
30.0,58,30.46,1766.68,0,2021,10,0,0,0,0,1,0
33.0,16,58.66,938.56,0,2025,4,1,0,0,0,0,1
38.0,62,71.24,4416.88,0,2021,6,1,0,1,0,0,1
43.0,10,70.85,708.5,0,2025,10,1,0,0,0,0,0
55.0,62,62.56,3878.72,0,2021,6,0,1,0,0,0,0
29.0,33,52.74,1740.42,0,2023,11,0,0,0,1,0,0
32.0,71,55.05,3908.55,0,2020,9,0,0,0,0,0,1
57.0,42,46.58,1956.36,0,2023,3,1,1,0,0,1,0
26.0,44,77.99,3431.56,0,2022,12,1,0,0,0,0,1
49.0,46,104.99,4829.54,1,2022,10,0,0,1,0,0,1
39.0,31,107.97,3347.07,0,2024,1,1,1,0,0,0,1
45.0,5,119.37,596.85,1,2026,3,1,0,0,0,0,1
30.0,18,28.88,519.84,0,2025,3,0,0,1,0,0,1
48.0,6,41.43,248.58,0,2026,3,0,0,0,0,0,1
32.0,50,93.02,4651.0,0,2022,7,0,1,0,0,0,0
23.0,28,84.52,2366.56,0,2024,4,0,0,0,1,0,0
46.0,24,33.39,801.36,0,2024,8,1,1,0,0,0,0
10.0,69,83.1,2060.0699999999997,0,2020,11,1,1,0,1,0,0
33.0,28,60.65,1698.2,0,2024,4,0,1,0,0,0,1
43.0,58,115.69,6710.02,0,2021,10,1,0,0,0,0,0
49.0,67,105.52,7069.84,0,2021,1,0,0,0,0,0,0
55.0,18,27.32,491.76,0,2025,3,1,0,1,0,1,0
61.0,4,29.0,116.0,0,2026,5,1,1,0,0,0,0
58.0,49,61.71,3023.79,0,2022,7,1,0,0,0,0,0
42.0,32,20.84,666.88,0,2023,12,0,0,1,0,0,1
54.0,66,29.44,1943.04,0,2021,2,0,0,0,0,0,0
42.0,58,113.26,6569.08,0,2021,10,0,1,0,0,0,0
48.0,11,99.24,1091.64,0,2025,9,0,0,0,0,0,1
33.0,65,87.27,5672.55,0,2021,3,0,0,1,0,0,1
46.0,17,103.02,1751.34,1,2025,3,1,0,1,1,0,0
34.0,66,45.01,2970.66,0,2021,2,0,1,0,0,0,1
38.0,4,92.56,370.24,0,2026,5,0,0,0,0,0,0
46.0,32,81.56,2609.92,0,2023,12,1,0,0,1,0,0
65.0,71,104.86,7445.06,0,2020,9,0,0,0,0,0,1
45.0,29,48.27,1399.8300000000002,0,2024,3,0,0,0,0,0,1
40.0,61,96.37,5878.570000000001,0,2021,7,0,1,0,1,0,0
30.0,60,105.27,6316.2,1,2021,8,0,0,0,0,1,0
51.0,58,74.9,4344.200000000001,0,2021,10,1,0,0,0,0,0
36.0,53,61.38,3253.1400000000003,0,2022,3,0,0,1,0,1,0
44.0,5,114.87,574.35,1,2026,3,1,0,0,0,0,0
40.0,61,36.9,2060.0699999999997,0,2021,7,1,1,0,0,0,0
40.0,21,23.63,496.23,0,2024,11,0,0,0,0,1,0
50.0,58,37.91,2198.78,0,2021,10,1,1,0,0,1,0
25.0,14,88.35,1236.9,0,2025,6,1,0,0,0,0,0
40.0,54,98.89,5340.06,0,2022,3,0,0,1,1,0,0
48.0,41,91.68,3758.88,1,2023,3,1,1,0,1,0,0
41.0,16,61.99,991.84,0,2025,4,0,1,0,0,1,0
40.0,51,116.76,2060.0699999999997,0,2022,5,0,0,0,0,1,0
61.0,1,64.43,64.43,0,2026,7,0,0,0,0,0,1
33.0,40,118.13,2060.0699999999997,1,2023,5,1,0,0,1,0,0
55.0,18,111.81,2012.58,1,2025,3,0,0,0,1,0,0
33.0,34,60.71,2060.0699999999997,0,2023,10,0,0,0,0,0,0
59.0,61,36.1,2202.1,0,2021,7,0,0,0,0,0,1
49.0,21,28.98,608.58,1,2024,11,0,0,0,0,0,0
22.0,1,73.15,73.15,1,2026,7,0,1,0,0,0,1
35.0,27,96.32,2600.64,1,2024,5,0,1,0,1,0,0
63.0,51,37.6,1917.6,0,2022,5,1,1,0,0,0,0
61.0,11,51.82,570.02,0,2025,9,0,0,0,0,0,1
47.0,14,83.05,1162.7,0,2025,6,0,1,0,0,0,0
44.0,55,66.09,3634.95,0,2022,1,1,0,1,0,0,1
40.0,27,80.39,2170.53,0,2024,5,1,1,0,0,1,0
45.0,22,87.64,1928.08,0,2024,10,0,0,0,0,0,1
38.0,21,58.07,1219.47,0,2024,11,1,0,0,0,1,0
55.0,24,98.6,2366.4,1,2024,8,0,0,0,0,0,1
47.0,19,90.29,1715.5100000000002,1,2025,1,1,1,0,0,0,0
28.0,24,88.76,2130.24,0,2024,8,1,0,0,0,0,1
48.0,26,34.95,908.7,1,2024,6,0,0,1,0,0,1
42.0,25,67.42,1685.5,0,2024,7,1,1,0,0,1,0
36.0,45,77.72,3497.4,0,2022,11,0,1,0,0,0,1
63.0,29,42.64,2060.0699999999997,0,2024,3,1,1,0,1,0,0
41.0,11,95.86,1054.46,1,2025,9,1,0,1,0,0,1
17.0,24,32.11,770.64,0,2024,8,0,0,0,0,1,0
37.0,24,34.99,839.76,0,2024,8,0,1,0,0,0,1
52.0,12,61.33,735.96,0,2025,8,1,0,1,0,1,0
29.0,7,33.53,234.71,1,2026,1,1,1,0,0,1,0
52.0,40,21.16,846.4,0,2023,5,1,0,0,0,1,0
28.0,70,61.14,4279.8,0,2020,10,0,0,1,0,0,1
56.0,23,84.86,1951.78,0,2024,9,1,0,0,1,0,0
33.0,71,69.51,2060.0699999999997,0,2020,9,0,1,0,0,0,1
36.0,38,25.22,958.36,0,2023,7,0,0,0,0,0,1
35.0,31,43.25,1340.75,0,2024,1,0,1,0,0,0,0
47.0,29,72.43,2100.4700000000003,0,2024,3,1,0,0,0,0,1
62.0,44,93.81,1200.5,0,2022,12,1,0,0,0,0,0
40.0,28,99.39,2782.92,0,2024,4,0,1,0,0,1,0
40.0,68,71.94,4891.92,1,2020,12,1,0,0,1,0,0
33.0,21,84.61,1776.81,0,2024,11,0,1,0,1,0,0
20.0,9,110.34,993.06,1,2025,11,1,1,0,0,0,1
34.0,49,26.52,1299.48,0,2022,7,0,0,0,0,1,0
25.0,37,29.92,1107.04,0,2023,7,1,0,0,0,0,1
17.0,21,65.79,1381.59,0,2024,11,0,0,1,0,0,0
39.0,60,80.97,4858.2,0,2021,8,0,0,0,0,1,0
33.0,23,20.46,470.58,0,2024,9,1,0,0,0,0,1
57.0,10,65.25,652.5,0,2025,10,1,0,0,0,0,1
30.0,70,37.28,2609.6,0,2020,10,0,0,1,0,0,1
48.0,21,84.51,1774.71,1,2024,11,0,0,0,0,1,0
48.0,29,46.77,2060.0699999999997,0,2024,3,1,0,0,0,0,0
56.0,59,110.19,6501.21,1,2021,9,0,1,0,1,0,0
38.0,40,26.38,1055.2,0,2023,5,0,0,0,0,0,1
56.0,21,100.92,2119.32,1,2024,11,0,0,0,0,1,0
47.0,63,59.23,3731.49,0,2021,5,1,0,1,1,0,0
54.0,46,105.72,4863.12,0,2022,10,0,0,1,0,0,1
69.0,5,101.51,507.55,1,2026,3,0,1,0,0,1,0
39.0,15,43.93,2060.0699999999997,0,2025,5,1,0,1,0,0,0
40.0,40,25.06,1002.4,1,2023,5,1,0,1,0,0,1
36.0,4,89.55,358.2,1,2026,5,0,0,0,0,1,0
59.0,24,40.44,970.56,1,2024,8,1,1,0,0,0,1
71.0,42,113.05,4748.099999999999,0,2023,3,1,1,0,0,1,0
49.0,26,26.72,694.72,0,2024,6,0,0,0,0,0,0
21.0,66,52.4,3458.4,0,2021,2,0,0,1,0,0,0
29.0,8,21.26,170.08,0,2025,12,1,0,0,0,1,0
54.0,66,51.7,3412.2000000000003,0,2021,2,1,1,0,1,0,0
26.0,20,74.13,1482.6,0,2024,12,1,0,0,0,0,0
40.0,66,85.49,5642.339999999999,0,2021,2,0,0,0,0,0,1
32.0,68,92.64,6299.52,0,2020,12,0,0,1,0,0,0
39.0,55,103.35,5684.25,0,2022,1,1,0,0,0,0,1
43.0,39,31.08,1212.12,0,2023,5,1,1,0,0,0,0
17.0,50,96.19,4809.5,0,2022,7,0,0,0,0,0,0
22.0,20,47.84,2060.0699999999997,0,2024,12,1,0,0,0,0,1
22.0,70,33.82,2367.4,0,2020,10,1,1,0,0,0,0
23.0,28,46.57,1303.96,1,2024,4,0,0,0,0,0,1
40.0,43,105.8,4549.4,1,2023,1,1,1,0,0,0,1
42.0,66,82.74,5460.839999999999,0,2021,2,0,0,0,0,0,0
52.0,28,79.74,2232.72,0,2024,4,0,1,0,0,0,0
40.0,23,78.46,1804.58,1,2024,9,1,0,1,0,0,1
33.0,35,60.86,2130.1,0,2023,9,1,0,0,0,1,0
43.0,22,61.7,1357.4,0,2024,10,0,0,1,0,0,0
53.0,5,34.83,174.14999999999998,0,2026,3,0,0,1,1,0,0
37.0,60,53.26,2060.0699999999997,0,2021,8,1,1,0,0,0,0
36.0,41,71.2,2919.2000000000003,0,2023,3,0,1,0,0,1,0
29.0,29,80.6,2337.4,0,2024,3,1,0,1,0,1,0
30.0,35,27.16,950.6,0,2023,9,1,0,1,0,0,0
48.0,68,53.38,2060.0699999999997,0,2020,12,1,0,0,0,0,0
40.0,45,53.94,2427.3,0,2022,11,0,1,0,1,0,0
64.0,9,71.51,643.59,0,2025,11,0,1,0,0,0,0
32.0,51,91.0,4641.0,1,2022,5,1,0,1,0,1,0
49.0,14,83.52,1169.28,0,2025,6,1,1,0,0,0,1
40.0,69,77.09,5319.21,0,2020,11,0,0,0,0,0,0
39.0,56,49.14,2751.84,0,2021,12,1,1,0,1,0,0
35.0,11,103.91,1143.01,0,2025,9,0,0,1,1,0,0
47.0,30,98.53,2955.9,0,2024,2,1,0,0,0,0,1
40.0,39,38.36,1496.04,0,2023,5,0,0,1,0,1,0
42.0,24,85.51,2060.0699999999997,0,2024,8,1,0,1,0,0,1
40.0,58,110.67,6418.86,0,2021,10,0,1,0,0,1,0
40.0,30,63.56,1906.8,0,2024,2,1,0,0,0,0,1
20.0,24,112.48,2060.0699999999997,1,2024,8,1,0,0,0,1,0
41.0,67,22.2,1487.4,0,2021,1,1,0,0,0,1,0
37.0,29,71.62,2076.98,1,2024,3,1,1,0,0,0,1
40.0,42,45.63,1916.46,0,2023,3,1,1,0,0,0,1
48.0,62,46.22,2865.64,0,2021,6,1,0,0,0,0,1
42.0,27,107.75,2909.25,0,2024,5,0,1,0,1,0,0
46.0,29,51.15,1483.35,1,2024,3,1,0,0,0,0,1
28.0,66,22.33,1473.78,0,2021,2,1,1,0,1,0,0
33.0,57,73.97,4216.29,0,2021,11,0,1,0,1,0,0
40.0,61,117.09,7142.49,0,2021,7,1,0,0,0,0,1
45.0,29,27.91,809.39,0,2024,3,1,0,0,0,0,1
35.0,57,48.63,2060.0699999999997,1,2021,11,0,1,0,0,0,1
34.0,55,66.95,3682.25,0,2022,1,0,1,0,0,1,0
27.0,44,103.05,4534.2,0,2022,12,1,0,0,0,1,0
40.0,28,46.89,1312.92,0,2024,4,0,1,0,0,0,1
42.0,37,54.37,2011.69,0,2023,7,1,0,1,0,0,0
45.0,23,58.45,1344.35,0,2024,9,1,0,0,0,0,1
32.0,69,57.96,2060.0699999999997,0,2020,11,1,0,0,0,0,0
44.0,58,40.03,2060.0699999999997,0,2021,10,0,0,0,0,1,0
28.0,32,111.57,3570.24,0,2023,12,0,0,0,0,1,0
37.0,69,99.29,6851.01,0,2020,11,0,1,0,0,0,0
44.0,36,117.56,4232.16,1,2023,8,1,1,0,0,0,1
37.0,32,57.1,1827.2,0,2023,12,0,0,0,0,0,1
21.0,59,24.53,1447.27,0,2021,9,0,0,0,0,0,0
23.0,60,31.55,1893.0,0,2021,8,0,1,0,0,0,1
43.0,27,55.75,1505.25,0,2024,5,0,0,0,1,0,0
47.0,24,111.11,2666.64,1,2024,8,0,0,1,0,1,0
40.0,67,118.11,7913.37,0,2021,1,1,0,0,0,0,0
47.0,36,102.2,3679.2,0,2023,8,0,0,0,0,0,0
37.0,14,43.84,613.76,0,2025,6,0,0,0,0,0,0
49.0,68,85.97,5845.96,0,2020,12,0,0,0,0,1,0
44.0,44,79.66,3505.04,0,2022,12,1,0,1,0,0,0
32.0,48,102.33,2060.0699999999997,0,2022,8,1,1,0,0,0,0
46.0,32,70.97,2271.04,1,2023,12,0,0,1,0,0,1
44.0,17,51.81,880.77,0,2025,3,1,0,0,0,0,1
60.0,57,21.93,1250.01,0,2021,11,1,1,0,0,0,1
57.0,39,99.5,3880.5,0,2023,5,0,0,0,0,0,0
39.0,32,73.02,2336.64,1,2023,12,1,0,1,0,1,0
35.0,68,73.42,2060.0699999999997,0,2020,12,0,0,1,1,0,0
59.0,2,115.71,231.42,1,2026,7,0,1,0,0,0,1
47.0,42,68.62,2882.04,0,2023,3,1,0,0,1,0,0
38.0,38,51.58,1960.04,0,2023,7,0,0,1,0,0,0
16.0,55,53.98,2968.9,0,2022,1,1,1,0,1,0,0
31.0,55,21.17,1164.35,0,2022,1,1,0,1,0,1,0
30.0,34,32.24,1096.16,0,2023,10,0,0,0,0,0,1
38.0,46,24.38,1121.48,0,2022,10,1,0,0,0,0,1
47.0,43,44.33,1906.19,0,2023,1,0,1,0,0,0,0
49.0,2,26.47,52.94,0,2026,7,0,1,0,0,1,0
58.0,36,53.11,1911.96,0,2023,8,1,0,0,0,1,0
51.0,70,32.61,2282.7,0,2020,10,0,0,1,0,1,0
40.0,36,111.79,2060.0699999999997,1,2023,8,1,0,0,0,0,0
52.0,22,113.84,2504.48,1,2024,10,0,0,1,0,1,0
61.0,69,80.35,5544.15,0,2020,11,0,0,1,0,0,1
60.0,38,100.55,2060.0699999999997,0,2023,7,1,0,0,0,1,0
25.0,54,87.72,4736.88,0,2022,3,0,0,0,0,1,0
38.0,22,101.11,2224.42,1,2024,10,1,1,0,0,0,1
52.0,31,83.98,2603.38,0,2024,1,1,1,0,1,0,0
26.0,53,63.02,2060.0699999999997,0,2022,3,0,0,1,1,0,0
40.0,59,107.38,6335.42,0,2021,9,0,0,0,0,0,0
44.0,49,63.81,3126.69,0,2022,7,0,0,0,0,0,0
32.0,27,59.62,1609.74,0,2024,5,1,1,0,0,0,0
20.0,57,82.44,4699.08,0,2021,11,1,1,0,0,0,0
55.0,6,113.79,682.74,0,2026,3,0,0,0,0,1,0
42.0,46,64.22,2060.0699999999997,0,2022,10,0,0,1,0,1,0
34.0,25,77.49,1937.25,1,2024,7,1,0,1,1,0,0
28.0,9,69.23,623.07,1,2025,11,0,1,0,0,0,0
42.0,64,110.97,7102.08,0,2021,4,1,1,0,0,0,0
46.0,31,87.67,2717.77,0,2024,1,0,0,1,0,1,0
44.0,19,61.96,1177.24,0,2025,1,1,0,0,0,0,0
22.0,65,80.69,5244.849999999999,0,2021,3,1,1,0,0,0,1
46.0,17,35.61,605.37,0,2025,3,0,0,1,0,1,0
48.0,34,54.19,1842.46,0,2023,10,1,0,0,0,0,1
36.0,36,93.62,3370.32,0,2023,8,0,1,0,0,1,0
52.0,13,76.24,991.12,1,2025,7,0,0,0,0,1,0
30.0,59,51.43,3034.37,0,2021,9,0,0,0,0,1,0
55.0,21,56.23,1180.83,0,2024,11,0,1,0,1,0,0
42.0,65,100.98,6563.7,0,2021,3,0,1,0,1,0,0
34.0,6,74.09,444.54,1,2026,3,1,0,1,0,1,0
36.0,11,43.88,482.68,1,2025,9,1,0,0,0,1,0
52.0,22,49.68,1092.96,0,2024,10,1,1,0,0,1,0
43.0,11,66.79,734.69,1,2025,9,0,0,0,0,1,0
48.0,37,96.28,3562.36,0,2023,7,1,0,0,0,0,0
53.0,26,119.74,3113.24,0,2024,6,1,0,1,0,0,1
34.0,57,38.58,2199.06,0,2021,11,1,1,0,0,0,0
42.0,26,95.49,2482.74,0,2024,6,0,1,0,0,0,1
37.0,21,81.72,2060.0699999999997,1,2024,11,1,1,0,0,0,1
52.0,57,73.12,4167.84,0,2021,11,1,1,0,0,1,0
35.0,26,116.65,3032.9,1,2024,6,0,0,1,0,0,0
40.0,15,52.28,784.2,1,2025,5,1,0,1,0,0,0
68.0,63,37.7,2375.1000000000004,0,2021,5,0,0,1,0,0,0
55.0,35,107.76,3771.6,1,2023,9,1,0,1,0,1,0
28.0,11,26.87,295.57,0,2025,9,0,0,0,0,1,0
51.0,68,101.71,6916.28,0,2020,12,1,0,0,0,0,1
48.0,50,78.92,3946.0,0,2022,7,1,1,0,1,0,0
27.0,29,36.4,1055.6,0,2024,3,1,0,0,0,0,1
39.0,64,42.74,2735.36,0,2021,4,1,1,0,0,1,0
29.0,41,35.58,1458.78,0,2023,3,1,0,0,0,0,1
11.0,26,91.83,2387.58,1,2024,6,0,0,0,0,0,0
38.0,28,34.73,972.44,0,2024,4,1,0,0,0,0,1
34.0,48,88.14,4230.72,0,2022,8,1,0,0,0,0,0
27.0,66,32.82,2166.12,0,2021,2,0,0,1,0,0,1
40.0,23,100.23,2305.29,0,2024,9,1,0,0,0,0,1
15.0,39,111.95,4366.05,1,2023,5,1,0,0,0,0,1
40.0,69,75.93,5239.17,0,2020,11,1,0,0,1,0,0
40.0,21,116.62,2449.02,1,2024,11,1,0,0,0,0,1
48.0,49,59.04,2892.96,0,2022,7,1,1,0,0,1,0
21.0,36,44.46,1600.56,0,2023,8,1,0,1,0,1,0
66.0,37,37.73,1396.01,0,2023,7,0,1,0,0,0,0
61.0,42,67.9,2851.8,1,2023,3,0,0,1,0,1,0
31.0,62,33.07,2050.34,0,2021,6,0,1,0,0,0,0
58.0,6,107.58,645.48,1,2026,3,0,0,1,1,0,0
50.0,8,98.48,787.84,0,2025,12,1,1,0,0,1,0
35.0,69,76.21,5258.49,0,2020,11,1,0,1,0,1,0
33.0,40,92.15,2060.0699999999997,0,2023,5,0,1,0,0,0,0
34.0,10,25.0,250.0,1,2025,10,1,1,0,1,0,0
40.0,31,40.35,1250.85,0,2024,1,0,0,0,1,0,0
56.0,30,82.12,2463.6000000000004,0,2024,2,0,1,0,0,0,1
38.0,51,67.75,3455.25,0,2022,5,1,0,0,0,0,0
39.0,36,80.46,2896.56,0,2023,8,1,1,0,0,0,0
50.0,61,28.9,1762.9,0,2021,7,1,0,0,1,0,0
50.0,27,85.24,2301.48,0,2024,5,1,0,0,0,0,0
29.0,35,100.36,3512.6,0,2023,9,1,1,0,0,1,0
44.0,60,74.63,4477.799999999999,0,2021,8,1,0,0,0,1,0
33.0,32,55.74,1783.68,0,2023,12,1,0,0,0,1,0
42.0,4,37.46,149.84,0,2026,5,1,0,0,0,0,0
39.0,27,46.54,1256.58,0,2024,5,0,1,0,0,0,1
52.0,47,72.25,3395.75,0,2022,9,1,1,0,0,0,1
37.0,6,45.55,273.29999999999995,0,2026,3,0,1,0,1,0,0
41.0,26,97.79,2542.54,0,2024,6,1,1,0,0,0,0
17.0,24,33.17,796.08,1,2024,8,0,0,0,1,0,0
44.0,71,71.64,5086.44,0,2020,9,1,1,0,0,0,0
31.0,44,69.6,3062.4,0,2022,12,1,1,0,0,0,1
40.0,14,33.89,474.46,0,2025,6,1,0,1,0,1,0
54.0,13,119.5,1553.5,1,2025,7,1,1,0,0,0,0
39.0,26,102.31,2660.06,0,2024,6,1,0,0,0,0,1
40.0,43,58.65,2521.95,0,2023,1,0,0,1,0,0,1
31.0,43,88.49,3805.07,0,2023,1,0,1,0,0,0,1
40.0,66,91.66,6049.56,0,2021,2,1,0,0,0,0,1
40.0,28,85.11,2383.08,0,2024,4,0,1,0,0,0,1
34.0,1,63.25,63.25,0,2026,7,1,1,0,1,0,0
40.0,12,108.51,1302.12,0,2025,8,0,1,0,0,0,1
33.0,50,97.16,2060.0699999999997,0,2022,7,0,1,0,0,0,1
53.0,53,74.2,3932.6,0,2022,3,1,0,0,0,0,0
57.0,60,20.26,1215.6,0,2021,8,0,0,0,0,0,0
33.0,55,42.34,2328.7000000000003,0,2022,1,1,0,0,0,0,0
40.0,35,70.88,2480.8,0,2023,9,1,1,0,0,0,1
21.0,61,109.89,6703.29,0,2021,7,0,1,0,0,0,1
30.0,26,82.86,2154.36,0,2024,6,0,0,0,1,0,0
51.0,31,61.79,1915.49,0,2024,1,0,1,0,0,1,0
49.0,57,24.79,1413.03,0,2021,11,0,0,1,0,0,1
40.0,12,79.73,2060.0699999999997,1,2025,8,0,0,1,0,1,0
27.0,5,55.08,275.4,0,2026,3,1,1,0,0,0,1
27.0,7,73.74,516.18,0,2026,1,1,0,0,0,1,0
31.0,16,96.64,1546.24,0,2025,4,0,1,0,0,0,0
27.0,52,100.37,5219.24,0,2022,5,0,0,0,0,0,1
42.0,21,106.43,2235.03,0,2024,11,1,0,0,1,0,0
40.0,27,83.6,2257.2,0,2024,5,1,0,0,0,1,0
26.0,23,110.56,2542.88,0,2024,9,0,1,0,0,0,0
36.0,25,89.06,2226.5,0,2024,7,0,0,1,1,0,0
8.0,11,98.39,1082.29,1,2025,9,1,1,0,0,0,0
44.0,63,88.55,5578.65,0,2021,5,1,1,0,0,0,1
49.0,57,107.19,6109.83,1,2021,11,1,1,0,1,0,0
29.0,54,42.29,2060.0699999999997,0,2022,3,0,1,0,0,1,0
31.0,10,95.99,959.9,1,2025,10,1,0,0,0,1,0
43.0,50,31.72,1586.0,0,2022,7,0,1,0,1,0,0
41.0,1,29.2,2060.0699999999997,1,2026,7,0,0,0,0,1,0
49.0,70,69.16,4841.2,0,2020,10,1,0,0,0,0,0
31.0,30,50.02,2060.0699999999997,0,2024,2,0,0,1,1,0,0
32.0,55,76.34,4198.7,0,2022,1,0,1,0,0,1,0
37.0,6,87.77,526.62,0,2026,3,0,0,1,0,0,0
27.0,24,42.66,1023.84,0,2024,8,1,1,0,0,1,0
37.0,5,89.99,449.95,1,2026,3,0,0,0,0,0,0
27.0,7,119.55,836.85,1,2026,1,1,1,0,0,0,1
45.0,3,96.0,2060.0699999999997,0,2026,5,1,0,1,0,0,0
29.0,13,37.38,485.94000000000005,0,2025,7,0,0,0,0,1,0
43.0,54,83.37,4501.9800000000005,0,2022,3,1,0,1,0,0,0
57.0,63,20.95,1319.85,0,2021,5,0,0,0,0,0,1
45.0,6,66.97,401.82,1,2026,3,1,1,0,1,0,0
42.0,47,73.33,3446.51,0,2022,9,0,0,1,1,0,0
24.0,55,117.24,6448.2,1,2022,1,1,1,0,0,0,1
57.0,49,93.72,4592.28,0,2022,7,0,0,0,0,0,0
53.0,57,90.6,5164.2,0,2021,11,1,1,0,0,0,1
40.0,3,73.24,219.72,1,2026,5,1,0,0,1,0,0
35.0,22,71.32,1569.04,1,2024,10,0,0,1,0,0,0
30.0,35,119.21,4172.349999999999,0,2023,9,1,0,1,0,0,1
61.0,28,22.13,619.64,0,2024,4,0,1,0,0,0,1
49.0,42,50.32,2113.44,0,2023,3,0,0,1,0,0,1
31.0,12,33.38,400.56000000000006,1,2025,8,0,1,0,0,0,0
53.0,1,51.5,51.5,1,2026,7,1,0,0,0,0,0
56.0,23,66.36,2060.0699999999997,1,2024,9,1,0,0,0,0,0
40.0,28,54.19,1517.32,0,2024,4,0,1,0,0,0,1
36.0,69,116.27,8022.63,0,2020,11,1,0,0,0,1,0
28.0,36,88.06,3170.16,0,2023,8,0,0,0,1,0,0
48.0,54,92.8,5011.2,1,2022,3,1,0,0,1,0,0
35.0,47,94.23,4428.81,0,2022,9,1,1,0,0,0,1
34.0,56,109.92,2060.0699999999997,0,2021,12,1,0,1,0,0,0
40.0,10,96.8,2060.0699999999997,1,2025,10,0,0,0,1,0,0
30.0,5,21.62,108.1,0,2026,3,1,0,0,1,0,0
58.0,14,46.14,645.96,0,2025,6,0,0,0,1,0,0
52.0,24,118.91,2853.84,1,2024,8,0,1,0,1,0,0
41.0,63,85.21,2060.0699999999997,0,2021,5,0,0,1,0,0,0
30.0,28,26.81,750.68,0,2024,4,0,1,0,0,0,1
30.0,21,66.66,1399.86,0,2024,11,0,0,0,0,0,0
30.0,20,118.08,2361.6,1,2024,12,0,1,0,0,0,0
25.0,62,119.28,7395.36,0,2021,6,0,1,0,1,0,0
44.0,51,63.24,3225.24,0,2022,5,0,0,0,1,0,0
32.0,40,109.31,4372.4,0,2023,5,1,0,0,0,0,0
32.0,65,79.2,5148.0,0,2021,3,1,0,0,0,0,0
30.0,28,70.94,1986.32,0,2024,4,1,0,1,0,0,0
52.0,54,61.19,3304.26,0,2022,3,0,1,0,0,1,0
31.0,2,109.21,218.42,1,2026,7,1,1,0,0,0,1
55.0,14,82.11,1149.54,0,2025,6,1,0,1,0,0,1
37.0,14,53.38,747.32,0,2025,6,0,0,1,0,0,1
25.0,44,69.19,2060.0699999999997,0,2022,12,0,1,0,0,0,1
46.0,40,64.41,2060.0699999999997,0,2023,5,1,0,0,0,1,0
51.0,34,65.12,2214.08,0,2023,10,0,0,0,0,1,0
30.0,65,51.16,3325.4,0,2021,3,1,1,0,0,0,1
41.0,18,83.3,1499.4,0,2025,3,0,0,0,0,0,1
44.0,34,25.22,2060.0699999999997,0,2023,10,1,1,0,0,0,1
40.0,49,108.62,5322.38,1,2022,7,0,0,0,0,0,0
35.0,55,61.54,3384.7,0,2022,1,1,1,0,0,0,1
51.0,62,100.09,6205.58,0,2021,6,0,0,1,0,1,0
37.0,70,92.95,6506.5,0,2020,10,1,0,1,0,0,1
33.0,24,67.19,2060.0699999999997,0,2024,8,0,1,0,0,0,0
19.0,48,39.87,1913.76,0,2022,8,1,1,0,0,1,0
19.0,39,76.22,2972.58,0,2023,5,0,1,0,0,0,1
43.0,48,114.81,5510.88,0,2022,8,0,0,0,0,1,0
39.0,70,38.58,2700.6,0,2020,10,0,1,0,0,0,0
51.0,9,45.6,410.4,0,2025,11,1,0,1,1,0,0
54.0,29,119.3,2060.0699999999997,1,2024,3,0,1,0,0,0,1
37.0,68,109.26,7429.68,0,2020,12,1,0,0,0,1,0
51.0,60,74.95,4497.0,0,2021,8,1,1,0,0,0,1
33.0,26,89.47,2326.22,1,2024,6,0,1,0,1,0,0
38.0,38,64.31,2443.78,0,2023,7,1,1,0,0,1,0
38.0,62,60.41,3745.42,0,2021,6,0,1,0,0,0,1
59.0,26,64.32,1672.3199999999997,0,2024,6,0,1,0,0,0,0
25.0,14,61.44,860.16,0,2025,6,1,1,0,0,0,0
41.0,49,87.56,2060.0699999999997,0,2022,7,1,0,0,1,0,0
32.0,43,53.05,2281.15,0,2023,1,1,0,1,1,0,0
36.0,8,37.08,296.64,0,2025,12,0,0,1,1,0,0
36.0,40,90.66,3626.4,1,2023,5,0,1,0,0,1,0
41.0,25,23.13,578.25,0,2024,7,1,1,0,1,0,0
56.0,63,91.88,5788.44,0,2021,5,0,1,0,0,1,0
63.0,4,46.32,185.28,0,2026,5,0,1,0,0,0,1
48.0,15,39.03,585.45,1,2025,5,0,0,1,0,0,0
28.0,16,57.9,926.4,0,2025,4,1,0,0,0,0,1
38.0,54,31.75,2060.0699999999997,0,2022,3,1,1,0,0,0,0
43.0,11,58.45,642.95,0,2025,9,1,0,1,1,0,0
35.0,28,30.23,846.44,0,2024,4,0,1,0,0,0,1
37.0,7,68.35,478.44999999999993,0,2026,1,0,0,1,0,0,1
39.0,38,37.62,1429.56,0,2023,7,1,0,1,1,0,0
49.0,24,33.0,792.0,0,2024,8,0,0,1,0,0,1
40.0,68,77.91,5297.88,0,2020,12,1,1,0,0,1,0
33.0,37,82.52,3053.24,0,2023,7,1,0,0,0,0,0
47.0,35,20.55,719.25,0,2023,9,0,0,0,1,0,0
61.0,6,58.77,2060.0699999999997,1,2026,3,0,1,0,0,1,0
22.0,33,27.8,917.4,0,2023,11,0,1,0,0,1,0
35.0,54,93.86,5068.44,0,2022,3,0,0,1,1,0,0
34.0,14,88.15,1234.1,1,2025,6,0,0,0,0,0,1
40.0,19,24.97,474.43,0,2025,1,0,1,0,0,0,0
18.0,11,114.13,1255.4299999999998,0,2025,9,1,0,0,0,1,0
56.0,71,116.0,8236.0,0,2020,9,0,0,0,0,0,1
41.0,45,53.47,2060.0699999999997,0,2022,11,1,0,1,1,0,0
40.0,60,33.06,1983.6,0,2021,8,0,0,1,0,0,1
42.0,58,31.43,1822.94,0,2021,10,0,1,0,0,0,0
34.0,24,104.07,2497.68,1,2024,8,1,1,0,1,0,0
48.0,11,65.92,725.12,0,2025,9,1,1,0,0,0,0
40.0,44,20.95,921.8,0,2022,12,0,0,1,1,0,0
15.0,66,112.54,7427.64,0,2021,2,1,0,0,1,0,0
39.0,45,79.27,3567.15,0,2022,11,0,0,1,0,1,0
37.0,32,89.04,2849.28,0,2023,12,1,0,1,0,0,1
48.0,17,102.36,1740.12,1,2025,3,1,0,0,0,1,0
72.0,54,101.86,5500.44,1,2022,3,1,1,0,0,0,0
45.0,10,27.58,275.79999999999995,0,2025,10,0,1,0,0,1,0
65.0,6,77.4,464.4,1,2026,3,0,1,0,1,0,0
32.0,20,89.62,1792.4,1,2024,12,0,0,0,1,0,0
33.0,1,28.56,28.56,0,2026,7,0,0,0,0,0,1
37.0,64,42.24,2703.36,0,2021,4,0,1,0,0,0,0
45.0,1,59.58,59.58,1,2026,7,1,1,0,1,0,0
32.0,61,108.65,6627.650000000001,1,2021,7,0,0,1,0,0,1
40.0,1,105.06,105.06,1,2026,7,0,1,0,0,0,1
40.0,46,98.21,4517.66,0,2022,10,1,0,1,1,0,0
26.0,60,119.03,1200.5,0,2021,8,0,0,0,1,0,0
53.0,43,44.27,1903.61,0,2023,1,0,0,0,0,0,0
48.0,44,66.78,2938.32,0,2022,12,1,0,0,0,0,1
31.0,38,64.67,2457.46,0,2023,7,1,0,0,0,0,1
45.0,2,87.89,175.78,0,2026,7,0,1,0,0,0,1
33.0,12,105.02,1260.24,1,2025,8,0,0,0,0,0,0
39.0,23,69.17,1590.91,0,2024,9,0,0,0,0,0,1
39.0,9,69.15,622.35,0,2025,11,0,1,0,0,1,0
36.0,8,80.83,646.64,1,2025,12,1,0,0,0,1,0
50.0,50,94.25,4712.5,0,2022,7,0,1,0,0,0,1
27.0,62,40.13,2488.06,0,2021,6,1,1,0,0,1,0
46.0,23,116.19,2672.37,0,2024,9,1,1,0,0,1,0
44.0,59,29.21,1723.39,0,2021,9,0,0,1,0,0,0
23.0,10,22.31,223.1,0,2025,10,1,0,0,0,0,1
30.0,12,55.88,670.5600000000001,0,2025,8,1,1,0,0,0,0
27.0,62,90.14,2060.0699999999997,1,2021,6,1,0,0,0,0,1
36.0,30,117.81,3534.3,0,2024,2,0,0,0,1,0,0
41.0,68,113.28,7703.04,0,2020,12,1,0,1,0,1,0
29.0,47,88.85,4175.95,0,2022,9,0,0,0,0,0,0
40.0,41,63.65,2609.65,0,2023,3,0,1,0,0,0,0
53.0,7,79.58,557.06,1,2026,1,1,1,0,1,0,0
55.0,52,116.87,6077.24,0,2022,5,1,0,0,1,0,0
40.0,45,46.55,2094.75,0,2022,11,1,1,0,0,1,0
63.0,38,67.83,2577.54,0,2023,7,1,0,0,0,1,0
42.0,36,89.29,3214.44,1,2023,8,0,0,0,0,0,1
41.0,58,21.03,1219.74,0,2021,10,1,1,0,0,0,1
39.0,46,58.13,2673.98,0,2022,10,1,1,0,1,0,0
24.0,67,76.79,5144.93,0,2021,1,1,1,0,0,1,0
44.0,65,110.09,7155.85,0,2021,3,1,0,1,0,1,0
59.0,18,119.2,2145.6,1,2025,3,0,0,1,1,0,0
42.0,2,75.63,151.26,1,2026,7,0,1,0,1,0,0
27.0,4,114.46,457.84,1,2026,5,1,1,0,0,0,0
22.0,42,29.93,1257.06,0,2023,3,1,0,1,1,0,0
36.0,49,90.13,4416.37,1,2022,7,1,0,0,0,0,0
31.0,49,60.06,2060.0699999999997,0,2022,7,1,0,1,0,0,1
48.0,7,95.1,665.6999999999999,1,2026,1,0,0,0,0,0,1
56.0,9,106.77,960.93,0,2025,11,1,0,1,1,0,0
40.0,71,25.37,1801.27,0,2020,9,1,1,0,1,0,0
39.0,27,113.55,3065.85,1,2024,5,1,0,0,0,0,0
38.0,21,26.82,563.22,0,2024,11,1,1,0,1,0,0
41.0,35,95.34,2060.0699999999997,0,2023,9,0,0,1,1,0,0
40.0,36,26.91,2060.0699999999997,1,2023,8,1,0,1,0,1,0
47.0,67,106.17,7113.39,0,2021,1,0,1,0,0,1,0
27.0,43,40.5,1741.5,0,2023,1,1,0,0,0,1,0
53.0,8,63.41,507.28,0,2025,12,0,1,0,0,0,1
40.0,36,113.26,4077.36,1,2023,8,1,0,0,0,1,0
50.0,48,99.21,4762.08,0,2022,8,0,0,1,0,0,1
22.0,46,98.58,4534.68,1,2022,10,1,0,1,0,1,0
50.0,32,96.33,3082.56,0,2023,12,0,0,1,1,0,0
40.0,7,76.94,538.5799999999999,1,2026,1,1,0,1,0,1,0
25.0,12,115.14,1381.68,1,2025,8,0,0,0,0,1,0
39.0,55,103.16,5673.8,0,2022,1,1,0,1,0,0,1
44.0,23,64.03,1472.69,0,2024,9,0,0,1,0,0,1
45.0,52,94.26,4901.52,0,2022,5,1,0,0,0,0,1
36.0,13,119.81,1557.53,0,2025,7,1,0,1,0,0,0
34.0,71,107.1,7604.099999999999,0,2020,9,0,0,1,1,0,0
43.0,53,20.12,1066.36,0,2022,3,0,0,0,0,0,1
44.0,63,93.79,5908.77,0,2021,5,0,0,1,0,0,1
40.0,71,109.79,7795.09,0,2020,9,0,0,1,0,0,1
30.0,51,52.78,2691.78,0,2022,5,0,1,0,1,0,0
40.0,58,117.75,6829.5,0,2021,10,1,0,0,0,0,0
41.0,27,60.13,1623.51,0,2024,5,1,0,0,1,0,0
13.0,7,62.12,434.84,1,2026,1,1,1,0,0,1,0
55.0,50,36.09,1804.5,0,2022,7,0,1,0,0,0,0
33.0,24,29.66,711.84,0,2024,8,0,1,0,0,1,0
41.0,25,73.66,1841.5,1,2024,7,0,0,0,0,0,1
40.0,44,80.28,3532.32,0,2022,12,1,1,0,1,0,0
22.0,36,56.69,2040.84,0,2023,8,1,0,0,0,1,0
37.0,57,80.66,4597.62,1,2021,11,1,1,0,0,0,0
56.0,37,59.47,2200.39,0,2023,7,1,1,0,0,1,0
53.0,52,106.82,5554.639999999999,0,2022,5,0,1,0,0,1,0
37.0,63,115.38,7268.94,0,2021,5,0,1,0,0,0,1
40.0,7,79.35,555.4499999999999,0,2026,1,1,0,0,0,1,0
50.0,60,104.23,6253.8,0,2021,8,1,0,1,0,1,0
50.0,37,105.37,3898.69,1,2023,7,0,0,1,0,0,1
26.0,21,91.38,1918.98,1,2024,11,1,0,1,0,0,0
60.0,46,39.2,1803.2,0,2022,10,1,0,0,0,0,1
34.0,21,35.49,745.2900000000001,0,2024,11,1,0,0,0,0,1
41.0,52,111.95,5821.400000000001,0,2022,5,1,0,1,1,0,0
36.0,29,46.51,1348.79,0,2024,3,0,1,0,0,0,1
43.0,69,44.63,2060.0699999999997,0,2020,11,0,0,1,0,0,1
30.0,39,36.61,2060.0699999999997,0,2023,5,1,0,0,0,1,0
37.0,27,72.75,2060.0699999999997,1,2024,5,0,0,0,1,0,0
42.0,10,87.7,877.0,0,2025,10,0,0,0,0,0,0
55.0,36,87.62,3154.32,0,2023,8,0,0,0,1,0,0
53.0,16,46.11,737.76,1,2025,4,0,0,0,0,0,1
54.0,36,29.48,1061.28,0,2023,8,1,0,1,1,0,0
50.0,34,51.02,1734.68,1,2023,10,1,1,0,0,0,0
62.0,37,70.34,2602.58,0,2023,7,0,0,0,1,0,0
37.0,68,81.24,5524.32,0,2020,12,1,0,1,1,0,0
38.0,59,47.06,2776.54,0,2021,9,1,1,0,1,0,0
38.0,29,38.32,1111.28,1,2024,3,0,0,0,0,0,1
39.0,31,104.16,3228.96,1,2024,1,0,0,1,0,1,0
40.0,66,105.79,6982.14,0,2021,2,1,0,0,0,1,0
43.0,3,48.0,144.0,1,2026,5,0,0,1,1,0,0
46.0,69,76.01,5244.6900000000005,0,2020,11,1,1,0,0,0,1
37.0,22,63.98,1407.56,1,2024,10,0,1,0,0,0,1
19.0,53,34.2,1812.6,0,2022,3,1,0,0,0,0,1
40.0,48,114.06,5474.88,0,2022,8,0,1,0,0,1,0
24.0,47,20.98,986.06,0,2022,9,1,0,0,0,0,1
45.0,42,38.76,1627.9199999999998,0,2023,3,0,0,0,1,0,0
41.0,4,54.56,218.24,0,2026,5,1,0,1,0,1,0
40.0,42,105.65,2060.0699999999997,0,2023,3,0,1,0,0,0,1
27.0,43,98.87,4251.41,1,2023,1,0,0,0,1,0,0
55.0,42,77.99,2060.0699999999997,1,2023,3,0,1,0,0,1,0
42.0,3,89.5,268.5,0,2026,5,0,1,0,0,0,1
29.0,59,54.09,3191.3100000000004,0,2021,9,0,1,0,0,0,0
40.0,11,114.05,2060.0699999999997,1,2025,9,0,0,0,1,0,0
41.0,35,22.68,793.8,0,2023,9,1,0,0,0,0,0
62.0,50,30.09,1504.5,0,2022,7,1,0,0,0,1,0
33.0,63,112.56,7091.28,0,2021,5,1,1,0,0,0,1
25.0,70,114.51,8015.700000000001,0,2020,10,1,0,1,1,0,0
43.0,6,69.06,414.36,0,2026,3,0,1,0,1,0,0
52.0,32,77.65,2484.8,0,2023,12,0,0,0,1,0,0
68.0,11,110.25,1212.75,0,2025,9,0,1,0,0,0,0
40.0,43,105.34,4529.62,0,2023,1,1,0,1,0,0,1
21.0,39,106.2,4141.8,1,2023,5,0,0,0,0,0,1
38.0,13,57.18,743.34,0,2025,7,0,1,0,0,0,1
25.0,13,103.05,1339.65,1,2025,7,1,0,1,0,0,0
40.0,39,26.93,1050.27,0,2023,5,1,0,0,0,1,0
70.0,46,68.7,3160.2000000000003,0,2022,10,1,0,1,0,0,0
30.0,34,43.74,1487.16,0,2023,10,0,0,0,0,1,0
40.0,67,23.58,1579.86,0,2021,1,1,0,0,0,0,1
40.0,32,81.72,2615.04,1,2023,12,0,0,0,0,0,1
40.0,68,27.62,1878.16,0,2020,12,0,1,0,0,0,1
62.0,65,32.02,2081.3,0,2021,3,0,1,0,0,0,1
22.0,7,28.17,197.19,0,2026,1,0,1,0,0,0,0
40.0,3,117.5,352.5,1,2026,5,0,0,1,1,0,0
41.0,69,23.92,1650.48,0,2020,11,0,0,0,0,0,0
40.0,49,46.98,2302.02,0,2022,7,0,0,0,0,1,0
36.0,58,85.2,4941.6,1,2021,10,1,1,0,0,0,0
59.0,28,102.34,2865.52,1,2024,4,1,0,0,0,1,0
15.0,27,80.82,2182.14,0,2024,5,0,0,1,0,0,0
45.0,22,117.65,2588.3,1,2024,10,0,0,1,1,0,0
46.0,71,53.77,3817.67,0,2020,9,1,0,0,0,0,1
43.0,13,67.2,873.6,1,2025,7,1,1,0,0,0,1
30.0,22,102.13,2246.86,0,2024,10,0,0,1,1,0,0
54.0,5,88.17,440.85,0,2026,3,0,0,1,0,0,0
54.0,22,41.41,911.02,1,2024,10,1,0,0,1,0,0
30.0,53,69.87,3703.11,0,2022,3,0,1,0,0,0,1
26.0,39,117.6,4586.4,1,2023,5,0,1,0,0,0,0
23.0,37,106.3,3933.1,0,2023,7,0,0,0,0,1,0
43.0,31,39.18,1214.58,0,2024,1,1,0,0,0,0,0
41.0,62,37.98,2354.76,0,2021,6,0,0,0,0,0,1
36.0,6,102.84,617.04,1,2026,3,0,0,0,1,0,0
65.0,34,39.89,1356.26,0,2023,10,0,0,1,1,0,0
34.0,52,65.28,3394.56,0,2022,5,1,1,0,0,0,0
42.0,30,38.08,2060.0699999999997,0,2024,2,0,0,0,0,1,0
38.0,13,21.47,279.11,0,2025,7,0,1,0,0,1,0
64.0,58,107.54,6237.320000000001,0,2021,10,0,0,0,0,1,0
16.0,53,97.9,5188.700000000001,0,2022,3,1,1,0,0,1,0
36.0,20,67.06,1341.2,1,2024,12,1,1,0,0,0,0
47.0,6,35.96,215.76,0,2026,3,1,1,0,1,0,0
37.0,55,100.64,5535.2,0,2022,1,0,1,0,0,1,0
24.0,31,55.94,1734.14,0,2024,1,1,1,0,0,0,0
42.0,59,86.19,5085.21,0,2021,9,1,0,1,0,0,0
21.0,19,51.67,2060.0699999999997,0,2025,1,1,0,0,0,0,1
48.0,70,63.23,4426.099999999999,0,2020,10,0,1,0,0,1,0
35.0,28,73.55,2059.4,0,2024,4,0,1,0,0,1,0
33.0,13,96.2,2060.0699999999997,1,2025,7,1,0,1,0,0,0
53.0,52,103.21,5366.92,0,2022,5,1,1,0,0,0,0
28.0,61,64.35,2060.0699999999997,0,2021,7,1,1,0,0,0,0
21.0,41,43.3,1775.3,0,2023,3,0,0,0,1,0,0
29.0,45,35.36,1591.2,0,2022,11,1,1,0,1,0,0
65.0,7,54.07,378.49,0,2026,1,1,1,0,0,0,1
28.0,14,100.18,1402.52,1,2025,6,1,1,0,0,0,1
44.0,36,47.4,1706.4,0,2023,8,1,0,0,0,1,0
50.0,8,24.75,198.0,1,2025,12,1,1,0,1,0,0
29.0,12,76.43,917.16,0,2025,8,0,0,0,0,0,1
40.0,40,23.36,934.4,0,2023,5,1,0,0,0,0,0
42.0,62,108.49,6726.38,0,2021,6,1,0,0,0,0,0
43.0,14,87.81,1229.34,0,2025,6,0,0,1,0,1,0
56.0,49,45.68,2238.32,0,2022,7,1,0,0,0,1,0
40.0,51,66.91,3412.41,0,2022,5,0,1,0,0,0,1
40.0,62,93.92,5823.04,0,2021,6,1,0,1,0,0,0
40.0,5,111.57,557.8499999999999,0,2026,3,1,0,1,0,1,0
18.0,67,107.45,7199.150000000001,0,2021,1,0,0,0,0,1,0
16.0,1,26.95,26.95,0,2026,7,0,1,0,1,0,0
23.0,49,28.11,1377.39,0,2022,7,1,0,0,0,0,1
53.0,17,79.77,1356.09,0,2025,3,1,0,0,0,1,0
35.0,35,69.65,2437.75,0,2023,9,0,0,1,0,0,1
35.0,67,49.29,3302.43,0,2021,1,1,1,0,0,0,0
28.0,13,117.62,1529.06,1,2025,7,1,0,1,0,0,1
51.0,37,94.63,2060.0699999999997,1,2023,7,1,1,0,0,1,0
24.0,38,88.73,3371.74,1,2023,7,1,0,0,1,0,0
33.0,6,38.13,228.78000000000003,0,2026,3,0,0,0,0,0,1
29.0,63,48.39,3048.57,0,2021,5,1,1,0,0,0,1
8.0,49,80.5,3944.5,0,2022,7,0,1,0,0,0,0
40.0,9,99.56,2060.0699999999997,1,2025,11,0,1,0,1,0,0
39.0,36,113.11,4071.96,0,2023,8,0,0,0,0,0,1
31.0,23,89.77,2064.71,1,2024,9,1,0,0,1,0,0
37.0,57,61.86,3526.02,0,2021,11,1,0,0,0,1,0
37.0,50,89.11,2060.0699999999997,0,2022,7,0,0,0,1,0,0
38.0,59,26.92,1588.2800000000002,0,2021,9,0,1,0,0,1,0
27.0,7,80.01,560.07,1,2026,1,0,1,0,0,0,0
27.0,47,109.46,5144.62,0,2022,9,1,0,1,0,0,0
41.0,56,83.69,4686.639999999999,0,2021,12,0,0,0,0,0,1
22.0,8,20.75,166.0,0,2025,12,1,1,0,0,1,0
37.0,36,89.45,3220.2000000000003,0,2023,8,0,1,0,0,0,1
60.0,42,92.64,3890.88,0,2023,3,1,0,0,0,1,0
40.0,39,74.12,2890.6800000000003,0,2023,5,1,1,0,1,0,0
18.0,65,101.61,6604.65,0,2021,3,0,0,0,1,0,0
42.0,44,40.23,1770.12,0,2022,12,1,0,0,0,1,0
50.0,46,60.9,2801.4,0,2022,10,1,1,0,0,0,0
30.0,13,100.76,1309.88,1,2025,7,1,1,0,0,0,0
36.0,37,80.37,2973.69,0,2023,7,1,1,0,1,0,0
29.0,14,119.44,1672.16,0,2025,6,1,1,0,1,0,0
34.0,13,26.93,350.09,0,2025,7,0,0,0,0,0,1
32.0,12,44.43,533.16,0,2025,8,0,1,0,0,0,1
45.0,55,39.91,2195.05,0,2022,1,0,1,0,0,0,1
60.0,28,117.64,3293.92,1,2024,4,1,0,0,1,0,0
41.0,22,106.93,2352.46,1,2024,10,1,0,1,0,0,1
21.0,19,33.31,2060.0699999999997,0,2025,1,1,0,0,1,0,0
70.0,30,55.38,2060.0699999999997,0,2024,2,0,1,0,1,0,0
47.0,54,25.26,1364.0400000000002,0,2022,3,0,0,1,0,1,0
49.0,15,83.26,1248.9,1,2025,5,1,1,0,0,0,1
39.0,30,53.12,1593.6,0,2024,2,0,0,0,0,1,0
43.0,29,45.76,1327.04,0,2024,3,1,1,0,0,1,0
40.0,32,72.31,2313.92,0,2023,12,1,1,0,0,0,1
51.0,30,99.56,2986.8,0,2024,2,0,0,0,1,0,0
34.0,16,60.39,966.24,1,2025,4,0,0,1,1,0,0
46.0,36,95.74,3446.64,0,2023,8,1,0,0,1,0,0
52.0,48,64.61,3101.28,0,2022,8,0,0,0,0,0,1
55.0,28,41.45,1160.6,0,2024,4,0,1,0,1,0,0
52.0,62,64.62,4006.440000000001,0,2021,6,1,0,0,0,1,0
28.0,56,73.81,2060.0699999999997,0,2021,12,1,0,0,0,0,0
59.0,56,66.16,3704.96,0,2021,12,1,0,0,0,0,1
48.0,17,47.43,2060.0699999999997,0,2025,3,1,0,1,0,0,0
44.0,62,38.51,2387.62,0,2021,6,1,0,0,0,1,0
45.0,21,114.7,2408.7000000000003,1,2024,11,0,1,0,0,0,1
38.0,37,49.75,1840.75,0,2023,7,1,1,0,0,1,0
34.0,34,90.54,3078.36,0,2023,10,0,0,0,0,0,0
36.0,29,54.07,1568.03,0,2024,3,1,0,1,0,0,0
55.0,68,116.96,7953.28,0,2020,12,0,1,0,1,0,0
41.0,60,118.83,7129.8,0,2021,8,1,0,1,0,0,0
43.0,11,102.51,1127.61,0,2025,9,1,0,0,0,1,0
41.0,60,78.15,4689.0,0,2021,8,0,1,0,0,1,0
32.0,34,74.21,2523.14,0,2023,10,1,0,0,0,0,1
14.0,33,52.9,1745.7,0,2023,11,0,1,0,0,0,1
49.0,10,32.2,322.0,0,2025,10,0,1,0,0,1,0
48.0,60,27.91,1674.6,0,2021,8,0,1,0,0,0,1
40.0,26,66.54,1730.0400000000002,0,2024,6,0,1,0,0,1,0
27.0,25,117.88,2947.0,0,2024,7,0,0,0,0,0,1
62.0,2,44.69,89.38,0,2026,7,1,1,0,0,0,0
36.0,3,61.1,183.3,1,2026,5,0,0,0,0,0,0
43.0,32,84.14,2692.48,0,2023,12,0,1,0,0,1,0
32.0,1,55.11,55.11,0,2026,7,1,0,0,0,0,1
24.0,24,20.36,488.64,0,2024,8,1,1,0,1,0,0
47.0,50,59.62,2981.0,0,2022,7,1,1,0,1,0,0
22.0,43,100.46,4319.78,0,2023,1,1,1,0,1,0,0
43.0,44,114.4,5033.6,0,2022,12,0,0,1,0,0,0
43.0,33,47.51,1567.83,0,2023,11,0,1,0,0,0,0
27.0,38,112.16,4262.08,1,2023,7,0,0,0,0,0,1
24.0,52,106.71,5548.92,0,2022,5,1,0,0,0,1,0
31.0,35,60.67,2123.4500000000003,0,2023,9,1,0,0,0,0,0
32.0,17,20.47,347.99,1,2025,3,1,0,1,0,1,0
22.0,58,104.49,6060.42,0,2021,10,0,0,0,1,0,0
26.0,48,48.68,2336.64,0,2022,8,1,1,0,1,0,0
41.0,43,95.59,4110.37,0,2023,1,0,1,0,0,1,0
64.0,48,77.15,2060.0699999999997,0,2022,8,0,0,1,0,0,1
52.0,44,42.17,1855.48,0,2022,12,0,0,0,1,0,0
42.0,33,84.82,2799.06,0,2023,11,0,0,0,0,0,1
54.0,2,96.48,192.96,0,2026,7,0,0,0,1,0,0
54.0,10,67.44,674.4,0,2025,10,0,1,0,0,0,0
36.0,28,94.79,2654.1200000000003,1,2024,4,1,0,0,1,0,0
43.0,47,60.5,2843.5,0,2022,9,0,0,0,0,0,1
52.0,8,118.03,2060.0699999999997,1,2025,12,0,0,1,0,0,0
53.0,23,43.98,1011.54,1,2024,9,0,0,0,1,0,0
53.0,48,97.79,4693.92,0,2022,8,1,0,0,0,0,0
28.0,63,94.96,5982.48,0,2021,5,1,1,0,0,0,0
54.0,37,72.94,2698.78,0,2023,7,0,1,0,1,0,0
62.0,12,55.03,660.36,1,2025,8,0,0,1,0,1,0
58.0,65,64.58,4197.7,0,2021,3,0,0,0,0,1,0
27.0,15,82.95,1244.25,0,2025,5,0,0,0,0,0,1
24.0,10,73.03,730.3,0,2025,10,0,0,0,0,0,1
46.0,42,96.15,4038.3,0,2023,3,0,1,0,1,0,0
58.0,26,56.07,2060.0699999999997,0,2024,6,0,0,0,0,0,0
43.0,49,30.72,1505.28,0,2022,7,1,0,0,0,0,0
37.0,23,70.56,1622.88,1,2024,9,0,0,0,0,1,0
39.0,64,45.9,2937.6,0,2021,4,1,1,0,0,1,0
52.0,17,81.66,2060.0699999999997,1,2025,3,0,0,1,0,0,0
40.0,34,72.03,2449.02,1,2023,10,1,0,0,0,0,0
46.0,57,97.87,5578.59,0,2021,11,0,1,0,0,0,1
38.0,4,77.52,2060.0699999999997,0,2026,5,0,1,0,0,0,0
29.0,71,63.08,4478.68,0,2020,9,0,0,0,0,0,0
28.0,69,31.99,2207.31,0,2020,11,0,1,0,1,0,0
46.0,68,32.01,2176.68,0,2020,12,1,1,0,0,0,0
8.0,50,84.04,2060.0699999999997,0,2022,7,0,0,1,0,1,0
46.0,67,108.08,7241.36,0,2021,1,0,0,0,0,1,0
38.0,68,61.48,4180.639999999999,0,2020,12,0,1,0,0,0,1
51.0,59,73.08,4311.72,0,2021,9,1,0,0,0,0,1
47.0,63,79.12,4984.56,0,2021,5,1,0,1,1,0,0
41.0,67,67.73,4537.91,0,2021,1,0,0,0,0,0,1
27.0,26,25.96,674.96,0,2024,6,0,0,0,0,0,1
40.0,1,78.91,78.91,0,2026,7,1,1,0,0,0,0
32.0,68,33.71,2292.28,0,2020,12,0,1,0,1,0,0
50.0,18,75.58,1360.44,0,2025,3,0,1,0,0,1,0
61.0,12,97.54,1170.48,0,2025,8,1,1,0,0,0,0
44.0,38,20.54,780.52,0,2023,7,0,1,0,0,0,0
33.0,42,63.05,2648.1,0,2023,3,1,0,1,1,0,0
34.0,36,94.57,3404.5199999999995,0,2023,8,0,0,1,0,1,0
35.0,16,72.85,1165.6,1,2025,4,1,1,0,0,0,1
40.0,65,43.53,2829.4500000000003,0,2021,3,0,0,1,0,0,0
34.0,67,89.76,6013.92,0,2021,1,0,0,0,0,1,0
40.0,39,70.45,3835.65,0,2023,5,1,0,0,1,0,0
56.0,59,56.25,3318.75,0,2021,9,1,0,1,1,0,0
33.0,38,49.74,1890.12,0,2023,7,1,1,0,0,1,0
40.0,16,74.51,1192.16,0,2025,4,0,0,0,1,0,0
51.0,11,56.54,621.9399999999999,0,2025,9,0,1,0,0,0,1
41.0,28,103.59,2060.0699999999997,0,2024,4,1,1,0,0,1,0
63.0,2,97.91,195.82,1,2026,7,0,0,0,0,0,1
40.0,20,51.19,1023.8,1,2024,12,0,1,0,1,0,0
43.0,38,65.7,2496.6,0,2023,7,0,0,1,0,0,1
30.0,56,108.95,6101.2,0,2021,12,1,1,0,0,0,1
31.0,39,34.74,1354.86,0,2023,5,1,0,1,0,0,1
43.0,31,95.42,2958.02,0,2024,1,1,1,0,0,0,1
27.0,23,51.68,1188.64,0,2024,9,1,0,0,0,1,0
40.0,34,31.95,1086.3,1,2023,10,1,1,0,1,0,0
60.0,17,31.7,538.9,0,2025,3,0,1,0,1,0,0
41.0,24,47.63,1143.12,0,2024,8,1,0,1,0,0,0
40.0,35,74.81,2060.0699999999997,0,2023,9,0,0,0,0,0,1
50.0,23,110.79,2548.17,1,2024,9,1,1,0,0,0,1
40.0,8,50.3,402.4,0,2025,12,0,0,1,0,0,0
26.0,54,39.92,2155.6800000000003,0,2022,3,0,0,0,0,0,0
35.0,21,67.87,1425.27,0,2024,11,0,0,1,0,0,1
63.0,19,35.66,677.54,0,2025,1,0,0,1,1,0,0
44.0,31,47.17,1462.27,0,2024,1,0,0,0,0,0,0
28.0,50,118.66,5933.0,0,2022,7,1,0,0,0,0,1
38.0,71,75.81,5382.51,0,2020,9,1,0,0,1,0,0
19.0,24,98.39,2361.36,1,2024,8,0,1,0,0,1,0
18.0,46,41.18,1894.28,0,2022,10,1,1,0,0,0,0
40.0,8,72.01,576.08,0,2025,12,0,0,1,0,0,0
40.0,3,71.05,213.15,1,2026,5,0,1,0,1,0,0
46.0,34,101.27,3443.18,0,2023,10,0,1,0,0,1,0
54.0,57,22.16,1263.12,0,2021,11,0,0,1,1,0,0
40.0,58,106.05,6150.9,0,2021,10,0,0,0,0,0,0
49.0,35,27.96,978.6,1,2023,9,0,0,0,0,1,0
40.0,21,111.66,2344.86,1,2024,11,0,0,1,0,0,1
55.0,65,34.28,2228.2000000000003,0,2021,3,1,1,0,0,0,0
61.0,66,73.22,2060.0699999999997,0,2021,2,0,1,0,1,0,0
42.0,57,29.94,1706.5800000000002,0,2021,11,0,1,0,1,0,0
42.0,42,64.72,2060.0699999999997,0,2023,3,1,1,0,1,0,0
44.0,43,49.93,2146.99,0,2023,1,0,0,0,1,0,0
39.0,26,62.01,1612.26,1,2024,6,1,1,0,1,0,0
35.0,67,74.5,4991.5,0,2021,1,1,0,0,0,0,0
53.0,26,65.94,1714.44,0,2024,6,1,0,0,0,1,0
35.0,8,22.32,178.56,1,2025,12,0,0,1,1,0,0
35.0,47,106.35,4998.45,1,2022,9,0,0,1,1,0,0
51.0,37,29.5,1091.5,0,2023,7,1,1,0,0,0,1
52.0,18,118.06,2125.08,1,2025,3,0,1,0,0,0,1
68.0,36,105.13,2060.0699999999997,1,2023,8,0,0,0,0,1,0
55.0,2,76.14,152.28,0,2026,7,1,0,0,0,0,0
50.0,3,44.52,133.56,0,2026,5,0,1,0,0,0,0
52.0,34,28.62,973.08,0,2023,10,0,0,0,0,1,0
38.0,46,87.18,4010.28,1,2022,10,0,0,1,0,1,0
47.0,62,40.15,2489.3,0,2021,6,0,0,1,0,1,0
47.0,70,93.32,6532.4,0,2020,10,0,0,0,1,0,0
33.0,57,103.25,5885.25,1,2021,11,1,0,0,0,0,0
39.0,10,118.9,1189.0,1,2025,10,1,1,0,0,1,0
51.0,18,70.42,1267.56,0,2025,3,0,0,0,0,0,1
40.0,33,117.47,3876.51,1,2023,11,1,0,0,1,0,0
47.0,7,34.93,244.51,0,2026,1,1,0,0,1,0,0
51.0,45,103.62,4662.900000000001,0,2022,11,1,1,0,1,0,0
50.0,29,55.98,2060.0699999999997,1,2024,3,0,0,1,1,0,0
61.0,38,56.48,2146.24,0,2023,7,0,1,0,0,1,0
33.0,39,46.86,1827.54,0,2023,5,0,1,0,1,0,0
60.0,25,37.34,933.5,0,2024,7,0,0,1,0,0,1
46.0,17,64.22,1091.74,0,2025,3,0,0,0,0,0,1
50.0,61,118.73,7242.530000000001,0,2021,7,1,1,0,0,1,0
40.0,51,52.99,2702.49,0,2022,5,1,1,0,1,0,0
48.0,37,66.11,2446.07,0,2023,7,1,0,1,0,0,1
32.0,67,42.85,2060.0699999999997,0,2021,1,0,0,1,0,0,0
50.0,24,53.71,1289.04,0,2024,8,1,0,0,1,0,0
23.0,49,25.51,1249.99,0,2022,7,0,0,0,0,1,0
65.0,21,115.6,2427.6,0,2024,11,0,1,0,0,0,0
45.0,57,70.98,4045.86,0,2021,11,0,1,0,1,0,0
54.0,41,93.3,3825.3,1,2023,3,0,0,0,0,0,0
48.0,17,71.33,1212.61,1,2025,3,0,0,1,1,0,0
40.0,21,97.02,2037.42,1,2024,11,0,0,0,1,0,0
34.0,68,73.41,4991.88,0,2020,12,0,0,0,0,0,1
31.0,64,90.15,5769.6,0,2021,4,1,1,0,0,0,0
49.0,44,88.48,3893.12,0,2022,12,0,0,1,0,0,0
49.0,28,73.36,2054.08,0,2024,4,1,0,1,0,1,0
47.0,36,43.06,1550.16,0,2023,8,0,0,0,0,1,0
39.0,37,41.18,1523.66,0,2023,7,1,1,0,0,0,0
45.0,44,107.43,2060.0699999999997,0,2022,12,1,0,1,0,0,1
35.0,50,32.07,1603.5,0,2022,7,0,1,0,0,0,1
32.0,55,75.92,2060.0699999999997,0,2022,1,1,0,0,1,0,0
37.0,10,70.25,702.5,0,2025,10,0,0,1,0,1,0
37.0,38,99.84,3793.92,0,2023,7,1,0,1,0,1,0
40.0,49,33.54,1643.46,0,2022,7,0,1,0,0,1,0
24.0,2,88.73,177.46,0,2026,7,1,0,0,1,0,0
40.0,44,80.59,3545.96,1,2022,12,1,1,0,0,0,1
48.0,35,90.12,3154.2000000000003,0,2023,9,1,0,0,0,1,0
64.0,21,82.12,1724.52,1,2024,11,0,0,1,1,0,0
33.0,57,76.25,4346.25,0,2021,11,1,0,0,0,0,0
27.0,23,112.63,2590.49,1,2024,9,0,0,1,0,0,1
49.0,32,54.87,1755.84,0,2023,12,0,0,0,0,0,0
42.0,71,38.47,2731.37,0,2020,9,1,1,0,0,1,0
37.0,33,99.54,3284.82,0,2023,11,1,0,1,1,0,0
45.0,17,32.97,560.49,0,2025,3,0,1,0,0,0,1
50.0,42,87.97,2060.0699999999997,0,2023,3,1,0,0,0,1,0
49.0,17,74.96,1274.32,0,2025,3,0,1,0,0,0,1
44.0,48,20.13,966.24,0,2022,8,1,0,1,1,0,0
40.0,48,43.99,2111.52,0,2022,8,0,1,0,1,0,0
40.0,57,69.59,3966.63,0,2021,11,0,1,0,0,1,0
41.0,61,52.97,3231.17,0,2021,7,0,0,1,0,0,1
40.0,44,62.69,2758.36,0,2022,12,0,1,0,1,0,0
25.0,23,80.13,1842.99,0,2024,9,1,0,1,0,0,1
47.0,53,93.08,4933.24,0,2022,3,0,0,1,0,0,1
36.0,33,35.12,1158.9599999999998,0,2023,11,1,1,0,0,0,0
24.0,56,48.29,2704.24,0,2021,12,1,0,1,0,1,0
45.0,28,83.65,2342.2000000000003,0,2024,4,0,1,0,0,1,0
35.0,23,78.84,1813.32,1,2024,9,0,1,0,0,0,1
21.0,63,93.68,5901.84,0,2021,5,1,1,0,0,0,0
30.0,7,84.05,588.35,1,2026,1,0,1,0,0,0,1
60.0,2,53.02,106.04,0,2026,7,1,1,0,0,1,0
33.0,65,69.92,4544.8,0,2021,3,1,1,0,0,1,0
44.0,4,108.47,433.88,1,2026,5,0,0,1,0,0,1
27.0,8,38.61,308.88,1,2025,12,0,0,1,0,0,1
65.0,49,57.67,2825.83,0,2022,7,1,0,0,0,0,1
41.0,29,104.17,2060.0699999999997,0,2024,3,1,0,1,0,1,0
32.0,55,56.42,3103.1,0,2022,1,1,1,0,0,0,1
51.0,37,61.22,2060.0699999999997,0,2023,7,0,0,0,0,0,1
65.0,6,51.92,311.52,0,2026,3,0,1,0,1,0,0
35.0,24,109.95,2638.8,1,2024,8,1,0,0,0,0,1
32.0,40,86.33,3453.2,0,2023,5,0,1,0,0,0,1
68.0,12,40.88,490.56000000000006,1,2025,8,0,0,0,0,0,0
40.0,64,94.96,6077.44,0,2021,4,1,1,0,0,1,0
37.0,46,23.85,1097.1,0,2022,10,0,0,1,0,0,1
14.0,14,59.64,834.96,0,2025,6,0,1,0,0,0,1
40.0,27,110.98,2996.46,1,2024,5,1,0,1,1,0,0
24.0,37,88.98,3292.26,1,2023,7,0,0,1,1,0,0
33.0,62,99.31,6157.22,0,2021,6,1,1,0,0,1,0
16.0,67,113.13,7579.71,0,2021,1,0,1,0,1,0,0
55.0,14,97.46,2060.0699999999997,0,2025,6,0,0,0,1,0,0
40.0,39,28.86,1125.54,0,2023,5,0,1,0,0,1,0
17.0,5,43.06,215.3,0,2026,3,0,0,1,0,0,0
29.0,26,70.0,1820.0,0,2024,6,1,1,0,0,0,1
55.0,53,21.39,1133.67,0,2022,3,1,1,0,0,0,1
35.0,63,82.46,5194.98,0,2021,5,0,0,0,1,0,0
36.0,11,85.72,942.92,0,2025,9,0,0,0,0,0,1
46.0,33,89.64,2060.0699999999997,0,2023,11,1,0,1,1,0,0
38.0,41,75.57,3098.37,0,2023,3,1,1,0,0,0,1
55.0,40,65.24,2609.6,0,2023,5,0,1,0,0,1,0
37.0,46,105.55,4855.3,0,2022,10,1,1,0,0,1,0
37.0,4,96.73,2060.0699999999997,0,2026,5,1,0,0,0,0,1
67.0,11,81.24,893.64,1,2025,9,0,0,0,1,0,0
41.0,27,24.6,664.2,0,2024,5,0,0,1,1,0,0
43.0,8,89.39,2060.0699999999997,0,2025,12,0,0,1,0,0,1
37.0,21,75.82,1592.2199999999998,0,2024,11,0,1,0,0,1,0
11.0,5,89.35,446.75,0,2026,3,0,1,0,0,0,0
50.0,62,51.14,3170.68,0,2021,6,0,1,0,1,0,0
60.0,32,97.7,3126.4,0,2023,12,0,0,0,1,0,0
55.0,58,61.79,3583.82,0,2021,10,0,0,0,0,0,1
33.0,27,109.45,2060.0699999999997,0,2024,5,0,1,0,0,0,0
38.0,26,30.4,790.4,0,2024,6,1,0,0,0,1,0
44.0,40,68.45,2738.0,0,2023,5,1,1,0,1,0,0
44.0,29,40.57,1176.53,0,2024,3,0,1,0,0,0,1
48.0,7,65.35,457.44999999999993,1,2026,1,0,0,0,0,0,0
42.0,21,55.38,1162.98,0,2024,11,1,1,0,0,0,1
36.0,67,100.34,6722.780000000001,0,2021,1,0,1,0,0,0,0
42.0,10,36.72,367.2,0,2025,10,0,1,0,0,0,1
52.0,62,79.87,4951.9400000000005,0,2021,6,0,0,1,0,0,0
40.0,8,60.65,485.2,0,2025,12,1,0,1,1,0,0
34.0,4,71.81,287.24,1,2026,5,1,0,0,0,0,0
43.0,29,91.44,2651.76,0,2024,3,0,0,0,0,1,0
36.0,12,55.71,2060.0699999999997,0,2025,8,0,0,0,1,0,0
44.0,51,56.71,2892.21,0,2022,5,0,0,1,0,1,0
52.0,19,27.68,525.92,0,2025,1,1,0,0,1,0,0
38.0,31,75.19,2330.89,0,2024,1,1,0,1,0,0,0
15.0,26,61.69,1603.94,0,2024,6,0,0,0,1,0,0
52.0,6,101.23,607.38,1,2026,3,0,0,0,0,0,1
42.0,29,63.93,1853.97,0,2024,3,1,0,0,0,0,0
36.0,17,117.08,1990.36,1,2025,3,1,0,0,0,0,1
33.0,20,37.18,2060.0699999999997,0,2024,12,0,0,0,0,0,1
44.0,42,46.71,1961.82,0,2023,3,0,1,0,0,0,1
32.0,47,59.19,2781.93,0,2022,9,0,0,1,0,0,1
33.0,70,37.04,2592.8,0,2020,10,0,0,1,0,1,0
25.0,2,117.23,234.46,1,2026,7,1,0,1,0,0,0
32.0,37,84.1,2060.0699999999997,0,2023,7,1,0,0,0,0,1
48.0,19,21.12,401.28,0,2025,1,0,1,0,0,1,0
23.0,41,77.85,2060.0699999999997,0,2023,3,1,0,1,1,0,0
54.0,16,98.12,1569.92,0,2025,4,1,0,1,0,0,1
26.0,60,25.13,1507.8,0,2021,8,0,0,0,0,0,1
42.0,57,77.79,4434.030000000001,0,2021,11,0,0,0,0,1,0
46.0,64,57.43,3675.52,0,2021,4,0,0,0,1,0,0
50.0,5,78.15,390.75,0,2026,3,1,0,1,1,0,0
50.0,18,45.26,2060.0699999999997,0,2025,3,1,0,0,0,1,0
39.0,13,86.6,1125.8,1,2025,7,1,0,1,0,0,1
38.0,36,87.13,3136.68,0,2023,8,1,0,0,0,0,0
47.0,19,73.95,1405.05,1,2025,1,0,0,0,0,1,0
40.0,31,112.38,3483.78,1,2024,1,1,1,0,0,0,0
36.0,23,110.95,2551.85,1,2024,9,0,1,0,0,0,1
44.0,32,24.75,2060.0699999999997,0,2023,12,1,0,0,0,0,1
38.0,11,48.99,538.89,1,2025,9,0,0,0,1,0,0
33.0,66,56.43,3724.38,0,2021,2,1,1,0,0,0,1
35.0,5,25.53,127.65,1,2026,3,0,1,0,1,0,0
46.0,13,72.36,940.68,0,2025,7,1,1,0,1,0,0
29.0,64,22.46,1437.44,0,2021,4,1,1,0,0,0,1
53.0,35,87.81,2060.0699999999997,0,2023,9,1,0,1,1,0,0
40.0,29,20.27,587.83,0,2024,3,0,0,0,0,0,1
13.0,23,23.19,533.37,1,2024,9,0,1,0,1,0,0
47.0,16,103.38,2060.0699999999997,1,2025,4,0,0,1,1,0,0
8.0,26,45.26,2060.0699999999997,0,2024,6,0,1,0,0,0,1
28.0,3,28.12,84.36,0,2026,5,1,0,1,0,0,0
69.0,23,59.95,1378.85,0,2024,9,0,0,0,0,1,0
40.0,57,25.09,1430.13,0,2021,11,1,0,1,0,0,1
52.0,9,95.04,855.36,0,2025,11,1,1,0,1,0,0
27.0,51,69.41,3539.91,0,2022,5,1,0,1,0,1,0
40.0,33,75.19,2481.27,0,2023,11,1,1,0,0,0,0
55.0,24,95.3,2287.2,1,2024,8,0,0,0,0,0,1
48.0,50,98.45,2060.0699999999997,0,2022,7,1,0,0,1,0,0
54.0,52,33.63,1748.7600000000002,0,2022,5,1,0,1,0,0,1
61.0,71,48.03,2060.0699999999997,0,2020,9,0,1,0,0,0,1
48.0,38,37.57,2060.0699999999997,0,2023,7,1,0,0,1,0,0
25.0,44,25.4,2060.0699999999997,0,2022,12,1,0,1,0,1,0
47.0,56,73.75,4130.0,0,2021,12,1,0,1,1,0,0
37.0,66,44.98,2060.0699999999997,0,2021,2,1,0,1,0,0,1
25.0,45,35.4,1593.0,0,2022,11,0,0,0,0,0,1
40.0,52,71.01,3692.52,0,2022,5,1,0,0,0,0,1
54.0,1,83.4,2060.0699999999997,1,2026,7,0,1,0,1,0,0
39.0,64,97.21,6221.44,0,2021,4,1,1,0,0,1,0
44.0,8,21.75,2060.0699999999997,1,2025,12,0,1,0,0,0,1
15.0,43,72.63,3123.09,0,2023,1,1,1,0,0,1,0
53.0,8,46.71,373.68,0,2025,12,0,0,0,0,0,1
50.0,29,119.16,3455.64,1,2024,3,1,1,0,0,0,1
43.0,13,35.69,2060.0699999999997,0,2025,7,1,0,1,0,0,1
25.0,1,63.78,63.78,0,2026,7,1,1,0,0,0,1
40.0,29,117.0,3393.0,0,2024,3,0,1,0,0,1,0
64.0,50,41.31,2065.5,1,2022,7,0,0,0,0,0,0
28.0,37,100.69,2060.0699999999997,0,2023,7,0,1,0,0,1,0
42.0,1,44.3,44.3,0,2026,7,0,1,0,0,0,1
28.0,69,27.53,1899.57,0,2020,11,1,0,1,0,1,0
13.0,48,24.28,1165.44,0,2022,8,1,0,1,0,0,1
45.0,55,114.87,6317.85,0,2022,1,1,0,0,1,0,0
47.0,66,41.29,2725.14,0,2021,2,0,0,1,0,1,0
20.0,63,49.2,3099.6000000000004,0,2021,5,0,0,0,1,0,0
53.0,22,116.69,2060.0699999999997,1,2024,10,1,0,0,0,1,0
34.0,11,85.74,2060.0699999999997,1,2025,9,1,0,0,0,0,1
27.0,29,68.81,1995.49,1,2024,3,1,1,0,1,0,0
26.0,3,63.54,190.62,0,2026,5,0,1,0,0,1,0
50.0,45,24.86,1118.7,0,2022,11,1,0,0,0,0,1
17.0,3,103.89,2060.0699999999997,1,2026,5,0,0,0,0,1,0
25.0,68,96.2,6541.6,0,2020,12,1,0,0,1,0,0
45.0,14,29.07,406.98,0,2025,6,0,1,0,0,1,0
44.0,65,55.35,3597.75,0,2021,3,1,1,0,0,1,0
28.0,57,108.54,6186.780000000001,0,2021,11,1,1,0,1,0,0
55.0,15,43.64,654.6,0,2025,5,1,1,0,0,0,1
40.0,60,81.12,4867.200000000001,0,2021,8,0,0,1,0,1,0
37.0,54,68.79,3714.66,0,2022,3,0,0,0,0,1,0
36.0,2,101.85,203.7,1,2026,7,1,0,0,0,0,0
36.0,64,23.61,1511.04,1,2021,4,1,1,0,0,0,0
38.0,28,101.61,2845.08,1,2024,4,0,0,1,0,0,1
37.0,67,33.57,2249.19,0,2021,1,0,0,0,1,0,0
40.0,3,21.51,64.53,0,2026,5,0,0,1,0,0,1
38.0,53,79.55,4216.15,0,2022,3,1,0,0,0,0,1
53.0,26,45.86,1192.36,1,2024,6,0,0,0,0,0,1
37.0,4,90.93,363.72,1,2026,5,1,1,0,0,1,0
48.0,16,66.98,1071.68,0,2025,4,1,1,0,0,0,1
42.0,54,80.55,2060.0699999999997,0,2022,3,1,0,0,0,0,1
44.0,16,88.97,1423.52,0,2025,4,0,0,0,0,0,1
49.0,31,112.69,3493.39,0,2024,1,1,0,1,0,0,0
26.0,2,102.31,2060.0699999999997,1,2026,7,0,1,0,1,0,0
40.0,45,69.51,3127.9500000000003,0,2022,11,1,0,0,0,0,1
37.0,54,63.8,3445.2,0,2022,3,0,1,0,0,0,0
28.0,59,85.47,5042.73,0,2021,9,0,0,0,0,0,1
49.0,59,93.35,2060.0699999999997,0,2021,9,0,1,0,0,0,1
35.0,22,37.27,819.94,0,2024,10,0,0,0,0,0,1
45.0,34,23.25,2060.0699999999997,0,2023,10,0,0,1,1,0,0
40.0,56,65.47,3666.32,0,2021,12,1,1,0,0,1,0
49.0,34,29.95,1018.3,0,2023,10,0,1,0,1,0,0
40.0,26,47.27,1229.02,0,2024,6,1,1,0,0,0,1
40.0,71,78.47,5571.37,0,2020,9,1,0,0,0,0,0
37.0,45,35.15,1581.75,0,2022,11,1,0,1,0,1,0
34.0,21,22.85,479.85,0,2024,11,1,0,0,0,0,0
47.0,43,75.46,2060.0699999999997,0,2023,1,1,0,1,0,0,1
36.0,39,66.62,2060.0699999999997,0,2023,5,0,0,0,0,1,0
48.0,13,50.63,658.19,0,2025,7,1,1,0,0,0,0
61.0,42,66.88,2060.0699999999997,0,2023,3,0,0,1,0,0,1
50.0,45,88.35,2060.0699999999997,0,2022,11,0,0,0,0,0,0
38.0,51,30.9,1575.9,1,2022,5,0,0,0,1,0,0
27.0,17,45.57,2060.0699999999997,0,2025,3,1,0,0,1,0,0
35.0,63,99.5,2060.0699999999997,0,2021,5,1,1,0,0,0,1
38.0,7,87.01,609.07,1,2026,1,0,1,0,0,0,0
24.0,55,46.63,2564.65,0,2022,1,0,1,0,0,0,1
53.0,4,59.82,239.28,1,2026,5,0,1,0,0,0,0
47.0,31,31.97,991.07,0,2024,1,0,0,0,0,1,0
27.0,56,45.31,2537.36,0,2021,12,1,1,0,0,0,1
19.0,4,104.12,416.48,1,2026,5,1,0,1,0,0,1
49.0,40,64.04,2561.6000000000004,1,2023,5,1,1,0,0,0,0
20.0,47,84.03,3949.41,0,2022,9,0,1,0,0,0,1
41.0,50,35.97,1798.5,0,2022,7,0,0,0,0,1,0
35.0,23,38.33,881.5899999999999,0,2024,9,0,0,0,0,0,0
50.0,51,114.09,5818.59,0,2022,5,1,1,0,0,0,0
50.0,38,104.14,3957.32,0,2023,7,0,0,1,0,0,0
30.0,9,99.03,891.27,0,2025,11,1,0,1,0,1,0
40.0,61,52.96,3230.56,0,2021,7,0,0,1,0,1,0
37.0,21,76.28,1601.88,0,2024,11,0,0,0,0,0,1
40.0,9,69.23,623.07,1,2025,11,1,0,1,0,0,0
40.0,25,115.62,2890.5,0,2024,7,0,0,1,0,1,0
40.0,36,43.96,1582.56,0,2023,8,1,1,0,1,0,0
39.0,43,114.72,4932.96,0,2023,1,1,0,0,0,0,1
20.0,28,90.69,2539.32,0,2024,4,0,0,0,0,1,0
31.0,64,61.37,3927.68,0,2021,4,1,0,0,0,1,0
49.0,45,46.64,2098.8,0,2022,11,1,0,1,0,0,1
37.0,56,95.74,5361.44,0,2021,12,0,1,0,0,0,1
40.0,48,102.29,2060.0699999999997,1,2022,8,0,0,0,0,1,0
35.0,8,55.75,446.0,1,2025,12,1,1,0,0,1,0
40.0,14,37.19,520.66,0,2025,6,1,0,0,1,0,0
31.0,15,69.22,1038.3,1,2025,5,1,0,0,1,0,0
39.0,39,66.85,2607.15,1,2023,5,0,1,0,1,0,0
19.0,25,92.54,2060.0699999999997,0,2024,7,1,0,1,0,1,0
26.0,63,117.32,7391.16,0,2021,5,1,1,0,1,0,0
36.0,59,73.13,4314.67,0,2021,9,1,1,0,0,0,0
36.0,29,93.17,2701.93,0,2024,3,1,1,0,1,0,0
45.0,3,55.06,165.18,0,2026,5,0,0,0,1,0,0
37.0,39,79.96,3118.44,0,2023,5,1,1,0,0,1,0
44.0,22,31.53,693.6600000000001,0,2024,10,1,1,0,0,0,0
40.0,41,101.49,4161.09,0,2023,3,0,1,0,1,0,0
43.0,20,54.43,1088.6,1,2024,12,0,0,0,0,1,0
58.0,19,28.0,532.0,1,2025,1,1,1,0,0,0,1
43.0,13,119.06,1547.78,0,2025,7,1,1,0,1,0,0
37.0,19,110.18,2093.42,1,2025,1,1,1,0,0,1,0
29.0,66,39.74,2622.84,0,2021,2,0,1,0,0,0,0
41.0,65,56.32,3660.8,0,2021,3,1,1,0,1,0,0
37.0,3,113.67,341.01,0,2026,5,1,0,1,0,0,0
47.0,24,99.63,2391.12,0,2024,8,0,1,0,0,0,0
18.0,38,110.64,2060.0699999999997,0,2023,7,0,1,0,0,1,0
38.0,2,76.25,152.5,1,2026,7,1,0,0,0,0,1
45.0,56,44.31,2060.0699999999997,1,2021,12,0,0,0,0,0,0
42.0,37,42.71,1580.27,1,2023,7,0,0,0,0,0,0
36.0,4,72.57,290.28,0,2026,5,1,1,0,0,0,0
36.0,44,112.4,4945.6,0,2022,12,1,0,0,0,0,0
27.0,45,83.16,3742.2,0,2022,11,0,0,0,0,0,0
45.0,47,23.44,1101.68,0,2022,9,1,0,0,0,0,1
45.0,26,76.05,1977.3,0,2024,6,1,1,0,0,1,0
23.0,9,80.84,2060.0699999999997,0,2025,11,0,0,1,0,0,1
49.0,48,78.16,3751.68,0,2022,8,0,1,0,0,1,0
32.0,31,89.11,2762.41,0,2024,1,1,0,0,0,0,1
35.0,55,49.35,2714.25,0,2022,1,0,1,0,0,1,0
62.0,1,34.38,34.38,0,2026,7,1,0,0,1,0,0
40.0,59,95.0,5605.0,0,2021,9,0,1,0,0,0,0
23.0,11,39.64,436.04,0,2025,9,1,0,0,0,1,0
25.0,2,31.42,62.84,0,2026,7,0,1,0,0,0,1
27.0,46,55.94,2573.24,0,2022,10,1,0,1,0,0,0
59.0,1,103.28,103.28,0,2026,7,1,1,0,1,0,0
33.0,70,28.21,2060.0699999999997,0,2020,10,1,1,0,0,0,0
22.0,71,39.56,2808.76,0,2020,9,0,0,0,0,1,0
40.0,66,67.53,2060.0699999999997,0,2021,2,1,1,0,0,1,0
47.0,2,48.76,97.52,0,2026,7,0,0,0,0,0,0
67.0,69,92.17,6359.7300000000005,0,2020,11,1,0,1,0,0,1
47.0,13,87.49,1137.37,1,2025,7,1,0,0,0,0,0
40.0,19,104.25,1980.75,1,2025,1,1,1,0,0,1,0
43.0,47,40.38,1897.86,0,2022,9,0,0,0,0,1,0
35.0,1,84.89,84.89,1,2026,7,1,1,0,0,1,0
40.0,18,97.47,1754.46,0,2025,3,0,0,0,1,0,0
56.0,32,26.27,840.64,0,2023,12,1,1,0,0,0,0
21.0,11,23.68,260.48,0,2025,9,1,1,0,1,0,0
51.0,20,75.93,1518.6,0,2024,12,0,0,0,0,0,0
27.0,8,78.79,630.32,0,2025,12,0,1,0,1,0,0
69.0,38,59.28,2060.0699999999997,0,2023,7,0,1,0,0,0,1
58.0,6,23.61,141.66,0,2026,3,1,0,0,0,1,0
26.0,2,60.19,2060.0699999999997,1,2026,7,1,0,0,0,1,0
43.0,55,84.21,4631.549999999999,0,2022,1,0,1,0,0,0,0
52.0,3,90.19,270.57,1,2026,5,1,1,0,0,0,1
33.0,66,69.28,2060.0699999999997,0,2021,2,1,0,0,1,0,0
24.0,26,72.5,1885.0,0,2024,6,0,0,1,0,0,1
41.0,48,87.27,4188.96,1,2022,8,1,0,0,1,0,0
38.0,8,64.93,2060.0699999999997,1,2025,12,1,0,0,1,0,0
29.0,67,46.35,3105.4500000000003,0,2021,1,0,1,0,0,0,0
55.0,69,42.3,2918.7,0,2020,11,1,1,0,0,1,0
25.0,30,95.28,2858.4,0,2024,2,1,0,0,1,0,0
40.0,27,68.75,1856.25,0,2024,5,1,0,0,0,0,0
42.0,43,82.41,3543.63,0,2023,1,1,1,0,1,0,0
44.0,5,67.11,2060.0699999999997,1,2026,3,0,1,0,1,0,0
54.0,20,101.88,2037.6,1,2024,12,1,0,1,1,0,0
37.0,52,69.68,3623.3600000000006,0,2022,5,1,1,0,0,0,0
9.0,21,118.81,2060.0699999999997,1,2024,11,1,1,0,0,0,1
35.0,3,44.26,132.78,0,2026,5,1,1,0,1,0,0
49.0,41,33.85,1387.85,0,2023,3,0,1,0,1,0,0
38.0,64,57.36,3671.04,0,2021,4,0,0,0,0,0,0
38.0,68,111.87,7607.16,0,2020,12,0,0,0,0,1,0
46.0,71,105.23,7471.33,0,2020,9,1,1,0,0,0,1
48.0,24,44.74,2060.0699999999997,0,2024,8,1,0,1,0,0,0
19.0,52,79.97,2060.0699999999997,0,2022,5,1,1,0,0,1,0
40.0,2,78.89,157.78,0,2026,7,1,0,1,0,0,0
38.0,44,49.34,2060.0699999999997,0,2022,12,0,0,0,0,0,0
41.0,41,43.54,1785.14,0,2023,3,1,0,1,0,0,1
16.0,70,59.0,4130.0,0,2020,10,0,0,1,0,0,1
56.0,7,98.86,692.02,1,2026,1,1,0,0,0,0,1
40.0,38,39.17,1488.46,0,2023,7,0,0,1,0,0,1
45.0,45,64.57,2905.65,0,2022,11,0,0,1,0,1,0
40.0,9,68.17,613.53,0,2025,11,1,1,0,1,0,0
45.0,53,113.91,6037.23,1,2022,3,1,0,0,0,0,0
22.0,28,50.35,1409.8,0,2024,4,0,1,0,0,0,1
40.0,19,21.96,417.24,0,2025,1,1,0,0,1,0,0
48.0,68,89.37,6077.16,0,2020,12,1,0,1,0,1,0
41.0,4,95.58,382.32,1,2026,5,0,1,0,0,0,1
60.0,13,90.3,1173.9,1,2025,7,1,1,0,0,0,0
30.0,11,90.07,2060.0699999999997,1,2025,9,1,1,0,1,0,0
55.0,2,68.32,136.64,0,2026,7,0,1,0,0,0,1
50.0,70,21.87,1530.9,0,2020,10,0,0,0,0,0,0
41.0,12,92.99,2060.0699999999997,0,2025,8,1,0,1,1,0,0
44.0,37,113.65,4205.05,0,2023,7,0,1,0,0,0,0
28.0,56,35.74,2001.44,0,2021,12,0,0,0,0,1,0
36.0,52,26.79,1393.08,0,2022,5,1,0,0,0,0,1
47.0,4,46.52,2060.0699999999997,0,2026,5,1,0,1,0,0,1
38.0,4,104.98,419.92,0,2026,5,0,1,0,0,0,0
40.0,49,30.61,1499.89,0,2022,7,1,0,1,1,0,0
52.0,52,91.52,4759.04,0,2022,5,1,1,0,0,0,1
17.0,34,26.29,893.86,0,2023,10,0,0,1,0,0,0
44.0,22,23.28,512.1600000000001,0,2024,10,0,0,0,0,1,0
61.0,13,109.13,1418.69,0,2025,7,0,0,0,0,0,1
35.0,63,97.06,6114.78,0,2021,5,0,1,0,0,0,0
25.0,15,79.86,1197.9,0,2025,5,0,0,0,1,0,0
35.0,40,37.2,1488.0,0,2023,5,1,1,0,0,0,1
22.0,38,47.88,1819.44,0,2023,7,0,0,0,0,0,1
43.0,55,24.86,1367.3,0,2022,1,1,0,0,0,1,0
39.0,44,84.54,3719.76,1,2022,12,1,0,0,0,0,0
44.0,66,88.61,5848.26,1,2021,2,0,1,0,1,0,0
38.0,66,52.68,3476.88,0,2021,2,0,1,0,0,1,0
42.0,43,53.84,1200.5,0,2023,1,1,0,0,0,1,0
45.0,38,82.9,3150.2000000000003,0,2023,7,1,0,0,0,1,0
26.0,29,114.57,3322.53,0,2024,3,0,1,0,0,0,0
44.0,56,59.47,3330.32,0,2021,12,1,1,0,0,0,0
57.0,6,69.36,416.16,0,2026,3,0,0,0,0,0,1
28.0,9,89.83,808.47,0,2025,11,1,0,1,0,0,0
44.0,22,54.23,1193.06,0,2024,10,0,1,0,0,1,0
56.0,46,106.89,4916.94,0,2022,10,1,1,0,0,0,0
26.0,31,104.62,3243.2200000000003,0,2024,1,0,0,0,1,0,0
50.0,21,87.43,1836.03,0,2024,11,0,0,1,0,0,1
37.0,38,73.69,2800.22,0,2023,7,0,1,0,0,1,0
52.0,52,118.35,2060.0699999999997,1,2022,5,1,0,0,0,0,1
30.0,19,90.24,1714.56,1,2025,1,1,0,1,0,0,0
40.0,10,84.32,843.1999999999999,0,2025,10,1,1,0,0,0,1
22.0,46,107.68,4953.280000000001,0,2022,10,1,0,0,0,0,1
45.0,66,75.5,4983.0,0,2021,2,1,0,1,0,0,0
45.0,38,44.29,1683.02,0,2023,7,0,0,0,0,0,1
46.0,62,33.78,2060.0699999999997,0,2021,6,0,1,0,0,0,0
40.0,46,67.1,3086.6,0,2022,10,0,0,0,0,1,0
39.0,35,71.57,2504.95,0,2023,9,0,1,0,0,0,1
22.0,43,102.77,4419.11,1,2023,1,1,0,0,1,0,0
52.0,30,33.95,1018.5,0,2024,2,1,1,0,0,0,1
40.0,63,88.12,5551.56,0,2021,5,1,1,0,0,1,0
45.0,30,50.41,1512.3,0,2024,2,0,0,1,0,0,0
40.0,29,113.9,3303.1000000000004,0,2024,3,0,1,0,0,0,0
64.0,66,67.04,4424.64,0,2021,2,1,0,1,0,0,1
33.0,22,82.24,1809.28,1,2024,10,1,1,0,0,0,1
33.0,35,85.01,2975.3500000000004,0,2023,9,0,0,0,1,0,0
21.0,42,29.1,1222.2,0,2023,3,1,0,0,1,0,0
41.0,24,105.22,2525.28,0,2024,8,0,0,1,0,0,0
62.0,26,36.42,946.92,0,2024,6,1,0,0,1,0,0
42.0,31,59.74,1851.94,0,2024,1,1,1,0,0,0,0
43.0,2,87.26,174.52,0,2026,7,1,0,1,0,1,0
52.0,39,25.52,995.28,0,2023,5,1,0,1,0,1,0
42.0,12,78.04,936.48,0,2025,8,0,0,0,1,0,0
54.0,44,60.99,2060.0699999999997,0,2022,12,0,1,0,0,0,1
56.0,43,26.39,1134.77,0,2023,1,0,0,1,1,0,0
33.0,67,92.64,6206.88,0,2021,1,1,0,0,1,0,0
23.0,38,70.13,2664.94,0,2023,7,0,0,0,1,0,0
48.0,66,50.34,3322.44,0,2021,2,0,0,1,0,0,1
40.0,40,28.43,1137.2,0,2023,5,0,0,1,1,0,0
27.0,22,74.75,1644.5,0,2024,10,0,0,0,0,0,1
32.0,63,50.6,2060.0699999999997,0,2021,5,0,0,1,1,0,0
32.0,59,114.67,2060.0699999999997,0,2021,9,1,1,0,0,0,1
42.0,19,79.15,1503.85,0,2025,1,0,0,0,0,0,1
52.0,20,48.51,970.2,0,2024,12,0,0,0,0,0,1
53.0,43,72.86,3132.98,0,2023,1,0,0,1,0,0,1
49.0,58,73.95,4289.1,0,2021,10,0,0,1,0,0,1
36.0,54,92.68,5004.72,1,2022,3,1,0,1,0,1,0
67.0,40,110.22,4408.8,1,2023,5,1,1,0,0,0,0
40.0,27,116.26,3139.02,0,2024,5,0,0,0,0,0,0
35.0,13,91.79,1193.27,1,2025,7,1,0,0,0,0,1
40.0,47,74.59,3505.73,0,2022,9,1,1,0,0,0,0
36.0,23,42.49,977.27,0,2024,9,0,1,0,0,0,1
45.0,59,60.3,3557.7,0,2021,9,0,0,0,1,0,0
21.0,7,68.88,2060.0699999999997,1,2026,1,1,0,0,0,1,0
29.0,50,32.84,1642.0000000000002,0,2022,7,0,0,0,1,0,0
34.0,66,45.64,3012.24,0,2021,2,1,1,0,1,0,0
40.0,3,118.45,355.35,1,2026,5,1,0,1,0,0,1
30.0,39,95.67,3731.13,1,2023,5,0,0,0,1,0,0
53.0,7,68.2,477.4,1,2026,1,1,0,0,0,1,0
20.0,68,42.6,2896.8,0,2020,12,0,0,1,1,0,0
42.0,55,77.34,4253.7,1,2022,1,0,0,0,0,1,0
46.0,8,43.19,345.52,0,2025,12,0,0,0,0,1,0
34.0,32,39.31,1257.92,1,2023,12,1,0,0,0,0,1
37.0,19,29.38,558.22,0,2025,1,1,0,1,0,1,0
40.0,12,54.59,655.08,0,2025,8,1,0,0,1,0,0
48.0,57,74.17,4227.6900000000005,0,2021,11,1,0,1,0,0,1
58.0,10,35.93,359.3,0,2025,10,1,1,0,0,1,0
40.0,21,40.04,840.84,1,2024,11,0,0,1,0,1,0
29.0,20,59.11,1182.2,0,2024,12,0,0,0,0,0,0
30.0,4,68.95,275.8,0,2026,5,0,1,0,0,0,1
40.0,19,96.23,1828.37,0,2025,1,1,0,0,0,0,0
35.0,29,76.66,2223.14,1,2024,3,1,0,0,0,1,0
40.0,71,81.77,5805.67,0,2020,9,1,0,1,0,0,0
32.0,64,89.62,5735.68,0,2021,4,0,0,1,1,0,0
29.0,11,65.1,716.0999999999999,0,2025,9,0,0,0,1,0,0
31.0,33,54.31,1792.23,0,2023,11,0,0,0,0,1,0
41.0,25,100.04,2501.0,1,2024,7,0,1,0,0,0,0
52.0,33,102.83,3393.39,0,2023,11,0,1,0,0,0,0
39.0,26,35.4,2060.0699999999997,0,2024,6,1,1,0,0,0,1
33.0,36,115.34,4152.24,0,2023,8,0,1,0,1,0,0
28.0,11,112.99,1242.89,1,2025,9,1,1,0,1,0,0
58.0,30,107.09,3212.7000000000003,1,2024,2,1,0,0,0,0,1
19.0,57,62.27,2060.0699999999997,0,2021,11,0,1,0,1,0,0
38.0,10,104.22,1042.2,1,2025,10,0,0,1,0,0,0
49.0,25,82.81,2070.25,1,2024,7,1,1,0,0,0,0
38.0,68,40.54,2756.72,0,2020,12,0,1,0,1,0,0
33.0,57,97.49,2060.0699999999997,0,2021,11,0,0,0,0,0,1
46.0,34,60.61,2060.74,0,2023,10,1,0,0,0,1,0
27.0,54,49.22,2657.88,0,2022,3,0,0,0,0,1,0
19.0,51,107.83,5499.33,1,2022,5,1,0,0,0,1,0
44.0,6,106.23,637.38,1,2026,3,0,0,1,0,1,0
28.0,59,106.44,6279.96,0,2021,9,1,0,0,0,0,0
40.0,54,105.95,5721.3,0,2022,3,0,1,0,0,1,0
39.0,17,75.42,1282.14,1,2025,3,1,0,0,0,0,1
43.0,26,81.69,2123.94,0,2024,6,0,0,0,0,0,0
37.0,9,114.89,1034.01,0,2025,11,0,0,0,0,1,0
47.0,2,32.93,65.86,0,2026,7,1,0,0,0,1,0
32.0,20,100.63,2012.6,1,2024,12,0,0,1,0,1,0
49.0,6,72.63,435.78,0,2026,3,0,0,0,1,0,0
25.0,55,117.84,6481.2,0,2022,1,1,1,0,1,0,0
54.0,48,83.92,4028.16,0,2022,8,0,1,0,0,0,1
65.0,58,36.25,2102.5,0,2021,10,0,1,0,0,0,0
41.0,42,101.55,4265.099999999999,0,2023,3,1,1,0,0,1,0
59.0,21,87.27,1832.67,0,2024,11,0,1,0,1,0,0
62.0,6,34.89,209.34,1,2026,3,1,0,0,0,0,1
36.0,30,20.9,627.0,0,2024,2,1,1,0,0,0,0
41.0,23,74.36,2060.0699999999997,1,2024,9,0,0,0,0,0,0
40.0,36,44.15,1589.4,0,2023,8,1,0,0,0,0,0
31.0,3,106.72,2060.0699999999997,1,2026,5,1,1,0,1,0,0
43.0,34,45.09,1533.0600000000002,0,2023,10,0,1,0,0,1,0
20.0,30,86.29,2588.7000000000003,0,2024,2,0,1,0,0,1,0
40.0,42,54.51,2289.42,1,2023,3,1,1,0,0,0,0
42.0,21,55.03,1155.63,0,2024,11,1,0,0,0,0,0
48.0,4,38.18,152.72,0,2026,5,1,0,0,0,0,1
38.0,49,70.27,2060.0699999999997,0,2022,7,0,1,0,0,0,1
40.0,48,77.93,3740.64,0,2022,8,0,0,1,0,0,0
43.0,51,78.1,3983.1,0,2022,5,1,1,0,0,0,1
46.0,24,105.66,2535.84,0,2024,8,0,1,0,1,0,0
51.0,46,85.23,2060.0699999999997,0,2022,10,0,1,0,0,0,0
25.0,27,94.02,2538.54,0,2024,5,0,1,0,0,0,1
32.0,51,52.34,2669.34,0,2022,5,0,1,0,0,0,0
68.0,20,62.07,1241.4,0,2024,12,1,0,1,0,1,0
42.0,71,21.83,1549.9299999999998,0,2020,9,0,0,0,1,0,0
40.0,18,27.91,502.38,0,2025,3,1,1,0,0,0,0
19.0,8,58.51,2060.0699999999997,0,2025,12,0,1,0,0,1,0
39.0,27,40.97,1106.19,0,2024,5,0,0,1,0,0,0
34.0,14,101.3,1418.2,0,2025,6,1,0,1,0,1,0
30.0,18,87.65,1577.7,1,2025,3,1,0,0,0,0,1
62.0,65,117.03,7606.95,0,2021,3,1,0,0,0,1,0
36.0,31,108.7,3369.7000000000003,0,2024,1,0,1,0,1,0,0
50.0,20,117.77,2355.4,0,2024,12,0,1,0,1,0,0
43.0,70,56.53,3957.1,0,2020,10,0,0,0,0,0,1
36.0,45,68.44,3079.8,0,2022,11,1,1,0,0,0,0
26.0,1,57.26,57.26,0,2026,7,1,0,0,1,0,0
49.0,19,116.43,2212.17,0,2025,1,0,0,0,0,0,1
12.0,39,60.27,2350.53,0,2023,5,1,1,0,1,0,0
50.0,27,31.68,855.36,0,2024,5,0,1,0,0,0,1
42.0,56,45.05,2522.8,0,2021,12,0,1,0,1,0,0
40.0,16,62.48,999.68,0,2025,4,1,0,0,0,0,1
40.0,7,80.3,562.1,0,2026,1,1,0,0,1,0,0
25.0,20,81.81,2060.0699999999997,1,2024,12,0,0,0,0,0,0
45.0,31,95.88,2972.28,0,2024,1,0,0,0,0,1,0
50.0,25,84.79,2119.75,0,2024,7,0,0,1,1,0,0
34.0,1,69.15,69.15,0,2026,7,1,0,0,0,0,1
48.0,17,23.02,391.34,0,2025,3,0,0,0,0,0,0
44.0,27,89.5,2416.5,1,2024,5,1,1,0,1,0,0
45.0,24,28.55,685.2,0,2024,8,0,0,1,0,0,1
30.0,62,66.88,4146.56,1,2021,6,0,0,0,0,0,1
55.0,52,109.64,5701.28,0,2022,5,1,1,0,0,0,1
44.0,51,79.69,2060.0699999999997,0,2022,5,1,0,1,1,0,0
50.0,66,39.9,2633.4,0,2021,2,0,0,0,0,0,1
35.0,57,100.8,5745.599999999999,1,2021,11,1,1,0,0,0,1
52.0,55,50.04,2752.2,0,2022,1,0,0,0,0,1,0
35.0,53,77.73,4119.6900000000005,0,2022,3,0,1,0,1,0,0
29.0,19,83.58,2060.0699999999997,0,2025,1,1,1,0,1,0,0
61.0,13,93.11,1210.43,0,2025,7,1,0,0,0,1,0
12.0,29,26.5,768.5,0,2024,3,0,1,0,0,0,0
40.0,6,105.43,632.58,0,2026,3,1,0,0,0,0,1
48.0,1,31.39,31.39,0,2026,7,1,0,1,0,0,1
36.0,24,29.45,706.8,0,2024,8,1,0,0,0,0,1
44.0,6,65.69,394.14,0,2026,3,0,0,0,1,0,0
48.0,48,57.22,2746.56,0,2022,8,0,1,0,1,0,0
36.0,20,25.46,509.2000000000001,0,2024,12,1,0,0,0,0,1
64.0,67,36.6,2452.2000000000003,0,2021,1,0,1,0,1,0,0
58.0,55,63.92,3515.6,0,2022,1,1,0,0,0,0,1
40.0,18,102.91,1852.38,0,2025,3,1,0,1,0,1,0
40.0,21,32.13,674.73,0,2024,11,1,1,0,1,0,0
43.0,64,30.45,1948.8,0,2021,4,1,0,0,0,0,1
23.0,37,100.48,3717.76,0,2023,7,0,0,0,0,0,1
27.0,19,69.23,1315.37,0,2025,1,0,0,0,0,0,1
36.0,56,56.02,3137.1200000000003,0,2021,12,1,0,1,0,0,1
36.0,62,66.14,4100.68,0,2021,6,1,0,0,1,0,0
44.0,18,61.08,1099.44,0,2025,3,0,1,0,0,0,0
39.0,30,98.19,2945.7,0,2024,2,0,1,0,0,0,0
50.0,56,20.93,2060.0699999999997,0,2021,12,1,1,0,0,0,1
44.0,42,63.32,2659.44,0,2023,3,1,0,0,0,0,1
60.0,53,35.89,1902.17,0,2022,3,1,0,0,0,0,1
50.0,50,50.83,2541.5,0,2022,7,0,0,1,0,0,0
26.0,4,31.22,124.88,0,2026,5,1,0,0,0,1,0
38.0,63,62.7,3950.1,0,2021,5,1,0,0,0,0,0
40.0,67,84.33,5650.11,0,2021,1,1,0,0,1,0,0
45.0,56,86.16,4824.96,0,2021,12,0,0,1,0,0,0
53.0,49,99.67,4883.83,0,2022,7,1,1,0,1,0,0
43.0,22,101.5,2233.0,1,2024,10,1,1,0,0,0,1
47.0,12,79.77,2060.0699999999997,0,2025,8,0,0,0,1,0,0
26.0,49,55.31,2710.19,0,2022,7,1,0,0,0,0,1
34.0,13,25.13,326.69,0,2025,7,0,0,0,0,1,0
17.0,33,23.59,2060.0699999999997,0,2023,11,1,0,1,0,0,1
45.0,47,31.33,1472.51,0,2022,9,1,1,0,0,0,1
50.0,64,118.38,7576.32,0,2021,4,0,0,0,0,0,1
24.0,17,98.6,1676.1999999999998,1,2025,3,0,1,0,0,0,1
42.0,34,60.49,2056.66,0,2023,10,1,0,0,0,0,1
39.0,68,66.62,4530.16,0,2020,12,0,0,0,0,0,1
60.0,39,93.74,2060.0699999999997,1,2023,5,1,1,0,0,0,0
29.0,1,71.44,71.44,0,2026,7,0,0,0,1,0,0
51.0,5,56.04,280.2,1,2026,3,1,0,1,0,0,1
54.0,40,54.96,2198.4,0,2023,5,1,1,0,0,0,0
38.0,63,40.96,2580.48,0,2021,5,1,1,0,0,0,1
44.0,1,108.56,108.56,0,2026,7,0,0,1,1,0,0
53.0,35,61.42,2149.7000000000003,0,2023,9,0,0,0,0,0,1
40.0,17,95.24,1619.08,1,2025,3,1,0,0,1,0,0
35.0,60,77.38,2060.0699999999997,0,2021,8,0,0,0,0,0,0
42.0,1,95.41,95.41,1,2026,7,1,0,1,0,0,0
65.0,4,52.09,208.36,0,2026,5,1,0,0,0,0,1
35.0,9,95.2,856.8000000000001,1,2025,11,0,1,0,0,1,0
37.0,45,99.0,4455.0,0,2022,11,1,0,1,1,0,0
59.0,32,30.43,2060.0699999999997,0,2023,12,0,0,1,0,0,1
48.0,69,29.15,2011.35,0,2020,11,1,0,0,0,0,1
66.0,14,118.55,1659.7,1,2025,6,1,0,1,0,0,1
53.0,51,31.8,1621.8,0,2022,5,0,0,0,1,0,0
38.0,23,88.48,2035.04,0,2024,9,0,1,0,0,0,1
37.0,46,94.78,4359.88,0,2022,10,0,1,0,1,0,0
30.0,27,26.35,711.45,1,2024,5,1,0,0,0,0,0
24.0,36,94.65,3407.4,1,2023,8,0,1,0,0,1,0
44.0,68,61.95,4212.6,0,2020,12,1,1,0,0,1,0
40.0,32,47.47,1519.04,0,2023,12,0,0,0,0,0,1
40.0,66,86.53,5710.9800000000005,0,2021,2,0,0,0,0,0,0
40.0,42,103.31,4339.02,0,2023,3,0,0,1,0,0,1
63.0,50,77.28,3864.0,0,2022,7,0,1,0,0,0,0
24.0,57,107.06,6102.42,0,2021,11,0,1,0,0,0,0
22.0,64,22.24,1423.36,0,2021,4,0,0,0,1,0,0
30.0,46,93.86,4317.56,1,2022,10,0,1,0,0,0,1
40.0,54,36.94,1994.76,0,2022,3,0,1,0,1,0,0
40.0,53,48.61,2576.33,0,2022,3,0,1,0,0,0,1
56.0,29,77.23,2239.67,0,2024,3,1,1,0,0,0,1
31.0,37,47.44,1755.28,0,2023,7,1,0,1,0,1,0
29.0,69,36.82,2540.58,0,2020,11,1,0,1,0,1,0
53.0,14,108.55,1519.7,0,2025,6,1,1,0,0,0,0
42.0,27,110.67,2988.09,0,2024,5,0,0,1,0,0,1
49.0,5,23.64,118.2,0,2026,3,0,0,0,0,0,0
39.0,44,70.01,3080.44,0,2022,12,1,1,0,1,0,0
43.0,15,40.37,2060.0699999999997,0,2025,5,1,1,0,0,0,0
23.0,67,106.34,7124.780000000001,0,2021,1,1,0,0,1,0,0
38.0,1,66.25,66.25,1,2026,7,0,1,0,0,0,1
27.0,24,67.85,1628.4,0,2024,8,0,1,0,0,1,0
63.0,62,82.75,5130.5,0,2021,6,1,1,0,1,0,0
56.0,57,25.56,1456.9199999999998,0,2021,11,1,1,0,1,0,0
32.0,20,32.73,2060.0699999999997,0,2024,12,1,1,0,1,0,0
38.0,58,69.84,4050.72,0,2021,10,1,1,0,0,0,0
38.0,14,116.67,1633.38,1,2025,6,1,1,0,1,0,0
66.0,53,104.36,5531.08,0,2022,3,1,0,1,0,0,1
40.0,35,108.94,3812.9,1,2023,9,1,1,0,1,0,0
35.0,62,33.72,2090.64,0,2021,6,0,0,0,0,1,0
42.0,61,115.86,7067.46,0,2021,7,0,1,0,1,0,0
22.0,19,93.0,1767.0,0,2025,1,0,0,0,0,1,0
39.0,42,52.57,2207.94,0,2023,3,0,0,1,0,1,0
27.0,44,106.45,4683.8,0,2022,12,0,0,0,0,0,0
40.0,1,94.73,94.73,1,2026,7,1,1,0,1,0,0
64.0,68,93.65,6368.200000000001,0,2020,12,1,1,0,0,1,0
40.0,46,93.46,4299.16,0,2022,10,1,1,0,0,0,1
31.0,51,100.09,5104.59,0,2022,5,0,1,0,1,0,0
20.0,32,114.85,3675.2,1,2023,12,1,0,0,1,0,0
37.0,19,33.69,640.1099999999999,0,2025,1,0,1,0,0,1,0
38.0,39,119.95,4678.05,0,2023,5,0,0,1,0,0,0
49.0,14,107.23,1501.22,0,2025,6,1,0,0,0,0,0
29.0,29,64.16,1860.64,0,2024,3,1,1,0,1,0,0
40.0,42,35.74,1501.0800000000002,0,2023,3,0,0,0,1,0,0
29.0,14,65.38,915.32,1,2025,6,0,0,0,0,0,0
37.0,11,97.86,1076.46,1,2025,9,1,0,0,0,0,0
16.0,47,80.25,3771.75,0,2022,9,0,1,0,0,0,1
30.0,24,47.96,1151.04,0,2024,8,1,0,1,1,0,0
48.0,22,60.68,1334.96,0,2024,10,1,1,0,1,0,0
25.0,49,115.43,5656.070000000001,1,2022,7,0,0,0,1,0,0
52.0,55,100.38,2060.0699999999997,0,2022,1,1,1,0,0,0,0
50.0,55,32.41,1782.5499999999995,1,2022,1,0,1,0,0,1,0
51.0,70,74.54,5217.8,0,2020,10,1,0,1,0,0,1
40.0,35,113.1,3958.5,0,2023,9,1,0,0,0,0,0
39.0,44,23.43,1030.92,0,2022,12,0,1,0,0,0,0
44.0,36,24.25,873.0,0,2023,8,1,1,0,0,0,1
56.0,15,91.67,1375.05,0,2025,5,0,1,0,1,0,0
55.0,45,77.55,3489.75,1,2022,11,0,1,0,0,1,0
20.0,62,24.6,2060.0699999999997,0,2021,6,1,0,1,0,0,1
30.0,50,119.6,5980.0,0,2022,7,0,1,0,0,1,0
27.0,13,78.01,1014.13,1,2025,7,1,0,0,1,0,0
49.0,31,69.19,2144.89,0,2024,1,0,0,0,0,1,0
32.0,5,64.77,323.85,0,2026,3,0,0,1,1,0,0
40.0,8,90.07,720.56,1,2025,12,0,0,0,0,0,0
60.0,13,65.84,855.9200000000001,1,2025,7,1,1,0,1,0,0
53.0,41,85.91,3522.31,0,2023,3,1,0,0,0,0,1
57.0,17,68.83,1170.11,0,2025,3,1,0,0,0,0,1
31.0,32,81.07,2594.24,0,2023,12,1,0,1,1,0,0
40.0,5,100.52,502.6,1,2026,3,1,1,0,1,0,0
35.0,9,101.72,915.48,0,2025,11,1,0,1,0,0,0
23.0,34,104.9,3566.6000000000004,1,2023,10,1,0,1,0,0,0
17.0,1,40.3,40.3,0,2026,7,1,1,0,1,0,0
54.0,40,26.11,1044.4,0,2023,5,0,1,0,0,1,0
40.0,54,103.61,5594.94,0,2022,3,1,0,1,0,0,0
30.0,32,24.23,775.36,0,2023,12,0,1,0,0,0,1
36.0,50,41.35,2067.5,0,2022,7,1,0,1,0,0,0
40.0,59,72.62,4284.58,0,2021,9,0,1,0,0,0,0
38.0,62,105.54,6543.4800000000005,0,2021,6,1,1,0,0,0,0
51.0,11,109.68,1206.48,0,2025,9,1,0,0,0,0,0
36.0,23,82.81,1904.63,0,2024,9,0,0,0,1,0,0
40.0,26,116.68,3033.6800000000003,0,2024,6,0,0,0,0,0,0
26.0,63,92.99,5858.37,0,2021,5,0,0,0,0,1,0
40.0,46,72.77,3347.42,0,2022,10,1,0,1,0,0,0
41.0,69,33.44,2307.36,0,2020,11,1,0,1,0,0,0
47.0,6,62.88,377.28,1,2026,3,0,1,0,0,0,1
47.0,51,102.23,5213.7300000000005,0,2022,5,0,0,0,0,0,0
51.0,43,48.36,2079.48,0,2023,1,0,0,1,0,0,1
31.0,42,77.83,3268.86,0,2023,3,1,1,0,0,0,1
62.0,13,118.34,1538.42,1,2025,7,1,1,0,1,0,0
63.0,25,37.44,936.0,0,2024,7,1,0,1,0,0,1
34.0,2,30.15,60.3,0,2026,7,1,0,1,0,0,1
30.0,14,99.56,1393.84,1,2025,6,0,1,0,0,1,0
19.0,17,22.49,382.33,0,2025,3,0,1,0,0,1,0
42.0,40,84.33,3373.2,0,2023,5,1,0,1,0,0,1
45.0,39,53.57,2089.23,0,2023,5,0,1,0,1,0,0
40.0,25,92.38,2309.5,0,2024,7,0,1,0,0,1,0
43.0,48,32.03,1537.44,0,2022,8,0,0,1,0,1,0
23.0,49,53.0,2597.0,0,2022,7,0,0,1,1,0,0
52.0,33,21.7,716.1,0,2023,11,1,0,0,0,0,0
34.0,27,43.51,2060.0699999999997,0,2024,5,0,0,1,0,1,0
43.0,45,68.33,3074.85,0,2022,11,0,0,0,0,0,1
43.0,31,37.76,1170.56,0,2024,1,1,1,0,0,0,1
16.0,63,79.97,5038.11,0,2021,5,0,1,0,0,0,1
50.0,38,31.81,1208.78,0,2023,7,0,1,0,1,0,0
31.0,40,94.52,3780.8,0,2023,5,1,0,0,0,0,1
42.0,58,112.17,6505.86,1,2021,10,0,0,1,0,0,0
23.0,65,58.59,3808.35,0,2021,3,1,0,0,1,0,0
34.0,11,72.82,801.02,0,2025,9,0,1,0,0,1,0
44.0,15,68.85,1032.75,0,2025,5,1,1,0,1,0,0
27.0,57,98.54,5616.780000000001,0,2021,11,0,1,0,0,0,1
28.0,25,119.42,2060.0699999999997,1,2024,7,0,1,0,1,0,0
42.0,39,93.57,3649.23,0,2023,5,1,0,0,1,0,0
40.0,33,41.45,1367.85,0,2023,11,1,0,1,1,0,0
44.0,29,89.61,2598.69,0,2024,3,1,0,1,1,0,0
36.0,58,81.58,4731.64,1,2021,10,1,0,0,0,0,0
48.0,11,41.01,451.11,1,2025,9,0,1,0,1,0,0
33.0,13,44.1,573.3000000000001,1,2025,7,1,0,1,0,0,1
47.0,69,85.28,5884.32,0,2020,11,1,0,0,0,1,0
29.0,21,100.78,2116.38,1,2024,11,0,0,0,0,0,0
40.0,3,96.24,288.72,0,2026,5,1,1,0,1,0,0
49.0,26,80.64,2096.64,1,2024,6,1,1,0,0,1,0
34.0,33,113.75,3753.75,0,2023,11,0,1,0,0,0,0
26.0,22,93.1,2060.0699999999997,0,2024,10,1,1,0,0,0,1
61.0,62,74.19,4599.78,1,2021,6,0,1,0,0,0,1
40.0,5,101.62,508.1,0,2026,3,1,0,0,0,1,0
46.0,19,49.05,931.95,0,2025,1,1,0,0,1,0,0
40.0,9,46.35,417.15,0,2025,11,1,1,0,0,1,0
56.0,58,117.15,6794.700000000001,1,2021,10,0,0,1,0,0,0
72.0,24,114.98,2759.52,0,2024,8,1,1,0,0,1,0
55.0,39,108.05,4213.95,0,2023,5,0,0,0,0,1,0
57.0,61,41.44,2527.84,0,2021,7,0,1,0,1,0,0
35.0,48,78.77,3780.96,0,2022,8,0,1,0,0,0,1
40.0,50,73.51,3675.500000000001,0,2022,7,1,0,0,1,0,0
46.0,62,40.31,2499.2200000000003,0,2021,6,1,1,0,0,0,1
40.0,53,64.78,3433.34,0,2022,3,1,1,0,1,0,0
40.0,21,66.51,1396.71,1,2024,11,0,1,0,0,0,1
40.0,38,44.06,1674.2800000000002,0,2023,7,1,0,0,1,0,0
35.0,59,115.49,6813.91,0,2021,9,0,0,0,0,0,1
50.0,43,69.27,2978.61,0,2023,1,1,1,0,0,0,1
19.0,17,72.49,2060.0699999999997,0,2025,3,0,0,0,0,0,1
51.0,69,79.86,5510.34,0,2020,11,1,1,0,0,0,1
21.0,44,108.7,4782.8,0,2022,12,1,0,1,1,0,0
41.0,63,73.33,4619.79,0,2021,5,0,1,0,0,0,0
42.0,23,74.1,1704.3,0,2024,9,1,1,0,0,0,1
47.0,68,44.02,2993.36,0,2020,12,0,1,0,0,0,1
38.0,26,80.28,2087.28,0,2024,6,0,1,0,0,0,1
27.0,48,58.11,2789.28,0,2022,8,1,1,0,0,0,1
42.0,47,84.68,2060.0699999999997,0,2022,9,1,1,0,0,0,1
66.0,46,50.07,2303.22,0,2022,10,1,0,0,0,1,0
40.0,29,91.57,2060.0699999999997,1,2024,3,1,1,0,0,0,1
29.0,34,81.89,2784.26,1,2023,10,1,1,0,0,0,1
34.0,10,67.45,2060.0699999999997,1,2025,10,1,0,1,0,0,1
42.0,20,29.67,593.4000000000001,0,2024,12,1,0,0,0,0,1
37.0,34,82.7,2060.0699999999997,0,2023,10,0,0,0,0,0,0
35.0,13,105.93,1377.09,1,2025,7,1,0,0,1,0,0
56.0,10,37.11,371.1,0,2025,10,1,1,0,0,0,1
46.0,45,28.47,1281.15,0,2022,11,0,0,0,0,0,0
39.0,8,23.96,191.68,0,2025,12,0,1,0,0,0,0
39.0,5,23.18,115.9,0,2026,3,0,1,0,0,0,1
42.0,20,104.21,2084.2,1,2024,12,0,0,1,1,0,0
47.0,44,92.76,4081.44,0,2022,12,1,0,0,0,1,0
55.0,58,40.23,2333.34,0,2021,10,0,1,0,0,0,1
35.0,20,111.71,2234.2,0,2024,12,0,1,0,0,0,1
28.0,71,33.53,2380.63,0,2020,9,1,0,0,0,1,0
40.0,40,57.42,2296.8,0,2023,5,0,0,0,1,0,0
29.0,16,65.21,2060.0699999999997,0,2025,4,0,1,0,0,1,0
22.0,4,27.59,110.36,0,2026,5,1,0,0,0,0,1
57.0,10,54.75,547.5,0,2025,10,1,0,1,0,0,1
50.0,51,30.19,1539.69,0,2022,5,1,0,0,0,0,1
13.0,48,98.98,4751.04,0,2022,8,0,1,0,0,1,0
43.0,20,24.68,493.6,0,2024,12,0,1,0,0,0,1
35.0,32,21.71,694.72,0,2023,12,1,1,0,0,0,0
34.0,66,93.25,6154.5,1,2021,2,1,1,0,0,0,0
10.0,60,98.08,5884.8,0,2021,8,0,1,0,0,0,0
40.0,11,69.56,765.1600000000001,0,2025,9,0,0,1,0,1,0
40.0,20,51.79,1035.8,0,2024,12,0,0,0,0,1,0
40.0,23,43.65,1003.95,0,2024,9,0,0,0,0,1,0
59.0,35,31.7,2060.0699999999997,0,2023,9,0,0,0,0,0,1
49.0,17,68.42,1163.14,0,2025,3,1,1,0,1,0,0
27.0,10,69.11,691.1,1,2025,10,0,0,1,0,0,0
40.0,38,65.6,2492.8,1,2023,7,1,0,0,0,0,1
34.0,32,97.83,3130.56,1,2023,12,0,1,0,0,1,0
53.0,54,29.98,1618.92,0,2022,3,1,0,0,0,1,0
23.0,57,87.0,2060.0699999999997,0,2021,11,0,1,0,0,0,1
42.0,25,60.16,1504.0,0,2024,7,0,0,0,0,0,0
40.0,14,44.09,617.26,0,2025,6,1,0,0,0,1,0
30.0,45,88.16,3967.2,0,2022,11,1,0,0,0,0,0
17.0,44,39.77,1749.88,0,2022,12,1,1,0,0,0,0
25.0,38,43.09,1637.42,0,2023,7,0,1,0,1,0,0
25.0,36,119.85,4314.599999999999,0,2023,8,0,0,1,0,1,0
24.0,39,108.87,4245.93,1,2023,5,0,0,0,0,0,1
42.0,39,89.71,3498.69,0,2023,5,0,1,0,1,0,0
19.0,13,51.58,670.54,0,2025,7,0,1,0,0,0,0
44.0,66,73.67,4862.22,0,2021,2,0,1,0,0,0,1
52.0,34,32.66,1110.4399999999998,0,2023,10,0,0,1,0,0,1
29.0,15,53.4,801.0,0,2025,5,0,1,0,1,0,0
39.0,58,26.8,2060.0699999999997,0,2021,10,0,1,0,1,0,0
40.0,59,81.03,4780.77,0,2021,9,0,1,0,0,0,0
35.0,66,105.75,6979.5,1,2021,2,0,0,0,0,0,0
9.0,52,100.96,5249.92,0,2022,5,0,0,1,0,1,0
26.0,69,105.61,7287.09,0,2020,11,0,0,0,1,0,0
58.0,5,37.46,2060.0699999999997,0,2026,3,1,0,0,0,0,1
44.0,43,85.01,3655.43,0,2023,1,1,1,0,0,0,0
40.0,8,115.67,925.36,1,2025,12,1,0,0,1,0,0
16.0,63,98.33,2060.0699999999997,0,2021,5,1,1,0,0,0,1
47.0,68,20.34,1383.12,0,2020,12,1,1,0,0,0,0
29.0,35,108.23,3788.05,0,2023,9,0,0,0,0,0,1
40.0,71,90.58,2060.0699999999997,0,2020,9,1,1,0,0,0,1
26.0,32,32.21,1030.72,1,2023,12,1,0,0,0,1,0
46.0,24,51.38,1233.12,0,2024,8,0,0,1,0,0,0
39.0,50,31.75,1587.5,0,2022,7,0,1,0,0,0,0
50.0,59,92.98,5485.820000000001,0,2021,9,0,0,0,0,0,0
54.0,65,20.35,1322.75,0,2021,3,0,0,0,0,0,1
31.0,38,66.45,2525.1,0,2023,7,0,1,0,0,1,0
39.0,38,119.98,4559.24,1,2023,7,0,1,0,0,1,0
36.0,21,105.11,2207.31,1,2024,11,0,0,0,1,0,0
24.0,23,78.72,1810.56,1,2024,9,0,1,0,0,0,0
25.0,46,89.39,4111.94,1,2022,10,0,0,0,0,0,1
38.0,69,80.36,5544.84,0,2020,11,0,1,0,0,1,0
39.0,30,101.08,3032.4,0,2024,2,1,0,0,0,0,1
40.0,40,108.6,4344.0,1,2023,5,0,0,0,0,0,1
39.0,70,96.66,6766.2,0,2020,10,0,1,0,0,0,1
30.0,69,38.2,2635.8,0,2020,11,1,1,0,1,0,0
65.0,42,57.25,2404.5,0,2023,3,0,1,0,1,0,0
43.0,18,98.44,2060.0699999999997,1,2025,3,0,0,0,0,0,0
40.0,59,102.32,6036.879999999999,0,2021,9,0,1,0,0,0,1
45.0,13,82.88,1077.44,1,2025,7,1,0,0,0,0,0
30.0,21,91.41,1919.61,1,2024,11,0,0,0,1,0,0
40.0,68,37.45,2546.6000000000004,0,2020,12,1,1,0,1,0,0
45.0,61,57.27,3493.4700000000003,0,2021,7,0,1,0,0,0,1
47.0,38,73.46,2060.0699999999997,1,2023,7,1,0,1,0,0,0
40.0,40,118.37,4734.8,0,2023,5,0,1,0,0,0,1
40.0,27,99.92,2697.84,0,2024,5,0,0,0,1,0,0
54.0,58,39.26,2277.08,0,2021,10,0,0,0,0,0,0
64.0,66,55.24,3645.84,0,2021,2,1,1,0,0,0,0
37.0,43,41.69,2060.0699999999997,0,2023,1,0,1,0,0,1,0
43.0,20,35.23,704.5999999999999,0,2024,12,0,0,0,1,0,0
40.0,35,32.0,2060.0699999999997,0,2023,9,1,0,1,1,0,0
33.0,55,116.57,6411.349999999999,0,2022,1,0,0,1,0,1,0
49.0,40,110.66,4426.4,1,2023,5,0,0,0,1,0,0
29.0,46,68.32,3142.72,0,2022,10,0,0,1,0,0,1
48.0,42,74.85,3143.7,0,2023,3,0,0,0,0,0,1
40.0,18,103.86,1869.48,1,2025,3,1,0,0,0,0,1
45.0,15,84.88,1273.1999999999998,0,2025,5,1,0,0,0,0,0
58.0,66,93.27,6155.82,0,2021,2,0,0,0,0,0,1
38.0,13,99.11,1288.43,0,2025,7,1,1,0,1,0,0
49.0,57,68.3,3893.1,0,2021,11,0,1,0,0,1,0
34.0,9,117.48,2060.0699999999997,0,2025,11,1,0,1,0,0,1
26.0,66,82.84,5467.4400000000005,0,2021,2,1,0,0,0,0,1
60.0,16,83.35,1333.6,1,2025,4,0,0,0,0,0,0
49.0,2,34.1,68.2,0,2026,7,0,1,0,1,0,0
38.0,16,118.77,1900.32,1,2025,4,1,1,0,0,1,0
48.0,1,27.08,27.08,1,2026,7,1,1,0,0,0,1
28.0,26,118.56,3082.56,1,2024,6,1,0,1,0,0,1
45.0,44,111.06,4886.64,0,2022,12,0,1,0,1,0,0
43.0,5,105.64,528.2,1,2026,3,1,1,0,0,1,0
48.0,21,87.36,1834.56,1,2024,11,1,0,1,0,0,1
60.0,35,80.89,2831.15,0,2023,9,1,0,0,1,0,0
57.0,54,119.66,6461.639999999999,1,2022,3,1,1,0,0,1,0
23.0,50,117.4,5870.0,0,2022,7,0,0,1,0,0,1
16.0,44,101.18,4451.92,1,2022,12,1,0,1,0,0,1
43.0,4,28.69,2060.0699999999997,0,2026,5,0,0,0,1,0,0
42.0,42,57.22,2403.24,0,2023,3,1,1,0,0,0,0
26.0,41,106.59,4370.1900000000005,1,2023,3,1,1,0,0,0,0
28.0,36,90.25,3249.0,0,2023,8,1,1,0,0,1,0
31.0,24,32.2,772.8000000000001,0,2024,8,1,1,0,1,0,0
56.0,5,54.82,274.1,0,2026,3,1,1,0,0,1,0
34.0,57,21.94,1250.5800000000002,0,2021,11,0,0,0,1,0,0
22.0,67,109.28,7321.76,0,2021,1,1,0,0,0,1,0
39.0,11,94.7,1041.7,1,2025,9,1,0,0,0,1,0
40.0,45,63.59,2861.55,0,2022,11,1,1,0,1,0,0
28.0,22,96.04,2112.88,1,2024,10,1,0,0,0,0,0
47.0,11,113.34,1246.74,1,2025,9,1,0,0,0,1,0
54.0,38,47.99,2060.0699999999997,0,2023,7,1,0,1,1,0,0
36.0,59,48.58,2060.0699999999997,0,2021,9,0,1,0,1,0,0
22.0,4,68.27,273.08,1,2026,5,0,0,0,1,0,0
37.0,67,90.69,2060.0699999999997,0,2021,1,0,0,1,0,0,1
44.0,10,119.3,1193.0,0,2025,10,1,0,1,1,0,0
14.0,19,36.29,689.51,0,2025,1,0,1,0,1,0,0
46.0,28,54.21,1517.88,1,2024,4,1,1,0,0,0,1
36.0,17,56.34,957.78,0,2025,3,0,0,0,0,0,1
41.0,24,92.58,2221.92,0,2024,8,0,1,0,0,0,0
37.0,1,108.66,108.66,1,2026,7,1,1,0,1,0,0
40.0,5,38.38,191.9,1,2026,3,0,1,0,0,1,0
39.0,32,91.37,2060.0699999999997,0,2023,12,0,1,0,0,0,1
34.0,53,110.96,5880.88,1,2022,3,0,0,1,0,0,1
36.0,57,32.13,1831.41,0,2021,11,1,1,0,0,0,0
29.0,43,83.51,3590.9300000000003,0,2023,1,1,1,0,0,0,0
46.0,39,40.24,1569.36,0,2023,5,0,0,1,0,0,0
55.0,34,64.11,2060.0699999999997,1,2023,10,1,1,0,1,0,0
30.0,5,32.68,163.4,0,2026,3,0,1,0,1,0,0
39.0,18,88.36,1590.48,1,2025,3,1,0,1,1,0,0
27.0,4,60.14,240.56,0,2026,5,1,1,0,0,0,1
45.0,70,76.73,5371.1,0,2020,10,1,0,0,0,0,0
43.0,11,72.35,795.8499999999999,1,2025,9,1,1,0,0,0,1
33.0,47,89.4,2060.0699999999997,0,2022,9,1,0,1,0,1,0
39.0,31,109.56,3396.36,0,2024,1,0,0,1,1,0,0
50.0,13,47.97,623.61,0,2025,7,1,0,0,0,0,1
21.0,23,79.52,1828.96,0,2024,9,1,0,0,0,1,0
24.0,65,77.38,5029.7,0,2021,3,0,0,0,0,0,1
47.0,68,51.51,3502.68,0,2020,12,0,0,0,0,1,0
41.0,30,69.96,2098.8,0,2024,2,1,0,0,0,0,1
39.0,31,24.05,745.5500000000001,1,2024,1,1,0,1,0,0,1
51.0,47,62.69,2946.43,0,2022,9,1,1,0,1,0,0
48.0,16,47.05,752.8,0,2025,4,0,0,1,0,0,1
61.0,43,106.4,4575.2,0,2023,1,1,0,1,0,0,1
51.0,3,55.78,167.34,1,2026,5,1,0,1,0,0,0
46.0,12,39.22,470.64,0,2025,8,0,0,0,0,0,1
39.0,11,72.97,802.67,1,2025,9,0,0,0,1,0,0
38.0,16,101.1,1617.6,0,2025,4,1,0,0,0,0,1
40.0,29,55.4,1606.6,0,2024,3,1,0,1,1,0,0
43.0,21,104.68,2198.28,0,2024,11,1,1,0,0,0,0
26.0,58,52.61,3051.38,0,2021,10,1,0,0,1,0,0
43.0,43,93.56,4023.08,0,2023,1,0,0,0,0,0,0
37.0,5,31.53,157.65,0,2026,3,1,0,1,0,0,0
44.0,52,26.22,2060.0699999999997,0,2022,5,1,0,0,0,0,0
33.0,13,93.76,1218.88,1,2025,7,1,1,0,0,0,0
32.0,12,56.84,682.08,0,2025,8,0,0,0,0,0,0
43.0,1,59.3,59.3,0,2026,7,1,0,0,1,0,0
46.0,8,77.42,619.36,0,2025,12,0,0,0,0,0,0
33.0,16,118.69,1899.04,0,2025,4,1,1,0,0,0,0
56.0,15,37.15,557.25,0,2025,5,0,1,0,0,0,0
56.0,19,49.99,949.81,0,2025,1,1,1,0,0,0,0
21.0,25,84.87,2121.75,0,2024,7,1,1,0,0,0,0
31.0,31,90.1,2793.1,1,2024,1,1,0,1,0,1,0
41.0,2,90.61,181.22,0,2026,7,1,1,0,0,0,1
44.0,59,79.54,4692.860000000001,0,2021,9,0,0,1,0,0,1
66.0,31,78.83,2443.73,0,2024,1,1,0,0,0,0,0
42.0,68,34.81,2367.08,0,2020,12,1,1,0,0,0,0
39.0,68,103.46,7035.28,0,2020,12,1,0,0,0,1,0
26.0,12,20.89,250.68,0,2025,8,1,1,0,0,0,0
21.0,17,61.76,1049.92,1,2025,3,0,1,0,0,1,0
38.0,29,41.54,1204.66,0,2024,3,1,0,0,0,0,1
65.0,36,30.43,1095.48,0,2023,8,1,1,0,1,0,0
37.0,63,51.95,3272.8500000000004,0,2021,5,1,1,0,0,0,1
40.0,15,85.72,1285.8,0,2025,5,0,0,0,1,0,0
45.0,30,69.71,2091.3,0,2024,2,0,0,0,1,0,0
40.0,51,107.35,5474.849999999999,0,2022,5,1,0,0,1,0,0
41.0,11,79.97,879.67,1,2025,9,0,0,0,0,0,0
50.0,57,45.31,2582.67,0,2021,11,0,0,0,0,1,0
29.0,13,71.52,929.76,0,2025,7,0,0,0,1,0,0
56.0,55,42.74,2350.7000000000003,0,2022,1,1,0,0,0,1,0
48.0,63,37.87,2385.81,0,2021,5,1,1,0,0,0,1
57.0,2,115.5,231.0,1,2026,7,1,1,0,1,0,0
23.0,56,66.8,3740.8,0,2021,12,1,0,0,0,0,1
38.0,7,85.12,595.84,0,2026,1,0,0,0,0,0,1
51.0,43,107.34,4615.62,0,2023,1,1,1,0,0,0,1
22.0,31,52.22,1618.82,0,2024,1,0,1,0,0,0,1
51.0,61,98.9,6032.900000000001,0,2021,7,1,0,0,0,1,0
38.0,22,98.88,2175.36,1,2024,10,1,0,0,0,0,1
51.0,62,102.4,6348.8,0,2021,6,0,1,0,0,0,1
43.0,28,38.95,1090.6,0,2024,4,1,0,0,0,0,0
57.0,25,116.28,2907.0,0,2024,7,0,0,1,0,0,1
24.0,65,47.48,3086.2,0,2021,3,0,1,0,1,0,0
44.0,32,97.68,3125.76,1,2023,12,1,0,1,1,0,0
22.0,48,36.23,1739.04,0,2022,8,0,1,0,1,0,0
45.0,24,112.42,2698.08,0,2024,8,0,1,0,0,1,0
44.0,42,62.78,2636.76,0,2023,3,0,0,0,0,0,1
37.0,70,86.87,6080.900000000001,0,2020,10,0,0,0,0,1,0
31.0,36,105.02,3780.72,0,2023,8,1,1,0,1,0,0
36.0,31,48.24,1495.44,0,2024,1,1,1,0,0,0,0
41.0,27,58.9,1590.3,0,2024,5,0,0,0,1,0,0
43.0,66,51.34,3388.44,0,2021,2,1,0,1,1,0,0
63.0,45,48.29,2173.05,0,2022,11,1,0,0,1,0,0
50.0,44,71.03,3125.32,0,2022,12,0,1,0,0,0,0
33.0,57,74.67,4256.1900000000005,0,2021,11,0,0,1,0,0,0
47.0,21,27.68,581.28,0,2024,11,1,1,0,0,0,1
51.0,55,87.33,2060.0699999999997,0,2022,1,1,1,0,0,0,0
32.0,15,62.0,930.0,0,2025,5,0,1,0,0,0,1
48.0,34,108.95,3704.3,0,2023,10,1,0,0,0,0,0
22.0,3,108.55,325.65,1,2026,5,0,0,1,0,0,1
32.0,1,92.01,92.01,1,2026,7,0,1,0,1,0,0
23.0,24,105.38,2529.12,0,2024,8,1,0,0,0,0,0
37.0,43,112.25,4826.75,1,2023,1,0,0,0,0,1,0
34.0,27,77.73,2098.71,1,2024,5,1,1,0,0,1,0
35.0,9,117.19,1054.71,0,2025,11,0,0,1,0,0,1
50.0,17,115.54,1964.18,1,2025,3,1,0,1,0,0,0
41.0,39,30.99,1208.61,0,2023,5,0,0,0,0,0,0
50.0,55,72.28,3975.4,0,2022,1,1,1,0,0,1,0
60.0,68,31.45,2138.6,0,2020,12,0,0,1,0,0,0
65.0,45,88.41,3978.45,1,2022,11,1,0,0,0,0,0
38.0,28,96.53,2702.84,0,2024,4,1,0,0,0,0,1
46.0,56,108.47,6074.32,0,2021,12,0,1,0,1,0,0
38.0,29,85.0,2465.0,0,2024,3,0,0,0,0,1,0
52.0,29,65.4,1896.6,0,2024,3,0,0,0,1,0,0
50.0,69,35.59,2455.71,0,2020,11,1,0,1,0,0,0
40.0,11,32.51,357.61,0,2025,9,0,0,0,0,0,0
34.0,2,68.57,137.14,0,2026,7,0,0,0,0,0,1
57.0,68,103.25,7021.0,0,2020,12,1,0,0,1,0,0
33.0,10,95.07,950.7,1,2025,10,1,0,0,1,0,0
39.0,27,108.08,2918.16,0,2024,5,1,1,0,0,0,1
48.0,35,101.1,3538.5,1,2023,9,1,0,0,1,0,0
38.0,50,40.55,2027.5,0,2022,7,1,0,0,0,0,1
58.0,2,40.03,80.06,0,2026,7,0,0,0,0,0,1
52.0,17,65.8,1118.6,0,2025,3,1,0,1,0,0,0
29.0,24,39.12,938.88,0,2024,8,0,1,0,0,0,0
33.0,57,38.75,2208.75,0,2021,11,1,1,0,0,0,0
47.0,71,46.78,3321.38,0,2020,9,1,0,0,0,0,1
39.0,16,22.26,356.16,0,2025,4,1,0,1,0,0,0
17.0,36,77.13,2776.68,0,2023,8,0,1,0,0,1,0
28.0,45,59.66,2060.0699999999997,0,2022,11,0,0,1,0,1,0
43.0,10,43.74,437.4,0,2025,10,0,0,1,0,0,0
51.0,63,33.42,2105.46,0,2021,5,0,1,0,0,0,1
40.0,43,65.59,2820.3700000000003,1,2023,1,0,0,0,0,1,0
64.0,51,80.2,4090.2,1,2022,5,1,1,0,0,0,0
32.0,3,117.33,351.99,1,2026,5,1,1,0,0,1,0
32.0,66,45.38,2995.0800000000004,0,2021,2,0,1,0,0,1,0
40.0,35,22.63,792.05,0,2023,9,0,0,0,0,1,0
20.0,69,93.6,6458.4,0,2020,11,0,1,0,0,0,1
40.0,36,43.52,1566.72,0,2023,8,1,1,0,0,1,0
38.0,49,68.43,3353.07,0,2022,7,1,1,0,0,0,0
50.0,1,100.82,100.82,1,2026,7,1,0,0,0,1,0
52.0,42,23.7,995.4,0,2023,3,0,0,0,0,0,0
44.0,41,34.15,1400.15,0,2023,3,0,1,0,0,1,0
40.0,57,29.82,1699.74,0,2021,11,0,0,0,0,1,0
44.0,20,43.37,867.4,0,2024,12,0,0,0,0,0,1
30.0,14,37.3,522.1999999999999,1,2025,6,0,0,0,0,1,0
39.0,52,51.66,2686.32,0,2022,5,1,0,0,0,0,0
40.0,54,94.63,5110.02,0,2022,3,1,0,1,1,0,0
40.0,49,24.23,1187.27,0,2022,7,1,1,0,1,0,0
38.0,30,27.38,821.4,0,2024,2,1,1,0,0,1,0
33.0,3,76.43,229.29,0,2026,5,0,0,1,0,1,0
28.0,12,72.03,864.36,0,2025,8,0,0,0,0,0,1
38.0,31,67.41,2089.71,0,2024,1,0,1,0,0,1,0
47.0,37,71.59,2648.83,0,2023,7,1,1,0,0,0,1
19.0,27,94.2,2543.4,0,2024,5,1,0,1,0,0,0
34.0,24,77.61,1862.64,0,2024,8,0,1,0,0,1,0
65.0,41,65.7,2693.7000000000003,0,2023,3,1,0,0,0,1,0
38.0,64,28.18,1803.52,0,2021,4,0,1,0,0,0,1
42.0,11,117.48,1292.28,1,2025,9,0,1,0,0,0,1
62.0,16,43.93,702.88,0,2025,4,1,0,0,1,0,0
44.0,14,106.92,1496.88,1,2025,6,0,1,0,1,0,0
44.0,47,57.9,2060.0699999999997,1,2022,9,1,0,0,0,1,0
29.0,30,88.39,2651.7,1,2024,2,1,1,0,0,0,0
44.0,24,65.41,1569.84,0,2024,8,0,1,0,1,0,0
40.0,13,55.42,720.46,0,2025,7,1,1,0,1,0,0
51.0,9,81.43,732.8700000000001,1,2025,11,1,0,1,1,0,0
55.0,49,73.61,3606.89,0,2022,7,1,1,0,0,0,1
40.0,26,43.24,1124.24,0,2024,6,0,0,0,0,1,0
45.0,49,53.62,2627.38,0,2022,7,0,0,0,0,0,1
17.0,42,23.44,984.48,0,2023,3,1,0,0,0,0,0
13.0,45,39.36,1771.2,0,2022,11,1,1,0,0,0,1
53.0,21,53.58,1125.18,0,2024,11,1,1,0,0,1,0
10.0,29,117.21,3399.09,0,2024,3,1,0,0,0,0,1
44.0,24,72.71,1745.04,1,2024,8,0,0,0,0,0,0
38.0,42,90.08,3783.36,1,2023,3,1,0,0,0,1,0
55.0,71,87.36,6202.56,0,2020,9,1,1,0,0,1,0
40.0,41,118.09,4841.6900000000005,1,2023,3,1,1,0,0,1,0
62.0,48,75.57,2060.0699999999997,0,2022,8,0,1,0,0,1,0
38.0,43,78.55,3377.65,0,2023,1,0,0,0,0,0,0
54.0,8,50.01,400.08,0,2025,12,0,0,0,0,1,0
22.0,63,82.61,2060.0699999999997,0,2021,5,0,1,0,0,0,0
12.0,63,95.77,6033.509999999999,0,2021,5,1,1,0,0,0,1
40.0,6,30.33,2060.0699999999997,0,2026,3,1,1,0,0,0,1
23.0,52,68.01,3536.5200000000004,0,2022,5,1,0,0,0,0,1
39.0,21,62.19,1305.99,0,2024,11,1,0,0,0,1,0
35.0,14,31.36,439.04,0,2025,6,0,0,1,1,0,0
47.0,58,54.13,3139.54,0,2021,10,0,1,0,1,0,0
27.0,25,73.52,1838.0,0,2024,7,1,0,1,0,1,0
45.0,56,84.99,4759.44,0,2021,12,0,1,0,0,0,0
50.0,9,48.89,2060.0699999999997,0,2025,11,0,1,0,0,0,1
38.0,36,67.63,2434.68,0,2023,8,1,0,0,0,1,0
46.0,57,93.41,5324.37,0,2021,11,1,0,0,0,1,0
28.0,5,62.22,311.1,0,2026,3,0,0,1,0,0,0
35.0,7,114.08,798.56,1,2026,1,0,1,0,0,0,1
24.0,6,23.07,138.42000000000002,0,2026,3,0,0,0,1,0,0
68.0,52,46.02,2393.04,0,2022,5,1,0,0,1,0,0
55.0,70,33.34,2333.8,0,2020,10,0,1,0,0,1,0
60.0,55,74.13,4077.15,0,2022,1,0,1,0,0,1,0
55.0,14,37.74,528.36,0,2025,6,1,0,0,0,1,0
32.0,1,94.18,94.18,0,2026,7,0,0,0,0,1,0
22.0,37,111.84,4138.08,0,2023,7,1,0,1,0,1,0
35.0,49,40.72,1995.28,1,2022,7,0,1,0,1,0,0
46.0,12,110.68,1328.16,1,2025,8,1,1,0,0,1,0
37.0,5,83.18,415.9,1,2026,3,0,1,0,0,0,1
40.0,70,39.62,2773.4,0,2020,10,0,0,1,0,0,0
49.0,11,93.65,1030.15,1,2025,9,1,0,0,1,0,0
40.0,53,29.09,1541.77,0,2022,3,0,0,0,0,0,0
35.0,55,89.21,4906.549999999999,1,2022,1,1,0,0,0,0,0
61.0,50,106.13,5306.5,0,2022,7,1,0,1,0,1,0
41.0,53,115.04,6097.12,1,2022,3,1,0,0,0,0,0
53.0,55,25.45,2060.0699999999997,0,2022,1,0,1,0,0,0,1
44.0,3,26.19,78.57000000000001,0,2026,5,0,1,0,0,0,1
28.0,16,113.04,1808.64,0,2025,4,0,1,0,1,0,0
49.0,45,98.96,4453.2,0,2022,11,0,0,0,0,0,1
39.0,36,97.43,3507.4800000000005,0,2023,8,1,1,0,1,0,0
22.0,19,94.26,1790.94,1,2025,1,0,0,1,0,1,0
20.0,4,91.73,366.92,1,2026,5,0,0,1,0,1,0
45.0,59,81.32,4797.879999999999,0,2021,9,1,0,0,1,0,0
66.0,12,101.27,1215.24,0,2025,8,1,0,0,0,0,0
27.0,63,23.42,1475.46,0,2021,5,0,1,0,1,0,0
40.0,56,94.03,5265.68,0,2021,12,1,0,0,0,0,1
45.0,27,78.29,2113.8300000000004,0,2024,5,0,1,0,0,0,0
24.0,68,110.75,7531.0,0,2020,12,1,1,0,0,1,0
68.0,24,113.64,2060.0699999999997,1,2024,8,1,0,0,0,0,1
30.0,26,44.13,1147.38,0,2024,6,0,0,0,0,0,1
34.0,22,98.95,2176.9,1,2024,10,0,0,1,0,1,0
40.0,70,115.7,8099.0,0,2020,10,1,1,0,0,0,0
51.0,19,46.66,886.54,0,2025,1,0,1,0,0,1,0
66.0,34,105.11,2060.0699999999997,0,2023,10,0,0,0,0,0,1
32.0,11,78.65,865.1500000000001,0,2025,9,0,0,0,0,0,1
50.0,45,59.5,2677.5,0,2022,11,1,0,0,0,0,1
24.0,37,102.36,2060.0699999999997,1,2023,7,1,0,1,0,1,0
52.0,23,107.03,2461.69,0,2024,9,1,0,0,1,0,0
61.0,40,48.26,1930.4,0,2023,5,0,0,0,0,0,1
57.0,43,99.45,4276.35,1,2023,1,0,1,0,0,0,1
42.0,4,24.97,99.88,1,2026,5,1,1,0,0,0,0
28.0,15,61.77,2060.0699999999997,0,2025,5,1,0,0,1,0,0
40.0,23,26.98,620.54,0,2024,9,1,1,0,0,0,0
36.0,12,49.38,592.5600000000001,0,2025,8,0,0,0,0,0,1
35.0,68,115.04,7822.72,0,2020,12,1,1,0,1,0,0
42.0,68,93.47,6355.96,0,2020,12,1,1,0,0,0,0
39.0,52,95.56,4969.12,0,2022,5,1,1,0,0,1,0
48.0,41,33.45,1371.45,0,2023,3,1,0,0,0,0,0
49.0,59,77.87,4594.33,0,2021,9,1,0,0,1,0,0
39.0,58,58.88,3415.04,0,2021,10,1,1,0,0,0,0
45.0,59,93.42,2060.0699999999997,0,2021,9,1,1,0,1,0,0
56.0,23,35.71,821.33,0,2024,9,1,1,0,1,0,0
34.0,1,48.19,48.19,0,2026,7,1,0,1,0,0,0
40.0,56,109.86,6152.16,0,2021,12,0,0,0,0,0,0
28.0,4,36.98,147.92,1,2026,5,1,0,0,0,1,0
46.0,29,83.24,2413.96,0,2024,3,1,1,0,0,0,0
42.0,17,51.52,875.84,0,2025,3,1,0,1,1,0,0
46.0,49,28.19,1381.3100000000002,0,2022,7,0,1,0,0,0,1
28.0,51,42.37,2160.87,0,2022,5,1,0,1,0,0,0
49.0,49,106.94,2060.0699999999997,1,2022,7,1,1,0,0,0,0
41.0,24,111.05,2665.2,1,2024,8,0,0,1,1,0,0
52.0,44,61.98,2727.12,0,2022,12,1,1,0,0,0,1
35.0,41,82.09,3365.69,0,2023,3,0,1,0,0,1,0
48.0,57,72.05,4106.849999999999,0,2021,11,1,0,0,0,0,1
45.0,56,47.97,2686.32,0,2021,12,1,0,1,1,0,0
40.0,32,54.48,1743.36,0,2023,12,0,0,0,1,0,0
39.0,31,72.68,2060.0699999999997,0,2024,1,0,0,0,1,0,0
33.0,16,89.54,1432.64,1,2025,4,1,0,1,1,0,0
34.0,32,54.99,1759.68,0,2023,12,1,0,0,0,0,1
40.0,42,89.89,3775.38,0,2023,3,0,0,0,0,0,1
34.0,34,116.1,3947.4,1,2023,10,0,1,0,0,0,1
12.0,37,22.46,831.02,0,2023,7,1,0,0,0,0,0
56.0,16,36.38,582.08,0,2025,4,1,0,0,1,0,0
63.0,13,111.63,1451.19,1,2025,7,1,1,0,0,0,0
38.0,66,27.16,2060.0699999999997,0,2021,2,1,1,0,0,0,0
45.0,33,96.5,3184.5,0,2023,11,1,1,0,0,0,0
42.0,35,82.4,2884.0,0,2023,9,1,0,0,0,1,0
24.0,37,24.77,916.49,0,2023,7,1,1,0,0,0,0
52.0,40,20.07,802.8,0,2023,5,1,1,0,1,0,0
54.0,8,70.2,561.6,0,2025,12,1,0,0,0,0,0
28.0,54,31.73,1713.42,0,2022,3,0,1,0,1,0,0
44.0,7,107.22,750.54,1,2026,1,0,0,0,0,1,0
37.0,2,68.08,136.16,0,2026,7,1,0,0,0,0,1
54.0,56,43.44,2432.64,0,2021,12,0,0,0,1,0,0
39.0,57,36.82,2098.74,0,2021,11,0,0,1,0,0,0
39.0,49,103.58,5075.42,0,2022,7,1,1,0,1,0,0
62.0,69,91.87,6339.030000000001,0,2020,11,0,1,0,0,0,0
25.0,8,91.8,734.4,1,2025,12,0,0,1,0,0,1
43.0,63,28.53,1797.39,0,2021,5,0,1,0,1,0,0
41.0,71,82.45,5853.95,0,2020,9,1,1,0,0,0,0
33.0,46,106.95,4919.7,0,2022,10,0,1,0,1,0,0
64.0,67,96.59,6471.530000000001,1,2021,1,1,1,0,0,0,1
44.0,46,31.82,2060.0699999999997,0,2022,10,1,0,0,0,0,1
48.0,67,114.93,7700.31,1,2021,1,1,1,0,0,0,1
50.0,42,26.97,1132.74,0,2023,3,1,1,0,1,0,0
36.0,64,75.69,2060.0699999999997,0,2021,4,0,0,1,1,0,0
55.0,53,114.5,6068.5,1,2022,3,0,0,0,0,0,0
52.0,71,102.23,7258.33,0,2020,9,0,1,0,0,0,1
39.0,7,88.08,616.56,0,2026,1,1,1,0,0,0,0
51.0,7,105.63,739.41,0,2026,1,0,0,1,1,0,0
55.0,36,87.33,3143.88,0,2023,8,1,1,0,0,1,0
50.0,13,25.49,331.37,0,2025,7,0,0,0,0,0,1
30.0,67,55.09,2060.0699999999997,0,2021,1,0,1,0,0,0,0
39.0,20,62.71,1254.2,0,2024,12,1,0,0,0,0,1
46.0,53,74.64,3955.92,0,2022,3,0,0,0,0,0,0
43.0,52,42.96,2233.92,0,2022,5,0,1,0,0,0,0
31.0,61,108.12,6595.320000000001,1,2021,7,1,1,0,0,1,0
37.0,61,42.87,2615.07,0,2021,7,1,0,0,1,0,0
44.0,56,85.76,2060.0699999999997,1,2021,12,1,0,1,0,0,1
22.0,40,107.66,4306.4,1,2023,5,1,0,1,1,0,0
40.0,63,93.28,5876.64,0,2021,5,0,0,0,0,0,0
48.0,57,33.6,1915.2,0,2021,11,0,1,0,1,0,0
43.0,4,115.14,460.56,1,2026,5,0,0,0,0,1,0
30.0,26,29.19,758.94,0,2024,6,0,0,1,1,0,0
32.0,62,40.01,2480.62,0,2021,6,1,0,1,0,0,0
58.0,54,33.92,1831.68,0,2022,3,0,1,0,0,0,0
29.0,62,86.69,5374.78,1,2021,6,0,1,0,0,1,0
54.0,18,100.74,1813.32,0,2025,3,1,1,0,0,0,1
33.0,10,43.8,438.0,0,2025,10,1,0,0,0,1,0
54.0,36,117.92,4245.12,0,2023,8,1,0,0,0,0,1
46.0,2,33.92,67.84,0,2026,7,0,1,0,0,0,1
36.0,60,51.59,3095.4,0,2021,8,0,1,0,1,0,0
19.0,47,69.03,3244.41,0,2022,9,0,0,0,0,0,0
45.0,32,100.88,3228.16,0,2023,12,0,0,0,0,1,0
42.0,69,57.65,3977.85,0,2020,11,1,0,0,0,1,0
45.0,51,37.99,1937.49,0,2022,5,0,0,0,1,0,0
46.0,67,66.49,4454.83,0,2021,1,0,0,0,0,1,0
24.0,67,67.65,4532.55,0,2021,1,1,1,0,0,0,0
45.0,68,21.62,1470.16,0,2020,12,1,0,0,1,0,0
49.0,56,22.09,1237.04,0,2021,12,1,0,1,0,0,1
40.0,14,47.76,668.64,1,2025,6,0,0,0,0,1,0
25.0,16,94.12,1505.92,0,2025,4,1,0,1,0,0,1
54.0,66,56.6,3735.6,0,2021,2,1,1,0,1,0,0
45.0,33,41.12,1356.9599999999998,1,2023,11,0,0,0,0,1,0
47.0,13,31.3,406.9,0,2025,7,0,1,0,1,0,0
29.0,30,48.05,1441.5,0,2024,2,1,1,0,0,1,0
49.0,26,68.14,1771.64,0,2024,6,1,0,1,0,1,0
19.0,13,29.34,2060.0699999999997,0,2025,7,0,1,0,0,1,0
30.0,68,21.49,1461.32,0,2020,12,1,0,0,1,0,0
55.0,33,32.73,1080.09,0,2023,11,0,1,0,1,0,0
49.0,15,93.8,1407.0,1,2025,5,1,0,0,0,0,0
43.0,17,66.63,1132.71,0,2025,3,0,0,0,0,0,0
51.0,6,64.52,387.12,0,2026,3,0,1,0,1,0,0
52.0,5,21.98,109.9,0,2026,3,0,0,0,1,0,0
49.0,33,91.09,3005.9700000000003,0,2023,11,1,1,0,0,1,0
37.0,54,40.19,2170.26,0,2022,3,0,0,0,0,0,0
29.0,16,29.09,465.44,0,2025,4,1,1,0,0,0,0
32.0,46,104.2,4793.2,0,2022,10,0,1,0,1,0,0
57.0,24,68.56,1645.44,0,2024,8,0,0,1,0,0,0
25.0,5,94.89,474.45,0,2026,3,1,0,0,1,0,0
46.0,67,102.19,6846.73,0,2021,1,1,1,0,0,0,0
46.0,50,116.46,5823.0,1,2022,7,0,1,0,0,0,1
40.0,41,82.37,3377.17,0,2023,3,0,1,0,0,0,1
46.0,55,26.83,1475.65,0,2022,1,0,1,0,0,0,0
35.0,20,75.77,1515.4,1,2024,12,0,1,0,1,0,0
35.0,50,70.95,2060.0699999999997,0,2022,7,1,0,1,0,0,1
40.0,35,25.76,2060.0699999999997,0,2023,9,1,0,0,0,1,0
54.0,50,50.63,2531.5,0,2022,7,1,0,0,1,0,0
50.0,33,61.22,2020.26,0,2023,11,0,1,0,0,0,1
27.0,67,36.1,2418.7000000000003,0,2021,1,0,1,0,0,1,0
43.0,71,20.88,1482.48,0,2020,9,1,0,1,0,0,1
50.0,10,95.7,957.0,1,2025,10,1,0,0,0,0,1
37.0,41,105.16,4311.56,0,2023,3,0,0,1,0,1,0
40.0,40,42.91,2060.0699999999997,0,2023,5,0,1,0,0,1,0
38.0,6,20.38,122.28,0,2026,3,1,0,0,0,0,0
22.0,33,108.99,3596.67,0,2023,11,1,1,0,0,0,1
20.0,16,33.4,534.4,0,2025,4,1,0,0,0,1,0
40.0,24,60.32,1447.68,0,2024,8,1,1,0,0,0,0
70.0,60,56.6,3396.0,0,2021,8,0,0,0,0,1,0
56.0,11,36.43,400.73,1,2025,9,0,0,1,0,0,0
9.0,44,79.88,3514.72,0,2022,12,1,0,1,0,0,0
38.0,3,111.85,2060.0699999999997,1,2026,5,1,0,1,0,1,0
33.0,38,71.37,2712.0600000000004,0,2023,7,1,1,0,0,1,0
22.0,40,117.29,4691.6,1,2023,5,0,0,1,0,0,1
46.0,19,39.08,742.52,0,2025,1,1,0,0,0,0,1
38.0,40,104.85,4194.0,1,2023,5,0,1,0,0,0,0
26.0,53,45.69,2421.57,0,2022,3,1,1,0,0,1,0
15.0,36,45.05,1621.8,0,2023,8,0,1,0,0,0,1
33.0,67,31.77,2128.59,0,2021,1,0,0,1,0,0,0
40.0,20,106.36,2127.2,1,2024,12,0,0,0,0,0,1
39.0,28,92.51,2590.28,0,2024,4,1,1,0,0,0,0
53.0,57,54.17,3087.69,0,2021,11,0,0,1,0,0,1
44.0,3,54.94,164.82,1,2026,5,0,1,0,0,1,0
36.0,37,104.48,3865.76,0,2023,7,1,0,0,1,0,0
30.0,18,112.76,2029.68,0,2025,3,0,0,0,1,0,0
19.0,46,80.24,3691.04,0,2022,10,1,0,0,0,0,0
27.0,5,60.68,303.4,0,2026,3,1,0,0,1,0,0
56.0,57,25.31,1442.6699999999998,0,2021,11,0,0,0,1,0,0
50.0,26,32.66,849.1599999999999,0,2024,6,1,1,0,0,0,0
43.0,33,34.18,1127.94,0,2023,11,0,0,0,1,0,0
40.0,36,47.68,1716.48,1,2023,8,1,0,0,0,0,1
55.0,22,45.7,1005.4,0,2024,10,0,0,1,0,0,1
28.0,17,74.29,1262.93,1,2025,3,1,0,0,0,0,1
28.0,44,114.41,5034.04,0,2022,12,1,1,0,0,1,0
39.0,52,106.17,5520.84,1,2022,5,1,1,0,0,0,1
14.0,22,70.92,1560.24,0,2024,10,0,1,0,1,0,0
28.0,69,21.73,2060.0699999999997,0,2020,11,1,0,1,1,0,0
37.0,1,26.84,26.84,0,2026,7,1,0,1,0,0,1
34.0,30,106.04,2060.0699999999997,0,2024,2,1,1,0,0,1,0
28.0,39,48.36,1886.04,0,2023,5,0,1,0,0,0,1
64.0,35,51.81,1813.35,0,2023,9,0,1,0,0,1,0
40.0,69,33.98,2344.62,0,2020,11,0,1,0,0,1,0
61.0,70,42.31,2961.7000000000003,0,2020,10,0,0,0,0,0,1
39.0,11,44.72,491.92,1,2025,9,0,1,0,0,1,0
34.0,51,61.21,3121.71,0,2022,5,0,0,0,0,0,1
59.0,63,82.31,5185.53,0,2021,5,1,0,0,0,0,1
41.0,34,55.32,1880.88,0,2023,10,0,0,0,1,0,0
40.0,55,64.99,3574.45,0,2022,1,1,0,0,0,1,0
28.0,20,38.19,763.8,0,2024,12,0,0,1,0,0,1
36.0,58,25.64,1487.12,0,2021,10,1,0,1,0,0,1
40.0,17,54.82,931.94,1,2025,3,1,0,0,0,0,0
41.0,34,26.25,892.5,0,2023,10,0,1,0,0,0,0
38.0,62,49.97,3098.14,0,2021,6,1,1,0,0,0,0
68.0,34,103.76,3527.84,0,2023,10,0,1,0,0,0,0
24.0,19,56.69,1077.11,1,2025,1,1,1,0,1,0,0
48.0,66,39.33,2595.78,0,2021,2,0,0,0,0,0,1
34.0,42,110.21,4628.82,0,2023,3,1,1,0,1,0,0
40.0,51,83.93,4280.43,0,2022,5,1,1,0,0,1,0
51.0,71,118.83,8436.93,1,2020,9,0,1,0,0,0,1
19.0,49,50.03,2451.4700000000003,0,2022,7,1,0,1,0,0,1
29.0,29,40.04,1161.16,0,2024,3,1,0,0,0,0,1
38.0,30,49.79,2060.0699999999997,0,2024,2,1,1,0,0,1,0
58.0,25,101.25,2531.25,1,2024,7,0,0,0,0,0,0
58.0,68,35.15,2390.2,0,2020,12,1,1,0,0,1,0
55.0,62,44.11,2734.82,0,2021,6,0,1,0,1,0,0
14.0,38,90.16,3426.08,0,2023,7,1,1,0,1,0,0
27.0,17,93.8,1594.6,0,2025,3,0,0,0,1,0,0
28.0,1,115.88,2060.0699999999997,1,2026,7,1,0,0,0,0,0
39.0,18,118.02,2124.36,0,2025,3,1,0,0,0,0,1
18.0,63,86.35,5440.049999999999,0,2021,5,0,0,0,0,1,0
53.0,46,56.28,2588.88,0,2022,10,1,0,0,0,1,0
16.0,19,65.3,1240.7,0,2025,1,1,0,1,0,0,0
52.0,50,63.93,3196.5,0,2022,7,0,0,1,1,0,0
50.0,54,58.74,3171.96,0,2022,3,0,1,0,0,1,0
27.0,31,53.82,1668.42,0,2024,1,1,0,0,0,0,1
55.0,65,36.79,2391.35,0,2021,3,0,1,0,0,1,0
36.0,46,56.62,2604.52,0,2022,10,1,0,0,0,0,1
33.0,35,116.92,4092.2,1,2023,9,0,1,0,0,1,0
35.0,49,108.22,5302.78,1,2022,7,0,1,0,1,0,0
36.0,34,81.73,2778.82,0,2023,10,0,0,1,0,0,1
37.0,29,39.28,1139.12,0,2024,3,0,1,0,0,0,0
37.0,6,107.87,647.22,0,2026,3,0,0,0,1,0,0
29.0,1,51.19,51.19,1,2026,7,0,0,0,1,0,0
32.0,55,74.57,4101.349999999999,0,2022,1,1,0,1,0,1,0
33.0,27,111.18,3001.86,1,2024,5,0,0,0,0,0,0
60.0,12,53.47,2060.0699999999997,0,2025,8,0,0,0,1,0,0
33.0,4,111.33,445.32,1,2026,5,0,1,0,0,1,0
32.0,52,43.51,2262.52,1,2022,5,0,0,1,0,0,1
58.0,11,112.87,2060.0699999999997,1,2025,9,0,0,1,0,0,1
36.0,52,55.87,2905.24,0,2022,5,0,1,0,0,1,0
29.0,26,57.46,1493.96,0,2024,6,1,0,1,0,0,0
27.0,28,75.3,2108.4,0,2024,4,1,1,0,1,0,0
23.0,66,54.7,3610.2,1,2021,2,1,0,0,0,1,0
46.0,27,65.0,1755.0,0,2024,5,1,1,0,0,0,1
18.0,55,70.13,3857.15,0,2022,1,0,1,0,0,0,1
56.0,71,69.1,4906.099999999999,0,2020,9,0,0,1,0,1,0
39.0,54,116.11,2060.0699999999997,0,2022,3,0,0,0,0,1,0
35.0,46,48.18,2216.28,0,2022,10,1,0,0,0,0,0
37.0,36,48.46,1744.56,1,2023,8,0,1,0,0,1,0
46.0,21,103.79,2179.59,0,2024,11,1,0,0,0,0,0
34.0,49,59.2,2900.8,0,2022,7,0,0,0,1,0,0
38.0,34,27.32,928.88,1,2023,10,1,1,0,0,1,0
53.0,34,68.13,2316.42,0,2023,10,0,1,0,1,0,0
44.0,40,75.02,3000.8,0,2023,5,1,0,1,0,0,1
25.0,7,81.77,572.39,0,2026,1,0,0,0,0,0,0
32.0,52,43.51,2262.52,0,2022,5,0,0,0,0,0,0
19.0,49,117.33,5749.17,0,2022,7,1,1,0,0,0,1
47.0,37,93.7,3466.9,0,2023,7,0,0,0,0,0,1
49.0,62,92.01,5704.62,0,2021,6,0,1,0,0,0,0
29.0,15,107.29,1609.35,1,2025,5,0,0,0,0,0,1
68.0,2,22.61,45.22,0,2026,7,1,0,0,0,0,1
69.0,11,81.31,894.4100000000001,1,2025,9,0,0,0,0,0,1
40.0,17,101.78,1730.26,0,2025,3,0,1,0,0,1,0
30.0,45,23.44,1054.8,0,2022,11,1,0,1,1,0,0
43.0,68,95.61,6501.48,0,2020,12,0,0,0,0,0,1
30.0,61,118.97,7257.17,0,2021,7,1,0,0,1,0,0
51.0,46,79.34,3649.64,0,2022,10,0,1,0,0,0,0
42.0,32,62.47,1999.04,0,2023,12,0,1,0,0,1,0
43.0,19,65.36,1241.84,0,2025,1,1,1,0,0,0,1
61.0,67,87.95,5892.650000000001,0,2021,1,0,0,1,0,0,1
33.0,4,77.0,308.0,1,2026,5,1,0,0,0,0,1
33.0,25,98.76,2469.0,1,2024,7,0,1,0,0,0,0
50.0,21,62.16,1305.36,0,2024,11,1,0,0,0,1,0
35.0,14,61.73,864.2199999999999,1,2025,6,1,0,1,1,0,0
59.0,22,94.6,2081.2,0,2024,10,0,0,1,1,0,0
52.0,48,84.55,4058.4,0,2022,8,1,1,0,1,0,0
36.0,51,97.81,4988.31,0,2022,5,0,1,0,1,0,0
18.0,11,108.72,1195.92,1,2025,9,1,0,1,1,0,0
23.0,59,46.34,2060.0699999999997,0,2021,9,1,1,0,1,0,0
34.0,14,51.5,2060.0699999999997,0,2025,6,1,0,1,1,0,0
45.0,7,72.7,508.9,0,2026,1,1,0,1,0,1,0
53.0,69,113.05,2060.0699999999997,0,2020,11,0,0,1,0,1,0
37.0,58,103.47,6001.26,0,2021,10,1,0,0,0,0,0
29.0,40,66.84,2673.6000000000004,1,2023,5,0,1,0,0,0,1
38.0,25,77.31,1932.75,1,2024,7,0,0,0,0,1,0
40.0,42,91.23,3831.66,0,2023,3,0,1,0,0,0,1
56.0,44,72.27,3179.88,0,2022,12,1,0,0,0,0,0
55.0,5,29.84,2060.0699999999997,1,2026,3,1,0,0,0,1,0
28.0,28,55.27,1547.5600000000002,1,2024,4,1,0,0,0,0,0
45.0,60,24.76,1485.6,0,2021,8,0,1,0,0,1,0
30.0,21,86.99,2060.0699999999997,0,2024,11,0,0,0,0,1,0
30.0,49,53.71,2631.79,0,2022,7,1,0,1,1,0,0
52.0,56,93.84,5255.04,0,2021,12,1,0,0,0,0,1
38.0,57,62.97,3589.29,0,2021,11,1,0,0,0,0,0
48.0,61,24.56,1498.16,0,2021,7,1,0,0,1,0,0
46.0,38,57.96,2202.48,0,2023,7,1,0,0,0,1,0
39.0,2,41.87,83.74,0,2026,7,0,0,1,0,1,0
44.0,3,41.43,124.29,1,2026,5,1,0,0,0,0,0
42.0,43,57.76,2483.68,0,2023,1,0,0,0,0,0,1
26.0,35,117.83,4124.05,1,2023,9,0,0,0,0,0,0
46.0,40,116.01,4640.400000000001,0,2023,5,0,1,0,0,1,0
32.0,58,100.35,5820.299999999999,1,2021,10,1,0,0,1,0,0
27.0,34,44.55,1514.6999999999998,0,2023,10,0,0,0,0,0,0
50.0,25,96.39,2409.75,0,2024,7,1,0,0,0,0,1
33.0,56,21.54,1206.24,0,2021,12,1,0,1,0,0,1
53.0,32,25.63,820.16,0,2023,12,1,1,0,0,0,1
53.0,22,103.57,2278.54,0,2024,10,0,0,1,1,0,0
34.0,65,76.42,4967.3,0,2021,3,0,0,1,0,0,1
53.0,21,57.33,1203.93,0,2024,11,1,0,0,1,0,0
35.0,21,94.05,1975.05,0,2024,11,1,1,0,1,0,0
39.0,28,31.44,880.32,0,2024,4,0,0,0,0,0,1
46.0,19,48.67,924.73,0,2025,1,1,1,0,0,0,1
40.0,14,92.76,1298.64,1,2025,6,0,1,0,1,0,0
51.0,24,40.72,977.28,0,2024,8,0,1,0,0,0,1
39.0,20,80.06,1601.2,0,2024,12,1,0,0,1,0,0
41.0,32,64.77,2072.64,0,2023,12,0,0,0,1,0,0
21.0,52,40.24,2060.0699999999997,0,2022,5,0,0,1,0,0,1
52.0,65,108.84,7074.6,0,2021,3,0,0,0,1,0,0
51.0,52,63.55,3304.6,1,2022,5,0,0,0,1,0,0
43.0,58,79.88,4633.04,0,2021,10,1,0,0,0,0,1
49.0,10,45.3,453.0,0,2025,10,0,0,0,0,1,0
16.0,70,54.68,3827.6,0,2020,10,1,0,1,0,0,0
27.0,15,24.9,2060.0699999999997,0,2025,5,0,1,0,0,0,1
62.0,47,68.32,3211.0399999999995,0,2022,9,1,1,0,1,0,0
37.0,10,54.48,544.8,0,2025,10,1,0,0,0,0,0
49.0,21,52.94,1111.74,0,2024,11,0,1,0,0,0,0
31.0,19,108.99,2070.81,1,2025,1,0,0,0,1,0,0
35.0,68,90.39,6146.52,0,2020,12,0,1,0,1,0,0
62.0,22,65.73,1446.0600000000002,0,2024,10,1,1,0,0,1,0
38.0,63,39.54,2491.02,0,2021,5,0,0,0,1,0,0
46.0,38,117.33,4458.54,0,2023,7,1,0,0,0,0,0
42.0,15,27.48,412.2,1,2025,5,1,1,0,1,0,0
43.0,70,33.61,2352.7,1,2020,10,0,1,0,0,0,1
43.0,44,47.03,2069.32,0,2022,12,0,1,0,0,0,1
16.0,30,115.45,3463.5,1,2024,2,0,1,0,0,0,1
46.0,24,47.89,1149.36,0,2024,8,0,0,1,0,0,0
34.0,46,69.14,3180.44,0,2022,10,0,0,0,0,0,1
61.0,4,96.12,384.48,1,2026,5,0,0,0,0,1,0
31.0,6,112.92,677.52,1,2026,3,0,1,0,0,0,0
34.0,38,80.51,3059.38,0,2023,7,0,1,0,0,0,1
69.0,26,58.43,1519.18,0,2024,6,1,1,0,1,0,0
49.0,19,118.55,2252.45,1,2025,1,0,0,0,0,1,0
28.0,2,22.62,45.24,0,2026,7,1,0,0,1,0,0
40.0,68,103.22,2060.0699999999997,0,2020,12,1,1,0,0,1,0
40.0,69,47.74,2060.0699999999997,0,2020,11,0,1,0,0,1,0
43.0,47,101.75,4782.25,0,2022,9,0,1,0,0,1,0
30.0,29,36.22,1050.38,0,2024,3,0,0,1,0,0,0
62.0,64,54.68,3499.52,0,2021,4,0,1,0,0,0,1
45.0,12,25.6,307.20000000000005,0,2025,8,1,0,1,0,0,1
46.0,11,39.96,439.56,0,2025,9,1,0,0,1,0,0
40.0,8,80.28,2060.0699999999997,0,2025,12,1,0,0,1,0,0
53.0,60,96.15,5769.0,0,2021,8,0,0,1,0,0,1
32.0,26,111.12,2889.12,1,2024,6,0,1,0,0,0,1
41.0,32,31.97,1023.04,0,2023,12,0,1,0,0,0,1
35.0,39,34.06,1328.34,0,2023,5,1,0,0,1,0,0
65.0,4,113.88,455.52,1,2026,5,1,1,0,1,0,0
13.0,44,96.6,4250.4,0,2022,12,0,1,0,1,0,0
33.0,35,73.98,2589.3,0,2023,9,0,0,1,1,0,0
39.0,51,67.67,3451.17,0,2022,5,0,0,0,0,0,1
42.0,51,35.77,1824.27,0,2022,5,1,1,0,0,0,1
41.0,29,57.93,1679.97,0,2024,3,1,1,0,0,0,0
39.0,36,57.26,2060.0699999999997,0,2023,8,0,1,0,0,0,0
38.0,60,84.83,5089.8,0,2021,8,0,1,0,0,0,1
43.0,15,79.89,1198.35,0,2025,5,1,0,0,0,1,0
46.0,51,25.97,1324.47,0,2022,5,0,0,0,0,0,1
61.0,50,104.85,5242.5,0,2022,7,0,1,0,0,1,0
61.0,55,113.75,6256.25,1,2022,1,0,1,0,1,0,0
44.0,12,98.02,1176.24,1,2025,8,1,0,0,0,0,0
34.0,50,37.84,1892.0,0,2022,7,1,0,0,0,1,0
35.0,62,37.22,2307.64,0,2021,6,1,1,0,1,0,0
24.0,5,92.61,463.05,0,2026,3,0,0,0,0,0,1
51.0,27,64.09,1730.43,1,2024,5,1,1,0,0,0,0
39.0,9,97.88,880.92,1,2025,11,1,0,0,0,0,1
45.0,35,27.55,964.25,0,2023,9,1,1,0,1,0,0
44.0,13,91.64,2060.0699999999997,0,2025,7,0,1,0,1,0,0
32.0,44,62.41,2746.04,0,2022,12,1,1,0,0,0,1
30.0,46,23.1,1062.6,0,2022,10,0,1,0,0,0,1
35.0,68,74.52,5067.36,0,2020,12,1,0,0,1,0,0
46.0,53,89.9,2060.0699999999997,0,2022,3,0,0,1,0,1,0
40.0,1,72.82,72.82,1,2026,7,1,0,0,0,0,1
19.0,11,32.29,355.19,0,2025,9,0,0,0,0,0,1
28.0,50,101.59,5079.5,0,2022,7,1,0,0,0,0,0
37.0,9,51.71,465.39,0,2025,11,1,0,0,0,1,0
40.0,38,112.15,2060.0699999999997,0,2023,7,0,0,0,0,1,0
46.0,13,110.69,1438.97,1,2025,7,0,0,0,1,0,0
40.0,5,40.04,200.2,0,2026,3,0,0,0,0,0,0
36.0,25,67.64,1691.0,0,2024,7,0,1,0,0,0,0
35.0,10,33.74,337.40000000000003,0,2025,10,1,0,0,0,1,0
42.0,5,87.77,438.85,0,2026,3,1,0,0,0,0,0
40.0,22,105.19,2314.18,1,2024,10,0,0,1,0,1,0
36.0,42,84.84,3563.28,0,2023,3,1,0,0,0,0,0
27.0,20,46.05,921.0,0,2024,12,1,0,0,0,1,0
39.0,28,27.63,773.64,1,2024,4,0,0,0,0,1,0
32.0,21,26.93,2060.0699999999997,0,2024,11,0,1,0,1,0,0
43.0,11,81.09,891.99,1,2025,9,0,0,0,1,0,0
40.0,69,115.33,7957.769999999999,1,2020,11,1,1,0,0,0,0
24.0,37,89.53,3312.61,0,2023,7,1,0,1,1,0,0
54.0,49,93.06,4559.9400000000005,0,2022,7,1,1,0,0,0,1
46.0,69,52.93,3652.17,0,2020,11,0,1,0,0,0,1
53.0,33,78.6,2593.8,1,2023,11,0,0,0,0,0,0
35.0,45,51.66,2324.7,0,2022,11,1,0,0,0,1,0
23.0,8,110.17,881.36,1,2025,12,1,1,0,1,0,0
42.0,6,33.25,199.5,1,2026,3,1,1,0,0,0,0
57.0,15,83.2,1200.5,0,2025,5,0,0,0,0,0,1
27.0,15,93.08,1396.2,1,2025,5,0,1,0,0,1,0
29.0,9,89.85,808.65,0,2025,11,1,0,1,1,0,0
47.0,61,45.73,2789.53,0,2021,7,0,1,0,0,1,0
34.0,56,68.6,3841.6,0,2021,12,1,1,0,0,1,0
60.0,5,86.33,431.65,1,2026,3,0,0,1,1,0,0
48.0,26,113.09,2060.0699999999997,0,2024,6,1,1,0,1,0,0
31.0,57,69.97,3988.29,0,2021,11,0,0,0,0,0,1
33.0,35,50.05,1751.75,0,2023,9,0,1,0,0,0,1
34.0,10,58.65,586.5,0,2025,10,1,0,0,0,1,0
39.0,21,74.13,1556.73,0,2024,11,1,1,0,0,1,0
44.0,12,117.64,2060.0699999999997,1,2025,8,1,0,0,0,0,1
43.0,9,82.83,745.47,0,2025,11,1,0,0,0,0,1
27.0,16,35.47,567.52,0,2025,4,1,1,0,0,1,0
51.0,54,104.31,5632.74,0,2022,3,1,0,0,0,0,0
37.0,23,38.14,877.22,1,2024,9,0,0,1,0,0,0
29.0,39,23.87,930.93,0,2023,5,0,1,0,0,0,0
34.0,22,30.02,660.4399999999999,0,2024,10,0,0,0,1,0,0
52.0,55,98.61,5423.55,0,2022,1,0,0,0,0,0,1
42.0,31,110.19,3415.89,0,2024,1,0,1,0,0,0,0
43.0,47,46.82,2200.54,0,2022,9,0,0,0,0,0,0
26.0,27,69.81,1884.87,0,2024,5,0,0,0,0,0,1
42.0,48,79.72,3826.56,0,2022,8,1,1,0,1,0,0
52.0,39,61.87,2412.93,0,2023,5,1,1,0,0,0,0
18.0,21,26.53,557.13,0,2024,11,0,0,0,1,0,0
35.0,15,25.67,2060.0699999999997,0,2025,5,0,1,0,1,0,0
47.0,45,64.03,2881.35,0,2022,11,0,0,0,0,1,0
40.0,19,99.79,1896.01,1,2025,1,1,1,0,0,0,1
28.0,53,28.46,1508.38,0,2022,3,0,0,0,0,1,0
40.0,55,40.57,2060.0699999999997,0,2022,1,0,0,0,0,0,0
26.0,49,46.98,2302.02,0,2022,7,1,0,1,0,1,0
30.0,61,75.91,2060.0699999999997,0,2021,7,0,0,0,0,0,1
31.0,60,24.32,1459.2,0,2021,8,0,1,0,1,0,0
59.0,24,106.0,2544.0,1,2024,8,1,0,0,0,0,1
20.0,39,67.07,2615.73,0,2023,5,0,0,1,0,0,0
21.0,61,68.52,4179.719999999999,0,2021,7,1,0,1,0,0,1
43.0,23,52.65,1210.95,0,2024,9,1,1,0,1,0,0
41.0,39,41.2,1606.8000000000002,0,2023,5,1,1,0,0,0,1
34.0,11,56.37,620.0699999999999,1,2025,9,0,0,1,0,0,1
40.0,42,111.34,4676.28,1,2023,3,1,1,0,0,0,1
27.0,25,29.42,735.5,0,2024,7,0,1,0,0,1,0
41.0,34,26.07,886.38,0,2023,10,0,0,0,1,0,0
43.0,22,31.45,691.9,0,2024,10,1,0,0,0,0,1
55.0,2,97.7,195.4,1,2026,7,0,1,0,1,0,0
63.0,51,24.84,1266.84,0,2022,5,0,0,1,1,0,0
37.0,16,53.32,853.12,0,2025,4,0,1,0,0,0,1
25.0,11,62.49,687.39,1,2025,9,0,0,1,1,0,0
45.0,69,70.71,2060.0699999999997,0,2020,11,0,0,1,0,1,0
38.0,62,20.32,1259.84,0,2021,6,0,0,0,0,0,0
38.0,19,68.68,1304.92,0,2025,1,0,0,1,0,0,0
21.0,29,39.49,1145.21,1,2024,3,0,0,1,0,0,1
41.0,42,29.79,1251.18,0,2023,3,0,0,0,0,1,0
45.0,23,73.33,1686.59,0,2024,9,0,1,0,0,0,0
52.0,60,94.41,5664.599999999999,0,2021,8,0,1,0,0,1,0
34.0,18,113.47,2042.46,0,2025,3,1,0,1,0,0,1
30.0,55,111.27,6119.849999999999,0,2022,1,1,0,0,0,1,0
34.0,18,59.9,1078.2,0,2025,3,0,0,1,0,0,1
51.0,27,90.41,2441.07,0,2024,5,0,0,0,0,0,0
57.0,1,89.56,89.56,1,2026,7,1,1,0,0,0,0
53.0,14,61.21,856.94,0,2025,6,0,0,0,0,0,0
48.0,59,29.82,1759.38,0,2021,9,0,1,0,0,0,0
40.0,33,58.2,1920.6,0,2023,11,0,0,0,1,0,0
41.0,36,119.24,4292.639999999999,0,2023,8,1,0,0,0,0,1
43.0,39,75.5,2944.5,1,2023,5,0,0,1,0,1,0
37.0,45,54.14,2436.3,0,2022,11,1,1,0,0,1,0
51.0,25,94.38,2359.5,1,2024,7,1,1,0,0,0,1
20.0,15,88.63,1329.4499999999998,0,2025,5,0,1,0,0,0,0
22.0,20,77.88,1557.6,0,2024,12,1,0,1,0,0,0
20.0,34,83.74,2847.16,1,2023,10,1,0,0,1,0,0
30.0,58,78.49,4552.42,0,2021,10,1,0,0,1,0,0
56.0,60,115.63,6937.799999999999,0,2021,8,0,0,0,0,0,0
26.0,30,70.91,2127.3,0,2024,2,0,1,0,0,1,0
26.0,13,79.02,1027.26,0,2025,7,1,0,1,0,1,0
30.0,67,67.17,4500.39,0,2021,1,0,0,0,0,0,0
53.0,45,80.02,3600.9,0,2022,11,0,0,1,0,0,1
57.0,40,109.08,4363.2,1,2023,5,1,0,1,0,1,0
52.0,38,53.98,2060.0699999999997,0,2023,7,0,1,0,0,0,1
53.0,47,69.59,3270.73,0,2022,9,1,0,0,0,0,0
60.0,29,64.86,1880.94,0,2024,3,1,0,1,1,0,0
18.0,34,59.8,2033.2,0,2023,10,1,0,1,1,0,0
25.0,11,102.1,1123.1,1,2025,9,0,0,1,0,0,0
32.0,20,43.19,863.8,1,2024,12,1,0,0,0,0,1
40.0,20,69.99,1399.8,0,2024,12,1,0,1,0,0,0
41.0,56,112.46,6297.759999999999,0,2021,12,0,0,1,0,1,0
41.0,23,36.13,830.99,0,2024,9,0,1,0,0,0,1
50.0,25,20.46,2060.0699999999997,0,2024,7,1,0,1,0,0,1
17.0,33,46.52,2060.0699999999997,0,2023,11,0,0,1,0,0,1
38.0,31,112.23,3479.13,0,2024,1,1,1,0,0,0,0
43.0,1,28.76,28.76,1,2026,7,1,0,0,1,0,0
36.0,54,33.71,1820.34,0,2022,3,1,0,0,0,1,0
42.0,16,52.03,832.48,0,2025,4,1,1,0,1,0,0
40.0,59,96.97,5721.23,0,2021,9,0,0,0,0,1,0
41.0,66,95.13,6278.58,0,2021,2,0,0,0,0,0,0
66.0,3,28.71,86.13,1,2026,5,1,0,1,0,0,0
51.0,15,113.38,1700.6999999999998,1,2025,5,0,1,0,1,0,0
43.0,32,43.88,1404.16,0,2023,12,0,0,1,1,0,0
46.0,50,48.06,2403.0,0,2022,7,0,1,0,1,0,0
49.0,60,58.64,2060.0699999999997,0,2021,8,1,0,0,0,1,0
60.0,8,83.45,667.6,0,2025,12,0,0,0,0,0,1
54.0,7,72.13,504.91,1,2026,1,1,1,0,0,0,1
46.0,4,112.86,2060.0699999999997,1,2026,5,1,0,0,1,0,0
31.0,10,76.46,764.5999999999999,1,2025,10,0,0,1,1,0,0
45.0,60,105.7,6342.0,0,2021,8,0,0,1,0,0,0
47.0,25,27.82,695.5,0,2024,7,0,0,0,1,0,0
49.0,42,105.59,2060.0699999999997,1,2023,3,0,0,0,0,0,0
31.0,47,39.77,2060.0699999999997,0,2022,9,1,1,0,0,1,0
40.0,32,56.26,1800.32,0,2023,12,1,1,0,0,1,0
50.0,25,51.99,1299.75,0,2024,7,0,0,0,0,1,0
25.0,16,53.73,859.68,0,2025,4,1,0,1,0,1,0
26.0,49,111.87,5481.63,0,2022,7,0,0,0,1,0,0
53.0,16,64.16,2060.0699999999997,1,2025,4,1,0,0,1,0,0
30.0,38,46.8,2060.0699999999997,1,2023,7,0,0,0,0,0,0
58.0,5,49.44,247.2,0,2026,3,1,1,0,1,0,0
37.0,7,100.33,702.31,0,2026,1,0,0,0,0,0,0
45.0,8,73.91,591.28,0,2025,12,0,0,0,0,1,0
44.0,33,64.95,2143.35,0,2023,11,0,0,1,0,0,0
31.0,62,112.68,6986.160000000001,0,2021,6,1,0,0,0,0,0
57.0,32,113.0,3616.0,1,2023,12,0,1,0,1,0,0
37.0,1,95.61,95.61,1,2026,7,0,1,0,0,1,0
41.0,20,71.8,1436.0,0,2024,12,0,1,0,0,0,1
16.0,55,31.66,1741.3,0,2022,1,1,0,1,1,0,0
24.0,63,90.79,5719.77,0,2021,5,1,0,0,1,0,0
54.0,6,101.51,609.0600000000001,0,2026,3,0,1,0,0,0,1
40.0,52,105.2,5470.400000000001,1,2022,5,0,0,0,0,1,0
33.0,2,78.19,156.38,0,2026,7,1,1,0,0,0,1
33.0,39,81.68,2060.0699999999997,1,2023,5,0,1,0,0,0,0
47.0,32,90.93,2909.76,0,2023,12,1,1,0,0,0,1
40.0,51,107.39,1200.5,1,2022,5,1,0,1,0,1,0
33.0,69,24.54,1693.26,0,2020,11,0,0,0,0,1,0
53.0,32,76.32,2442.24,0,2023,12,1,0,1,0,0,1
38.0,3,56.91,170.73,0,2026,5,0,0,1,1,0,0
46.0,62,103.32,6405.839999999999,0,2021,6,0,0,0,0,0,1
19.0,13,33.38,433.94000000000005,1,2025,7,0,1,0,0,0,1
21.0,70,110.97,7767.9,0,2020,10,0,0,0,0,0,1
50.0,21,32.4,680.4,0,2024,11,1,1,0,0,0,1
43.0,61,28.93,1764.73,0,2021,7,1,0,1,0,0,1
45.0,14,54.65,765.1,1,2025,6,0,1,0,0,0,0
27.0,71,119.47,8482.37,0,2020,9,0,1,0,0,0,1
35.0,22,83.38,1834.36,0,2024,10,0,1,0,1,0,0
20.0,32,22.64,724.48,0,2023,12,0,1,0,0,0,0
30.0,41,44.93,1842.13,0,2023,3,1,1,0,1,0,0
40.0,32,34.92,1117.44,0,2023,12,0,0,1,0,0,0
44.0,42,20.1,844.2,0,2023,3,1,0,0,0,0,1
40.0,52,71.49,2060.0699999999997,0,2022,5,0,1,0,0,1,0
47.0,54,58.11,3137.94,0,2022,3,0,1,0,0,0,0
40.0,62,81.33,5042.46,0,2021,6,1,0,0,0,0,0
37.0,43,41.64,1790.52,0,2023,1,0,1,0,0,0,0
41.0,3,103.11,309.33,0,2026,5,0,0,0,0,1,0
65.0,38,58.32,2216.16,0,2023,7,1,0,0,0,0,0
38.0,39,68.29,2663.3100000000004,0,2023,5,1,1,0,0,1,0
51.0,70,93.25,6527.5,0,2020,10,0,0,0,0,1,0
47.0,45,36.62,1647.9,0,2022,11,1,1,0,0,0,0
37.0,46,46.23,2126.58,0,2022,10,1,1,0,0,0,0
21.0,13,35.48,461.24,0,2025,7,1,0,0,0,0,0
32.0,52,96.81,5034.12,0,2022,5,0,0,0,0,1,0
41.0,9,29.75,267.75,0,2025,11,0,0,1,0,0,1
39.0,57,68.9,3927.3,0,2021,11,0,1,0,0,0,0
56.0,69,94.99,6554.31,0,2020,11,1,1,0,0,0,1
31.0,43,70.78,3043.54,0,2023,1,0,1,0,0,0,1
38.0,7,70.87,496.09,1,2026,1,1,1,0,0,0,1
46.0,44,26.37,1160.28,0,2022,12,0,1,0,1,0,0
37.0,44,98.29,4324.76,0,2022,12,0,1,0,0,0,1
52.0,68,80.4,5467.200000000001,0,2020,12,1,0,1,0,0,1
27.0,44,86.75,3817.0,1,2022,12,1,0,0,0,1,0
22.0,40,96.58,3863.2,0,2023,5,0,0,1,1,0,0
37.0,43,76.06,3270.58,0,2023,1,1,1,0,0,1,0
39.0,62,70.86,4393.32,0,2021,6,0,0,0,0,1,0
43.0,43,86.32,3711.76,0,2023,1,1,0,0,0,0,1
42.0,19,110.0,2090.0,0,2025,1,0,0,0,0,1,0
40.0,49,83.85,4108.65,0,2022,7,1,0,0,0,0,0
22.0,65,98.83,6423.95,0,2021,3,0,1,0,0,0,1
39.0,25,68.03,1700.75,0,2024,7,0,1,0,0,0,0
28.0,41,78.96,3237.36,0,2023,3,0,0,0,0,0,1
41.0,23,38.01,874.2299999999999,1,2024,9,0,0,1,0,0,1
27.0,58,68.85,3993.3,0,2021,10,1,0,1,0,0,1
45.0,43,34.89,1500.27,0,2023,1,0,0,0,1,0,0
60.0,40,66.7,2668.0,0,2023,5,0,1,0,0,0,1
31.0,30,26.5,795.0,0,2024,2,0,0,0,0,0,0
25.0,34,77.62,2639.08,0,2023,10,0,0,0,0,0,1
54.0,10,48.67,2060.0699999999997,0,2025,10,0,1,0,0,0,1
61.0,60,104.16,6249.599999999999,0,2021,8,1,1,0,0,1,0
25.0,1,57.63,57.63,0,2026,7,0,0,1,0,0,1
39.0,12,111.78,1341.36,1,2025,8,0,0,1,0,0,1
46.0,46,67.29,2060.0699999999997,0,2022,10,0,1,0,0,0,1
37.0,17,104.89,1783.13,1,2025,3,0,0,1,0,0,1
19.0,58,49.73,2884.34,0,2021,10,0,1,0,0,0,1
24.0,38,65.16,2476.08,0,2023,7,0,1,0,0,0,1
25.0,6,83.37,500.22,1,2026,3,1,0,0,1,0,0
28.0,62,45.87,2843.94,0,2021,6,0,0,0,0,0,0
41.0,10,85.73,2060.0699999999997,0,2025,10,1,1,0,1,0,0
53.0,26,48.86,1270.36,0,2024,6,0,1,0,0,0,0
24.0,58,68.43,3968.940000000001,0,2021,10,0,0,0,1,0,0
31.0,17,22.34,379.78,0,2025,3,0,1,0,0,0,1
27.0,53,27.82,1474.46,0,2022,3,1,0,1,1,0,0
40.0,5,42.71,213.55,0,2026,3,0,0,1,0,0,0
30.0,67,100.65,6743.55,0,2021,1,0,1,0,0,1,0
28.0,20,86.04,1720.8000000000002,0,2024,12,0,0,0,0,1,0
21.0,51,109.34,5576.34,0,2022,5,1,1,0,0,0,1
56.0,46,110.47,5081.62,1,2022,10,0,1,0,0,0,1
66.0,67,57.47,3850.49,0,2021,1,1,1,0,0,0,0
41.0,3,56.75,2060.0699999999997,0,2026,5,0,0,0,0,1,0
58.0,23,103.57,2382.11,0,2024,9,0,0,1,0,0,1
40.0,9,62.64,563.76,0,2025,11,0,0,0,1,0,0
40.0,11,105.72,1162.92,0,2025,9,1,1,0,1,0,0
40.0,47,70.59,3317.73,0,2022,9,0,1,0,0,1,0
31.0,49,62.47,3061.03,0,2022,7,0,0,1,0,0,0
38.0,44,47.91,2108.04,0,2022,12,1,0,1,0,0,1
37.0,13,32.65,424.45,0,2025,7,1,0,0,0,0,1
45.0,8,72.59,2060.0699999999997,0,2025,12,0,0,0,0,0,1
41.0,63,52.52,3308.76,0,2021,5,1,0,0,0,1,0
31.0,22,44.94,988.68,0,2024,10,0,0,0,1,0,0
36.0,38,36.97,2060.0699999999997,0,2023,7,0,1,0,0,0,1
53.0,27,58.86,1589.22,0,2024,5,0,0,0,0,1,0
47.0,26,75.59,1965.34,0,2024,6,0,0,1,0,1,0
46.0,23,103.7,2385.1,0,2024,9,0,0,1,0,0,1
67.0,65,102.02,6631.3,0,2021,3,0,1,0,0,0,1
26.0,47,105.51,4958.97,1,2022,9,0,0,1,0,0,0
40.0,61,77.62,4734.820000000001,0,2021,7,0,0,1,0,0,0
41.0,46,75.95,3493.7000000000003,1,2022,10,1,1,0,0,0,1
44.0,4,110.51,442.04,1,2026,5,1,0,1,0,0,0
42.0,31,48.85,1514.35,0,2024,1,0,0,0,1,0,0
32.0,4,34.55,138.2,0,2026,5,1,0,1,0,0,1
28.0,29,28.28,820.12,0,2024,3,1,1,0,0,0,1
40.0,44,108.1,4756.4,0,2022,12,0,1,0,1,0,0
31.0,3,57.18,171.54,1,2026,5,0,0,0,0,0,0
36.0,59,69.87,4122.33,0,2021,9,0,1,0,1,0,0
50.0,53,100.31,5316.43,0,2022,3,0,1,0,0,0,0
25.0,11,57.32,630.52,0,2025,9,1,0,0,0,0,0
38.0,6,106.8,640.8,0,2026,3,0,0,0,0,0,0
53.0,47,52.17,2451.99,0,2022,9,0,0,0,0,0,1
34.0,7,93.24,652.68,0,2026,1,0,1,0,1,0,0
40.0,68,86.74,5898.32,0,2020,12,0,1,0,0,1,0
21.0,1,40.13,40.13,1,2026,7,1,0,1,1,0,0
62.0,56,32.45,1817.2000000000005,0,2021,12,0,0,0,0,0,1
40.0,43,31.16,1339.88,0,2023,1,1,0,0,0,0,1
24.0,28,85.09,2382.52,0,2024,4,0,0,0,0,0,1
50.0,29,21.29,617.41,0,2024,3,0,0,0,0,0,1
45.0,18,86.07,1549.2599999999998,0,2025,3,1,1,0,0,1,0
57.0,62,98.2,6088.400000000001,0,2021,6,0,1,0,1,0,0
22.0,6,50.25,301.5,1,2026,3,1,0,1,1,0,0
27.0,16,94.57,1513.12,0,2025,4,0,1,0,0,0,0
40.0,1,36.54,2060.0699999999997,1,2026,7,1,1,0,1,0,0
71.0,22,116.05,2553.1,1,2024,10,0,0,0,0,0,0
47.0,46,43.21,1987.66,0,2022,10,0,0,0,0,0,0
40.0,62,68.84,4268.08,0,2021,6,1,0,1,0,0,1
31.0,23,118.05,2715.15,1,2024,9,0,1,0,0,1,0
38.0,21,110.71,2324.91,0,2024,11,0,0,0,0,1,0
33.0,51,85.95,4383.45,0,2022,5,0,0,0,1,0,0
46.0,38,56.92,2162.96,0,2023,7,0,0,0,0,0,0
51.0,28,90.01,2520.28,0,2024,4,0,0,0,0,0,1
42.0,44,66.03,2905.32,1,2022,12,1,1,0,0,0,0
50.0,39,30.88,1204.32,0,2023,5,1,0,0,0,0,1
40.0,42,99.6,2060.0699999999997,1,2023,3,0,1,0,0,0,0
56.0,42,107.16,4500.72,1,2023,3,1,1,0,1,0,0
30.0,60,60.76,3645.6,0,2021,8,0,0,0,1,0,0
57.0,57,86.57,4934.49,0,2021,11,0,1,0,0,0,0
31.0,7,23.04,2060.0699999999997,0,2026,1,1,0,0,0,1,0
40.0,51,39.73,2026.23,0,2022,5,1,0,0,0,0,1
26.0,32,77.03,2464.96,0,2023,12,0,1,0,0,1,0
46.0,7,47.41,2060.0699999999997,0,2026,1,1,0,0,0,1,0
42.0,40,114.44,4577.6,1,2023,5,0,0,1,0,0,0
49.0,15,103.7,1555.5,0,2025,5,1,0,0,0,0,1
19.0,59,85.5,5044.5,0,2021,9,1,0,0,0,0,1
42.0,12,119.88,1438.56,1,2025,8,1,0,0,1,0,0
45.0,42,44.32,1861.44,0,2023,3,0,0,1,0,0,0
28.0,39,111.91,4364.49,1,2023,5,0,0,0,0,0,0
46.0,63,50.46,3178.98,0,2021,5,1,0,1,0,0,0
12.0,2,79.66,2060.0699999999997,0,2026,7,1,0,0,1,0,0
38.0,29,63.44,1839.76,1,2024,3,1,1,0,1,0,0
57.0,61,64.32,3923.52,0,2021,7,0,0,0,0,0,1
40.0,29,96.25,2791.25,1,2024,3,0,0,1,1,0,0
40.0,38,54.75,2080.5,0,2023,7,1,0,0,0,0,0
39.0,7,70.75,495.25,1,2026,1,0,1,0,0,0,0
41.0,30,41.17,1235.1,0,2024,2,0,0,0,0,1,0
51.0,56,96.35,5395.599999999999,1,2021,12,0,0,0,1,0,0
42.0,36,75.19,2706.84,0,2023,8,1,0,0,0,0,0
49.0,42,45.51,1911.42,0,2023,3,0,0,0,0,0,0
41.0,4,46.59,186.36,0,2026,5,0,0,0,0,0,1
31.0,5,49.35,246.75,0,2026,3,0,0,1,1,0,0
23.0,46,89.93,4136.780000000001,0,2022,10,0,0,1,0,0,0
44.0,2,79.51,159.02,1,2026,7,1,0,0,0,0,1
10.0,54,102.22,5519.88,0,2022,3,1,0,1,0,1,0
19.0,59,77.15,4551.85,0,2021,9,0,1,0,0,1,0
23.0,33,50.67,1672.11,0,2023,11,0,0,0,0,0,1
49.0,22,116.29,2558.38,1,2024,10,0,0,0,1,0,0
22.0,47,108.61,5104.67,0,2022,9,1,1,0,0,0,0
46.0,6,47.88,287.28000000000003,0,2026,3,1,0,0,1,0,0
28.0,24,111.27,2060.0699999999997,0,2024,8,1,0,0,0,0,1
38.0,49,92.01,4508.490000000001,1,2022,7,1,0,0,0,0,0
39.0,51,61.47,3134.97,0,2022,5,0,1,0,0,0,0
38.0,41,66.69,2734.29,0,2023,3,1,0,0,0,0,0
32.0,67,64.64,4330.88,0,2021,1,1,0,1,1,0,0
21.0,2,99.69,199.38,1,2026,7,0,0,0,1,0,0
40.0,43,37.55,1614.65,0,2023,1,0,0,0,0,0,1
47.0,32,25.87,827.84,0,2023,12,1,1,0,0,1,0
48.0,12,69.85,838.1999999999999,1,2025,8,0,0,0,0,0,1
41.0,23,49.04,2060.0699999999997,0,2024,9,0,0,1,0,0,0
43.0,16,76.39,1222.24,1,2025,4,0,0,0,0,0,1
31.0,44,117.82,5184.08,0,2022,12,0,0,0,0,1,0
45.0,2,87.15,174.3,1,2026,7,0,1,0,0,0,1
45.0,7,115.92,811.44,1,2026,1,0,0,1,0,1,0
36.0,21,93.21,1957.41,1,2024,11,0,1,0,0,1,0
41.0,58,27.59,1600.22,0,2021,10,0,0,0,0,0,0
40.0,23,108.93,2505.3900000000003,1,2024,9,0,1,0,0,1,0
45.0,60,39.89,2393.4,0,2021,8,1,0,0,1,0,0
40.0,25,106.48,2662.0,0,2024,7,0,1,0,0,0,1
21.0,35,94.91,3321.85,0,2023,9,1,0,0,0,0,1
40.0,45,103.86,4673.7,0,2022,11,1,0,0,1,0,0
35.0,7,45.36,317.52,0,2026,1,1,1,0,1,0,0
45.0,69,100.74,6951.06,0,2020,11,1,0,0,0,0,0
13.0,32,81.04,2593.28,0,2023,12,1,0,1,0,0,1
41.0,53,28.19,1494.0700000000002,0,2022,3,0,0,1,1,0,0
54.0,69,108.91,7514.79,0,2020,11,1,1,0,0,0,0
43.0,25,107.68,2692.0,0,2024,7,0,0,1,0,0,1
16.0,2,77.2,2060.0699999999997,1,2026,7,1,1,0,0,0,1
46.0,61,65.26,3980.86,0,2021,7,1,0,1,1,0,0
43.0,9,60.05,540.4499999999999,0,2025,11,1,1,0,0,0,1
40.0,51,80.27,4093.77,0,2022,5,1,0,0,0,1,0
42.0,2,104.17,208.34,1,2026,7,0,0,0,1,0,0
40.0,45,76.59,3446.55,0,2022,11,1,1,0,0,1,0
41.0,32,32.97,1055.04,0,2023,12,1,1,0,0,0,1
46.0,32,50.62,1619.84,0,2023,12,1,0,1,0,0,0
32.0,8,86.82,2060.0699999999997,0,2025,12,0,1,0,0,0,0
34.0,20,84.68,1693.6,0,2024,12,0,0,0,1,0,0
40.0,65,71.89,4672.85,0,2021,3,1,1,0,0,0,0
34.0,21,44.05,925.05,1,2024,11,1,0,1,1,0,0
30.0,7,47.06,329.42,0,2026,1,1,1,0,0,1,0
31.0,9,68.42,615.78,1,2025,11,1,0,0,0,0,1
46.0,2,59.45,118.9,0,2026,7,0,1,0,0,1,0
19.0,19,51.59,980.21,0,2025,1,1,0,0,1,0,0
42.0,60,102.95,6177.0,0,2021,8,0,0,1,0,0,1
40.0,70,70.4,4928.0,0,2020,10,0,1,0,0,0,1
24.0,59,70.31,4148.29,0,2021,9,1,0,1,0,0,1
39.0,69,62.81,4333.89,0,2020,11,0,1,0,0,1,0
29.0,45,88.09,3964.05,0,2022,11,1,1,0,0,0,1
54.0,62,37.56,2328.7200000000003,0,2021,6,0,0,0,0,1,0
38.0,10,114.36,2060.0699999999997,1,2025,10,1,0,0,0,1,0
58.0,65,30.46,1979.9,0,2021,3,0,1,0,0,0,1
56.0,26,91.03,2366.78,1,2024,6,1,1,0,1,0,0
44.0,60,90.43,5425.8,0,2021,8,0,0,0,0,0,1
66.0,18,31.39,565.02,0,2025,3,1,1,0,0,0,1
40.0,59,119.3,7038.7,0,2021,9,1,1,0,0,1,0
57.0,21,23.43,492.03,0,2024,11,1,1,0,0,0,1
37.0,46,56.47,2597.62,0,2022,10,1,0,0,1,0,0
38.0,12,62.48,749.76,0,2025,8,0,1,0,0,0,1
34.0,32,100.28,3208.96,0,2023,12,1,1,0,1,0,0
23.0,39,22.98,896.22,0,2023,5,0,1,0,0,0,0
47.0,55,75.7,2060.0699999999997,0,2022,1,0,0,0,0,0,0
25.0,55,40.4,2222.0,0,2022,1,1,0,0,0,0,0
33.0,10,77.26,772.6,1,2025,10,0,0,1,0,0,1
33.0,35,84.63,2962.05,0,2023,9,0,0,1,0,1,0
52.0,6,23.41,140.46,0,2026,3,0,0,0,1,0,0
39.0,68,26.75,1819.0,0,2020,12,0,0,0,0,0,0
11.0,62,28.52,1768.24,0,2021,6,0,0,1,1,0,0
29.0,9,105.23,947.07,1,2025,11,1,1,0,0,1,0
21.0,29,112.67,3267.43,1,2024,3,0,0,0,1,0,0
46.0,71,63.77,4527.67,0,2020,9,0,1,0,1,0,0
26.0,6,107.48,644.88,0,2026,3,0,0,1,0,0,0
40.0,44,67.62,2975.28,1,2022,12,0,0,1,1,0,0
61.0,64,60.11,3847.04,0,2021,4,0,0,0,0,0,0
48.0,67,73.12,4899.04,0,2021,1,1,0,0,0,1,0
26.0,44,99.02,4356.88,0,2022,12,0,0,0,0,0,0
50.0,14,42.38,593.32,0,2025,6,0,0,0,1,0,0
31.0,9,50.17,2060.0699999999997,1,2025,11,0,0,0,0,1,0
50.0,23,104.89,2412.47,1,2024,9,1,1,0,0,0,1
40.0,57,111.6,6361.2,0,2021,11,1,0,1,0,0,1
28.0,57,32.3,1841.1,0,2021,11,0,0,0,0,1,0
27.0,15,90.49,2060.0699999999997,1,2025,5,0,0,1,0,1,0
43.0,64,20.96,1341.44,0,2021,4,1,0,0,1,0,0
40.0,7,44.62,312.34,0,2026,1,1,1,0,0,0,1
44.0,20,26.86,2060.0699999999997,0,2024,12,0,1,0,0,1,0
35.0,64,71.54,4578.56,1,2021,4,0,1,0,0,0,1
18.0,19,54.34,1032.46,0,2025,1,0,0,0,0,0,1
32.0,6,33.76,202.56,1,2026,3,0,1,0,1,0,0
25.0,51,20.03,1021.53,0,2022,5,1,1,0,0,1,0
56.0,39,58.84,2294.76,0,2023,5,0,0,0,0,0,0
35.0,65,49.45,2060.0699999999997,0,2021,3,0,1,0,0,1,0
44.0,71,24.67,1751.5700000000002,0,2020,9,1,0,0,0,0,1
36.0,25,105.18,2629.5,0,2024,7,0,1,0,0,0,0
40.0,23,61.08,1404.84,0,2024,9,0,1,0,0,0,0
49.0,58,97.48,5653.84,0,2021,10,0,0,0,0,0,1
68.0,11,62.2,684.2,0,2025,9,1,1,0,0,0,1
35.0,34,26.75,909.5,1,2023,10,0,0,0,0,0,0
53.0,31,59.43,1842.33,0,2024,1,0,1,0,0,0,1
43.0,38,108.61,4127.18,0,2023,7,0,0,0,0,0,1
33.0,46,20.78,955.88,1,2022,10,0,1,0,1,0,0
34.0,12,109.53,1314.36,1,2025,8,0,0,0,0,0,0
46.0,9,85.67,771.03,1,2025,11,1,0,1,0,0,1
36.0,13,119.56,1554.28,1,2025,7,0,1,0,0,1,0
41.0,64,111.61,2060.0699999999997,0,2021,4,0,0,0,0,1,0
48.0,20,106.9,2138.0,1,2024,12,0,0,1,0,1,0
40.0,59,23.75,1401.25,0,2021,9,0,0,1,0,0,0
40.0,22,48.02,1056.44,0,2024,10,0,0,1,1,0,0
40.0,65,57.47,3735.55,0,2021,3,1,0,0,0,1,0
45.0,60,89.98,5398.8,0,2021,8,1,1,0,1,0,0
34.0,41,84.86,3479.26,0,2023,3,0,1,0,0,0,1
63.0,45,37.17,1672.65,0,2022,11,1,1,0,0,1,0
34.0,4,93.68,374.72,1,2026,5,0,1,0,0,0,0
40.0,70,35.56,2489.2000000000003,0,2020,10,1,0,0,0,1,0
47.0,45,65.64,2060.0699999999997,0,2022,11,0,1,0,0,0,0
46.0,58,77.87,4516.46,0,2021,10,1,0,0,0,0,1
57.0,23,107.07,2462.61,0,2024,9,1,0,1,1,0,0
48.0,32,83.13,2660.16,0,2023,12,0,0,0,0,0,1
68.0,63,115.48,7275.240000000001,0,2021,5,1,0,0,1,0,0
45.0,8,119.45,955.6,1,2025,12,0,1,0,0,1,0
56.0,25,70.88,1772.0,0,2024,7,1,0,1,0,1,0
34.0,33,25.15,829.9499999999999,0,2023,11,1,0,0,0,0,1
64.0,66,22.83,1506.78,0,2021,2,1,0,1,1,0,0
36.0,16,105.56,1688.96,1,2025,4,0,1,0,0,0,1
58.0,55,69.99,3849.45,0,2022,1,0,0,1,0,0,0
51.0,36,56.68,2040.48,0,2023,8,1,0,0,0,0,1
40.0,7,48.45,339.15000000000003,0,2026,1,1,0,0,1,0,0
58.0,69,48.18,3324.42,1,2020,11,0,0,0,0,1,0
40.0,8,27.28,2060.0699999999997,0,2025,12,0,0,0,1,0,0
56.0,3,50.3,150.89999999999998,1,2026,5,1,0,0,1,0,0
45.0,35,84.48,2956.8,0,2023,9,1,1,0,0,1,0
35.0,36,58.52,2106.7200000000003,0,2023,8,1,0,1,0,1,0
44.0,30,114.78,3443.4,1,2024,2,0,1,0,0,0,1
40.0,15,86.82,1302.3,1,2025,5,0,1,0,0,1,0
35.0,68,106.4,7235.200000000001,0,2020,12,1,1,0,0,1,0
43.0,58,31.42,1822.36,0,2021,10,0,1,0,0,1,0
45.0,28,65.05,1821.4,0,2024,4,1,1,0,0,0,0
11.0,42,24.14,1013.88,0,2023,3,1,0,1,0,0,0
46.0,18,109.5,1971.0,0,2025,3,1,1,0,0,0,0
49.0,5,34.69,173.45,1,2026,3,0,0,0,0,0,1
57.0,9,100.54,904.86,1,2025,11,1,0,0,0,0,1
25.0,9,112.38,1011.42,1,2025,11,1,1,0,0,0,1
28.0,18,64.19,1155.42,1,2025,3,0,1,0,0,0,1
43.0,56,58.94,3300.64,0,2021,12,0,1,0,0,1,0
31.0,15,80.01,1200.15,0,2025,5,0,0,0,1,0,0
26.0,62,94.03,5829.86,0,2021,6,0,1,0,0,1,0
40.0,35,84.56,2959.6,0,2023,9,1,1,0,1,0,0
36.0,40,20.12,804.8000000000001,0,2023,5,1,1,0,0,0,1
28.0,51,98.59,5028.09,0,2022,5,1,0,0,0,0,0
28.0,60,34.74,2084.4,0,2021,8,0,0,0,0,1,0
39.0,56,64.97,3638.32,0,2021,12,1,0,0,1,0,0
23.0,41,48.24,1977.84,0,2023,3,0,0,1,0,0,0
22.0,54,112.79,6090.660000000001,1,2022,3,0,0,0,0,1,0
41.0,17,70.21,1193.57,0,2025,3,1,0,1,0,1,0
58.0,25,72.22,1805.5,0,2024,7,0,0,0,0,0,0
49.0,9,27.61,248.49,1,2025,11,0,1,0,0,0,1
55.0,56,109.74,2060.0699999999997,0,2021,12,1,0,0,0,0,0
18.0,23,43.9,1009.7,0,2024,9,1,1,0,0,0,1
23.0,2,61.4,122.8,0,2026,7,1,0,1,1,0,0
40.0,45,118.53,5333.85,0,2022,11,0,0,0,0,0,1
40.0,65,31.39,2040.35,0,2021,3,0,0,1,1,0,0
48.0,38,91.85,3490.3,0,2023,7,0,0,0,1,0,0
24.0,6,46.01,276.06,1,2026,3,0,0,0,1,0,0
54.0,48,61.98,2060.0699999999997,0,2022,8,1,0,1,1,0,0
39.0,44,61.82,2720.08,0,2022,12,1,1,0,0,1,0
49.0,7,113.22,792.54,0,2026,1,0,1,0,1,0,0
40.0,66,21.04,1388.64,0,2021,2,1,0,0,0,1,0
21.0,62,56.72,3516.64,0,2021,6,1,1,0,0,1,0
50.0,30,105.24,3157.2,1,2024,2,1,1,0,1,0,0
40.0,52,111.05,5774.599999999999,1,2022,5,0,0,1,0,0,1
25.0,36,51.13,1840.68,0,2023,8,1,0,0,0,0,1
32.0,35,44.2,1547.0,0,2023,9,0,0,1,0,0,0
40.0,66,66.13,4364.58,0,2021,2,0,0,0,0,1,0
42.0,50,94.58,4729.0,1,2022,7,1,1,0,0,1,0
40.0,3,35.4,106.2,0,2026,5,1,0,0,0,0,1
40.0,4,98.45,393.8,0,2026,5,1,0,0,0,1,0
57.0,55,71.27,3919.85,0,2022,1,1,1,0,0,0,1
39.0,52,34.08,1772.16,0,2022,5,0,0,0,0,0,0
40.0,59,87.18,5143.620000000001,0,2021,9,1,1,0,1,0,0
40.0,71,82.82,5880.219999999999,0,2020,9,0,0,1,1,0,0
47.0,20,82.24,1644.8,0,2024,12,0,1,0,1,0,0
44.0,19,95.48,1814.12,1,2025,1,0,0,1,0,0,0
35.0,8,38.12,304.96,0,2025,12,0,0,0,0,1,0
17.0,67,89.75,6013.25,0,2021,1,0,0,1,0,0,0
32.0,27,108.73,2935.71,0,2024,5,0,1,0,0,1,0
33.0,8,73.03,584.24,1,2025,12,0,0,0,0,1,0
32.0,18,68.6,1234.8,1,2025,3,1,1,0,1,0,0
40.0,29,99.78,2060.0699999999997,0,2024,3,1,0,0,0,0,1
36.0,46,34.62,1592.52,1,2022,10,0,0,0,0,0,1
57.0,36,54.09,1947.24,0,2023,8,0,1,0,1,0,0
37.0,3,105.38,316.14,1,2026,5,1,0,1,0,1,0
55.0,9,69.98,629.82,1,2025,11,1,1,0,0,0,0
43.0,10,104.04,1040.4,0,2025,10,1,1,0,1,0,0
40.0,66,45.19,2982.54,0,2021,2,0,1,0,0,0,1
32.0,1,58.96,58.96,0,2026,7,0,1,0,0,0,0
24.0,4,102.36,409.44,1,2026,5,1,0,0,0,1,0
39.0,48,36.35,1744.8000000000002,0,2022,8,1,0,0,1,0,0
60.0,18,109.48,1970.64,0,2025,3,1,0,0,1,0,0
40.0,45,50.99,2294.55,0,2022,11,0,0,1,0,1,0
33.0,15,117.27,1759.05,1,2025,5,0,1,0,0,0,0
38.0,51,102.77,5241.27,0,2022,5,1,0,0,0,0,0
61.0,61,65.56,3999.16,1,2021,7,0,1,0,0,0,1
49.0,4,94.22,376.88,1,2026,5,1,0,0,0,0,1
55.0,19,75.53,2060.0699999999997,1,2025,1,1,1,0,0,0,0
16.0,11,105.32,1158.52,0,2025,9,1,0,1,0,0,1
30.0,28,71.81,2010.68,0,2024,4,0,1,0,0,0,1
31.0,57,118.8,6771.599999999999,0,2021,11,1,1,0,0,1,0
54.0,54,33.35,1800.9,0,2022,3,0,0,1,1,0,0
48.0,65,87.65,5697.25,0,2021,3,1,0,0,0,0,1
53.0,47,44.57,2094.79,1,2022,9,1,0,0,0,0,1
17.0,4,39.12,156.48,0,2026,5,0,0,1,0,1,0
53.0,34,60.83,2068.22,0,2023,10,0,1,0,0,0,0
48.0,54,56.75,3064.5,0,2022,3,0,0,1,0,0,1
29.0,61,24.63,1502.4299999999998,0,2021,7,1,1,0,1,0,0
38.0,20,62.77,2060.0699999999997,0,2024,12,1,0,1,0,0,1
29.0,3,115.19,345.57,1,2026,5,1,1,0,1,0,0
39.0,40,66.69,2667.6,0,2023,5,0,0,0,0,0,0
45.0,69,50.18,3462.42,0,2020,11,0,0,1,0,0,1
57.0,23,114.91,2642.93,0,2024,9,0,1,0,1,0,0
40.0,69,70.57,4869.33,0,2020,11,1,1,0,1,0,0
34.0,32,48.71,1558.72,0,2023,12,1,1,0,1,0,0
27.0,24,98.3,2359.2,1,2024,8,0,0,1,0,0,0
49.0,51,42.36,2160.36,0,2022,5,1,0,1,1,0,0
21.0,58,44.77,2596.6600000000003,0,2021,10,0,0,0,0,1,0
42.0,42,52.43,2202.06,0,2023,3,0,1,0,0,0,0
25.0,35,59.48,2081.8,0,2023,9,0,0,1,1,0,0
40.0,32,78.29,2505.28,0,2023,12,1,1,0,0,0,0
54.0,54,71.53,3862.62,0,2022,3,0,1,0,0,0,0
34.0,45,94.37,2060.0699999999997,0,2022,11,1,1,0,0,1,0
43.0,48,91.72,4402.56,0,2022,8,1,1,0,1,0,0
29.0,49,24.56,1203.4399999999998,0,2022,7,0,0,0,0,0,0
39.0,34,33.39,1135.26,0,2023,10,0,0,1,0,0,0
21.0,16,41.52,664.32,0,2025,4,0,0,0,1,0,0
48.0,11,79.77,877.4699999999999,1,2025,9,1,1,0,0,1,0
35.0,19,109.53,2081.07,1,2025,1,1,0,1,0,0,1
37.0,29,52.49,1522.21,0,2024,3,0,0,0,1,0,0
41.0,54,116.37,6283.9800000000005,0,2022,3,0,0,1,0,0,1
16.0,53,37.29,1976.37,0,2022,3,1,0,1,1,0,0
32.0,67,112.47,7535.49,0,2021,1,1,0,1,0,0,1
42.0,32,100.1,3203.2,0,2023,12,1,0,1,0,0,0
38.0,56,58.9,3298.4,0,2021,12,1,0,1,1,0,0
66.0,63,40.63,2060.0699999999997,0,2021,5,1,1,0,0,1,0
55.0,4,59.13,236.52,0,2026,5,1,0,1,0,1,0
42.0,11,41.37,455.07,0,2025,9,0,1,0,1,0,0
28.0,3,76.12,228.36,0,2026,5,1,0,1,0,0,0
34.0,27,77.48,2091.96,1,2024,5,0,0,1,0,0,1
48.0,44,96.82,4260.08,0,2022,12,0,1,0,0,0,1
41.0,18,72.79,1310.22,0,2025,3,0,0,1,1,0,0
55.0,30,54.51,1635.3,0,2024,2,1,1,0,0,0,1
41.0,70,111.16,7781.2,0,2020,10,1,0,1,0,0,0
41.0,47,27.8,1306.6,0,2022,9,1,0,0,0,1,0
59.0,34,100.88,3429.92,1,2023,10,1,1,0,0,0,0
27.0,42,60.96,2560.32,0,2023,3,0,0,1,0,0,1
61.0,23,38.11,876.53,0,2024,9,0,0,1,0,0,1
49.0,40,32.04,1281.6,0,2023,5,0,1,0,0,0,0
40.0,15,42.08,2060.0699999999997,0,2025,5,1,0,0,0,1,0
40.0,57,32.2,1835.4,0,2021,11,0,1,0,0,0,1
60.0,14,65.89,922.46,0,2025,6,1,1,0,0,0,0
42.0,12,54.97,659.64,1,2025,8,0,0,1,1,0,0
38.0,35,55.66,1948.1,1,2023,9,1,1,0,0,0,0
44.0,25,35.69,892.25,0,2024,7,0,0,0,0,0,1
42.0,2,85.97,171.94,1,2026,7,1,0,1,0,0,0
31.0,18,80.78,2060.0699999999997,0,2025,3,1,1,0,0,0,1
38.0,35,118.23,4138.05,0,2023,9,1,0,1,0,1,0
44.0,9,36.76,330.84,0,2025,11,0,1,0,0,0,0
40.0,11,103.4,1137.4,0,2025,9,1,0,0,0,0,1
46.0,67,23.39,1567.13,0,2021,1,0,0,0,0,0,1
36.0,69,27.33,1885.77,0,2020,11,1,0,0,1,0,0
46.0,38,84.81,3222.78,0,2023,7,1,0,1,0,1,0
44.0,70,60.65,4245.5,0,2020,10,0,1,0,0,0,1
45.0,59,43.05,2539.95,0,2021,9,0,1,0,1,0,0
24.0,66,20.28,2060.0699999999997,0,2021,2,1,0,1,0,0,1
53.0,41,86.31,3538.71,1,2023,3,1,0,0,0,0,1
30.0,24,64.08,1537.92,0,2024,8,0,1,0,0,0,1
40.0,50,37.08,1854.0,0,2022,7,0,1,0,0,0,1
32.0,5,117.22,586.1,1,2026,3,0,1,0,0,0,0
41.0,21,55.08,1156.68,0,2024,11,1,0,1,0,0,0
39.0,6,50.31,301.86,0,2026,3,1,0,0,0,1,0
48.0,4,71.03,284.12,0,2026,5,0,0,1,1,0,0
41.0,9,47.72,429.48,0,2025,11,0,1,0,0,1,0
35.0,69,47.28,3262.32,0,2020,11,0,1,0,0,1,0
18.0,68,116.63,7930.84,1,2020,12,0,1,0,0,0,0
51.0,9,46.11,414.99,0,2025,11,1,0,0,0,0,1
46.0,18,80.55,1449.9,1,2025,3,1,0,1,0,0,0
51.0,59,23.74,1400.66,0,2021,9,1,0,0,0,0,0
38.0,43,35.43,1523.49,0,2023,1,1,1,0,0,0,0
44.0,66,22.21,1465.86,0,2021,2,1,0,1,0,1,0
40.0,29,73.45,2130.05,0,2024,3,1,0,0,0,0,1
40.0,48,69.16,3319.68,0,2022,8,1,0,1,0,0,0
37.0,51,53.09,2707.59,0,2022,5,1,0,0,0,1,0
51.0,42,90.03,2060.0699999999997,0,2023,3,0,0,1,0,0,0
37.0,36,82.58,2972.88,0,2023,8,0,1,0,1,0,0
39.0,45,80.03,3601.35,0,2022,11,1,0,1,0,0,1
43.0,35,53.63,1877.05,0,2023,9,0,1,0,0,1,0
40.0,6,52.71,316.26,0,2026,3,1,0,0,1,0,0
52.0,37,107.34,3971.58,0,2023,7,0,1,0,0,0,0
31.0,36,74.4,2678.4,0,2023,8,0,1,0,1,0,0
40.0,16,47.22,755.52,0,2025,4,1,0,1,1,0,0
46.0,22,74.32,1635.04,1,2024,10,0,0,0,0,1,0
20.0,69,46.68,3220.92,0,2020,11,0,0,1,0,0,1
43.0,69,38.53,2658.57,0,2020,11,0,1,0,0,0,1
56.0,63,48.22,3037.86,0,2021,5,1,1,0,0,0,1
36.0,19,82.89,1574.91,1,2025,1,1,0,0,0,0,0
27.0,18,71.58,1288.44,0,2025,3,1,0,1,1,0,0
46.0,17,36.45,619.6500000000001,0,2025,3,0,0,0,0,0,1
42.0,41,110.79,4542.39,1,2023,3,0,0,0,0,0,1
58.0,33,69.83,2304.39,0,2023,11,1,1,0,1,0,0
45.0,55,99.37,5465.35,0,2022,1,0,1,0,0,0,0
40.0,24,53.07,2060.0699999999997,0,2024,8,1,0,1,1,0,0
28.0,40,115.76,4630.400000000001,1,2023,5,1,0,0,0,1,0
50.0,28,95.21,2665.88,0,2024,4,1,0,0,0,1,0
44.0,67,65.45,4385.150000000001,1,2021,1,0,0,0,0,0,0
39.0,39,110.23,2060.0699999999997,0,2023,5,0,0,0,0,0,1
42.0,21,91.75,1926.75,0,2024,11,0,1,0,0,0,1
45.0,37,63.05,2332.85,0,2023,7,0,1,0,0,0,0
44.0,2,117.41,234.82,1,2026,7,0,1,0,0,0,0
40.0,6,49.85,299.1,0,2026,3,0,0,1,0,1,0
55.0,52,45.66,2374.32,0,2022,5,1,1,0,0,1,0
55.0,5,109.47,547.35,0,2026,3,0,1,0,0,0,0
62.0,47,90.74,2060.0699999999997,0,2022,9,0,1,0,0,0,1
59.0,43,54.55,2345.65,0,2023,1,0,0,1,1,0,0
57.0,40,43.18,1727.2,0,2023,5,0,1,0,1,0,0
37.0,11,37.8,415.8,0,2025,9,0,0,0,1,0,0
44.0,14,51.35,718.9,1,2025,6,1,1,0,0,1,0
54.0,2,32.55,65.1,0,2026,7,0,0,1,0,0,0
18.0,39,34.53,1346.67,0,2023,5,0,0,0,0,0,1
37.0,63,97.66,6152.58,0,2021,5,1,1,0,0,1,0
20.0,63,26.38,1661.9399999999998,0,2021,5,0,1,0,0,0,0
43.0,18,63.93,1150.74,1,2025,3,1,0,1,0,0,0
55.0,1,60.5,60.5,1,2026,7,1,1,0,1,0,0
40.0,17,116.02,1972.34,1,2025,3,1,0,0,1,0,0
33.0,54,66.55,3593.7,0,2022,3,0,1,0,0,0,1
43.0,39,36.09,1407.5100000000002,0,2023,5,1,1,0,0,0,1
45.0,48,28.84,1384.32,0,2022,8,0,0,0,1,0,0
46.0,66,93.24,6153.839999999999,0,2021,2,1,1,0,1,0,0
25.0,15,34.77,521.5500000000001,0,2025,5,0,1,0,0,0,0
43.0,22,113.8,2503.6,0,2024,10,1,0,0,0,0,1
40.0,20,75.92,1518.4,0,2024,12,0,0,0,0,0,0
51.0,43,60.17,2587.31,0,2023,1,0,0,1,0,0,1
39.0,56,88.43,4952.08,0,2021,12,1,0,1,0,0,1
64.0,24,39.89,957.36,1,2024,8,1,0,0,0,1,0
41.0,43,58.23,2503.89,0,2023,1,0,0,0,1,0,0
34.0,21,23.34,490.14,0,2024,11,0,0,1,0,1,0
28.0,48,107.77,5172.96,0,2022,8,1,1,0,0,0,1
40.0,66,62.53,4126.9800000000005,1,2021,2,1,1,0,0,0,0
30.0,16,95.88,1534.08,0,2025,4,0,0,0,0,0,1
38.0,40,111.69,4467.6,1,2023,5,0,0,0,0,1,0
60.0,21,85.28,2060.0699999999997,1,2024,11,0,0,1,1,0,0
22.0,52,57.57,2993.64,0,2022,5,1,0,0,0,0,0
23.0,8,81.95,655.6,0,2025,12,1,0,0,0,0,1
37.0,55,56.03,3081.65,0,2022,1,1,0,0,0,0,1
24.0,58,76.73,2060.0699999999997,0,2021,10,1,1,0,1,0,0
28.0,5,63.22,316.1,0,2026,3,0,0,0,0,0,1
44.0,42,34.99,1469.5800000000002,0,2023,3,1,1,0,0,0,1
39.0,30,98.01,2940.3,1,2024,2,1,0,0,1,0,0
45.0,9,69.64,626.76,0,2025,11,0,1,0,0,1,0
47.0,41,39.01,1599.41,1,2023,3,0,1,0,0,1,0
56.0,51,109.18,5568.18,0,2022,5,0,1,0,0,1,0
45.0,57,105.32,6003.24,0,2021,11,1,0,0,0,1,0
54.0,61,75.88,2060.0699999999997,0,2021,7,0,0,0,0,0,0
40.0,6,117.03,702.1800000000001,1,2026,3,0,0,1,0,0,0
45.0,26,112.72,2930.72,1,2024,6,0,0,1,1,0,0
40.0,6,109.7,658.2,0,2026,3,0,1,0,1,0,0
43.0,53,33.33,1766.49,0,2022,3,1,1,0,1,0,0
42.0,61,49.46,3017.06,0,2021,7,0,1,0,0,0,0
62.0,33,61.02,2013.66,0,2023,11,1,1,0,0,0,1
40.0,45,103.19,4643.55,1,2022,11,1,1,0,0,0,0
35.0,40,107.12,4284.8,0,2023,5,0,0,0,0,1,0
68.0,24,95.15,2283.6000000000004,0,2024,8,0,0,0,0,1,0
35.0,45,67.24,3025.8,1,2022,11,1,1,0,0,0,1
40.0,38,36.19,1375.2199999999998,0,2023,7,1,1,0,1,0,0
30.0,29,23.52,2060.0699999999997,0,2024,3,0,0,0,0,0,1
49.0,8,89.93,719.44,1,2025,12,1,0,1,0,0,1
60.0,64,119.42,2060.0699999999997,0,2021,4,0,0,0,0,0,1
22.0,51,54.55,2060.0699999999997,0,2022,5,1,0,0,0,0,0
37.0,6,76.87,461.22,0,2026,3,0,0,0,0,0,1
53.0,47,101.06,4749.82,0,2022,9,1,0,0,1,0,0
27.0,49,38.65,1893.85,0,2022,7,1,0,0,0,0,0
47.0,32,102.96,3294.72,0,2023,12,1,1,0,0,0,0
24.0,54,82.53,4456.62,0,2022,3,0,1,0,0,0,1
45.0,36,76.98,2060.0699999999997,0,2023,8,1,0,0,1,0,0
41.0,19,96.23,1828.37,1,2025,1,0,0,0,1,0,0
40.0,37,44.09,1631.3300000000002,1,2023,7,1,0,1,0,1,0
49.0,17,81.48,1385.16,1,2025,3,1,0,0,0,0,0
14.0,16,44.04,1200.5,0,2025,4,0,0,0,0,1,0
39.0,58,37.95,2201.1000000000004,0,2021,10,1,1,0,1,0,0
50.0,44,82.34,3622.96,0,2022,12,0,1,0,1,0,0
40.0,68,46.93,3191.24,0,2020,12,0,1,0,0,1,0
35.0,49,91.44,4480.56,0,2022,7,1,1,0,0,0,0
35.0,51,71.45,3643.95,0,2022,5,1,1,0,0,1,0
47.0,5,89.5,447.5,0,2026,3,0,0,1,1,0,0
25.0,58,109.16,2060.0699999999997,1,2021,10,1,1,0,1,0,0
33.0,46,33.82,1555.72,0,2022,10,1,1,0,0,0,1
52.0,55,26.67,1466.85,0,2022,1,1,0,0,0,0,1
34.0,17,59.99,1019.83,0,2025,3,0,1,0,0,1,0
33.0,12,91.67,1100.04,0,2025,8,1,0,1,0,0,1
23.0,24,108.62,2606.88,1,2024,8,1,0,0,1,0,0
48.0,56,23.48,1314.88,0,2021,12,1,1,0,0,0,0
45.0,55,99.3,5461.5,0,2022,1,1,0,0,0,0,0
52.0,16,27.54,440.64,0,2025,4,0,0,1,0,1,0
39.0,22,78.06,1717.3200000000002,1,2024,10,1,1,0,0,0,1
44.0,44,54.41,2394.04,0,2022,12,0,0,0,0,1,0
44.0,43,21.77,2060.0699999999997,0,2023,1,0,1,0,0,0,1
23.0,21,29.71,623.91,0,2024,11,0,1,0,0,0,0
68.0,8,55.37,442.96,0,2025,12,0,0,1,0,0,1
52.0,49,115.38,5653.62,0,2022,7,0,0,1,0,0,1
41.0,6,35.48,212.88,0,2026,3,1,1,0,0,1,0
37.0,47,47.2,1200.5,0,2022,9,1,0,0,0,0,0
56.0,36,119.41,2060.0699999999997,0,2023,8,0,0,0,0,0,1
41.0,23,68.06,1565.38,1,2024,9,1,0,0,0,0,0
40.0,31,46.22,1432.82,0,2024,1,1,0,1,0,0,1
33.0,62,81.59,5058.58,0,2021,6,1,0,1,0,0,0
29.0,57,63.6,3625.2,0,2021,11,1,0,0,0,0,1
38.0,70,105.83,7408.099999999999,0,2020,10,0,0,1,1,0,0
40.0,65,20.8,1352.0,0,2021,3,0,0,0,0,0,0
45.0,37,119.68,4428.16,1,2023,7,0,1,0,1,0,0
58.0,68,26.63,1810.84,0,2020,12,0,0,0,1,0,0
53.0,17,73.71,1253.07,0,2025,3,0,0,0,1,0,0
56.0,7,89.74,628.18,0,2026,1,0,1,0,0,0,1
31.0,52,74.98,3898.96,0,2022,5,1,1,0,0,0,0
36.0,35,50.08,1752.8,0,2023,9,1,0,0,0,0,1
52.0,2,105.54,2060.0699999999997,1,2026,7,0,1,0,0,0,1
55.0,40,63.04,2521.6,1,2023,5,0,1,0,0,0,0
49.0,37,50.07,2060.0699999999997,0,2023,7,0,0,1,0,1,0
33.0,57,96.83,5519.31,0,2021,11,0,1,0,0,0,1
28.0,10,34.59,345.90000000000003,0,2025,10,0,0,0,1,0,0
43.0,46,40.5,1863.0,0,2022,10,1,1,0,0,0,1
29.0,5,45.28,226.4,1,2026,3,1,0,1,0,1,0
46.0,5,63.49,317.45,0,2026,3,1,1,0,0,0,1
55.0,27,22.03,594.8100000000001,0,2024,5,0,1,0,0,0,1
42.0,5,119.18,595.9000000000001,1,2026,3,1,0,0,0,0,0
40.0,61,80.02,2060.0699999999997,0,2021,7,1,0,0,1,0,0
40.0,8,117.07,936.56,1,2025,12,0,1,0,0,1,0
50.0,31,100.75,3123.25,0,2024,1,0,1,0,0,0,1
46.0,21,33.43,702.03,0,2024,11,1,1,0,0,0,0
47.0,21,40.91,859.1099999999999,1,2024,11,1,1,0,1,0,0
61.0,51,23.44,1195.44,0,2022,5,0,0,0,1,0,0
44.0,59,103.38,6099.42,0,2021,9,0,1,0,0,0,0
44.0,2,79.35,158.7,0,2026,7,0,1,0,0,1,0
50.0,30,41.51,1245.3,0,2024,2,0,0,0,1,0,0
26.0,58,117.01,6786.58,1,2021,10,0,0,0,0,1,0
35.0,20,93.67,1873.4,0,2024,12,1,0,0,0,1,0
31.0,40,90.55,3622.0,0,2023,5,1,1,0,0,0,0
40.0,29,46.7,1354.3000000000002,0,2024,3,0,1,0,0,0,1
40.0,5,51.34,256.70000000000005,1,2026,3,0,0,0,0,0,1
47.0,10,86.8,868.0,0,2025,10,0,0,0,0,0,1
37.0,61,79.36,4840.96,0,2021,7,1,1,0,0,0,0
36.0,1,84.73,2060.0699999999997,1,2026,7,1,0,0,0,1,0
51.0,47,107.88,5070.36,0,2022,9,0,0,0,0,0,1
24.0,57,36.04,2054.28,0,2021,11,1,0,0,0,0,0
34.0,14,31.63,442.82,0,2025,6,0,0,0,0,1,0
40.0,25,76.46,1911.5,1,2024,7,0,1,0,1,0,0
62.0,21,70.02,1470.4199999999998,0,2024,11,1,0,1,0,1,0
18.0,16,60.29,964.64,0,2025,4,0,1,0,0,0,1
34.0,32,110.47,3535.04,1,2023,12,1,1,0,0,0,1
41.0,45,75.84,3412.8,0,2022,11,0,1,0,0,1,0
23.0,64,76.73,4910.72,0,2021,4,1,1,0,1,0,0
40.0,60,56.64,3398.4,1,2021,8,1,1,0,0,0,1
40.0,19,54.41,2060.0699999999997,0,2025,1,0,0,1,0,0,1
38.0,47,118.76,5581.72,0,2022,9,1,1,0,1,0,0
40.0,64,82.31,5267.84,1,2021,4,1,0,1,0,0,0
44.0,30,102.51,3075.3,0,2024,2,1,1,0,0,0,1
30.0,47,64.75,2060.0699999999997,0,2022,9,1,0,0,0,1,0
56.0,33,39.19,2060.0699999999997,0,2023,11,0,0,1,1,0,0
42.0,21,52.48,1102.08,0,2024,11,1,1,0,0,0,1
56.0,63,54.61,3440.43,0,2021,5,0,0,1,0,0,0
33.0,42,76.49,3212.58,0,2023,3,1,0,0,0,0,1
18.0,61,35.46,2163.06,0,2021,7,0,0,1,0,0,0
57.0,43,58.7,2524.1,0,2023,1,1,0,0,0,0,1
49.0,68,30.06,2060.0699999999997,0,2020,12,0,0,0,0,0,1
54.0,26,69.65,1810.9,0,2024,6,0,0,0,0,1,0
55.0,33,114.74,3786.42,1,2023,11,1,0,1,1,0,0
40.0,33,53.89,1778.37,1,2023,11,0,0,0,1,0,0
36.0,49,24.97,1223.53,0,2022,7,1,1,0,0,1,0
39.0,41,80.88,3316.08,0,2023,3,1,0,1,0,0,1
47.0,36,83.47,3004.92,0,2023,8,0,1,0,1,0,0
43.0,22,67.96,1495.12,0,2024,10,0,1,0,1,0,0
18.0,47,59.69,2805.43,0,2022,9,0,1,0,0,0,1
39.0,20,109.27,2185.4,1,2024,12,1,0,0,0,0,1
57.0,24,113.84,2732.16,0,2024,8,1,1,0,0,0,0
40.0,43,87.32,3754.76,0,2023,1,0,1,0,0,0,0
67.0,16,70.12,1121.92,0,2025,4,0,0,1,1,0,0
40.0,27,26.75,722.25,0,2024,5,1,0,1,1,0,0
44.0,45,50.1,2254.5,0,2022,11,1,0,0,0,0,1
28.0,37,48.51,1794.87,0,2023,7,0,0,0,0,1,0
40.0,13,25.82,335.66,0,2025,7,0,0,0,0,0,1
30.0,51,104.34,2060.0699999999997,0,2022,5,1,1,0,1,0,0
67.0,2,106.7,213.4,0,2026,7,0,0,1,1,0,0
37.0,59,111.24,6563.16,0,2021,9,0,0,0,0,0,1
32.0,14,94.18,1318.52,0,2025,6,1,0,0,0,0,0
40.0,49,91.05,4461.45,1,2022,7,1,1,0,1,0,0
37.0,30,67.78,2060.0699999999997,0,2024,2,1,0,0,1,0,0
50.0,9,105.74,2060.0699999999997,1,2025,11,1,0,0,1,0,0
40.0,24,71.01,1704.2400000000002,0,2024,8,0,0,0,1,0,0
40.0,41,22.96,941.36,0,2023,3,0,1,0,0,0,1
50.0,60,78.49,4709.4,0,2021,8,0,0,0,0,0,1
34.0,32,59.05,1889.6,0,2023,12,1,0,0,0,0,1
31.0,47,72.13,2060.0699999999997,0,2022,9,0,1,0,0,0,0
30.0,21,64.07,1345.4699999999998,0,2024,11,1,0,0,1,0,0
49.0,42,69.68,2926.5600000000004,0,2023,3,1,0,0,0,0,0
48.0,70,30.86,2160.2,0,2020,10,0,1,0,0,0,0
51.0,2,21.45,42.9,0,2026,7,0,0,0,0,0,1
26.0,31,54.02,1674.62,0,2024,1,0,1,0,1,0,0
25.0,56,45.45,2545.2000000000003,0,2021,12,0,0,0,1,0,0
54.0,30,45.01,1350.3,0,2024,2,0,1,0,0,0,0
42.0,63,113.71,7163.73,1,2021,5,0,1,0,0,0,1
33.0,15,101.9,2060.0699999999997,0,2025,5,1,1,0,0,1,0
38.0,18,21.34,384.12,1,2025,3,1,0,1,1,0,0
25.0,32,20.87,667.84,0,2023,12,0,0,1,1,0,0
34.0,14,97.69,1367.66,1,2025,6,0,1,0,0,0,0
40.0,62,118.49,7346.38,0,2021,6,1,0,0,0,0,0
44.0,52,66.52,3459.04,0,2022,5,0,1,0,0,0,1
39.0,22,63.31,1392.8200000000002,0,2024,10,0,1,0,0,0,0
38.0,14,47.58,666.12,0,2025,6,0,0,1,0,0,0
49.0,34,86.66,2946.44,0,2023,10,1,1,0,0,1,0
39.0,56,67.16,3760.96,0,2021,12,1,0,0,0,1,0
35.0,53,36.75,1947.75,0,2022,3,0,0,0,0,1,0
31.0,49,68.14,3338.86,0,2022,7,0,1,0,0,1,0
19.0,63,57.64,3631.32,0,2021,5,0,0,0,0,0,0
48.0,16,108.98,1743.68,0,2025,4,0,1,0,1,0,0
58.0,40,97.16,3886.4,0,2023,5,0,0,1,0,1,0
30.0,38,90.12,3424.5600000000004,0,2023,7,1,1,0,0,0,1
25.0,18,52.72,948.96,1,2025,3,1,0,0,0,0,1
33.0,23,33.96,781.08,0,2024,9,0,0,1,0,0,0
43.0,48,106.47,5110.56,1,2022,8,1,0,0,0,0,1
34.0,46,54.27,2496.42,0,2022,10,0,0,0,0,1,0
34.0,22,79.3,1744.6,0,2024,10,0,0,1,1,0,0
40.0,54,79.08,4270.32,0,2022,3,1,0,0,1,0,0
41.0,40,112.81,4512.4,0,2023,5,0,0,1,0,1,0
44.0,30,37.17,1115.1,0,2024,2,1,1,0,0,0,1
36.0,55,97.16,2060.0699999999997,0,2022,1,1,0,0,0,0,1
36.0,56,66.26,3710.56,0,2021,12,0,0,1,1,0,0
17.0,42,37.48,1574.16,0,2023,3,0,1,0,0,1,0
51.0,42,103.56,4349.52,0,2023,3,1,1,0,0,1,0
43.0,62,102.01,6324.62,1,2021,6,1,0,0,0,0,1
58.0,53,24.02,1273.06,0,2022,3,1,1,0,0,0,0
46.0,53,90.94,4819.82,0,2022,3,0,1,0,0,0,0
39.0,64,35.35,2262.4,0,2021,4,1,0,0,0,0,1
22.0,1,81.04,2060.0699999999997,1,2026,7,1,0,0,0,1,0
40.0,69,84.38,5822.219999999999,0,2020,11,1,0,0,0,0,1
40.0,27,86.52,2336.04,1,2024,5,0,1,0,0,0,1
47.0,17,32.01,544.17,0,2025,3,1,0,0,0,0,1
58.0,63,79.83,5029.29,0,2021,5,1,1,0,0,1,0
51.0,41,29.99,1229.59,0,2023,3,0,1,0,1,0,0
36.0,58,94.56,5484.4800000000005,0,2021,10,1,0,0,0,1,0
12.0,57,26.37,1503.09,0,2021,11,0,1,0,1,0,0
47.0,38,95.78,3639.64,0,2023,7,1,1,0,1,0,0
40.0,66,108.35,7151.099999999999,0,2021,2,0,0,1,0,0,1
38.0,45,49.85,2243.25,0,2022,11,1,0,1,0,0,0
45.0,23,97.83,2250.09,1,2024,9,1,0,1,0,0,1
32.0,20,61.75,1235.0,0,2024,12,1,0,0,0,1,0
30.0,36,99.77,3591.72,0,2023,8,1,0,0,0,0,1
36.0,42,88.63,3722.46,0,2023,3,0,0,1,0,0,0
15.0,22,48.91,1076.02,0,2024,10,1,0,0,0,0,1
28.0,60,39.37,2362.2,0,2021,8,1,0,1,0,1,0
27.0,11,111.47,1226.17,1,2025,9,1,1,0,0,0,1
37.0,28,103.9,2909.2000000000003,0,2024,4,1,0,1,0,1,0
29.0,45,85.99,3869.55,0,2022,11,0,0,1,1,0,0
34.0,22,54.94,1208.6799999999998,0,2024,10,1,0,0,1,0,0
35.0,63,71.05,2060.0699999999997,0,2021,5,1,0,0,0,0,0
66.0,31,75.79,2060.0699999999997,0,2024,1,0,0,0,0,0,1
49.0,11,28.61,314.71,0,2025,9,0,1,0,0,0,1
39.0,36,117.22,4219.92,0,2023,8,1,0,1,0,0,0
40.0,35,29.18,1021.3,0,2023,9,0,1,0,0,1,0
51.0,23,92.17,2119.91,0,2024,9,0,1,0,0,0,1
43.0,29,69.28,2009.12,0,2024,3,0,0,0,0,0,0
28.0,23,95.99,2207.77,1,2024,9,0,0,0,0,0,0
38.0,16,46.09,737.44,0,2025,4,1,0,0,1,0,0
28.0,19,59.51,2060.0699999999997,0,2025,1,0,0,0,0,0,0
36.0,63,72.55,4570.65,0,2021,5,0,0,0,0,1,0
38.0,50,32.07,1603.5,0,2022,7,0,0,1,0,1,0
53.0,43,105.18,4522.740000000001,0,2023,1,1,0,1,0,1,0
30.0,19,119.15,2263.85,0,2025,1,0,0,0,0,1,0
30.0,18,61.76,1111.68,0,2025,3,0,1,0,0,0,1
31.0,6,57.68,346.08,1,2026,3,0,1,0,0,0,1
33.0,35,79.41,2779.35,0,2023,9,0,1,0,0,0,0
36.0,14,88.87,1244.18,1,2025,6,0,1,0,0,0,1
44.0,64,106.86,6839.04,0,2021,4,1,0,0,0,0,1
31.0,9,57.29,515.61,1,2025,11,0,0,0,0,0,1
41.0,35,96.48,3376.8,0,2023,9,1,1,0,1,0,0
40.0,2,44.01,88.02,1,2026,7,1,1,0,0,1,0
47.0,6,88.04,528.24,0,2026,3,1,1,0,0,0,1
37.0,25,66.67,1666.75,1,2024,7,1,0,0,0,0,0
50.0,50,86.17,2060.0699999999997,0,2022,7,0,0,0,1,0,0
44.0,7,57.98,405.86,0,2026,1,0,1,0,0,0,1
44.0,63,49.43,3114.09,0,2021,5,1,0,0,0,0,0
33.0,28,68.6,2060.0699999999997,1,2024,4,0,0,1,0,1,0
43.0,2,109.51,219.02,1,2026,7,0,0,1,0,0,1
44.0,65,87.49,5686.849999999999,1,2021,3,0,1,0,0,1,0
33.0,59,81.17,4789.03,0,2021,9,0,0,0,1,0,0
54.0,24,91.99,2207.76,0,2024,8,0,0,1,0,1,0
40.0,62,92.91,5760.42,0,2021,6,1,1,0,0,0,0
40.0,71,49.47,3512.37,0,2020,9,0,0,0,0,0,1
34.0,38,43.27,1644.2600000000002,0,2023,7,0,1,0,0,1,0
35.0,62,70.91,4396.42,0,2021,6,0,0,0,1,0,0
24.0,65,34.78,2260.7000000000003,0,2021,3,1,1,0,0,0,0
29.0,51,67.47,3440.97,0,2022,5,1,0,1,0,0,1
50.0,52,89.3,4643.599999999999,0,2022,5,1,0,0,1,0,0
39.0,63,20.74,2060.0699999999997,0,2021,5,0,0,0,0,0,1
63.0,11,31.11,2060.0699999999997,0,2025,9,1,0,0,0,1,0
37.0,48,116.22,5578.56,1,2022,8,0,0,0,1,0,0
45.0,54,112.79,6090.660000000001,0,2022,3,0,0,1,1,0,0
29.0,50,61.79,3089.5,0,2022,7,1,1,0,0,1,0
39.0,38,79.0,3002.0,0,2023,7,0,1,0,1,0,0
40.0,8,35.53,284.24,0,2025,12,0,0,0,0,0,1
15.0,6,53.1,318.6,0,2026,3,1,0,1,1,0,0
40.0,68,99.29,6751.72,0,2020,12,1,0,0,0,1,0
48.0,69,105.6,7286.4,0,2020,11,1,1,0,0,1,0
47.0,6,60.53,363.18,1,2026,3,0,1,0,0,0,1
25.0,32,51.11,1635.52,0,2023,12,0,0,0,0,1,0
36.0,38,88.17,3350.46,1,2023,7,1,0,0,1,0,0
12.0,57,91.79,5232.030000000001,0,2021,11,1,0,0,0,1,0
40.0,64,118.38,2060.0699999999997,0,2021,4,1,0,1,1,0,0
55.0,54,89.73,4845.42,0,2022,3,1,1,0,1,0,0
56.0,14,44.02,616.2800000000001,1,2025,6,1,0,1,1,0,0
55.0,64,26.0,1664.0,0,2021,4,1,0,1,0,0,1
46.0,50,45.76,2288.0,0,2022,7,1,0,0,1,0,0
54.0,47,42.67,2005.49,0,2022,9,0,0,1,0,0,1
38.0,54,29.28,2060.0699999999997,0,2022,3,1,0,1,0,0,0
34.0,19,64.44,1224.36,1,2025,1,0,0,0,0,0,0
54.0,39,48.81,1903.59,0,2023,5,1,1,0,0,0,1
43.0,65,112.51,7313.150000000001,0,2021,3,1,0,0,0,0,0
18.0,60,60.39,3623.4,0,2021,8,0,0,0,0,0,1
55.0,33,107.66,2060.0699999999997,0,2023,11,0,1,0,0,1,0
37.0,32,50.67,2060.0699999999997,0,2023,12,0,1,0,0,0,0
32.0,36,103.15,3713.4,1,2023,8,1,0,1,0,0,1
52.0,24,65.45,1570.8000000000002,0,2024,8,0,1,0,0,0,1
50.0,43,23.24,999.32,0,2023,1,1,1,0,1,0,0
29.0,71,68.7,4877.7,0,2020,9,0,0,0,0,1,0
38.0,71,42.68,3030.28,0,2020,9,1,0,0,0,0,1
29.0,46,50.74,2334.04,0,2022,10,1,0,0,0,0,0
29.0,47,88.44,4156.68,1,2022,9,0,0,0,1,0,0
40.0,69,72.95,5033.55,0,2020,11,0,1,0,1,0,0
28.0,14,108.86,1524.04,1,2025,6,0,0,1,1,0,0
38.0,45,113.6,5112.0,0,2022,11,1,0,0,0,1,0
40.0,52,89.1,4633.2,0,2022,5,0,1,0,0,0,1
24.0,50,106.35,5317.5,0,2022,7,0,1,0,0,1,0
47.0,65,39.51,2568.15,0,2021,3,0,1,0,0,0,1
23.0,64,27.93,1787.52,0,2021,4,1,0,0,1,0,0
38.0,23,53.3,1225.9,1,2024,9,0,0,0,0,0,0
20.0,71,52.57,3732.47,0,2020,9,1,0,0,0,0,1
45.0,70,86.51,6055.700000000001,0,2020,10,1,0,0,0,1,0
36.0,59,104.04,6138.360000000001,0,2021,9,0,1,0,1,0,0
29.0,54,49.69,2683.26,0,2022,3,1,1,0,0,0,1
8.0,71,62.48,4436.08,0,2020,9,0,1,0,0,1,0
29.0,26,30.5,793.0,0,2024,6,1,1,0,1,0,0
48.0,44,61.27,2695.88,0,2022,12,1,1,0,0,1,0
59.0,13,41.44,538.72,1,2025,7,0,0,1,0,0,0
37.0,54,58.25,3145.5,0,2022,3,1,0,0,1,0,0
39.0,40,46.63,1865.2,0,2023,5,1,1,0,0,1,0
32.0,4,100.87,403.48,0,2026,5,1,1,0,0,0,1
55.0,53,20.41,1081.73,0,2022,3,1,0,0,0,0,0
37.0,1,53.87,53.87,1,2026,7,1,1,0,0,0,1
51.0,6,116.92,701.52,1,2026,3,0,1,0,0,1,0
43.0,55,87.9,4834.5,0,2022,1,0,0,1,1,0,0
41.0,66,97.22,2060.0699999999997,0,2021,2,0,0,0,0,0,0
28.0,18,105.99,1907.82,0,2025,3,1,0,1,0,0,1
61.0,29,56.18,1629.22,0,2024,3,1,1,0,0,0,1
58.0,53,26.59,1409.27,0,2022,3,1,1,0,1,0,0
67.0,33,61.07,2015.31,0,2023,11,0,0,0,0,1,0
27.0,3,85.27,255.81,1,2026,5,0,0,1,0,0,1
43.0,20,57.08,1141.6,0,2024,12,0,0,0,0,1,0
30.0,4,64.83,259.32,0,2026,5,0,0,1,0,1,0
45.0,8,102.55,820.4,1,2025,12,0,1,0,0,1,0
44.0,28,23.62,661.36,0,2024,4,0,1,0,1,0,0
35.0,66,53.47,3529.02,0,2021,2,0,0,1,0,1,0
37.0,26,68.84,1789.84,1,2024,6,1,0,0,0,0,0
65.0,34,49.92,1697.28,0,2023,10,1,1,0,0,0,1
38.0,71,64.58,4585.18,0,2020,9,0,1,0,0,0,1
14.0,49,60.18,2948.82,0,2022,7,1,0,0,1,0,0
34.0,49,112.39,5507.11,1,2022,7,0,0,0,0,0,1
27.0,27,69.31,1871.37,1,2024,5,1,0,1,0,0,0
40.0,65,67.63,2060.0699999999997,0,2021,3,1,0,0,0,1,0
49.0,33,45.45,1499.85,0,2023,11,0,0,0,0,0,1
51.0,49,24.63,1206.87,0,2022,7,1,1,0,0,1,0
30.0,63,49.95,3146.8500000000004,0,2021,5,1,0,0,0,1,0
33.0,32,22.72,727.04,0,2023,12,0,0,0,1,0,0
32.0,19,102.68,2060.0699999999997,0,2025,1,0,0,0,0,0,0
58.0,50,40.43,2021.5,0,2022,7,0,1,0,0,0,1
51.0,22,111.12,2444.6400000000003,1,2024,10,1,0,1,1,0,0
48.0,67,108.58,7274.86,0,2021,1,1,0,0,0,1,0
28.0,9,86.47,2060.0699999999997,0,2025,11,0,0,0,0,1,0
19.0,35,106.25,3718.75,0,2023,9,1,0,0,0,1,0
55.0,71,107.79,7653.09,0,2020,9,1,0,0,0,0,1
63.0,4,97.63,390.52,1,2026,5,0,0,0,0,0,1
19.0,37,70.79,2619.23,0,2023,7,0,0,0,1,0,0
67.0,28,115.0,3220.0,0,2024,4,1,1,0,0,0,0
39.0,9,101.77,915.93,0,2025,11,0,1,0,0,0,1
42.0,35,32.7,1144.5,0,2023,9,0,0,0,1,0,0
24.0,25,61.99,1549.75,0,2024,7,0,1,0,0,0,1
19.0,9,73.97,665.73,0,2025,11,0,1,0,1,0,0
13.0,61,72.94,2060.0699999999997,0,2021,7,0,1,0,0,1,0
52.0,52,57.95,3013.4,0,2022,5,0,1,0,0,0,1
39.0,17,73.16,1243.72,0,2025,3,0,0,1,0,1,0
46.0,9,29.3,263.7,0,2025,11,1,0,0,0,0,0
54.0,54,85.52,4618.08,0,2022,3,0,1,0,0,1,0
39.0,5,69.77,2060.0699999999997,1,2026,3,0,0,0,0,0,0
60.0,63,98.77,6222.509999999999,1,2021,5,0,1,0,0,0,1
30.0,47,89.34,4198.9800000000005,1,2022,9,1,1,0,0,0,0
35.0,19,31.28,594.32,0,2025,1,1,0,1,0,1,0
29.0,66,55.07,3634.62,0,2021,2,1,0,0,0,0,1
50.0,45,93.62,4212.900000000001,0,2022,11,1,0,1,1,0,0
53.0,71,53.69,3811.99,0,2020,9,1,1,0,0,0,1
35.0,33,76.69,2530.77,0,2023,11,0,0,0,1,0,0
23.0,43,116.13,4993.59,1,2023,1,0,0,0,0,1,0
55.0,26,27.99,727.74,0,2024,6,0,0,0,0,0,1
40.0,45,39.03,1756.35,0,2022,11,1,1,0,1,0,0
35.0,35,68.06,2382.1,0,2023,9,1,0,0,0,1,0
27.0,53,93.84,4973.52,0,2022,3,1,0,0,0,0,1
43.0,10,53.01,530.1,0,2025,10,1,0,0,1,0,0
40.0,41,31.75,1301.75,1,2023,3,1,0,1,0,0,0
48.0,17,51.58,876.86,0,2025,3,1,1,0,0,0,1
33.0,71,84.44,5995.24,0,2020,9,0,1,0,0,0,1
46.0,66,99.25,6550.5,0,2021,2,0,0,1,0,1,0
29.0,11,117.7,1294.7,1,2025,9,0,1,0,0,1,0
55.0,63,96.13,6056.19,0,2021,5,0,0,0,0,0,0
34.0,67,69.23,4638.41,0,2021,1,1,0,0,0,1,0
41.0,46,49.26,2265.96,0,2022,10,0,0,1,0,0,1
26.0,20,112.75,2255.0,1,2024,12,1,1,0,0,0,1
40.0,13,73.42,954.46,0,2025,7,0,1,0,0,0,0
26.0,17,88.88,1510.96,1,2025,3,0,1,0,1,0,0
39.0,32,67.24,2151.68,0,2023,12,1,0,1,0,1,0
28.0,16,44.21,707.36,0,2025,4,1,0,0,0,0,1
38.0,23,74.69,1717.87,0,2024,9,1,1,0,1,0,0
46.0,11,103.99,2060.0699999999997,0,2025,9,1,1,0,0,0,1
24.0,14,58.33,816.62,0,2025,6,1,0,1,0,0,1
40.0,67,86.87,5820.29,0,2021,1,0,0,0,1,0,0
45.0,71,24.24,1721.04,0,2020,9,1,0,0,1,0,0
45.0,45,113.65,5114.25,0,2022,11,1,1,0,0,1,0
63.0,33,116.99,2060.0699999999997,1,2023,11,0,0,1,0,0,0
31.0,45,58.63,2638.35,0,2022,11,1,0,0,0,0,0
40.0,54,69.84,3771.36,0,2022,3,0,1,0,0,0,1
61.0,51,36.06,1839.06,0,2022,5,1,0,0,0,0,0
24.0,23,39.62,911.26,0,2024,9,0,1,0,0,0,1
40.0,29,80.21,2326.09,0,2024,3,1,1,0,1,0,0
46.0,6,82.7,2060.0699999999997,1,2026,3,0,1,0,0,0,1
53.0,39,54.16,2112.24,0,2023,5,0,1,0,0,1,0
15.0,5,57.4,287.0,0,2026,3,1,0,1,0,0,1
36.0,40,70.62,2824.8,1,2023,5,0,1,0,0,0,1
28.0,21,113.98,2393.58,0,2024,11,0,0,1,0,1,0
40.0,59,34.97,2063.23,0,2021,9,1,0,0,0,1,0
40.0,20,75.15,2060.0699999999997,0,2024,12,0,1,0,0,0,0
40.0,24,25.82,619.6800000000001,0,2024,8,0,0,1,1,0,0
24.0,3,65.83,197.49,1,2026,5,1,1,0,1,0,0
45.0,57,59.72,3404.04,0,2021,11,1,0,1,0,1,0
47.0,71,36.42,2585.82,0,2020,9,0,0,1,1,0,0
41.0,70,36.4,2548.0,0,2020,10,1,1,0,0,0,1
16.0,70,65.01,4550.700000000001,0,2020,10,0,0,1,1,0,0
45.0,63,32.66,2057.58,0,2021,5,1,1,0,0,1,0
31.0,47,49.48,2325.56,0,2022,9,0,0,0,1,0,0
19.0,19,27.12,515.28,0,2025,1,0,1,0,0,1,0
44.0,13,49.73,646.49,0,2025,7,1,0,0,0,0,0
49.0,45,73.37,3301.65,0,2022,11,0,0,1,0,1,0
33.0,32,94.39,3020.48,0,2023,12,0,1,0,0,0,1
50.0,30,103.04,3091.2000000000003,0,2024,2,0,1,0,0,0,1
50.0,42,53.78,2258.76,0,2023,3,0,0,1,0,0,1
40.0,42,113.88,4782.96,1,2023,3,0,1,0,0,1,0
47.0,7,44.06,308.42,0,2026,1,0,0,0,0,1,0
52.0,3,28.06,84.17999999999999,1,2026,5,0,0,1,0,0,1
46.0,37,112.5,4162.5,0,2023,7,1,1,0,1,0,0
13.0,3,73.98,2060.0699999999997,0,2026,5,0,0,0,0,1,0
10.0,18,55.14,992.52,0,2025,3,1,0,1,1,0,0
53.0,42,109.81,4612.02,0,2023,3,1,1,0,0,0,0
32.0,9,97.57,878.1299999999999,1,2025,11,1,0,0,0,0,0
34.0,57,103.24,5884.679999999999,1,2021,11,0,1,0,0,0,0
63.0,24,49.23,1181.52,0,2024,8,1,0,1,0,0,0
31.0,7,107.35,751.4499999999999,0,2026,1,1,1,0,0,0,1
38.0,42,84.98,3569.1600000000003,0,2023,3,0,1,0,0,1,0
40.0,58,93.8,5440.4,0,2021,10,1,0,0,0,0,0
37.0,56,51.24,2869.44,0,2021,12,1,0,1,0,0,1
56.0,58,44.5,2581.0,0,2021,10,0,1,0,0,0,0
36.0,18,60.82,1094.76,0,2025,3,1,0,0,0,1,0
49.0,39,77.52,3023.28,0,2023,5,1,0,0,0,0,0
41.0,50,86.6,2060.0699999999997,0,2022,7,1,1,0,0,0,0
52.0,33,69.8,2303.4,0,2023,11,0,0,0,1,0,0
24.0,28,89.89,2516.92,1,2024,4,0,0,0,1,0,0
13.0,56,90.83,5086.48,1,2021,12,0,0,0,1,0,0
40.0,25,86.61,2165.25,0,2024,7,0,1,0,1,0,0
30.0,14,45.11,631.54,0,2025,6,0,0,0,0,0,1
58.0,55,64.63,3554.65,0,2022,1,0,0,0,0,0,0
39.0,7,96.57,2060.0699999999997,0,2026,1,0,0,1,1,0,0
43.0,4,108.7,434.8,1,2026,5,0,0,0,0,1,0
36.0,30,70.12,2103.6000000000004,1,2024,2,0,0,0,0,0,1
32.0,62,118.68,7358.160000000001,0,2021,6,0,0,1,0,0,0
41.0,57,37.47,2135.79,0,2021,11,0,0,0,1,0,0
52.0,37,42.44,1570.28,0,2023,7,0,0,0,0,0,1
36.0,55,66.08,3634.4,0,2022,1,1,1,0,1,0,0
35.0,65,70.87,4606.55,0,2021,3,0,0,0,1,0,0
50.0,52,62.45,3247.4,0,2022,5,1,0,0,0,1,0
20.0,3,63.04,189.12,0,2026,5,0,0,1,0,1,0
54.0,7,68.73,481.11,1,2026,1,0,0,0,0,0,0
30.0,70,52.02,3641.4,0,2020,10,0,1,0,1,0,0
51.0,70,33.09,2060.0699999999997,0,2020,10,0,0,1,0,0,1
44.0,34,115.61,3930.74,0,2023,10,0,0,0,0,0,0
15.0,16,99.5,2060.0699999999997,1,2025,4,1,0,1,0,1,0
40.0,8,101.49,811.92,0,2025,12,0,0,1,0,0,0
56.0,21,56.5,1186.5,1,2024,11,0,0,1,0,0,0
36.0,11,60.39,664.29,0,2025,9,1,0,0,1,0,0
37.0,50,113.58,5679.0,0,2022,7,0,1,0,0,0,1
31.0,6,117.29,703.74,0,2026,3,1,0,1,0,1,0
54.0,15,114.26,1713.9,1,2025,5,1,1,0,0,0,0
34.0,11,84.26,926.86,0,2025,9,1,1,0,0,0,0
61.0,27,44.27,2060.0699999999997,1,2024,5,1,1,0,1,0,0
54.0,45,80.5,3622.5,0,2022,11,0,1,0,0,0,0
56.0,38,78.91,2998.58,0,2023,7,0,0,0,0,0,1
41.0,4,110.82,443.28,0,2026,5,0,0,0,1,0,0
34.0,45,51.17,2302.65,0,2022,11,1,1,0,0,1,0
46.0,10,40.07,400.7,0,2025,10,1,0,0,0,0,0
59.0,54,46.58,2515.32,0,2022,3,1,1,0,0,0,0
61.0,29,44.31,1284.99,0,2024,3,1,0,0,1,0,0
18.0,12,84.84,1018.08,1,2025,8,1,0,1,0,0,0
72.0,56,101.24,5669.44,0,2021,12,0,0,0,0,1,0
43.0,40,56.81,2060.0699999999997,0,2023,5,0,0,0,0,0,1
49.0,37,37.64,1392.68,0,2023,7,1,0,0,0,0,1
29.0,66,54.31,3584.46,0,2021,2,0,1,0,1,0,0
28.0,20,74.66,1493.1999999999998,1,2024,12,0,0,0,0,0,0
23.0,12,86.45,1037.4,1,2025,8,1,0,1,1,0,0
60.0,38,74.98,2849.24,0,2023,7,1,0,1,0,0,1
40.0,30,45.67,1370.1,0,2024,2,1,1,0,1,0,0
39.0,47,111.8,5254.599999999999,1,2022,9,1,0,0,1,0,0
36.0,71,63.78,4528.38,0,2020,9,0,1,0,1,0,0
28.0,42,65.9,2767.8,0,2023,3,0,0,1,0,0,0
38.0,5,116.74,583.6999999999999,1,2026,3,0,1,0,0,0,1
41.0,48,106.84,5128.32,0,2022,8,0,1,0,0,0,1
55.0,51,100.63,5132.13,0,2022,5,0,1,0,0,0,1
27.0,12,38.27,459.24,0,2025,8,1,1,0,0,0,0
33.0,10,103.81,1038.1,0,2025,10,0,0,0,0,0,1
47.0,37,65.53,2424.61,0,2023,7,1,0,1,1,0,0
41.0,66,40.94,2702.04,0,2021,2,0,0,0,0,0,1
41.0,67,119.09,7979.030000000001,0,2021,1,1,0,0,1,0,0
40.0,14,37.21,520.94,0,2025,6,0,0,1,0,0,1
49.0,47,112.19,2060.0699999999997,0,2022,9,0,0,0,0,1,0
57.0,20,20.05,401.0,0,2024,12,0,1,0,0,0,0
56.0,52,63.79,3317.08,0,2022,5,1,0,1,0,1,0
38.0,68,22.99,1563.32,0,2020,12,1,1,0,0,0,1
9.0,26,111.25,2892.5,1,2024,6,0,0,0,1,0,0
43.0,47,32.59,1531.7300000000002,0,2022,9,0,0,1,0,0,0
40.0,3,87.31,261.93,1,2026,5,0,1,0,0,0,0
28.0,2,83.12,2060.0699999999997,0,2026,7,1,0,1,1,0,0
30.0,41,97.91,2060.0699999999997,0,2023,3,1,0,0,0,1,0
28.0,30,94.69,2840.7,0,2024,2,1,0,0,0,1,0
43.0,37,23.24,859.88,0,2023,7,0,0,1,0,1,0
30.0,3,58.84,2060.0699999999997,1,2026,5,0,1,0,0,1,0
42.0,9,52.25,470.25,0,2025,11,0,0,1,0,0,0
69.0,8,117.29,938.32,1,2025,12,1,0,0,0,0,1
38.0,9,97.49,877.41,1,2025,11,1,0,1,1,0,0
26.0,17,90.8,1543.6,1,2025,3,1,1,0,0,0,1
23.0,24,64.22,1541.28,0,2024,8,0,0,0,0,0,1
44.0,14,109.1,1527.4,0,2025,6,0,1,0,0,1,0
64.0,54,21.68,1170.72,0,2022,3,0,0,0,0,0,1
29.0,18,42.84,771.1200000000001,0,2025,3,1,1,0,0,1,0
14.0,39,89.5,3490.5,0,2023,5,1,1,0,0,1,0
60.0,47,70.84,3329.48,0,2022,9,1,0,1,0,0,1
70.0,27,73.38,1981.26,0,2024,5,0,0,1,1,0,0
49.0,71,61.63,4375.7300000000005,0,2020,9,0,0,0,0,0,1
45.0,34,36.65,2060.0699999999997,1,2023,10,0,1,0,0,0,1
41.0,19,36.62,695.78,0,2025,1,0,0,0,0,0,0
48.0,6,49.45,296.70000000000005,0,2026,3,0,0,1,0,1,0
48.0,30,66.83,2004.9,1,2024,2,0,0,0,0,0,0
43.0,12,102.41,1228.92,0,2025,8,1,0,0,1,0,0
29.0,15,64.68,970.2,0,2025,5,1,1,0,0,0,1
43.0,39,109.78,4281.42,0,2023,5,0,1,0,0,0,1
39.0,64,32.05,2051.2,0,2021,4,1,0,0,0,0,1
30.0,64,47.18,3019.52,0,2021,4,1,1,0,0,0,1
43.0,15,27.05,405.75,0,2025,5,1,0,0,0,0,1
34.0,58,71.0,4118.0,0,2021,10,1,0,1,0,1,0
40.0,67,29.0,1943.0,0,2021,1,0,0,0,0,1,0
45.0,1,99.57,99.57,1,2026,7,1,1,0,0,0,0
47.0,7,23.98,167.86,0,2026,1,0,1,0,0,0,1
34.0,9,67.54,607.86,0,2025,11,1,0,0,0,1,0
45.0,1,62.06,62.06,0,2026,7,0,0,1,0,1,0
48.0,5,40.22,201.1,0,2026,3,0,1,0,1,0,0
52.0,47,78.69,3698.43,0,2022,9,0,1,0,0,0,0
40.0,10,58.61,586.1,0,2025,10,0,1,0,0,0,0
47.0,2,39.8,79.6,0,2026,7,0,0,0,0,0,0
35.0,23,102.66,2361.18,0,2024,9,0,0,0,0,0,1
71.0,56,86.07,4819.92,0,2021,12,1,1,0,1,0,0
39.0,19,21.22,403.18,0,2025,1,1,0,0,0,1,0
53.0,38,70.19,2667.22,0,2023,7,1,1,0,1,0,0
34.0,47,47.13,2215.11,0,2022,9,0,0,1,0,1,0
44.0,52,111.51,5798.52,0,2022,5,0,0,0,0,1,0
44.0,49,92.56,4535.4400000000005,1,2022,7,1,1,0,1,0,0
46.0,71,81.16,5762.36,0,2020,9,1,0,0,0,0,0
30.0,23,28.91,664.93,0,2024,9,0,1,0,0,0,1
45.0,50,113.06,5653.0,0,2022,7,0,0,1,1,0,0
34.0,17,34.42,585.14,0,2025,3,0,0,0,0,0,0
50.0,48,65.07,3123.36,0,2022,8,0,0,0,0,0,1
29.0,2,88.1,176.2,1,2026,7,0,1,0,0,0,1
44.0,69,69.48,4794.12,0,2020,11,0,1,0,0,0,1
40.0,62,108.25,6711.5,0,2021,6,0,1,0,0,0,0
62.0,13,103.53,2060.0699999999997,1,2025,7,1,0,1,0,0,1
53.0,61,33.54,2045.94,0,2021,7,0,1,0,0,0,0
40.0,11,81.76,899.36,1,2025,9,0,1,0,0,1,0
31.0,27,25.22,680.9399999999999,0,2024,5,1,1,0,0,0,1
35.0,35,92.06,3222.1,0,2023,9,0,0,0,0,1,0
40.0,18,93.6,1684.8,1,2025,3,1,1,0,0,0,1
54.0,68,54.45,3702.6,0,2020,12,1,0,1,0,0,0
45.0,61,98.66,6018.26,1,2021,7,1,0,0,0,0,0
31.0,41,85.27,3496.07,0,2023,3,1,1,0,0,0,0
32.0,43,70.41,3027.63,0,2023,1,0,0,0,0,0,0
54.0,49,65.53,3210.9700000000003,0,2022,7,0,0,1,0,0,0
45.0,11,30.91,340.01,0,2025,9,0,0,0,0,0,0
41.0,67,73.11,4898.37,0,2021,1,1,0,1,0,0,1
40.0,51,35.61,1816.11,0,2022,5,0,0,0,0,0,1
51.0,52,85.6,4451.2,0,2022,5,1,1,0,0,1,0
27.0,43,79.47,3417.21,0,2023,1,0,0,0,1,0,0
40.0,58,49.05,2844.9,0,2021,10,1,0,0,0,0,1
41.0,70,44.7,3129.0,0,2020,10,1,0,1,0,0,1
25.0,29,67.61,2060.0699999999997,0,2024,3,0,1,0,1,0,0
38.0,31,71.25,2208.75,0,2024,1,0,0,1,1,0,0
67.0,28,99.79,2794.1200000000003,1,2024,4,1,1,0,0,1,0
30.0,50,50.4,2520.0,0,2022,7,1,1,0,0,1,0
42.0,36,60.34,2172.24,0,2023,8,1,0,0,0,0,0
15.0,19,54.33,1032.27,0,2025,1,0,0,0,0,0,1
38.0,67,59.41,3980.47,0,2021,1,1,0,1,0,1,0
40.0,12,76.71,920.52,0,2025,8,1,1,0,1,0,0
36.0,24,75.75,1818.0,0,2024,8,0,0,0,0,0,1
45.0,65,56.13,2060.0699999999997,0,2021,3,0,0,0,0,0,0
26.0,21,80.24,1685.04,0,2024,11,1,0,1,0,1,0
43.0,26,81.6,2121.6,1,2024,6,1,0,1,1,0,0
31.0,35,72.69,2060.0699999999997,0,2023,9,0,0,1,0,0,0
24.0,58,65.24,3783.92,0,2021,10,0,1,0,0,0,0
40.0,42,27.79,1167.18,0,2023,3,1,0,1,1,0,0
28.0,29,74.13,2149.77,1,2024,3,1,1,0,0,1,0
35.0,29,91.27,2646.83,0,2024,3,0,0,0,0,1,0
40.0,9,41.53,373.77,0,2025,11,0,0,1,0,1,0
43.0,2,97.78,195.56,1,2026,7,0,1,0,0,1,0
40.0,2,78.64,157.28,1,2026,7,0,0,0,0,0,0
38.0,18,43.75,2060.0699999999997,1,2025,3,0,0,0,0,0,1
31.0,69,36.3,2504.7,0,2020,11,1,0,0,0,0,0
37.0,57,44.54,2538.78,0,2021,11,0,0,1,0,0,0
44.0,71,95.91,6809.61,0,2020,9,0,0,1,1,0,0
40.0,23,45.05,1036.15,0,2024,9,0,1,0,0,0,0
53.0,19,88.32,1678.08,1,2025,1,0,1,0,0,1,0
49.0,19,74.58,1417.02,1,2025,1,0,1,0,1,0,0
53.0,58,74.68,4331.4400000000005,0,2021,10,1,0,0,1,0,0
40.0,49,105.26,2060.0699999999997,0,2022,7,1,1,0,1,0,0
40.0,45,107.47,2060.0699999999997,1,2022,11,0,1,0,1,0,0
50.0,28,73.69,2063.32,1,2024,4,0,0,0,1,0,0
44.0,50,26.53,1326.5,0,2022,7,1,0,1,0,1,0
40.0,11,36.12,397.32,1,2025,9,1,1,0,0,0,1
19.0,55,114.87,6317.85,0,2022,1,1,1,0,0,0,1
36.0,9,33.47,301.23,0,2025,11,1,1,0,1,0,0
45.0,14,103.54,1449.5600000000002,0,2025,6,0,0,1,0,0,1
47.0,21,74.04,1554.84,0,2024,11,1,1,0,0,0,0
40.0,48,31.4,1507.1999999999998,0,2022,8,0,0,0,0,0,1
20.0,58,111.95,6493.1,1,2021,10,1,0,0,0,0,0
38.0,69,112.81,7783.89,0,2020,11,1,0,0,0,1,0
50.0,9,81.54,733.86,0,2025,11,0,0,1,1,0,0
36.0,67,58.89,3945.63,0,2021,1,1,1,0,0,0,0
41.0,18,80.75,1453.5,1,2025,3,1,1,0,0,1,0
63.0,12,82.78,993.36,1,2025,8,0,0,0,0,1,0
38.0,16,82.21,1315.36,0,2025,4,0,0,1,1,0,0
38.0,37,93.34,2060.0699999999997,0,2023,7,1,0,1,0,0,1
42.0,20,26.71,534.2,0,2024,12,0,0,0,0,0,1
43.0,20,30.25,2060.0699999999997,0,2024,12,0,0,0,0,0,1
42.0,15,48.28,724.2,0,2025,5,1,0,1,0,0,1
45.0,25,54.97,1374.25,0,2024,7,0,1,0,0,0,1
26.0,17,83.8,1424.6,1,2025,3,0,1,0,0,0,0
39.0,12,37.19,446.28,0,2025,8,1,1,0,0,0,1
25.0,42,74.1,3112.2,0,2023,3,0,0,0,0,0,1
41.0,39,38.53,1502.67,0,2023,5,0,0,1,0,1,0
40.0,56,55.55,3110.8,0,2021,12,0,1,0,1,0,0
38.0,53,113.55,6018.15,0,2022,3,0,0,1,0,0,0
29.0,71,109.57,7779.469999999999,1,2020,9,0,0,0,0,0,1
35.0,47,115.31,5419.57,0,2022,9,0,0,0,1,0,0
62.0,25,79.14,1978.5,1,2024,7,1,1,0,0,0,1
57.0,50,70.13,3506.5,0,2022,7,0,1,0,0,0,1
33.0,33,104.89,2060.0699999999997,0,2023,11,1,0,0,0,1,0
33.0,29,27.97,811.13,0,2024,3,0,0,0,1,0,0
39.0,3,117.84,353.52,1,2026,5,1,1,0,0,1,0
55.0,39,66.24,2060.0699999999997,0,2023,5,1,1,0,0,1,0
19.0,4,87.58,350.32,1,2026,5,0,1,0,0,0,1
33.0,37,92.85,2060.0699999999997,0,2023,7,1,0,1,0,0,1
45.0,6,82.88,497.28,1,2026,3,0,0,0,0,0,1
40.0,10,109.15,1091.5,0,2025,10,0,1,0,1,0,0
35.0,12,48.82,585.84,0,2025,8,1,1,0,1,0,0
37.0,66,73.23,4833.18,0,2021,2,0,0,0,1,0,0
44.0,3,63.03,189.09,1,2026,5,1,1,0,1,0,0
35.0,65,90.41,5876.65,0,2021,3,1,0,0,0,0,1
27.0,64,59.51,3808.64,0,2021,4,1,0,0,0,0,1
38.0,35,109.29,3825.15,0,2023,9,0,1,0,0,1,0
42.0,24,69.04,1656.96,1,2024,8,1,0,0,0,0,1
15.0,47,73.6,3459.2,0,2022,9,1,0,1,1,0,0
45.0,52,69.34,3605.68,0,2022,5,0,0,0,0,0,0
52.0,34,82.26,2796.84,0,2023,10,1,0,0,0,0,1
36.0,25,71.04,1776.0000000000002,0,2024,7,1,1,0,1,0,0
36.0,69,113.74,2060.0699999999997,0,2020,11,1,1,0,0,1,0
31.0,29,33.11,960.19,1,2024,3,0,1,0,0,0,1
40.0,64,21.34,1365.76,0,2021,4,1,0,0,0,0,0
33.0,53,72.18,2060.0699999999997,0,2022,3,1,0,0,1,0,0
57.0,58,96.46,5594.679999999999,0,2021,10,1,1,0,0,0,1
41.0,41,84.82,3477.62,0,2023,3,0,0,1,1,0,0
14.0,51,116.27,5929.77,0,2022,5,0,1,0,0,0,0
47.0,18,38.23,688.14,0,2025,3,0,0,1,0,0,0
61.0,41,89.4,3665.4,0,2023,3,0,1,0,0,1,0
46.0,61,101.59,6196.99,0,2021,7,1,0,0,0,0,0
40.0,24,111.21,2669.04,1,2024,8,1,0,0,0,0,1
48.0,47,72.86,3424.42,0,2022,9,1,0,1,0,0,0
52.0,28,56.31,1576.68,1,2024,4,0,0,0,0,0,1
51.0,36,115.54,4159.4400000000005,0,2023,8,1,0,1,0,0,1
51.0,21,99.15,2082.15,1,2024,11,1,1,0,1,0,0
40.0,56,67.08,3756.48,0,2021,12,0,1,0,0,0,1
19.0,69,85.12,5873.280000000001,0,2020,11,0,0,0,0,0,1
27.0,26,47.86,1244.36,0,2024,6,0,0,0,0,1,0
27.0,54,81.48,4399.92,1,2022,3,0,0,0,1,0,0
10.0,44,74.0,3256.0,1,2022,12,0,1,0,0,0,1
35.0,33,23.92,789.36,0,2023,11,0,0,0,0,1,0
57.0,26,106.57,2770.82,0,2024,6,0,1,0,1,0,0
23.0,22,69.02,1518.4399999999998,1,2024,10,1,0,0,0,0,1
49.0,20,67.97,1359.4,1,2024,12,0,0,1,0,0,1
46.0,2,48.34,2060.0699999999997,0,2026,7,0,0,0,0,0,0
43.0,41,39.64,1625.24,0,2023,3,1,0,0,1,0,0
54.0,54,49.14,2653.56,0,2022,3,0,0,0,1,0,0
40.0,57,85.0,4845.0,0,2021,11,0,1,0,0,1,0
58.0,18,29.76,535.6800000000001,0,2025,3,1,0,0,0,0,1
40.0,5,53.29,266.45,0,2026,3,1,1,0,0,0,1
44.0,46,117.87,2060.0699999999997,0,2022,10,1,1,0,0,1,0
38.0,21,47.15,2060.0699999999997,0,2024,11,1,1,0,0,0,0
29.0,22,116.67,2566.74,1,2024,10,0,0,0,1,0,0
24.0,3,30.48,91.44,0,2026,5,0,0,0,0,0,1
47.0,9,99.4,894.6,1,2025,11,0,0,0,0,0,1
56.0,2,63.97,2060.0699999999997,1,2026,7,1,0,0,0,0,0
43.0,28,39.48,1105.4399999999998,0,2024,4,0,1,0,0,0,0
46.0,34,98.74,3357.16,1,2023,10,0,1,0,0,0,0
21.0,53,20.7,1097.1,0,2022,3,1,0,1,0,0,1
45.0,59,54.71,2060.0699999999997,1,2021,9,0,1,0,1,0,0
15.0,10,80.49,804.9,1,2025,10,1,0,0,1,0,0
26.0,2,43.1,86.2,0,2026,7,1,0,1,0,1,0
56.0,48,53.25,2556.0,0,2022,8,1,0,1,0,0,1
40.0,6,29.15,174.89999999999998,0,2026,3,0,1,0,0,0,1
41.0,44,105.32,4634.08,0,2022,12,1,1,0,0,1,0
47.0,54,62.22,3359.88,0,2022,3,1,1,0,0,0,0
50.0,71,34.53,2451.63,0,2020,9,1,1,0,1,0,0
37.0,36,39.91,1436.7599999999998,0,2023,8,0,1,0,0,0,1
44.0,8,47.52,380.16,1,2025,12,1,0,0,0,0,1
39.0,10,42.95,2060.0699999999997,1,2025,10,0,0,0,1,0,0
22.0,33,70.33,2320.89,0,2023,11,0,1,0,0,0,1
36.0,19,110.52,2060.0699999999997,1,2025,1,1,0,0,0,0,0
45.0,18,38.39,691.02,0,2025,3,1,1,0,0,0,1
35.0,51,65.34,2060.0699999999997,0,2022,5,0,1,0,1,0,0
35.0,23,86.39,2060.0699999999997,1,2024,9,0,1,0,1,0,0
49.0,1,38.38,38.38,1,2026,7,1,1,0,0,1,0
42.0,59,35.4,2060.0699999999997,0,2021,9,1,0,0,0,0,0
40.0,3,35.54,2060.0699999999997,1,2026,5,0,0,0,0,0,1
21.0,10,108.2,1082.0,1,2025,10,0,0,0,1,0,0
45.0,71,91.13,6470.23,0,2020,9,1,1,0,1,0,0
27.0,49,53.64,2628.36,0,2022,7,1,1,0,0,0,1
40.0,56,110.26,6174.56,0,2021,12,1,1,0,0,0,0
27.0,16,115.35,1845.6,1,2025,4,1,1,0,0,0,1
51.0,39,59.83,2060.0699999999997,0,2023,5,1,0,0,0,0,1
62.0,44,71.04,3125.76,0,2022,12,0,0,0,1,0,0
38.0,8,55.81,446.48,0,2025,12,0,1,0,0,1,0
38.0,8,42.76,342.08,1,2025,12,1,0,0,0,1,0
52.0,45,98.0,4410.0,1,2022,11,1,0,0,0,1,0
47.0,11,84.91,2060.0699999999997,1,2025,9,1,0,0,0,1,0
39.0,25,56.69,1417.25,0,2024,7,1,0,0,0,1,0
44.0,17,21.44,364.48,0,2025,3,0,1,0,1,0,0
64.0,55,96.37,5300.35,0,2022,1,1,0,0,0,1,0
32.0,56,67.74,3793.44,0,2021,12,0,1,0,0,0,1
33.0,44,27.31,1201.64,0,2022,12,0,0,0,1,0,0
50.0,53,32.45,1719.85,0,2022,3,1,0,0,0,0,1
65.0,35,82.84,2899.4,0,2023,9,0,1,0,0,1,0
42.0,39,74.63,2910.57,0,2023,5,0,0,1,0,0,0
19.0,2,44.05,88.1,1,2026,7,1,0,0,0,1,0
45.0,25,33.99,849.75,0,2024,7,1,0,0,0,0,1
34.0,38,108.47,4121.86,1,2023,7,0,0,0,0,0,1
46.0,68,33.49,2277.32,0,2020,12,0,0,1,0,0,0
24.0,32,28.57,2060.0699999999997,0,2023,12,1,0,0,0,0,0
22.0,41,81.99,3361.59,0,2023,3,0,0,1,0,0,0
36.0,71,45.26,3213.46,0,2020,9,0,1,0,0,0,1
60.0,7,85.66,599.62,1,2026,1,1,0,1,1,0,0
24.0,18,68.91,1240.38,1,2025,3,0,0,0,0,0,0
36.0,17,41.12,699.04,0,2025,3,0,1,0,0,0,1
22.0,59,26.96,1590.64,0,2021,9,1,1,0,0,0,1
43.0,11,27.07,297.77,0,2025,9,1,0,0,0,1,0
43.0,51,78.59,4008.09,0,2022,5,1,1,0,0,0,1
23.0,7,95.82,670.74,1,2026,1,0,0,0,1,0,0
55.0,27,88.97,2402.19,0,2024,5,1,0,1,0,0,1
17.0,59,79.29,2060.0699999999997,0,2021,9,1,1,0,0,0,0
59.0,37,41.09,1520.3300000000002,0,2023,7,1,0,1,0,0,1
56.0,5,106.18,530.9000000000001,1,2026,3,1,1,0,0,0,1
44.0,62,82.88,5138.56,0,2021,6,1,1,0,0,1,0
51.0,55,89.42,4918.1,1,2022,1,0,1,0,0,0,1
38.0,16,42.38,678.08,1,2025,4,1,0,0,0,0,1
22.0,56,46.15,2584.4,0,2021,12,0,0,1,0,0,1
43.0,51,110.75,5648.25,0,2022,5,0,0,0,0,0,1
21.0,68,67.61,4597.48,0,2020,12,0,1,0,0,0,1
40.0,46,75.38,3467.48,0,2022,10,1,0,0,0,1,0
25.0,61,31.08,1895.88,0,2021,7,1,0,1,1,0,0
52.0,33,59.46,1962.18,0,2023,11,1,1,0,0,0,0
45.0,55,108.7,5978.5,0,2022,1,1,0,0,0,0,0
48.0,18,110.02,2060.0699999999997,0,2025,3,0,1,0,0,0,0
44.0,12,93.02,1116.24,1,2025,8,0,0,1,0,0,0
63.0,21,74.56,1565.76,0,2024,11,1,1,0,0,1,0
52.0,26,113.08,2940.08,1,2024,6,1,0,1,0,1,0
60.0,21,107.18,2250.78,1,2024,11,0,0,0,0,0,1
29.0,22,104.64,2302.08,0,2024,10,0,1,0,1,0,0
33.0,55,108.18,5949.900000000001,1,2022,1,0,0,1,1,0,0
11.0,46,65.32,3004.72,0,2022,10,0,1,0,0,0,0
35.0,41,72.55,2974.55,1,2023,3,0,1,0,0,0,1
40.0,5,62.4,312.0,0,2026,3,1,0,1,0,0,1
45.0,44,94.01,4136.4400000000005,0,2022,12,0,0,0,0,1,0
34.0,16,79.19,1267.04,1,2025,4,0,0,1,0,0,1
49.0,35,26.97,943.95,0,2023,9,0,1,0,1,0,0
48.0,5,33.66,168.29999999999998,0,2026,3,1,0,1,1,0,0
34.0,62,39.23,2432.26,1,2021,6,1,0,0,0,0,1
28.0,26,87.06,2263.56,1,2024,6,0,0,0,0,1,0
40.0,61,30.98,1889.78,0,2021,7,1,0,1,1,0,0
41.0,51,74.08,2060.0699999999997,0,2022,5,0,1,0,0,1,0
33.0,69,104.08,2060.0699999999997,0,2020,11,1,0,1,0,1,0
37.0,56,114.75,6426.0,1,2021,12,0,0,1,1,0,0
23.0,50,62.82,3141.0,1,2022,7,1,1,0,0,1,0
48.0,36,73.34,2640.24,0,2023,8,1,0,1,0,0,0
48.0,24,103.15,2475.6000000000004,0,2024,8,0,0,0,0,0,0
41.0,30,113.57,3407.1,0,2024,2,0,1,0,0,0,0
49.0,69,58.99,2060.0699999999997,0,2020,11,1,1,0,0,0,1
42.0,48,55.31,2654.88,0,2022,8,1,0,1,1,0,0
59.0,22,65.08,1431.76,0,2024,10,0,0,0,0,0,0
24.0,33,45.38,2060.0699999999997,0,2023,11,1,0,0,0,1,0
42.0,69,105.97,2060.0699999999997,0,2020,11,1,0,0,0,0,0
51.0,50,51.82,2591.0,0,2022,7,0,0,0,0,1,0
40.0,23,64.95,1493.85,1,2024,9,0,1,0,1,0,0
50.0,10,52.0,520.0,1,2025,10,1,0,1,0,0,0
28.0,36,31.89,1148.04,0,2023,8,1,0,0,1,0,0
20.0,17,80.66,1371.22,1,2025,3,0,0,1,0,0,0
38.0,53,78.76,4174.280000000001,0,2022,3,0,0,0,0,1,0
40.0,8,49.49,395.92,1,2025,12,1,0,1,0,1,0
51.0,44,23.14,1018.16,0,2022,12,0,0,1,0,0,1
27.0,61,113.67,6933.87,0,2021,7,1,0,1,0,0,1
47.0,6,55.55,333.29999999999995,0,2026,3,1,1,0,0,0,1
8.0,71,73.88,5245.48,0,2020,9,1,1,0,0,0,0
31.0,37,34.37,1271.6899999999998,0,2023,7,0,0,1,1,0,0
50.0,54,45.12,2436.48,0,2022,3,1,0,0,0,0,0
26.0,23,63.53,1461.19,1,2024,9,1,1,0,0,1,0
27.0,57,76.22,4344.54,0,2021,11,0,0,1,1,0,0
34.0,51,105.4,5375.400000000001,1,2022,5,0,1,0,0,1,0
42.0,58,49.04,2060.0699999999997,0,2021,10,1,1,0,0,0,1
27.0,19,107.18,2036.42,1,2025,1,1,1,0,0,1,0
40.0,27,65.84,1777.68,0,2024,5,0,0,0,0,0,0
35.0,25,63.27,1581.75,0,2024,7,1,0,1,0,1,0
54.0,21,59.64,1252.44,0,2024,11,1,0,0,0,1,0
40.0,25,108.62,2715.5,0,2024,7,0,0,0,0,1,0
40.0,51,45.1,2300.1,0,2022,5,1,1,0,1,0,0
42.0,71,105.74,7507.54,0,2020,9,0,1,0,0,1,0
35.0,35,28.91,1011.85,0,2023,9,1,1,0,0,0,1
49.0,70,115.53,8087.1,0,2020,10,1,1,0,0,0,1
52.0,50,70.3,3515.0,0,2022,7,0,0,0,0,0,1
34.0,15,119.89,1798.35,1,2025,5,0,0,0,0,0,0
44.0,24,80.79,1938.96,0,2024,8,0,1,0,0,0,1
29.0,49,31.76,1556.24,0,2022,7,0,1,0,0,1,0
47.0,68,26.09,1774.12,0,2020,12,1,0,1,0,0,1
43.0,7,39.34,275.38,0,2026,1,1,0,0,1,0,0
36.0,54,62.11,1200.5,0,2022,3,0,1,0,0,0,0
44.0,38,94.72,3599.36,0,2023,7,0,1,0,0,0,1
47.0,45,20.07,903.15,0,2022,11,1,0,1,0,0,0
55.0,9,45.73,411.57,0,2025,11,0,1,0,0,0,0
45.0,55,78.76,4331.8,1,2022,1,0,0,0,0,0,0
51.0,52,49.79,2589.08,0,2022,5,0,1,0,1,0,0
63.0,49,55.69,2728.81,0,2022,7,1,0,0,0,0,1
28.0,55,50.08,2754.4,0,2022,1,1,0,1,1,0,0
54.0,70,115.32,8072.4,0,2020,10,1,0,1,0,0,0
29.0,3,26.58,79.74,0,2026,5,0,0,0,0,0,1
31.0,68,110.75,7531.0,1,2020,12,1,1,0,0,0,1
40.0,38,52.32,1988.16,0,2023,7,0,0,1,1,0,0
32.0,70,44.65,3125.5,0,2020,10,1,0,1,0,0,1
40.0,49,108.33,5308.17,0,2022,7,0,0,0,0,0,0
39.0,8,48.71,389.68,0,2025,12,1,0,1,0,0,1
36.0,45,118.75,5343.75,0,2022,11,1,1,0,0,1,0
32.0,29,74.81,2169.49,1,2024,3,1,0,1,0,0,0
29.0,49,67.64,3314.36,0,2022,7,0,0,0,0,0,1
57.0,24,117.65,2823.6000000000004,1,2024,8,1,1,0,0,1,0
26.0,21,42.68,896.28,0,2024,11,1,0,0,0,0,1
40.0,23,110.9,2550.7000000000003,0,2024,9,1,0,0,1,0,0
53.0,28,79.15,2216.2000000000003,0,2024,4,0,0,0,0,1,0
50.0,32,95.5,3056.0,0,2023,12,1,0,1,0,0,0
43.0,22,78.2,1720.4,0,2024,10,0,1,0,0,1,0
33.0,62,81.86,5075.32,0,2021,6,0,0,1,0,0,0
40.0,67,35.49,2377.83,0,2021,1,1,1,0,0,0,0
27.0,6,35.17,211.02,1,2026,3,1,1,0,0,0,1
37.0,65,59.72,3881.8,0,2021,3,0,0,1,0,0,0
36.0,22,54.64,1202.08,0,2024,10,1,0,1,0,0,0
38.0,51,91.21,4651.71,0,2022,5,1,0,1,0,0,0
31.0,68,92.28,6275.04,0,2020,12,1,0,0,0,0,1
40.0,57,76.38,2060.0699999999997,0,2021,11,0,1,0,0,0,0
55.0,55,60.2,3311.0,0,2022,1,0,1,0,1,0,0
52.0,42,87.68,3682.56,1,2023,3,0,1,0,0,0,1
40.0,52,88.73,4613.96,0,2022,5,0,0,0,1,0,0
45.0,61,100.91,6155.51,0,2021,7,0,1,0,0,1,0
42.0,19,101.17,1922.23,0,2025,1,0,0,1,0,0,1
32.0,1,26.96,2060.0699999999997,0,2026,7,0,0,0,1,0,0
33.0,41,57.41,2353.81,1,2023,3,0,1,0,0,0,1
57.0,63,61.99,3905.37,0,2021,5,0,1,0,0,0,0
60.0,48,104.69,5025.12,0,2022,8,0,0,0,0,0,1
38.0,32,70.18,2245.76,0,2023,12,0,0,0,0,1,0
40.0,50,68.88,3444.0,0,2022,7,1,1,0,1,0,0
49.0,14,75.38,1055.32,0,2025,6,0,0,0,0,0,1
41.0,17,32.72,556.24,0,2025,3,0,1,0,0,0,0
42.0,30,76.53,2295.9,0,2024,2,1,0,0,1,0,0
39.0,51,75.15,3832.65,0,2022,5,0,1,0,1,0,0
29.0,62,95.44,5917.28,0,2021,6,1,0,0,1,0,0
36.0,24,83.42,2002.08,1,2024,8,0,1,0,0,1,0
38.0,63,115.5,2060.0699999999997,0,2021,5,1,1,0,0,0,0
10.0,14,28.01,392.14,0,2025,6,1,1,0,0,0,0
41.0,34,97.17,3303.78,0,2023,10,1,0,0,1,0,0
68.0,59,95.15,5613.85,0,2021,9,1,0,0,0,0,1
35.0,65,46.93,3050.45,0,2021,3,1,0,0,1,0,0
40.0,33,89.86,2965.38,0,2023,11,1,0,1,0,0,0
30.0,58,85.93,4983.9400000000005,0,2021,10,1,1,0,0,1,0
27.0,18,49.87,897.66,1,2025,3,0,1,0,0,1,0
36.0,12,92.38,2060.0699999999997,0,2025,8,0,1,0,1,0,0
40.0,66,113.07,7462.62,0,2021,2,1,0,0,0,0,1
37.0,2,50.52,101.04,1,2026,7,0,0,0,0,1,0
36.0,70,118.01,2060.0699999999997,1,2020,10,1,0,0,0,0,1
46.0,28,42.43,1188.04,0,2024,4,1,1,0,0,1,0
40.0,42,33.46,2060.0699999999997,0,2023,3,1,0,0,0,0,1
43.0,3,27.71,83.13,0,2026,5,1,1,0,1,0,0
54.0,48,41.37,1985.76,0,2022,8,0,0,0,0,0,0
53.0,13,54.25,705.25,0,2025,7,1,0,0,0,0,0
58.0,57,93.32,5319.24,0,2021,11,0,0,1,0,0,1
25.0,3,27.2,81.6,0,2026,5,0,1,0,0,0,0
50.0,63,70.73,4455.990000000001,0,2021,5,1,0,0,1,0,0
60.0,38,71.87,2731.0600000000004,0,2023,7,0,1,0,0,0,0
20.0,59,42.79,2524.61,0,2021,9,1,0,0,0,1,0
40.0,28,24.55,687.4,0,2024,4,1,1,0,1,0,0
33.0,26,42.51,1105.26,0,2024,6,1,1,0,1,0,0
40.0,65,43.04,2797.6,0,2021,3,0,1,0,0,0,0
54.0,61,88.8,5416.8,0,2021,7,0,1,0,0,0,0
23.0,57,43.38,2060.0699999999997,0,2021,11,0,0,0,0,0,1
43.0,1,54.03,54.03,0,2026,7,0,1,0,0,1,0
33.0,32,24.74,791.68,0,2023,12,1,0,0,0,0,0
54.0,32,82.39,2636.48,1,2023,12,1,0,1,0,0,0
45.0,27,67.41,1820.07,0,2024,5,0,1,0,0,0,1
40.0,13,54.5,2060.0699999999997,1,2025,7,0,1,0,0,0,0
31.0,17,90.29,1534.93,1,2025,3,0,0,0,0,1,0
72.0,28,88.21,2060.0699999999997,0,2024,4,0,0,0,0,1,0
43.0,52,52.79,2745.08,0,2022,5,0,0,0,1,0,0
23.0,36,90.94,3273.84,1,2023,8,0,1,0,0,0,1
30.0,47,54.82,2576.54,0,2022,9,0,0,1,0,1,0
45.0,66,42.2,2785.2000000000003,0,2021,2,0,1,0,0,0,1
40.0,32,91.98,2943.36,0,2023,12,0,0,0,1,0,0
33.0,32,92.8,2969.6,1,2023,12,1,0,0,0,1,0
52.0,70,106.58,7460.599999999999,0,2020,10,1,1,0,0,1,0
51.0,55,70.09,3854.95,0,2022,1,1,1,0,1,0,0
33.0,40,43.24,1729.6,1,2023,5,0,1,0,0,1,0
54.0,28,103.69,2903.32,0,2024,4,1,0,0,0,1,0
31.0,31,37.47,1161.57,0,2024,1,0,0,0,0,1,0
60.0,31,113.86,3529.66,1,2024,1,0,0,0,0,1,0
40.0,26,50.67,1317.42,1,2024,6,0,0,0,1,0,0
43.0,4,21.88,87.52,0,2026,5,0,1,0,0,0,1
35.0,58,38.68,2243.44,0,2021,10,1,1,0,0,1,0
33.0,23,61.48,1414.04,0,2024,9,0,0,0,0,0,0
40.0,69,25.52,1760.88,0,2020,11,0,0,0,0,0,1
40.0,60,60.95,3657.0,0,2021,8,1,0,0,0,0,0
40.0,43,40.29,2060.0699999999997,0,2023,1,0,0,0,0,0,0
18.0,26,21.9,569.4,0,2024,6,1,0,0,0,1,0
40.0,67,49.9,3343.3,0,2021,1,1,0,0,1,0,0
38.0,68,42.63,2898.84,0,2020,12,0,1,0,0,0,0
55.0,55,61.98,3408.9,0,2022,1,0,0,0,0,0,0
32.0,47,95.9,4507.3,0,2022,9,1,0,1,0,0,0
55.0,59,70.98,4187.820000000001,0,2021,9,0,1,0,0,1,0
35.0,16,96.81,1548.96,0,2025,4,0,0,0,0,1,0
40.0,58,53.67,3112.86,0,2021,10,0,1,0,0,0,1
43.0,1,21.32,21.32,0,2026,7,0,0,1,0,1,0
40.0,45,112.22,5049.9,0,2022,11,0,1,0,0,0,1
44.0,6,51.47,308.82,0,2026,3,1,1,0,1,0,0
17.0,52,72.69,3779.88,0,2022,5,0,1,0,0,1,0
38.0,19,66.92,1271.48,0,2025,1,0,1,0,0,1,0
39.0,43,78.31,3367.33,0,2023,1,0,0,0,0,0,1
16.0,19,108.5,2061.5,1,2025,1,0,1,0,0,1,0
48.0,39,106.72,4162.08,0,2023,5,1,0,0,0,0,0
29.0,32,118.1,3779.2,0,2023,12,1,0,1,0,1,0
51.0,65,72.84,4734.6,0,2021,3,1,0,0,0,1,0
41.0,47,112.25,5275.75,0,2022,9,1,0,1,0,1,0
33.0,13,68.25,887.25,1,2025,7,0,0,0,0,1,0
40.0,36,24.44,879.84,0,2023,8,1,0,1,0,1,0
60.0,70,34.62,2423.4,0,2020,10,1,0,0,1,0,0
40.0,27,53.4,1441.8,0,2024,5,1,0,0,0,1,0
56.0,24,92.55,2221.2,0,2024,8,1,0,1,0,1,0
38.0,20,28.14,562.8,0,2024,12,0,0,0,0,0,0
52.0,9,56.16,505.44,1,2025,11,1,0,1,0,0,1
36.0,39,118.24,4611.36,0,2023,5,0,1,0,0,0,1
62.0,1,98.57,98.57,1,2026,7,0,1,0,1,0,0
53.0,11,77.2,849.2,1,2025,9,1,0,1,0,1,0
46.0,1,26.18,26.18,0,2026,7,1,1,0,0,0,1
10.0,44,21.46,944.24,0,2022,12,0,1,0,0,0,0
40.0,51,30.52,1556.52,0,2022,5,0,1,0,0,0,0
25.0,17,52.71,896.07,0,2025,3,0,1,0,1,0,0
40.0,66,80.64,5322.24,0,2021,2,1,0,1,0,0,1
55.0,23,39.75,914.25,0,2024,9,1,0,0,0,0,1
48.0,41,25.12,1029.92,0,2023,3,1,1,0,0,0,1
50.0,59,29.08,1715.7199999999998,0,2021,9,0,0,0,0,0,1
36.0,25,62.68,1567.0,0,2024,7,1,1,0,0,1,0
22.0,17,97.31,1654.27,1,2025,3,1,0,0,0,0,0
31.0,19,102.11,1940.09,0,2025,1,0,0,0,0,0,0
36.0,46,49.11,2259.06,0,2022,10,1,1,0,0,1,0
40.0,35,86.34,3021.9,0,2023,9,1,1,0,0,0,1
55.0,23,59.27,2060.0699999999997,1,2024,9,1,1,0,0,0,0
49.0,44,117.25,5159.0,0,2022,12,1,1,0,0,0,1
67.0,9,60.5,544.5,0,2025,11,1,1,0,0,1,0
28.0,32,59.59,1906.88,1,2023,12,1,1,0,0,0,1
54.0,59,70.16,4139.44,0,2021,9,0,0,0,1,0,0
51.0,42,22.55,2060.0699999999997,0,2023,3,0,0,1,0,1,0
39.0,62,61.79,3830.98,0,2021,6,0,1,0,0,0,1
28.0,19,102.87,1954.53,0,2025,1,1,1,0,0,1,0
33.0,35,81.21,2060.0699999999997,0,2023,9,0,0,0,0,0,0
32.0,8,116.94,935.52,1,2025,12,0,1,0,1,0,0
61.0,43,52.56,2260.08,0,2023,1,0,1,0,0,1,0
50.0,45,36.15,1626.75,0,2022,11,0,1,0,0,0,1
50.0,6,95.06,570.36,0,2026,3,1,0,0,0,0,0
41.0,13,24.37,316.81,0,2025,7,1,1,0,0,0,1
37.0,11,70.45,395.56,1,2025,9,0,0,1,0,0,1
44.0,70,70.69,4948.3,0,2020,10,0,0,0,0,1,0
40.0,69,95.35,6579.15,0,2020,11,0,0,1,0,1,0
39.0,7,80.1,560.6999999999999,1,2026,1,1,0,0,0,0,1
44.0,55,119.49,2060.0699999999997,0,2022,1,1,1,0,0,1,0
27.0,55,85.49,4701.95,0,2022,1,1,0,0,0,0,1
43.0,19,92.5,1757.5,1,2025,1,0,0,1,0,1,0
39.0,6,119.39,716.34,1,2026,3,1,1,0,1,0,0
31.0,9,79.25,713.25,1,2025,11,0,0,0,0,1,0
48.0,20,91.46,1829.2,1,2024,12,1,0,0,0,0,1
62.0,25,49.83,1245.75,0,2024,7,1,1,0,0,0,0
40.0,50,73.68,2060.0699999999997,0,2022,7,0,1,0,0,1,0
37.0,50,111.2,5560.0,0,2022,7,0,0,1,1,0,0
48.0,38,105.33,4002.54,0,2023,7,1,0,1,1,0,0
50.0,66,50.63,3341.5800000000004,0,2021,2,0,0,0,1,0,0
41.0,57,55.72,3176.04,0,2021,11,1,0,1,1,0,0
40.0,22,104.64,2302.08,0,2024,10,1,1,0,0,0,1
44.0,56,48.47,2714.32,0,2021,12,1,0,0,1,0,0
70.0,36,108.76,3915.36,0,2023,8,1,0,0,0,0,0
43.0,51,97.38,4966.38,1,2022,5,0,1,0,0,1,0
25.0,68,35.24,2396.32,0,2020,12,1,1,0,0,0,1
40.0,1,91.98,91.98,0,2026,7,0,0,1,0,1,0
38.0,48,103.43,4964.64,0,2022,8,1,0,1,0,0,1
25.0,33,34.43,1136.19,1,2023,11,0,1,0,0,1,0
40.0,24,65.73,2060.0699999999997,0,2024,8,0,1,0,0,0,1
67.0,49,106.26,5206.740000000001,0,2022,7,0,1,0,0,0,1
34.0,69,39.87,2751.03,0,2020,11,1,0,0,0,1,0
27.0,58,64.91,3764.78,0,2021,10,1,0,0,1,0,0
38.0,48,81.28,3901.44,0,2022,8,0,0,0,0,0,0
39.0,57,29.73,1694.61,0,2021,11,1,0,1,0,1,0
28.0,64,41.21,2060.0699999999997,0,2021,4,1,0,0,0,0,0
25.0,53,66.67,3533.51,0,2022,3,1,0,0,0,1,0
56.0,60,57.37,2060.0699999999997,0,2021,8,0,1,0,0,0,0
46.0,43,52.48,2256.64,0,2023,1,1,0,0,0,1,0
34.0,41,22.64,928.24,0,2023,3,0,1,0,0,0,0
26.0,26,112.79,2932.54,0,2024,6,0,1,0,0,0,0
34.0,59,107.14,6321.26,0,2021,9,0,1,0,0,1,0
40.0,49,59.26,2060.0699999999997,0,2022,7,0,1,0,0,1,0
33.0,64,38.14,2060.0699999999997,0,2021,4,1,1,0,0,0,1
65.0,5,26.9,134.5,0,2026,3,1,0,0,0,0,0
40.0,44,32.32,1422.08,0,2022,12,0,1,0,0,0,1
33.0,18,80.2,1443.6,1,2025,3,1,1,0,1,0,0
48.0,57,93.39,5323.2300000000005,0,2021,11,1,0,0,1,0,0
29.0,40,35.64,1425.6,0,2023,5,0,0,1,0,0,1
35.0,46,31.28,1438.88,0,2022,10,1,1,0,1,0,0
18.0,58,89.11,5168.38,1,2021,10,0,1,0,0,1,0
55.0,24,71.7,1720.8000000000002,1,2024,8,0,0,1,0,0,0
38.0,28,57.18,1601.04,0,2024,4,1,0,0,0,1,0
30.0,46,92.5,2060.0699999999997,0,2022,10,1,1,0,1,0,0
48.0,68,65.57,4458.759999999999,0,2020,12,0,0,0,1,0,0
27.0,54,66.51,3591.5400000000004,0,2022,3,0,0,0,0,1,0
28.0,33,21.57,711.8100000000001,1,2023,11,0,0,0,0,0,1
35.0,67,51.6,2060.0699999999997,0,2021,1,1,1,0,0,1,0
26.0,35,20.5,717.5,0,2023,9,1,0,1,0,0,1
32.0,39,112.38,4382.82,1,2023,5,1,0,1,1,0,0
40.0,47,49.39,2321.33,0,2022,9,1,0,0,0,0,0
39.0,71,38.05,2701.55,0,2020,9,0,1,0,0,0,0
24.0,5,29.09,145.45,0,2026,3,0,0,0,0,1,0
37.0,37,24.66,2060.0699999999997,0,2023,7,1,1,0,0,0,1
47.0,1,108.6,108.6,1,2026,7,0,0,1,1,0,0
49.0,56,36.85,2063.6,0,2021,12,0,0,1,0,0,0
34.0,7,81.75,572.25,1,2026,1,0,0,0,0,1,0
38.0,64,85.12,2060.0699999999997,0,2021,4,1,1,0,0,1,0
37.0,8,51.75,414.0,0,2025,12,0,0,0,1,0,0
23.0,64,103.32,6612.48,0,2021,4,1,0,0,1,0,0
34.0,57,41.4,2060.0699999999997,0,2021,11,0,0,0,0,1,0
50.0,28,27.15,760.1999999999999,0,2024,4,1,1,0,0,1,0
50.0,26,26.85,698.1,0,2024,6,0,1,0,0,1,0
45.0,34,50.04,1701.36,0,2023,10,1,1,0,0,0,1
8.0,22,66.32,1459.04,1,2024,10,1,0,0,1,0,0
31.0,20,82.94,1658.8,0,2024,12,1,0,0,0,1,0
46.0,14,92.87,1300.18,1,2025,6,0,0,0,1,0,0
61.0,23,37.87,871.01,0,2024,9,0,0,0,0,1,0
40.0,67,88.39,5922.13,0,2021,1,1,0,0,0,1,0
41.0,19,38.25,726.75,1,2025,1,1,1,0,0,1,0
39.0,39,119.72,4669.08,0,2023,5,1,0,0,1,0,0
24.0,37,115.91,2060.0699999999997,0,2023,7,1,0,1,0,1,0
44.0,1,30.24,30.24,1,2026,7,0,0,1,0,1,0
22.0,19,85.51,1624.69,0,2025,1,1,0,0,1,0,0
39.0,15,110.33,1654.95,1,2025,5,1,1,0,0,1,0
41.0,1,28.07,28.07,0,2026,7,0,0,1,0,0,0
41.0,31,32.4,1004.4,0,2024,1,1,0,0,0,0,0
24.0,52,54.7,2844.4,0,2022,5,0,1,0,0,1,0
31.0,43,29.57,1271.51,0,2023,1,0,1,0,0,0,1
48.0,46,70.45,4993.76,0,2022,10,0,0,0,1,0,0
41.0,50,107.55,5377.5,0,2022,7,0,0,0,0,1,0
32.0,20,114.87,2297.4,1,2024,12,1,1,0,1,0,0
40.0,62,40.5,2060.0699999999997,0,2021,6,0,1,0,0,0,1
40.0,43,24.54,2060.0699999999997,0,2023,1,0,0,1,0,0,1
40.0,5,64.46,322.29999999999995,1,2026,3,0,1,0,1,0,0
26.0,66,108.06,2060.0699999999997,0,2021,2,0,0,0,0,0,1
38.0,12,83.84,1006.08,1,2025,8,0,1,0,0,0,1
40.0,57,119.83,6830.31,0,2021,11,0,0,1,1,0,0
44.0,60,110.57,6634.2,1,2021,8,1,1,0,0,0,1
55.0,55,59.28,3260.4,0,2022,1,0,1,0,0,0,0
27.0,71,23.95,1700.45,0,2020,9,1,0,1,0,1,0
42.0,66,20.52,2060.0699999999997,0,2021,2,1,0,0,0,0,0
42.0,27,84.42,2279.34,0,2024,5,0,0,0,0,0,0
14.0,28,111.58,3124.24,0,2024,4,1,1,0,0,1,0
50.0,37,64.42,2383.54,0,2023,7,1,0,0,0,0,0
65.0,19,107.43,2041.17,0,2025,1,0,0,1,0,1,0
42.0,51,76.67,3910.17,0,2022,5,0,0,0,0,1,0
40.0,13,29.8,387.4,0,2025,7,1,0,0,1,0,0
25.0,45,99.83,4492.35,0,2022,11,0,0,0,0,1,0
31.0,6,69.26,415.56000000000006,0,2026,3,1,1,0,0,1,0
41.0,1,25.11,25.11,0,2026,7,0,0,0,0,0,1
40.0,25,101.46,2536.5,1,2024,7,0,0,0,0,0,1
40.0,26,95.77,2490.02,0,2024,6,1,0,0,0,0,0
52.0,13,65.73,854.49,1,2025,7,0,1,0,0,1,0
29.0,19,21.95,417.05,0,2025,1,1,1,0,0,1,0
53.0,10,54.69,546.9,0,2025,10,1,1,0,1,0,0
17.0,45,63.5,2857.5,0,2022,11,0,0,0,0,1,0
33.0,71,36.53,2593.63,0,2020,9,1,0,1,1,0,0
38.0,15,36.09,541.35,0,2025,5,1,1,0,0,1,0
40.0,31,36.7,1137.7,0,2024,1,1,0,0,0,0,1
33.0,8,57.06,456.48,1,2025,12,1,1,0,0,0,1
57.0,30,101.75,3052.5,1,2024,2,0,1,0,0,0,1
40.0,1,95.94,95.94,1,2026,7,0,0,1,0,0,0
49.0,16,21.01,336.16,0,2025,4,1,1,0,0,1,0
52.0,11,20.96,230.56,0,2025,9,0,0,0,0,0,1
33.0,27,27.77,749.79,1,2024,5,1,1,0,1,0,0
25.0,40,66.66,2666.4,0,2023,5,0,0,0,0,0,1
30.0,44,108.89,4791.16,1,2022,12,1,0,1,0,1,0
32.0,70,38.23,2676.1,0,2020,10,1,0,1,0,0,1
33.0,57,67.68,3857.76,0,2021,11,0,0,1,0,1,0
46.0,48,24.07,1155.36,0,2022,8,0,0,0,0,1,0
44.0,40,22.03,881.2,0,2023,5,1,0,1,0,0,1
38.0,39,20.75,809.25,0,2023,5,1,0,0,1,0,0
39.0,3,93.67,281.01,0,2026,5,1,0,0,0,0,0
53.0,55,22.38,1230.9,0,2022,1,0,1,0,0,1,0
40.0,1,47.38,47.38,1,2026,7,0,1,0,0,0,0
49.0,23,84.5,1943.5,1,2024,9,0,0,0,0,0,1
15.0,67,81.87,5485.29,0,2021,1,0,0,0,0,1,0
33.0,62,25.51,2060.0699999999997,0,2021,6,0,1,0,0,1,0
58.0,34,45.67,1552.78,1,2023,10,0,0,1,0,0,1
44.0,17,83.93,1426.8100000000002,0,2025,3,0,0,0,0,0,0
34.0,48,59.22,2842.56,0,2022,8,0,1,0,1,0,0
51.0,53,66.58,3528.74,1,2022,3,0,0,0,0,0,1
40.0,61,40.71,2483.31,0,2021,7,1,0,0,0,0,1
47.0,11,23.78,261.58000000000004,1,2025,9,1,0,0,1,0,0
40.0,15,54.52,817.8000000000001,0,2025,5,1,1,0,1,0,0
52.0,11,88.3,971.3,0,2025,9,1,0,0,1,0,0
32.0,7,96.65,676.5500000000001,1,2026,1,1,1,0,1,0,0
32.0,47,79.25,3724.75,0,2022,9,0,1,0,0,0,1
62.0,8,59.32,474.56,0,2025,12,0,0,1,0,0,1
40.0,5,78.31,391.55,0,2026,3,0,1,0,0,0,0
16.0,66,90.5,5973.0,0,2021,2,0,1,0,1,0,0
53.0,63,95.53,6018.39,0,2021,5,1,0,0,0,1,0
56.0,21,29.45,618.4499999999999,0,2024,11,1,0,0,0,1,0
37.0,71,100.3,7121.3,0,2020,9,1,1,0,1,0,0
15.0,12,26.35,316.20000000000005,0,2025,8,1,0,0,0,0,1
39.0,11,107.05,2060.0699999999997,1,2025,9,1,1,0,0,0,1
65.0,54,59.22,3197.88,0,2022,3,0,0,1,0,0,1
42.0,10,74.69,746.9,1,2025,10,1,0,0,0,0,1
40.0,16,49.0,784.0,0,2025,4,1,0,0,0,0,0
50.0,15,62.67,940.05,0,2025,5,1,1,0,0,0,0
52.0,58,104.52,6062.16,1,2021,10,1,0,0,0,0,0
62.0,4,49.57,2060.0699999999997,0,2026,5,0,1,0,1,0,0
40.0,22,76.42,1681.24,1,2024,10,0,1,0,0,0,1
39.0,35,84.71,2964.85,1,2023,9,0,0,0,0,1,0
27.0,14,34.64,484.96,1,2025,6,0,0,0,0,0,1
45.0,31,97.78,3031.18,0,2024,1,0,0,0,0,1,0
38.0,70,119.91,8393.699999999999,0,2020,10,0,1,0,0,0,0
49.0,11,35.51,390.61,0,2025,9,0,0,0,0,0,1
30.0,36,96.79,3484.44,0,2023,8,1,0,0,1,0,0
36.0,24,34.71,833.04,0,2024,8,1,1,0,0,0,0
40.0,40,115.03,4601.2,0,2023,5,0,0,0,0,0,0
40.0,42,61.1,2566.2000000000003,0,2023,3,1,0,1,0,1,0
40.0,21,117.99,2477.79,1,2024,11,0,0,1,1,0,0
49.0,51,26.79,1366.29,0,2022,5,1,0,0,0,0,1
63.0,55,99.1,5450.5,0,2022,1,1,0,0,0,0,0
31.0,4,67.34,269.36,0,2026,5,1,0,0,0,0,1
51.0,62,48.95,3034.9,0,2021,6,1,1,0,1,0,0
16.0,25,94.79,2369.75,1,2024,7,1,1,0,0,1,0
40.0,70,83.53,5847.1,0,2020,10,1,0,0,1,0,0
41.0,14,110.29,1544.0600000000002,1,2025,6,1,0,0,1,0,0
50.0,41,44.88,1840.08,0,2023,3,0,1,0,1,0,0
34.0,57,113.97,2060.0699999999997,0,2021,11,0,1,0,1,0,0
43.0,38,84.19,3199.22,0,2023,7,1,0,0,0,0,1
53.0,62,65.04,4032.480000000001,0,2021,6,0,0,0,0,0,1
26.0,41,25.31,1037.71,0,2023,3,1,0,0,0,1,0
16.0,45,96.52,4343.4,0,2022,11,1,0,0,0,0,0
53.0,16,105.84,1693.44,0,2025,4,1,1,0,0,0,0
28.0,19,100.96,1918.24,1,2025,1,1,1,0,1,0,0
45.0,37,93.57,3462.09,1,2023,7,0,1,0,1,0,0
63.0,61,116.94,7133.34,1,2021,7,0,1,0,0,0,1
50.0,26,104.91,2727.66,0,2024,6,0,0,0,0,0,0
28.0,64,112.79,7218.56,0,2021,4,1,0,0,0,1,0
22.0,13,93.05,1209.65,1,2025,7,1,1,0,1,0,0
31.0,34,102.02,3468.68,0,2023,10,0,0,1,0,0,1
40.0,23,48.92,1125.16,0,2024,9,0,0,1,1,0,0
37.0,20,86.89,1737.8,0,2024,12,0,0,0,1,0,0
56.0,54,40.55,2189.7,0,2022,3,0,0,1,0,0,1
48.0,58,26.93,1561.94,0,2021,10,1,0,1,0,0,0
40.0,59,70.45,4597.870000000001,1,2021,9,1,1,0,0,0,1
50.0,20,98.29,1965.8,0,2024,12,0,1,0,1,0,0
40.0,39,28.28,1102.92,0,2023,5,1,1,0,0,0,0
36.0,32,38.13,1220.16,0,2023,12,0,0,1,0,0,1
46.0,41,29.3,2060.0699999999997,0,2023,3,0,0,0,0,0,0
30.0,69,83.42,2060.0699999999997,1,2020,11,0,1,0,1,0,0
38.0,68,27.95,1900.6,0,2020,12,0,0,1,1,0,0
40.0,21,29.33,615.93,0,2024,11,1,0,0,0,0,1
55.0,24,46.42,1114.08,0,2024,8,0,0,0,1,0,0
34.0,16,47.02,752.32,0,2025,4,1,1,0,0,0,0
45.0,32,75.75,2424.0,0,2023,12,0,1,0,0,0,1
48.0,26,23.22,603.72,0,2024,6,0,0,0,0,0,1
40.0,3,81.53,244.59,0,2026,5,0,0,0,0,0,1
37.0,7,61.17,428.19,0,2026,1,1,0,0,0,0,1
31.0,16,37.87,605.92,0,2025,4,0,0,0,0,0,1
39.0,53,85.33,4522.49,1,2022,3,0,1,0,0,0,0
30.0,4,52.97,211.88,0,2026,5,0,1,0,0,1,0
34.0,45,102.75,4623.75,0,2022,11,1,1,0,0,0,1
49.0,32,118.94,3806.08,0,2023,12,0,0,0,0,0,0
32.0,58,97.9,5678.200000000001,0,2021,10,0,1,0,1,0,0
47.0,13,94.3,1225.9,0,2025,7,1,0,1,0,1,0
47.0,22,55.52,1221.44,0,2024,10,1,1,0,0,1,0
43.0,44,73.46,3232.24,0,2022,12,0,1,0,1,0,0
48.0,44,25.27,1111.88,0,2022,12,1,1,0,0,0,0
36.0,30,92.73,2060.0699999999997,0,2024,2,0,0,0,0,0,1
16.0,23,87.5,2012.5,1,2024,9,1,0,1,0,1,0
41.0,12,46.94,563.28,1,2025,8,0,1,0,1,0,0
40.0,14,73.41,1027.74,1,2025,6,0,0,1,0,0,1
36.0,36,87.93,3165.4800000000005,0,2023,8,0,0,0,0,0,1
40.0,45,56.79,2555.55,1,2022,11,1,0,1,1,0,0
49.0,24,92.56,2221.44,0,2024,8,0,0,1,0,1,0
43.0,3,99.67,299.01,1,2026,5,1,1,0,0,0,1
41.0,51,42.35,2159.85,0,2022,5,0,0,1,0,0,0
55.0,55,50.13,2060.0699999999997,0,2022,1,0,0,0,1,0,0
27.0,38,60.16,2286.08,0,2023,7,1,0,0,1,0,0
36.0,20,43.57,871.4,0,2024,12,0,0,0,0,0,1
52.0,2,97.56,195.12,1,2026,7,0,1,0,0,0,1
46.0,26,77.18,2006.6800000000003,1,2024,6,0,0,0,0,0,0
37.0,2,58.01,116.02,0,2026,7,0,1,0,0,1,0
45.0,67,21.61,1447.87,0,2021,1,1,1,0,0,0,1
33.0,42,52.59,2208.78,0,2023,3,1,0,0,0,1,0
42.0,40,103.65,4146.0,0,2023,5,0,0,0,0,1,0
48.0,9,94.35,849.15,0,2025,11,0,1,0,1,0,0
56.0,2,26.74,53.48,0,2026,7,1,1,0,0,1,0
48.0,28,100.14,2803.92,0,2024,4,0,1,0,1,0,0
56.0,3,37.91,2060.0699999999997,0,2026,5,0,1,0,1,0,0
23.0,16,118.71,1899.36,1,2025,4,0,1,0,0,0,0
13.0,4,106.85,427.4,0,2026,5,0,0,0,0,1,0
14.0,23,111.33,2560.59,0,2024,9,1,0,0,0,0,1
53.0,6,96.95,2060.0699999999997,1,2026,3,0,0,0,0,0,1
47.0,55,91.08,5009.4,0,2022,1,1,0,1,0,0,1
31.0,8,44.44,355.52,0,2025,12,1,1,0,0,0,0
35.0,64,78.64,5032.96,0,2021,4,0,0,0,1,0,0
44.0,67,89.64,6005.88,0,2021,1,1,0,0,1,0,0
31.0,41,48.81,2001.21,0,2023,3,0,0,1,0,0,1
30.0,40,59.83,2393.2,1,2023,5,0,0,0,1,0,0
32.0,27,114.71,3097.17,1,2024,5,1,1,0,1,0,0
31.0,39,60.8,2371.2,0,2023,5,0,0,0,0,0,0
41.0,53,51.54,2731.62,1,2022,3,1,1,0,0,1,0
60.0,40,30.72,1228.8,0,2023,5,1,0,0,0,1,0
28.0,52,54.13,2814.76,0,2022,5,0,0,1,0,0,0
39.0,37,81.21,3004.77,0,2023,7,1,1,0,0,0,0
46.0,67,34.77,2060.0699999999997,0,2021,1,0,1,0,1,0,0
46.0,19,80.53,1530.07,0,2025,1,0,1,0,0,0,0
34.0,34,94.12,3200.08,0,2023,10,1,0,1,1,0,0
47.0,66,96.82,6390.12,0,2021,2,0,1,0,0,1,0
45.0,10,118.48,1184.8,1,2025,10,1,0,1,0,0,1
35.0,52,63.46,3299.92,0,2022,5,0,0,0,1,0,0
40.0,42,23.24,976.08,0,2023,3,1,0,1,0,1,0
26.0,60,105.47,6328.2,0,2021,8,1,1,0,0,1,0
49.0,2,28.35,56.7,0,2026,7,1,0,0,0,0,1
57.0,1,106.17,106.17,1,2026,7,0,0,0,0,1,0
40.0,50,118.27,5913.5,0,2022,7,0,0,0,0,0,0
57.0,36,110.68,3984.480000000001,0,2023,8,1,1,0,0,0,0
39.0,22,116.4,2560.8,1,2024,10,1,1,0,1,0,0
26.0,36,22.33,803.8799999999999,0,2023,8,0,1,0,0,0,0
37.0,3,21.14,63.42,0,2026,5,0,0,1,0,1,0
40.0,44,41.03,1805.32,0,2022,12,1,0,1,1,0,0
33.0,16,99.87,1597.92,1,2025,4,1,1,0,0,1,0
40.0,11,28.94,318.34000000000003,0,2025,9,1,0,1,0,0,1
54.0,10,94.65,946.5,1,2025,10,0,1,0,1,0,0
53.0,51,21.26,1084.26,0,2022,5,1,0,0,0,0,1
44.0,42,93.11,3910.62,1,2023,3,1,0,1,1,0,0
46.0,25,45.01,1125.25,0,2024,7,1,0,1,0,0,0
53.0,6,64.04,384.24,1,2026,3,1,1,0,0,1,0
44.0,44,117.65,2060.0699999999997,1,2022,12,0,1,0,1,0,0
55.0,8,75.17,601.36,1,2025,12,1,1,0,0,0,0
48.0,34,27.46,933.64,0,2023,10,0,0,1,0,0,0
38.0,41,107.31,4399.71,1,2023,3,1,0,0,0,0,0
45.0,1,52.37,52.37,0,2026,7,0,1,0,0,0,1
35.0,3,78.54,235.62,1,2026,5,0,0,0,0,0,0
28.0,52,91.18,4741.360000000001,0,2022,5,1,0,0,1,0,0
26.0,43,97.75,4203.25,1,2023,1,1,0,0,0,0,1
38.0,47,63.25,2972.75,0,2022,9,1,0,0,0,1,0
44.0,19,97.31,1848.89,1,2025,1,1,0,0,0,0,0
62.0,70,31.69,2218.3,0,2020,10,0,0,0,1,0,0
45.0,47,72.57,3410.7899999999995,0,2022,9,0,1,0,1,0,0
42.0,5,22.19,110.95,0,2026,3,1,1,0,0,0,1
39.0,64,60.63,3880.32,0,2021,4,1,0,0,0,1,0
36.0,45,56.48,2541.6,0,2022,11,0,0,0,0,0,1
42.0,64,117.81,7539.84,0,2021,4,1,0,0,0,0,0
37.0,45,59.78,2060.0699999999997,0,2022,11,0,0,0,0,0,1
40.0,36,110.71,3985.56,0,2023,8,0,0,0,0,1,0
50.0,9,63.53,2060.0699999999997,0,2025,11,1,0,0,0,1,0
29.0,23,73.34,1686.8200000000002,0,2024,9,0,1,0,0,0,1
37.0,32,55.07,1762.24,0,2023,12,0,0,0,1,0,0
32.0,45,84.0,3780.0,0,2022,11,0,1,0,0,0,1
41.0,28,93.91,2060.0699999999997,0,2024,4,0,1,0,1,0,0
50.0,52,99.11,5153.72,0,2022,5,1,1,0,0,0,1
44.0,11,89.39,983.29,1,2025,9,0,1,0,1,0,0
37.0,19,52.99,1006.81,1,2025,1,1,0,0,1,0,0
51.0,64,53.06,3395.84,0,2021,4,1,1,0,0,1,0
51.0,65,54.79,3561.35,0,2021,3,0,1,0,1,0,0
40.0,57,23.78,1355.46,0,2021,11,0,0,0,0,0,0
59.0,66,114.31,7544.46,1,2021,2,1,0,1,0,0,0
45.0,4,39.57,158.28,0,2026,5,1,1,0,1,0,0
45.0,29,35.92,2060.0699999999997,0,2024,3,1,1,0,1,0,0
26.0,4,75.24,300.96,1,2026,5,1,0,0,1,0,0
20.0,1,24.74,24.74,0,2026,7,0,1,0,1,0,0
41.0,18,103.78,1868.04,0,2025,3,1,0,0,0,1,0
52.0,13,107.62,1399.06,1,2025,7,1,1,0,0,0,0
44.0,70,59.78,4184.6,0,2020,10,0,1,0,0,1,0
51.0,49,117.14,5739.86,0,2022,7,1,0,1,0,0,0
35.0,47,52.43,2060.0699999999997,0,2022,9,1,1,0,1,0,0
41.0,30,46.02,1380.6,0,2024,2,1,0,0,0,0,0
40.0,27,118.97,3212.19,0,2024,5,0,1,0,0,0,0
18.0,28,45.03,1260.84,0,2024,4,0,0,1,0,0,1
61.0,2,64.43,128.86,0,2026,7,1,1,0,0,0,1
54.0,20,81.19,1623.8,0,2024,12,1,0,0,1,0,0
51.0,24,52.25,1254.0,0,2024,8,0,0,0,0,1,0
55.0,44,58.42,2570.48,0,2022,12,0,0,0,0,0,1
34.0,21,92.08,1933.68,0,2024,11,1,1,0,1,0,0
50.0,22,92.3,2060.0699999999997,1,2024,10,0,1,0,0,1,0
34.0,58,100.36,5820.88,0,2021,10,0,0,1,0,0,1
42.0,11,79.37,2060.0699999999997,1,2025,9,1,0,0,0,0,0
40.0,53,43.35,2297.55,0,2022,3,1,1,0,0,0,1
38.0,9,53.31,479.79,1,2025,11,0,0,0,1,0,0
22.0,67,110.07,7374.69,0,2021,1,1,0,0,0,0,1
40.0,52,93.37,4855.24,0,2022,5,1,1,0,0,0,1
39.0,13,28.8,2060.0699999999997,0,2025,7,0,0,1,0,1,0
32.0,1,95.36,95.36,1,2026,7,1,1,0,0,1,0
44.0,44,53.07,2335.08,0,2022,12,1,0,0,0,0,0
60.0,24,22.32,2060.0699999999997,0,2024,8,1,1,0,1,0,0
33.0,5,68.37,341.85,1,2026,3,1,0,1,0,0,0
37.0,66,108.34,7150.4400000000005,0,2021,2,1,1,0,0,0,0
48.0,20,64.43,1288.6,0,2024,12,1,0,1,0,0,1
32.0,64,118.88,7608.32,1,2021,4,1,1,0,0,0,0
40.0,15,37.81,567.1500000000001,0,2025,5,1,0,0,0,1,0
35.0,68,55.09,3746.12,0,2020,12,1,1,0,0,0,0
51.0,54,21.66,1169.64,0,2022,3,0,0,0,1,0,0
19.0,11,25.04,275.44,0,2025,9,1,0,0,0,0,0
30.0,23,55.43,1274.89,0,2024,9,0,1,0,1,0,0
58.0,1,72.84,72.84,0,2026,7,0,0,0,1,0,0
40.0,42,43.71,1835.82,0,2023,3,0,0,1,0,0,0
38.0,47,36.65,1722.55,0,2022,9,1,1,0,0,0,0
58.0,68,62.07,4220.76,0,2020,12,1,0,1,0,0,0
63.0,38,37.07,1408.66,0,2023,7,1,0,0,1,0,0
50.0,2,83.09,166.18,1,2026,7,0,0,1,0,1,0
54.0,45,115.53,5198.85,1,2022,11,1,1,0,0,0,1
40.0,27,100.65,2717.55,0,2024,5,0,1,0,0,0,0
30.0,61,41.52,2532.7200000000003,0,2021,7,1,0,1,0,0,1
61.0,11,115.11,1266.21,0,2025,9,1,0,0,0,0,0
37.0,69,95.11,6562.59,0,2020,11,0,1,0,1,0,0
17.0,29,35.5,1029.5,0,2024,3,1,1,0,1,0,0
45.0,25,77.94,1948.5,0,2024,7,0,0,0,0,0,1
38.0,54,116.65,2060.0699999999997,1,2022,3,0,0,0,0,1,0
41.0,48,29.68,1424.64,0,2022,8,0,0,0,1,0,0
40.0,46,47.1,2166.6,0,2022,10,0,0,0,0,0,1
8.0,41,57.41,2353.81,0,2023,3,0,1,0,1,0,0
44.0,41,31.56,1293.96,0,2023,3,0,0,0,0,0,0
36.0,61,49.92,3045.12,0,2021,7,0,1,0,0,0,1
35.0,11,89.23,981.53,1,2025,9,1,1,0,0,0,1
45.0,44,67.72,2979.68,0,2022,12,1,0,0,0,0,0
31.0,32,62.11,1987.52,0,2023,12,1,1,0,0,0,1
37.0,49,63.19,3096.31,0,2022,7,0,0,0,0,0,0
35.0,6,95.97,575.8199999999999,1,2026,3,1,0,1,0,1,0
51.0,57,119.13,6790.41,1,2021,11,0,1,0,0,0,0
17.0,6,78.86,2060.0699999999997,0,2026,3,1,1,0,0,1,0
32.0,47,95.16,4472.52,0,2022,9,1,0,0,0,0,1
53.0,63,57.26,3607.38,0,2021,5,0,0,1,0,0,0
30.0,49,106.06,5196.9400000000005,1,2022,7,1,1,0,0,0,1
41.0,22,62.03,1364.66,1,2024,10,1,0,0,0,1,0
60.0,67,113.51,7605.17,0,2021,1,1,1,0,1,0,0
42.0,19,94.35,1792.65,0,2025,1,1,0,0,1,0,0
66.0,55,90.74,4990.7,0,2022,1,1,0,1,1,0,0
57.0,34,49.01,1666.34,0,2023,10,0,1,0,1,0,0
32.0,41,99.61,2060.0699999999997,1,2023,3,0,0,0,1,0,0
25.0,7,30.53,213.71,0,2026,1,1,1,0,0,1,0
33.0,57,73.8,4206.599999999999,0,2021,11,1,1,0,1,0,0
45.0,16,93.54,1496.64,0,2025,4,1,1,0,1,0,0
44.0,59,108.36,6393.24,1,2021,9,1,0,0,0,0,1
40.0,38,76.97,2924.86,0,2023,7,1,1,0,0,0,0
29.0,9,45.83,412.47,1,2025,11,1,1,0,0,0,0
40.0,34,104.89,3566.26,0,2023,10,1,1,0,0,0,0
47.0,46,96.8,4452.8,0,2022,10,0,1,0,0,0,0
64.0,37,35.36,1308.32,0,2023,7,0,0,0,0,0,1
27.0,43,107.24,4611.32,0,2023,1,0,0,0,0,0,0
39.0,47,115.99,5451.53,0,2022,9,1,1,0,0,0,1
36.0,6,73.77,442.62,1,2026,3,1,0,1,0,1,0
42.0,38,23.84,905.92,0,2023,7,1,0,0,1,0,0
26.0,61,111.56,6805.16,0,2021,7,0,1,0,0,0,1
41.0,4,32.28,129.12,0,2026,5,0,1,0,0,0,1
55.0,5,83.31,416.55,0,2026,3,1,0,0,1,0,0
21.0,70,60.09,4206.3,0,2020,10,0,1,0,1,0,0
52.0,60,119.2,7152.0,0,2021,8,1,1,0,0,0,1
26.0,56,111.72,6256.32,0,2021,12,0,0,0,0,1,0
43.0,59,98.45,5808.55,0,2021,9,0,1,0,1,0,0
46.0,7,39.93,2060.0699999999997,0,2026,1,1,0,0,0,0,0
40.0,68,89.92,6114.56,0,2020,12,1,1,0,0,0,1
36.0,31,77.21,2060.0699999999997,0,2024,1,0,0,0,0,0,1
48.0,48,33.53,1609.44,0,2022,8,0,1,0,1,0,0
25.0,42,99.47,4177.74,0,2023,3,1,1,0,1,0,0
51.0,30,28.65,859.5,0,2024,2,0,1,0,0,0,0
34.0,51,68.16,3476.16,0,2022,5,1,0,0,0,0,0
40.0,35,62.66,2193.1,0,2023,9,1,0,0,0,0,0
36.0,62,100.62,6238.4400000000005,0,2021,6,0,0,0,0,0,0
58.0,51,62.76,3200.76,0,2022,5,0,0,0,0,0,1
45.0,50,89.43,4471.5,0,2022,7,1,1,0,1,0,0
48.0,30,67.83,2034.9,0,2024,2,0,0,0,0,1,0
49.0,19,78.2,1485.8,0,2025,1,1,0,1,1,0,0
37.0,50,44.1,2205.0,0,2022,7,0,1,0,1,0,0
40.0,54,40.25,2173.5,0,2022,3,1,0,0,0,0,0
42.0,4,90.99,363.96,1,2026,5,0,1,0,0,0,1
48.0,12,32.23,386.76,0,2025,8,1,1,0,0,0,1
35.0,15,37.6,564.0,0,2025,5,1,0,1,0,0,0
32.0,15,114.09,1711.35,1,2025,5,0,0,0,0,0,1
54.0,10,45.33,453.3,1,2025,10,0,1,0,1,0,0
49.0,61,52.33,3192.13,0,2021,7,0,0,0,1,0,0
30.0,19,83.32,2060.0699999999997,0,2025,1,0,0,0,1,0,0
40.0,53,64.04,3394.1200000000003,1,2022,3,1,1,0,0,0,1
33.0,57,75.9,4326.3,0,2021,11,0,0,0,0,0,1
41.0,9,34.46,310.14,0,2025,11,1,1,0,0,0,1
54.0,29,87.24,2529.96,1,2024,3,0,0,0,0,0,0
54.0,7,35.66,2060.0699999999997,0,2026,1,0,0,1,0,1,0
32.0,17,94.77,1611.09,1,2025,3,0,1,0,0,0,0
46.0,16,72.36,1157.76,0,2025,4,0,0,0,0,0,1
36.0,71,101.62,7215.02,0,2020,9,0,0,0,0,0,0
45.0,38,37.27,2060.0699999999997,0,2023,7,0,1,0,1,0,0
40.0,47,57.75,2714.25,0,2022,9,1,0,0,0,0,1
35.0,10,104.68,1046.8000000000002,0,2025,10,1,1,0,0,0,1
28.0,24,99.87,2396.88,1,2024,8,0,0,0,0,0,1
54.0,50,116.58,2060.0699999999997,0,2022,7,0,0,0,0,0,0
31.0,68,42.2,2869.6000000000004,0,2020,12,0,0,1,1,0,0
58.0,43,73.9,3177.7000000000003,0,2023,1,0,0,1,0,0,1
36.0,37,21.79,806.23,0,2023,7,1,0,0,1,0,0
46.0,45,116.52,5243.4,1,2022,11,1,0,1,0,1,0
58.0,54,37.51,2025.54,0,2022,3,1,0,1,0,0,1
35.0,43,110.47,4750.21,0,2023,1,1,0,1,0,0,0
46.0,68,87.83,2060.0699999999997,0,2020,12,0,0,0,0,0,1
46.0,37,113.68,4206.16,1,2023,7,0,0,0,0,1,0
32.0,41,44.82,1837.62,0,2023,3,0,0,0,0,1,0
43.0,1,54.52,54.52,0,2026,7,0,1,0,0,0,0
49.0,16,36.44,583.04,0,2025,4,0,0,1,1,0,0
60.0,37,62.24,2302.88,1,2023,7,1,0,0,0,0,1
35.0,37,114.75,4245.75,0,2023,7,1,1,0,1,0,0
44.0,7,77.12,539.84,0,2026,1,0,1,0,1,0,0
38.0,40,61.61,2464.4,0,2023,5,0,0,1,0,0,0
42.0,51,52.49,2676.99,0,2022,5,0,0,0,0,0,1
33.0,64,78.48,5022.72,0,2021,4,1,0,0,0,1,0
38.0,22,92.32,2060.0699999999997,0,2024,10,1,0,0,0,0,0
58.0,43,60.68,2609.24,1,2023,1,1,1,0,1,0,0
42.0,62,43.09,2671.5800000000004,0,2021,6,1,1,0,0,1,0
41.0,54,78.5,4239.0,0,2022,3,1,0,1,1,0,0
30.0,27,56.56,1527.12,1,2024,5,1,0,0,0,0,1
53.0,29,119.43,3463.4700000000003,1,2024,3,1,0,0,1,0,0
50.0,16,64.1,1025.6,0,2025,4,0,0,1,0,1,0
42.0,11,63.45,697.95,0,2025,9,0,0,0,0,0,1
63.0,21,103.95,2182.9500000000003,1,2024,11,0,1,0,0,0,0
34.0,9,45.1,405.9,1,2025,11,1,0,0,1,0,0
27.0,27,26.6,718.2,0,2024,5,1,0,1,0,0,1
39.0,23,105.38,2423.74,1,2024,9,1,0,1,0,0,1
30.0,51,78.9,4023.9,0,2022,5,0,0,0,0,0,0
43.0,3,46.02,138.06,0,2026,5,1,1,0,0,0,0
41.0,16,54.28,868.48,0,2025,4,1,1,0,0,1,0
54.0,8,62.57,500.56,0,2025,12,1,0,0,0,0,1
35.0,42,88.04,3697.68,0,2023,3,1,0,1,0,0,1
44.0,35,66.82,2338.7,0,2023,9,0,1,0,0,1,0
42.0,71,59.58,4230.18,0,2020,9,0,0,1,1,0,0
50.0,48,98.05,4706.4,1,2022,8,1,0,0,0,0,1
26.0,54,27.18,2060.0699999999997,0,2022,3,1,0,1,0,0,1
29.0,36,85.25,3069.0,0,2023,8,1,1,0,1,0,0
33.0,6,64.89,389.34,0,2026,3,0,0,0,0,0,0
27.0,71,53.49,3797.79,0,2020,9,0,0,1,0,0,0
47.0,12,112.76,1353.12,1,2025,8,0,0,0,0,0,0
47.0,59,97.79,5769.610000000001,1,2021,9,1,0,0,0,1,0
40.0,65,41.93,2725.45,0,2021,3,1,0,0,1,0,0
38.0,50,85.23,4261.5,1,2022,7,1,0,0,0,0,0
34.0,43,102.23,4395.89,0,2023,1,0,0,0,0,1,0
29.0,43,118.93,2060.0699999999997,1,2023,1,0,1,0,1,0,0
56.0,49,89.84,4402.16,0,2022,7,0,0,0,0,0,0
37.0,55,89.07,4898.849999999999,0,2022,1,1,1,0,0,0,1
31.0,50,81.33,4066.5,0,2022,7,1,0,0,0,0,1
49.0,21,24.0,504.0,0,2024,11,1,0,0,0,0,0
36.0,13,78.51,1020.63,0,2025,7,1,0,1,0,0,0
27.0,42,100.5,4221.0,1,2023,3,0,1,0,0,0,1
30.0,15,59.54,893.1,0,2025,5,0,0,1,0,0,1
41.0,50,78.7,3935.0,0,2022,7,1,0,0,1,0,0
27.0,1,112.65,112.65,1,2026,7,0,1,0,0,0,0
39.0,51,37.2,1897.2,0,2022,5,0,0,0,1,0,0
30.0,34,48.05,1633.6999999999998,0,2023,10,0,1,0,0,0,0
29.0,42,31.03,1303.26,0,2023,3,0,0,0,0,0,1
40.0,62,70.02,4341.24,0,2021,6,0,0,0,0,0,0
42.0,32,103.96,3326.72,0,2023,12,1,1,0,0,0,1
44.0,61,63.52,3874.72,0,2021,7,1,0,1,0,0,1
51.0,54,26.98,1456.92,0,2022,3,0,0,0,0,0,0
31.0,58,46.35,2688.3,0,2021,10,0,0,0,0,0,1
57.0,24,108.97,2615.28,1,2024,8,1,1,0,0,1,0
40.0,27,75.75,2045.25,1,2024,5,0,1,0,1,0,0
35.0,21,111.41,2339.61,1,2024,11,1,0,0,0,0,0
19.0,18,103.44,1861.92,1,2025,3,0,1,0,0,0,0
19.0,55,61.43,3378.65,0,2022,1,0,0,0,0,0,0
34.0,68,83.35,5667.799999999999,0,2020,12,1,0,1,1,0,0
32.0,47,86.44,4062.68,0,2022,9,0,1,0,0,1,0
40.0,54,94.68,5112.72,0,2022,3,1,0,0,1,0,0
46.0,18,53.3,959.4,0,2025,3,0,0,0,0,0,0
25.0,64,48.9,3129.6,0,2021,4,1,0,0,1,0,0
38.0,49,88.46,4334.54,0,2022,7,1,0,1,0,0,1
40.0,35,101.88,3565.8,0,2023,9,1,0,0,1,0,0
40.0,39,61.42,2395.38,0,2023,5,1,0,0,0,0,1
23.0,58,52.11,3022.38,0,2021,10,0,1,0,1,0,0
31.0,57,102.55,5845.349999999999,0,2021,11,0,1,0,0,0,1
40.0,6,88.7,532.2,0,2026,3,1,0,0,0,0,0
31.0,20,54.36,1087.2,0,2024,12,1,0,0,1,0,0
54.0,50,72.97,3648.5,0,2022,7,0,0,1,1,0,0
28.0,9,116.09,1044.81,1,2025,11,0,0,0,0,0,1
40.0,14,94.99,1329.86,1,2025,6,1,0,1,0,1,0
55.0,23,42.17,969.91,0,2024,9,1,1,0,0,1,0
26.0,48,49.5,2376.0,0,2022,8,0,0,0,0,0,1
50.0,56,46.52,2605.1200000000003,0,2021,12,1,1,0,0,1,0
35.0,40,104.83,4193.2,1,2023,5,0,0,0,0,1,0
33.0,69,84.14,5805.66,0,2020,11,0,1,0,0,0,0
34.0,39,114.0,4446.0,1,2023,5,0,0,0,0,0,0
27.0,43,29.09,1250.87,0,2023,1,1,1,0,0,0,0
51.0,31,25.2,781.1999999999999,0,2024,1,1,0,1,1,0,0
42.0,70,87.62,6133.400000000001,0,2020,10,0,0,0,1,0,0
51.0,3,46.66,139.98,0,2026,5,0,1,0,0,1,0
54.0,4,87.92,351.68,0,2026,5,1,1,0,1,0,0
46.0,27,92.35,2493.45,1,2024,5,0,0,0,0,0,0
23.0,27,50.45,1362.15,1,2024,5,1,1,0,1,0,0
28.0,47,115.27,5417.69,0,2022,9,0,1,0,0,1,0
50.0,60,97.47,5848.2,0,2021,8,1,0,0,0,0,0
40.0,36,56.74,2042.64,0,2023,8,1,0,1,0,1,0
48.0,46,61.21,2815.66,0,2022,10,1,0,0,1,0,0
39.0,61,91.59,5586.99,0,2021,7,1,1,0,0,0,1
35.0,42,50.4,2116.8,0,2023,3,0,1,0,0,0,1
48.0,7,49.54,346.78,1,2026,1,1,1,0,0,0,0
19.0,30,82.49,2474.7,0,2024,2,1,0,0,0,1,0
36.0,50,33.48,1673.9999999999998,0,2022,7,0,1,0,0,0,1
41.0,47,119.33,2060.0699999999997,0,2022,9,0,1,0,0,0,1
43.0,40,48.72,1948.8,0,2023,5,0,0,0,0,0,0
24.0,5,58.27,291.35,1,2026,3,1,1,0,0,0,0
25.0,70,42.43,2970.1,0,2020,10,1,0,0,0,1,0
35.0,58,84.35,2060.0699999999997,0,2021,10,1,1,0,0,0,1
39.0,44,26.05,1146.2,0,2022,12,1,0,1,0,1,0
59.0,71,112.78,8007.38,0,2020,9,1,0,1,0,1,0
29.0,32,50.4,1612.8,0,2023,12,0,1,0,0,0,0
34.0,40,112.74,4509.599999999999,0,2023,5,0,1,0,0,1,0
59.0,57,45.35,2584.9500000000003,0,2021,11,0,1,0,1,0,0
53.0,11,71.38,785.18,1,2025,9,0,0,1,0,1,0
27.0,40,89.52,3580.8,0,2023,5,1,0,1,0,0,1
48.0,47,81.26,3819.22,0,2022,9,1,1,0,0,1,0
40.0,2,71.25,142.5,1,2026,7,1,0,1,1,0,0
42.0,52,98.85,5140.2,1,2022,5,1,1,0,1,0,0
26.0,49,67.05,3285.45,0,2022,7,1,0,0,0,0,1
33.0,59,53.32,3145.88,0,2021,9,1,0,1,0,0,1
32.0,38,91.86,3490.68,0,2023,7,0,0,0,0,1,0
46.0,16,113.73,1819.68,1,2025,4,1,1,0,1,0,0
35.0,27,80.14,2163.78,1,2024,5,1,1,0,1,0,0
37.0,28,47.97,1343.16,0,2024,4,1,0,1,0,1,0
33.0,66,96.28,6354.4800000000005,0,2021,2,0,0,1,0,0,1
21.0,45,96.19,2060.0699999999997,0,2022,11,0,1,0,1,0,0
71.0,33,46.69,1540.77,0,2023,11,1,0,0,0,1,0
45.0,60,58.46,3507.6,0,2021,8,0,0,1,0,0,1
58.0,50,34.09,1704.5000000000002,0,2022,7,0,0,0,0,1,0
27.0,46,27.97,1286.62,0,2022,10,1,1,0,0,0,1
58.0,35,100.74,3525.9,1,2023,9,1,1,0,0,0,1
35.0,41,57.26,2347.66,0,2023,3,1,0,1,1,0,0
46.0,58,48.13,2791.54,0,2021,10,0,1,0,0,0,0
52.0,55,45.61,2508.55,0,2022,1,1,1,0,1,0,0
58.0,5,27.48,137.4,0,2026,3,0,1,0,0,1,0
40.0,5,118.49,592.4499999999999,1,2026,3,0,1,0,0,0,1
28.0,22,56.7,1247.4,1,2024,10,0,0,0,1,0,0
40.0,34,36.42,1238.28,0,2023,10,0,0,0,0,0,1
47.0,65,106.41,6916.65,0,2021,3,1,1,0,1,0,0
34.0,59,92.31,2060.0699999999997,1,2021,9,1,0,0,0,0,1
35.0,17,86.26,1466.42,0,2025,3,1,1,0,0,1,0
21.0,51,49.72,2535.72,0,2022,5,1,1,0,0,1,0
28.0,49,61.55,3015.95,0,2022,7,1,0,0,1,0,0
45.0,9,104.11,936.99,1,2025,11,0,0,0,0,0,0
51.0,15,83.99,1259.85,0,2025,5,0,1,0,0,1,0
53.0,29,54.57,1582.53,0,2024,3,1,0,1,0,0,1
67.0,53,30.93,1639.29,0,2022,3,1,1,0,0,0,0
58.0,25,110.03,2750.75,0,2024,7,1,0,0,1,0,0
38.0,28,115.55,3235.4,0,2024,4,1,0,1,1,0,0
29.0,23,91.88,2113.24,0,2024,9,1,1,0,0,1,0
37.0,3,89.14,267.42,0,2026,5,1,0,1,0,0,0
33.0,33,73.77,2060.0699999999997,1,2023,11,0,0,0,1,0,0
42.0,71,117.15,8317.65,0,2020,9,0,0,0,1,0,0
51.0,69,89.42,6169.9800000000005,0,2020,11,0,0,0,0,0,1
46.0,17,27.67,470.39,0,2025,3,1,1,0,1,0,0
59.0,67,29.17,1954.39,0,2021,1,1,1,0,0,1,0
45.0,67,116.36,7796.12,0,2021,1,0,0,1,1,0,0
25.0,34,114.33,3887.22,1,2023,10,0,0,0,0,0,0
33.0,8,75.78,2060.0699999999997,1,2025,12,1,0,1,0,0,1
45.0,45,41.41,1863.45,0,2022,11,1,1,0,0,0,0
43.0,60,78.35,4701.0,0,2021,8,0,0,0,1,0,0
56.0,56,96.35,5395.599999999999,0,2021,12,0,0,1,1,0,0
40.0,70,20.83,1458.1,0,2020,10,1,0,1,0,0,0
38.0,22,102.28,2250.16,0,2024,10,1,0,0,0,0,1
21.0,33,66.48,2193.84,0,2023,11,1,0,0,0,1,0
30.0,50,66.32,3315.9999999999995,0,2022,7,0,1,0,0,0,1
44.0,71,63.43,4503.53,0,2020,9,0,1,0,0,0,1
43.0,46,89.18,4102.280000000001,0,2022,10,1,0,0,0,0,1
47.0,52,40.95,2129.4,0,2022,5,1,0,1,0,0,0
45.0,66,80.67,5324.22,0,2021,2,1,1,0,0,0,1
39.0,21,24.41,512.61,0,2024,11,0,0,1,0,1,0
28.0,24,101.13,2427.12,1,2024,8,0,1,0,1,0,0
40.0,48,101.54,2060.0699999999997,0,2022,8,0,0,0,0,0,0
39.0,13,51.19,665.47,1,2025,7,1,1,0,0,0,0
40.0,64,30.54,1954.56,0,2021,4,1,1,0,0,0,1
56.0,5,94.77,473.85,1,2026,3,1,0,0,1,0,0
34.0,18,67.02,1206.36,1,2025,3,0,0,0,1,0,0
33.0,37,112.5,4162.5,1,2023,7,0,1,0,1,0,0
24.0,54,55.35,2988.9,0,2022,3,0,1,0,0,0,0
38.0,32,104.15,3332.8,0,2023,12,0,0,0,0,0,1
34.0,28,22.53,630.84,0,2024,4,1,0,0,1,0,0
71.0,45,97.28,4377.6,0,2022,11,0,0,0,0,0,0
27.0,28,87.82,2458.96,0,2024,4,1,0,1,0,0,1
41.0,65,72.63,4720.95,0,2021,3,0,0,0,0,0,1
32.0,70,111.04,7772.8,0,2020,10,1,1,0,0,0,1
40.0,42,114.2,4796.400000000001,0,2023,3,1,0,0,1,0,0
36.0,33,112.97,3728.01,0,2023,11,0,0,0,0,0,1
50.0,16,79.78,1276.48,0,2025,4,1,0,0,0,0,0
45.0,13,71.94,935.22,0,2025,7,1,1,0,0,0,1
49.0,21,46.9,984.9,0,2024,11,0,1,0,0,0,0
31.0,59,36.21,2136.39,0,2021,9,1,1,0,0,0,1
40.0,47,75.71,3558.37,0,2022,9,0,0,1,0,0,1
34.0,39,34.85,1359.15,0,2023,5,0,1,0,0,0,1
23.0,43,37.21,1600.03,0,2023,1,0,0,0,1,0,0
38.0,27,55.67,1503.09,0,2024,5,1,0,0,0,1,0
41.0,37,38.67,1430.79,0,2023,7,0,0,0,0,1,0
25.0,3,70.17,210.51,0,2026,5,1,1,0,1,0,0
50.0,7,86.37,604.59,1,2026,1,0,0,1,0,0,1
30.0,58,89.79,5207.820000000001,0,2021,10,0,1,0,0,0,1
30.0,20,73.28,1465.6,1,2024,12,1,0,0,1,0,0
40.0,65,72.18,4691.700000000001,0,2021,3,0,0,1,0,0,0
50.0,14,67.48,944.72,1,2025,6,0,1,0,0,0,1
25.0,49,44.53,2181.9700000000003,0,2022,7,1,0,1,1,0,0
51.0,37,85.42,3160.54,0,2023,7,0,1,0,0,1,0
14.0,6,85.7,514.2,1,2026,3,1,0,1,0,0,0
44.0,6,45.58,273.48,0,2026,3,0,1,0,1,0,0
26.0,28,90.06,2521.6800000000003,0,2024,4,0,1,0,0,0,0
30.0,13,105.8,1375.4,1,2025,7,1,1,0,1,0,0
61.0,13,79.47,1033.11,0,2025,7,1,0,1,0,0,0
28.0,10,31.75,317.5,1,2025,10,0,1,0,0,0,0
39.0,39,52.73,2056.47,0,2023,5,0,0,0,1,0,0
27.0,23,29.28,673.44,1,2024,9,1,0,0,0,1,0
49.0,37,50.2,1857.4,0,2023,7,0,0,1,0,1,0
45.0,8,41.19,2060.0699999999997,0,2025,12,0,1,0,0,0,0
40.0,60,75.46,4527.599999999999,0,2021,8,0,0,0,0,0,0
54.0,5,62.35,2060.0699999999997,0,2026,3,0,1,0,0,1,0
36.0,27,92.27,2491.29,1,2024,5,0,0,1,1,0,0
53.0,19,56.3,1069.7,0,2025,1,1,0,1,0,0,1
58.0,43,35.47,2060.0699999999997,0,2023,1,0,0,0,0,0,0
43.0,43,43.6,1874.8,0,2023,1,0,0,0,0,0,1
27.0,35,74.58,2610.3,0,2023,9,0,0,0,0,0,0
26.0,55,64.99,3574.45,0,2022,1,1,1,0,0,1,0
45.0,61,24.26,1479.86,0,2021,7,1,0,1,1,0,0
27.0,47,40.99,1926.53,0,2022,9,0,0,0,0,0,0
24.0,56,49.67,2781.52,1,2021,12,0,0,1,0,0,1
51.0,18,92.54,1665.72,0,2025,3,0,1,0,0,1,0
40.0,65,93.04,6047.6,0,2021,3,1,0,0,0,0,0
69.0,53,89.8,4759.4,0,2022,3,1,0,1,1,0,0
32.0,11,101.85,2060.0699999999997,1,2025,9,1,1,0,0,0,0
34.0,1,107.39,107.39,0,2026,7,1,1,0,1,0,0
44.0,8,27.11,216.88,0,2025,12,0,1,0,1,0,0
42.0,19,69.31,1316.89,0,2025,1,0,0,0,0,1,0
39.0,55,34.9,1919.5,0,2022,1,1,1,0,0,0,0
39.0,16,55.41,886.56,0,2025,4,1,0,0,1,0,0
40.0,66,86.32,5697.12,0,2021,2,1,1,0,0,1,0
60.0,12,80.17,962.04,1,2025,8,1,0,1,0,0,0
50.0,62,32.86,2037.32,0,2021,6,0,0,0,0,0,1
25.0,58,95.71,5551.179999999999,0,2021,10,1,0,0,0,0,1
39.0,21,98.7,2072.7000000000003,1,2024,11,0,0,1,0,0,0
48.0,37,33.92,1255.04,0,2023,7,1,0,1,1,0,0
49.0,5,81.57,407.85,1,2026,3,0,1,0,0,1,0
55.0,70,114.52,8016.4,0,2020,10,0,0,1,0,1,0
32.0,32,29.39,940.48,0,2023,12,1,0,1,0,0,0
40.0,67,36.46,2442.82,0,2021,1,1,1,0,0,1,0
31.0,10,96.55,965.5,0,2025,10,1,0,0,0,0,0
56.0,69,53.69,3704.61,0,2020,11,0,0,0,0,0,0
48.0,62,115.56,7164.72,1,2021,6,0,1,0,1,0,0
34.0,37,82.44,3050.28,1,2023,7,0,1,0,0,0,1
43.0,47,68.32,3211.0399999999995,0,2022,9,1,0,0,0,1,0
41.0,49,53.77,2634.73,0,2022,7,1,0,0,0,0,0
29.0,24,43.91,1053.84,0,2024,8,1,1,0,1,0,0
51.0,26,85.0,2210.0,0,2024,6,1,1,0,0,1,0
41.0,55,79.2,4356.0,0,2022,1,1,0,0,1,0,0
34.0,7,55.79,390.53,0,2026,1,1,1,0,0,0,1
29.0,41,111.78,4582.9800000000005,0,2023,3,1,1,0,1,0,0
50.0,2,96.18,192.36,1,2026,7,0,1,0,0,0,1
43.0,30,46.01,1380.3,0,2024,2,0,1,0,0,0,1
32.0,20,114.34,2286.8,0,2024,12,0,1,0,0,0,0
34.0,56,95.55,5350.8,0,2021,12,1,1,0,0,1,0
40.0,24,109.71,2633.04,0,2024,8,1,0,1,0,0,0
41.0,12,33.62,403.44,0,2025,8,1,0,1,0,1,0
42.0,15,23.3,349.5,0,2025,5,0,0,1,1,0,0
19.0,48,69.29,3325.92,0,2022,8,0,0,1,0,0,1
41.0,61,64.82,3954.02,0,2021,7,0,1,0,0,0,1
25.0,71,106.98,2060.0699999999997,0,2020,9,1,0,1,0,0,1
57.0,28,37.21,1041.88,1,2024,4,0,0,0,1,0,0
53.0,3,22.36,67.08,0,2026,5,1,0,0,1,0,0
54.0,16,72.92,1166.72,0,2025,4,0,0,1,0,0,0
10.0,36,37.76,1359.36,0,2023,8,1,1,0,0,0,0
36.0,4,24.95,2060.0699999999997,0,2026,5,1,0,0,0,1,0
39.0,9,22.22,199.98,0,2025,11,1,0,0,0,1,0
47.0,12,34.24,410.88,0,2025,8,1,0,0,0,0,1
51.0,44,57.59,2533.96,1,2022,12,1,0,0,1,0,0
55.0,66,108.4,7154.400000000001,0,2021,2,0,0,0,1,0,0
12.0,19,96.06,1825.14,1,2025,1,0,0,1,0,0,0
40.0,13,73.02,949.26,1,2025,7,0,0,0,0,0,0
41.0,55,63.03,3466.65,0,2022,1,0,1,0,0,1,0
50.0,65,65.58,4262.7,0,2021,3,0,0,0,0,1,0
50.0,70,108.46,7592.2,0,2020,10,1,1,0,0,0,0
46.0,3,92.46,277.38,0,2026,5,1,1,0,0,0,0
32.0,25,37.2,930.0,1,2024,7,0,0,0,1,0,0
34.0,52,113.97,5926.44,1,2022,5,1,0,1,0,1,0
32.0,16,97.29,1556.64,1,2025,4,0,0,1,0,0,0
28.0,43,23.42,1007.06,0,2023,1,1,1,0,0,0,0
28.0,56,70.23,3932.88,0,2021,12,0,1,0,0,0,1
27.0,68,85.28,5799.04,0,2020,12,0,0,0,0,0,0
44.0,8,26.1,208.8,0,2025,12,0,0,0,0,0,0
41.0,44,55.31,2433.6400000000003,0,2022,12,1,0,0,1,0,0
29.0,38,84.83,3223.54,1,2023,7,0,1,0,0,0,0
19.0,23,101.61,2337.03,0,2024,9,0,1,0,0,1,0
36.0,6,117.71,706.26,1,2026,3,0,0,0,0,0,1
58.0,43,32.16,1382.88,0,2023,1,1,0,0,1,0,0
40.0,44,83.24,3662.56,0,2022,12,0,1,0,0,1,0
50.0,23,109.28,2513.44,1,2024,9,1,0,0,0,0,1
42.0,16,91.69,2060.0699999999997,0,2025,4,0,1,0,0,0,1
39.0,9,83.24,749.16,1,2025,11,0,0,0,0,0,0
22.0,9,41.44,372.96,0,2025,11,1,1,0,0,0,1
35.0,58,101.53,5888.74,0,2021,10,1,1,0,0,0,1
40.0,65,76.25,4956.25,0,2021,3,0,1,0,0,0,0
58.0,59,31.14,1837.26,0,2021,9,1,0,0,1,0,0
42.0,23,113.56,2611.88,1,2024,9,0,1,0,0,0,0
55.0,69,118.84,8199.960000000001,0,2020,11,1,0,1,1,0,0
54.0,19,73.77,1401.63,0,2025,1,1,0,0,0,0,1
30.0,35,97.65,3417.75,1,2023,9,0,1,0,0,1,0
40.0,55,78.33,4308.15,0,2022,1,0,0,1,1,0,0
60.0,40,62.22,2488.8,1,2023,5,0,1,0,1,0,0
47.0,14,60.91,852.74,1,2025,6,1,0,0,1,0,0
46.0,13,116.43,1513.59,1,2025,7,1,0,0,1,0,0
51.0,53,56.88,3014.6400000000003,0,2022,3,1,0,0,0,0,1
46.0,39,69.05,2692.95,0,2023,5,1,0,0,0,1,0
47.0,65,44.85,2915.25,0,2021,3,0,0,0,1,0,0
44.0,56,45.33,2538.48,0,2021,12,1,0,0,0,1,0
36.0,40,55.62,2224.8,0,2023,5,0,0,1,0,0,1
27.0,46,112.48,5174.08,1,2022,10,0,0,0,1,0,0
18.0,7,59.65,417.55,1,2026,1,0,0,0,0,1,0
36.0,45,75.23,3385.3500000000004,0,2022,11,1,0,1,1,0,0
45.0,22,74.58,1640.76,1,2024,10,1,0,1,1,0,0
43.0,7,78.32,548.24,1,2026,1,1,1,0,0,0,1
48.0,52,102.0,5304.0,0,2022,5,1,1,0,1,0,0
38.0,68,110.12,7488.16,0,2020,12,0,1,0,0,1,0
40.0,70,40.87,2860.9,0,2020,10,1,1,0,0,1,0
64.0,67,106.04,7104.68,0,2021,1,0,0,0,0,0,1
22.0,3,74.77,224.31,0,2026,5,0,0,0,0,0,0
48.0,58,112.45,6522.1,0,2021,10,0,0,1,0,0,0
40.0,67,111.62,2060.0699999999997,0,2021,1,1,0,1,0,0,1
15.0,54,58.94,2060.0699999999997,0,2022,3,1,0,0,0,0,1
42.0,9,85.19,766.71,1,2025,11,1,0,1,0,0,0
40.0,54,107.14,5785.56,0,2022,3,1,0,0,0,0,0
40.0,51,58.47,2981.97,0,2022,5,1,1,0,0,1,0
45.0,16,24.38,390.08,0,2025,4,1,0,0,0,1,0
41.0,12,55.98,2060.0699999999997,1,2025,8,1,1,0,0,1,0
48.0,20,56.54,1130.8,0,2024,12,1,0,0,0,0,0
59.0,53,100.67,5335.51,0,2022,3,1,1,0,0,0,1
49.0,31,50.96,2060.0699999999997,0,2024,1,0,0,0,1,0,0
54.0,21,109.4,2297.4,1,2024,11,0,1,0,0,1,0
27.0,3,74.86,224.58,0,2026,5,0,1,0,1,0,0
64.0,21,78.62,1651.02,0,2024,11,0,0,0,0,0,1
44.0,28,100.7,2819.6,0,2024,4,1,1,0,0,0,0
35.0,5,33.46,167.3,0,2026,3,1,0,0,0,1,0
45.0,71,21.79,1547.09,0,2020,9,1,1,0,0,0,0
33.0,69,25.66,1770.54,0,2020,11,0,0,0,0,0,1
42.0,47,23.07,1084.29,0,2022,9,1,0,0,0,1,0
44.0,20,89.99,1799.8,1,2024,12,0,1,0,0,0,1
32.0,38,44.5,1691.0,0,2023,7,1,1,0,0,0,1
42.0,37,105.74,3912.38,1,2023,7,1,0,0,0,1,0
32.0,58,108.29,6280.820000000001,0,2021,10,1,1,0,1,0,0
32.0,17,55.61,945.37,0,2025,3,0,0,0,0,1,0
28.0,42,39.48,1658.16,0,2023,3,0,1,0,0,0,0
36.0,32,69.88,2236.16,0,2023,12,0,0,1,1,0,0
33.0,62,101.58,6297.96,0,2021,6,1,1,0,0,1,0
40.0,21,88.49,1858.29,1,2024,11,0,0,0,0,1,0
53.0,33,22.57,744.8100000000001,0,2023,11,1,0,0,0,1,0
48.0,67,20.72,1388.24,0,2021,1,0,0,0,0,1,0
52.0,6,31.38,188.28,0,2026,3,0,0,1,0,1,0
51.0,66,53.68,3542.88,0,2021,2,1,0,0,0,0,0
29.0,32,73.69,2358.08,1,2023,12,1,1,0,0,0,1
36.0,64,101.76,6512.64,0,2021,4,0,1,0,0,0,0
61.0,26,34.28,891.28,1,2024,6,1,1,0,0,0,1
33.0,62,35.25,2060.0699999999997,0,2021,6,0,0,1,0,1,0
40.0,5,106.36,531.8,1,2026,3,0,0,1,0,0,0
35.0,11,112.4,1236.4,1,2025,9,1,0,1,0,0,1
15.0,49,75.13,3681.37,0,2022,7,1,0,1,0,0,1
37.0,62,98.49,6106.38,0,2021,6,1,0,1,0,1,0
50.0,60,54.27,3256.2000000000003,0,2021,8,0,0,1,0,1,0
60.0,2,114.63,229.26,1,2026,7,1,1,0,1,0,0
22.0,59,110.49,6518.91,0,2021,9,1,1,0,1,0,0
50.0,25,104.96,2624.0,1,2024,7,1,1,0,0,0,1
51.0,68,21.3,1448.4,0,2020,12,0,1,0,1,0,0
56.0,42,72.33,3037.86,0,2023,3,0,0,1,0,0,0
8.0,71,22.67,1609.5700000000002,0,2020,9,1,1,0,0,0,1
60.0,55,87.74,2060.0699999999997,0,2022,1,1,0,1,0,0,0
45.0,38,38.34,1456.92,0,2023,7,0,1,0,1,0,0
46.0,43,83.95,3609.85,1,2023,1,1,0,0,0,0,0
52.0,70,29.8,2086.0,0,2020,10,1,1,0,0,0,1
16.0,53,95.66,5069.98,0,2022,3,1,0,0,0,0,0
52.0,21,92.64,1945.44,1,2024,11,0,1,0,0,0,1
68.0,20,20.46,409.2000000000001,0,2024,12,1,0,0,1,0,0
24.0,19,99.21,2060.0699999999997,0,2025,1,0,1,0,0,0,1
39.0,33,36.38,1200.5400000000002,0,2023,11,1,1,0,1,0,0
40.0,63,30.93,1948.59,0,2021,5,0,0,0,0,1,0
44.0,68,70.02,4761.36,0,2020,12,0,1,0,0,0,1
45.0,60,79.01,4740.6,0,2021,8,0,1,0,0,0,1
32.0,19,30.31,575.89,0,2025,1,1,1,0,0,0,1
40.0,28,50.47,1413.16,0,2024,4,1,0,1,0,1,0
61.0,22,60.78,1337.16,1,2024,10,0,1,0,0,1,0
45.0,51,114.36,5832.36,0,2022,5,0,1,0,1,0,0
44.0,63,45.13,2843.19,0,2021,5,0,0,0,0,0,0
31.0,62,46.05,2855.1,0,2021,6,1,0,0,0,0,0
56.0,29,85.94,2492.26,0,2024,3,0,0,0,0,1,0
37.0,32,92.72,2967.04,0,2023,12,0,0,0,1,0,0
15.0,25,21.08,527.0,0,2024,7,1,1,0,0,1,0
45.0,16,33.4,534.4,0,2025,4,0,1,0,0,1,0
48.0,15,55.77,836.5500000000001,1,2025,5,0,1,0,0,0,1
36.0,59,83.2,4908.8,0,2021,9,1,0,0,0,0,1
13.0,48,33.41,1603.6799999999998,0,2022,8,0,1,0,0,0,1
27.0,18,55.69,1002.42,0,2025,3,1,0,0,0,1,0
39.0,23,28.02,644.46,1,2024,9,0,0,1,1,0,0
35.0,55,77.11,4241.05,1,2022,1,1,1,0,0,0,0
45.0,42,62.64,2630.88,0,2023,3,0,0,1,0,0,0
47.0,3,98.81,296.43,0,2026,5,0,1,0,0,0,1
35.0,71,77.39,5494.69,0,2020,9,0,0,0,1,0,0
23.0,52,85.91,4467.32,0,2022,5,1,0,1,0,0,1
57.0,11,87.12,958.32,0,2025,9,1,1,0,1,0,0
40.0,55,78.96,4342.799999999999,0,2022,1,1,0,0,1,0,0
48.0,25,21.61,540.25,1,2024,7,1,0,0,1,0,0
45.0,41,103.21,4231.61,0,2023,3,1,1,0,0,1,0
40.0,37,111.67,4131.79,1,2023,7,1,0,0,1,0,0
35.0,55,73.42,4038.1,0,2022,1,0,0,0,0,1,0
50.0,9,31.22,280.98,1,2025,11,0,0,0,0,0,0
40.0,36,85.47,3076.92,0,2023,8,0,0,1,0,0,0
48.0,57,56.37,3213.09,0,2021,11,0,1,0,0,1,0
26.0,63,27.33,1721.79,0,2021,5,1,0,1,0,0,0
42.0,20,105.42,2108.4,1,2024,12,1,0,0,0,0,1
45.0,47,91.17,4284.99,0,2022,9,0,1,0,0,0,1
61.0,20,100.48,2009.6,1,2024,12,0,1,0,0,1,0
41.0,6,99.61,597.66,1,2026,3,0,1,0,0,1,0
53.0,29,55.77,1617.3300000000002,0,2024,3,0,1,0,0,1,0
22.0,49,68.22,3342.78,0,2022,7,0,0,0,0,0,1
