CustomerID,Gender,Age,SignUpDate,Contract,PaymentMethod,TenureMonths,MonthlyCharges,TotalCharges,Churn
CUST-1000,F,22.0,INVALID_DATE,Month-to-month,Mailed check,45,57.61,2592.45,0
CUST-1001,female,17.0,2021-01-02,month-to-month,Electronic check,47,61.66,2898.02,0
CUST-1002,M,48.0,01/03/2021,One year, ,68,48.98,,0
CUST-1003,female,71.0,2021-01-04,1 Year,Mailed check,30,109.13,3273.8999999999996,1
CUST-1004,female,,01/05/2021,One year,Bank transfer,60,54.46,3267.6,0
CUST-1005,Female,60.0,INVALID_DATE,Month-to-month,Bank transfer,24,37.42,898.08,0
CUST-1006,M,54.0,INVALID_DATE,1 Year,Bank transfer,31,70.06,2171.86,1
CUST-1007,M,,08-Jan-2021,Month-to-month,Mailed check,28,98.15,2748.2000000000003,0
CUST-1008,M,55.0,09-Jan-2021,Month-to-month,Mailed check,45,57.13,2570.85,1
CUST-1009,female,34.0,2021-01-10,Two year,Bank transfer,4,85.2,340.8,0
CUST-1010,F,34.0,2021-01-11,Month-to-month,Electronic check,61,50.42,3075.62,0
CUST-1011,M,37.0,01/12/2021,month-to-month,Electronic check,39,91.98,3587.2200000000003,0
CUST-1012,  Male  ,38.0,INVALID_DATE,Month-to-month,Electronic check,24,86.87,2084.88,0
CUST-1013,female,48.0,INVALID_DATE,1 Year,Credit card,71,88.08,6253.68,0
CUST-1014,Female,32.0,2021-01-15,month-to-month,Bank transfer,46,84.59,3891.1400000000003,0
CUST-1015,F,,INVALID_DATE,Month-to-month,Credit card,53,35.63,1888.39,0
CUST-1016,  Male  ,50.0,17-Jan-2021,month-to-month,Electronic check,48,108.8,,1
CUST-1017,  Male  ,44.0,2021-01-18,Month-to-month,Mailed check,9,78.58,707.22,1
CUST-1018,Female,63.0,19-Jan-2021,month-to-month,Electronic check,22,58.24,1281.28,0
CUST-1019,F,55.0,01/20/2021,One year,Credit card,2,37.23,74.46,0
CUST-1020,female,53.0,21-Jan-2021,Two year,Credit card,16,98.36,1573.76,1
CUST-1021,Male,41.0,2021-01-22,month-to-month,Electronic check,5,70.9,354.5,1
CUST-1022,F,44.0,23-Jan-2021,1 Year,Bank transfer,12,34.73,416.76,0
CUST-1023,Female,46.0,24-Jan-2021,Two year,Mailed check,52,112.14,5831.28,0
CUST-1024,  Male  ,40.0,2021-01-25,Two year,Mailed check,26,30.61,795.86,0
CUST-1025,female,35.0,01/26/2021,Month-to-month,Electronic check,15,72.42,1086.3,0
CUST-1026,F,11.0,27-Jan-2021,month-to-month,Bank transfer,67,81.06,,0
CUST-1027,Male,49.0,2021-01-28,Two year,Bank transfer,59,119.9,7074.1,0
CUST-1028,Male,52.0,29-Jan-2021,1 Year,Electronic check,39,34.09,1329.5100000000002,0
CUST-1029,M,26.0,30-Jan-2021,1 Year,Mailed check,63,81.36,5125.68,0
CUST-1030,M,47.0,INVALID_DATE,1 Year,Mailed check,25,67.67,1691.75,0
CUST-1031,Female,33.0,01-Feb-2021,Month-to-month,Mailed check,41,45.71,1874.1100000000001,0
CUST-1032,F,36.0,02/02/2021,One year,Bank transfer,28,114.22,3198.16,0
CUST-1033,F,,03-Feb-2021,month-to-month,Electronic check,21,99.08,2080.68,0
CUST-1034,  Male  ,28.0,2021-02-04,Two year,Bank transfer,61,97.71,5960.3099999999995,0
CUST-1035,  Male  ,,2021-02-05,month-to-month,Mailed check,57,109.92,6265.4400000000005,1
CUST-1036,  Male  ,62.0,INVALID_DATE,Two year,Bank transfer,11,92.5,1017.5,1
CUST-1037,M,38.0,INVALID_DATE,Month-to-month,Mailed check,19,70.67,1342.73,0
CUST-1038,F,55.0,08-Feb-2021,month-to-month, ,1,59.15,59.15,1
CUST-1039,F,21.0,INVALID_DATE,Month-to-month,Mailed check,32,90.41,2893.12,0
CUST-1040,Male,22.0,02/10/2021,Month-to-month,Credit card,34,80.28,2729.52,0
CUST-1041,M,29.0,INVALID_DATE,month-to-month,Credit card,17,74.29,1262.93,1
CUST-1042,female,34.0,2021-02-12,month-to-month,Electronic check,55,78.91,4340.05,0
CUST-1043,M,,INVALID_DATE,Two year,Bank transfer,19,85.53,1625.07,0
CUST-1044,female,44.0,02/14/2021,1 Year,Bank transfer,42,116.87,4908.54,0
CUST-1045,Male,45.0,02/15/2021,Month-to-month,Bank transfer,59,95.32,5623.879999999999,0
CUST-1046,Female,29.0,INVALID_DATE,One year, ,38,37.64,1430.32,0
CUST-1047,F,30.0,INVALID_DATE,Two year,Credit card,31,66.68,,0
CUST-1048,Male,32.0,INVALID_DATE,Two year,Electronic check,66,87.82,5796.12,0
CUST-1049,F,26.0,2021-02-19,1 Year,Bank transfer,69,37.57,2592.33,0
CUST-1050,  Male  ,5.0,2021-02-20,1 Year,Bank transfer,50,113.27,,0
CUST-1051,Female,39.0,02/21/2021,Month-to-month,Electronic check,30,27.7,,0
CUST-1052,Female,35.0,INVALID_DATE,Two year,Mailed check,35,81.1,2838.5,0
CUST-1053,Male,36.0,23-Feb-2021,Two year,Bank transfer,59,117.59,6937.81,0
CUST-1054,Female,28.0,02/24/2021,One year,Mailed check,17,92.79,1577.43,0
CUST-1055,female,50.0,2021-02-25,Month-to-month,Mailed check,66,87.73,5790.18,0
CUST-1056,Female,69.0,02/26/2021,Month-to-month,Mailed check,21,119.74,2514.54,1
CUST-1057,F,30.0,2021-02-27,1 Year,Bank transfer,52,99.18,5157.360000000001,1
CUST-1058,F,57.0,28-Feb-2021,Month-to-month,Bank transfer,65,117.03,7606.95,0
CUST-1059,F,44.0,INVALID_DATE,One year,Electronic check,14,89.89,1258.46,0
CUST-1060,F,40.0,INVALID_DATE,Month-to-month,Electronic check,16,86.55,1384.8,1
CUST-1061,female,36.0,INVALID_DATE,month-to-month,Mailed check,55,96.26,5294.3,0
CUST-1062,M,,04-Mar-2021,month-to-month,Bank transfer,9,38.88,349.92,0
CUST-1063,  Male  ,54.0,05-Mar-2021,One year,Mailed check,8,100.58,804.64,1
CUST-1064,Male,26.0,06-Mar-2021,1 Year,Electronic check,34,117.01,,0
CUST-1065,F,37.0,07-Mar-2021,Two year,Mailed check,33,81.16,2678.2799999999997,0
CUST-1066,Female,55.0,2021-03-08,Month-to-month,Credit card,7,21.24,148.67999999999998,0
CUST-1067,F,52.0,03/09/2021,1 Year,Mailed check,21,27.21,571.41,0
CUST-1068,Female,,10-Mar-2021,1 Year,Bank transfer,5,43.47,217.35,0
CUST-1069,  Male  ,38.0,2021-03-11,Month-to-month,Mailed check,71,69.11,4906.81,0
CUST-1070,  Male  ,49.0,03/12/2021,Two year,Mailed check,12,61.38,736.5600000000001,1
CUST-1071,  Male  ,48.0,03/13/2021,Month-to-month,Bank transfer,59,117.92,6957.28,0
CUST-1072,Female,52.0,14-Mar-2021,Two year,Credit card,58,114.56,6644.4800000000005,0
CUST-1073,F,45.0,15-Mar-2021,One year, ,37,59.27,2192.9900000000002,1
CUST-1074,  Male  ,47.0,03/16/2021,Two year,Electronic check,45,99.43,,0
CUST-1075,female,44.0,03/17/2021,1 Year,Credit card,25,83.64,2091.0,0
CUST-1076,Female,59.0,2021-03-18,One year,Credit card,27,44.31,1196.3700000000001,0
CUST-1077,Female,35.0,19-Mar-2021,month-to-month,Bank transfer,51,113.12,5769.12,0
CUST-1078,F,41.0,03/20/2021,One year,Mailed check,42,45.95,1929.9,0
CUST-1079,Female,28.0,03/21/2021,Two year,Electronic check,71,107.03,7599.13,0
CUST-1080,Female,25.0,INVALID_DATE,One year,Electronic check,42,83.76,3517.92,0
CUST-1081,  Male  ,44.0,23-Mar-2021,One year,Credit card,60,82.11,,0
CUST-1082,F,31.0,2021-03-24,month-to-month,Electronic check,58,103.84,6022.72,0
CUST-1083,  Male  ,39.0,2021-03-25,Two year,Credit card,22,69.43,1527.46,0
CUST-1084,  Male  ,,INVALID_DATE,1 Year,Credit card,58,105.34,6109.72,0
CUST-1085,F,,27-Mar-2021,One year,Electronic check,11,75.02,825.2199999999999,0
CUST-1086,Male,67.0,2021-03-28,Month-to-month,Credit card,6,118.46,710.76,1
CUST-1087,  Male  ,,INVALID_DATE,1 Year,Mailed check,22,85.99,,0
CUST-1088,female,69.0,2021-03-30,One year,Credit card,12,57.41,688.92,0
CUST-1089,female,45.0,2021-03-31,1 Year,Mailed check,27,96.34,,1
CUST-1090,Female,29.0,INVALID_DATE,Month-to-month,Mailed check,1,70.99,70.99,1
CUST-1091,female,28.0,04/02/2021,1 Year,Mailed check,64,100.6,,0
CUST-1092,Female,57.0,04/03/2021,1 Year,Electronic check,39,103.35,4030.6499999999996,1
CUST-1093,Male,41.0,2021-04-04,Month-to-month,Mailed check,60,81.69,4901.4,0
CUST-1094,F,42.0,05-Apr-2021,Month-to-month,Electronic check,70,107.22,7505.4,1
CUST-1095,F,33.0,06-Apr-2021,Month-to-month,Bank transfer,54,60.34,3258.36,0
CUST-1096,F,35.0,07-Apr-2021,month-to-month, ,25,25.74,643.5,0
CUST-1097,female,45.0,INVALID_DATE,Month-to-month,Credit card,20,86.26,1725.2,0
CUST-1098,Male,,2021-04-09,1 Year,Bank transfer,36,96.45,3472.2000000000003,0
CUST-1099,female,43.0,INVALID_DATE,Month-to-month,Bank transfer,23,27.28,627.44,0
CUST-1100,female,58.0,11-Apr-2021,One year,Mailed check,1,97.09,97.09,1
CUST-1101,Male,14.0,INVALID_DATE,Month-to-month,Electronic check,27,83.92,2265.84,1
CUST-1102,Male,22.0,04/13/2021,Month-to-month,Bank transfer,52,31.64,1645.28,0
CUST-1103,Male,48.0,14-Apr-2021,Two year,Mailed check,2,73.99,147.98,0
CUST-1104,Male,56.0,15-Apr-2021,1 Year,Bank transfer,21,30.87,648.27,0
CUST-1105,F,34.0,04/16/2021,1 Year,Bank transfer,9,52.16,469.43999999999994,1
CUST-1106,M,16.0,04/17/2021,One year,Mailed check,48,100.4,4819.200000000001,1
CUST-1107,M,57.0,2021-04-18,month-to-month,Credit card,39,30.08,1173.12,0
CUST-1108,Male,30.0,INVALID_DATE,Two year,Credit card,42,65.94,2769.48,0
CUST-1109,M,36.0,2021-04-20,One year,Credit card,71,80.57,5720.469999999999,0
CUST-1110,M,44.0,2021-04-21,One year,Bank transfer,45,114.05,5132.25,0
CUST-1111,Male,32.0,2021-04-22,1 Year,Electronic check,2,93.73,187.46,0
CUST-1112,M,29.0,2021-04-23,Two year,Electronic check,67,33.92,2272.6400000000003,0
CUST-1113,female,30.0,04/24/2021,1 Year,Bank transfer,43,116.89,5026.27,1
CUST-1114,Female,62.0,04/25/2021,month-to-month,Bank transfer,18,67.8,1220.3999999999999,0
CUST-1115,Female,54.0,INVALID_DATE,1 Year,Mailed check,39,56.97,2221.83,0
CUST-1116,Male,47.0,INVALID_DATE,Month-to-month,Electronic check,6,32.87,197.21999999999997,0
CUST-1117,F,14.0,INVALID_DATE,1 Year,Bank transfer,42,113.35,4760.7,0
CUST-1118,Male,47.0,04/29/2021,Month-to-month,Credit card,52,78.62,4088.2400000000002,0
CUST-1119,F,46.0,30-Apr-2021,One year,Electronic check,27,118.8,3207.6,1
CUST-1120,Female,,01-May-2021,month-to-month,Bank transfer,15,37.39,560.85,0
CUST-1121,Male,43.0,INVALID_DATE,Month-to-month,Mailed check,19,74.58,1417.02,0
CUST-1122,  Male  ,53.0,03-May-2021,month-to-month,Mailed check,62,30.99,1921.3799999999999,0
CUST-1123,female,47.0,2021-05-04,1 Year, ,64,72.43,4635.52,0
CUST-1124,M,32.0,INVALID_DATE,1 Year,Credit card,51,108.98,5557.9800000000005,0
CUST-1125,F,40.0,06-May-2021,One year,Electronic check,47,30.93,1453.71,0
CUST-1126,  Male  ,,2021-05-07,1 Year,Bank transfer,57,46.96,2676.7200000000003,0
CUST-1127,M,41.0,2021-05-08,Month-to-month, ,20,88.24,1764.8,0
CUST-1128,M,,2021-05-09,One year,Bank transfer,20,27.63,552.6,0
CUST-1129,Male,45.0,2021-05-10,month-to-month,Credit card,64,65.4,4185.6,0
CUST-1130,M,49.0,11-May-2021,One year,Credit card,38,53.31,2025.7800000000002,0
CUST-1131,female,50.0,05/12/2021,month-to-month,Bank transfer,38,103.81,3944.78,0
CUST-1132,  Male  ,27.0,2021-05-13,Two year,Electronic check,65,24.91,1619.15,0
CUST-1133,M,,INVALID_DATE,Month-to-month,Mailed check,5,106.34,531.7,1
CUST-1134,Male,,15-May-2021,Month-to-month,Credit card,64,90.36,5783.04,0
CUST-1135,female,53.0,2021-05-16,month-to-month,Credit card,27,49.72,1342.44,0
CUST-1136,Female,,INVALID_DATE,1 Year,Mailed check,20,39.78,795.6,0
CUST-1137,  Male  ,38.0,2021-05-18,1 Year,Electronic check,60,115.02,6901.2,0
CUST-1138,M,25.0,05/19/2021,Two year,Mailed check,40,75.39,3015.6,0
CUST-1139,Male,21.0,2021-05-20,month-to-month,Electronic check,6,54.48,326.88,1
CUST-1140,Female,44.0,05/21/2021,Two year,Credit card,36,24.45,,0
CUST-1141,Female,31.0,INVALID_DATE,month-to-month,Credit card,65,36.58,2377.7,0
CUST-1142,F,48.0,23-May-2021,Two year,Bank transfer,11,79.82,878.02,1
CUST-1143,female,20.0,2021-05-24,month-to-month,Electronic check,49,71.31,,0
CUST-1144,M,59.0,05/25/2021,Month-to-month,Mailed check,28,95.76,2681.28,1
CUST-1145,Male,48.0,INVALID_DATE,Two year,Electronic check,22,103.48,2276.56,0
CUST-1146,F,41.0,2021-05-27,Two year,Electronic check,47,59.72,2806.84,0
CUST-1147,female,60.0,2021-05-28,month-to-month,Electronic check,66,30.09,1985.94,0
CUST-1148,F,51.0,2021-05-29,One year,Electronic check,25,99.15,2478.75,1
CUST-1149,  Male  ,,05/30/2021,One year,Mailed check,67,75.37,5049.79,0
CUST-1150,female,41.0,31-May-2021,Month-to-month,Bank transfer,32,117.98,3775.36,1
CUST-1151,female,16.0,INVALID_DATE,1 Year,Credit card,17,99.63,1693.71,0
CUST-1152,M,53.0,06/02/2021,1 Year,Mailed check,40,52.91,2116.3999999999996,0
CUST-1153,female,36.0,03-Jun-2021,Month-to-month,Mailed check,30,62.85,1885.5,0
CUST-1154,F,16.0,INVALID_DATE,1 Year, ,59,43.56,2570.04,0
CUST-1155,female,26.0,06/05/2021,month-to-month,Bank transfer,28,71.2,1993.6000000000001,0
CUST-1156,M,,06/06/2021,One year,Mailed check,47,91.07,4280.29,1
CUST-1157,M,59.0,07-Jun-2021,Month-to-month,Credit card,23,81.25,1868.75,0
CUST-1158,  Male  ,40.0,INVALID_DATE,month-to-month,Bank transfer,57,54.21,3089.9700000000003,0
CUST-1159,F,,09-Jun-2021,Month-to-month,Bank transfer,1,102.33,102.33,1
CUST-1160,Female,23.0,10-Jun-2021,One year,Electronic check,29,30.51,884.7900000000001,0
CUST-1161,Female,57.0,06/11/2021,1 Year,Mailed check,50,34.26,1713.0,0
CUST-1162,female,45.0,12-Jun-2021,month-to-month,Bank transfer,64,60.42,3866.88,0
CUST-1163,  Male  ,36.0,2021-06-13,One year,Mailed check,37,90.22,3338.14,0
CUST-1164,Male,33.0,2021-06-14,Month-to-month,Credit card,61,89.42,5454.62,0
CUST-1165,female,48.0,2021-06-15,Two year,Mailed check,7,56.65,396.55,0
CUST-1166,  Male  ,48.0,2021-06-16,month-to-month,Bank transfer,64,89.66,5738.24,1
CUST-1167,F,29.0,INVALID_DATE,Month-to-month,Credit card,18,26.06,469.08,0
CUST-1168,F,26.0,18-Jun-2021,Month-to-month,Credit card,29,49.0,1421.0,0
CUST-1169,F,27.0,19-Jun-2021,One year,Electronic check,60,89.38,,1
CUST-1170,F,34.0,2021-06-20,Month-to-month,Credit card,54,38.4,2073.6,0
CUST-1171,F,,INVALID_DATE,month-to-month,Bank transfer,21,41.27,866.6700000000001,0
CUST-1172,  Male  ,59.0,22-Jun-2021,month-to-month,Electronic check,21,28.69,602.49,0
CUST-1173,  Male  ,34.0,2021-06-23,Month-to-month,Bank transfer,58,56.45,3274.1000000000004,0
CUST-1174,M,,06/24/2021,One year,Bank transfer,49,102.49,5022.009999999999,0
CUST-1175,Female,26.0,25-Jun-2021,month-to-month,Electronic check,36,103.64,3731.04,0
CUST-1176,F,38.0,06/26/2021,Two year,Electronic check,17,106.24,1806.08,1
CUST-1177,Male,18.0,27-Jun-2021,1 Year,Mailed check,53,23.67,1254.51,0
CUST-1178,  Male  ,39.0,28-Jun-2021,One year,Bank transfer,15,119.35,1790.25,1
CUST-1179,Male,24.0,29-Jun-2021,One year,Mailed check,40,70.26,2810.4,1
CUST-1180,Male,54.0,06/30/2021,1 Year,Credit card,51,107.27,5470.7699999999995,0
CUST-1181,Male,41.0,INVALID_DATE,1 Year,Credit card,65,110.51,,0
CUST-1182,M,65.0,07/02/2021,month-to-month,Mailed check,13,71.45,928.85,1
CUST-1183,  Male  ,37.0,2021-07-03,Month-to-month,Electronic check,38,25.11,954.18,0
CUST-1184,Male,2.0,INVALID_DATE,Month-to-month,Credit card,26,79.75,2073.5,0
CUST-1185,F,57.0,07/05/2021,Two year,Electronic check,15,53.41,801.15,0
CUST-1186,female,46.0,07/06/2021,Month-to-month,Mailed check,5,40.68,,0
CUST-1187,Male,48.0,2021-07-07,Two year,Electronic check,2,38.25,76.5,0
CUST-1188,M,28.0,07/08/2021,Two year,Bank transfer,65,75.93,4935.450000000001,0
CUST-1189,  Male  ,39.0,INVALID_DATE,One year,Credit card,60,30.45,1827.0,0
CUST-1190,M,42.0,07/10/2021,One year,Electronic check,56,102.16,5720.96,0
CUST-1191,Male,37.0,INVALID_DATE,month-to-month,Electronic check,38,42.73,1623.7399999999998,0
CUST-1192,  Male  ,19.0,2021-07-12,1 Year,Bank transfer,57,74.93,4271.01,0
CUST-1193,female,73.0,INVALID_DATE,1 Year,Electronic check,51,32.55,1660.05,0
CUST-1194,Male,50.0,07/14/2021,Two year,Mailed check,41,105.96,4344.36,1
CUST-1195,M,45.0,2021-07-15,1 Year,Mailed check,70,89.21,6244.7,0
CUST-1196,Female,56.0,INVALID_DATE,Two year,Mailed check,52,40.65,2113.7999999999997,0
CUST-1197,F,,INVALID_DATE,1 Year,Credit card,1,91.57,91.57,1
CUST-1198,M,32.0,18-Jul-2021,month-to-month, ,18,28.29,509.21999999999997,0
CUST-1199,  Male  ,55.0,19-Jul-2021,One year,Credit card,27,97.22,2624.94,0
CUST-1200,Male,50.0,07/20/2021,One year,Credit card,42,69.03,2899.26,0
CUST-1201,F,32.0,21-Jul-2021,Two year, ,6,32.02,192.12,0
CUST-1202,Male,,07/22/2021,1 Year,Electronic check,24,75.05,1801.1999999999998,0
CUST-1203,  Male  ,37.0,2021-07-23,Month-to-month,Mailed check,45,40.09,1804.0500000000002,1
CUST-1204,Male,43.0,INVALID_DATE,month-to-month, ,71,87.28,6196.88,0
CUST-1205,Female,47.0,2021-07-25,1 Year,Credit card,7,90.86,636.02,0
CUST-1206,F,56.0,2021-07-26,Month-to-month,Electronic check,16,96.08,,1
CUST-1207,F,32.0,27-Jul-2021,month-to-month,Credit card,58,109.49,6350.42,0
CUST-1208,  Male  ,,INVALID_DATE,month-to-month,Bank transfer,57,85.49,4872.929999999999,0
CUST-1209,Female,64.0,2021-07-29,One year,Electronic check,42,69.18,2905.5600000000004,0
CUST-1210,M,,INVALID_DATE,Two year,Mailed check,14,105.42,1475.88,1
CUST-1211,Male,42.0,INVALID_DATE,1 Year,Bank transfer,56,109.98,6158.88,0
CUST-1212,female,64.0,2021-08-01,month-to-month,Bank transfer,12,98.18,1178.16,1
CUST-1213,Male,48.0,INVALID_DATE,1 Year,Mailed check,15,114.24,1713.6,0
CUST-1214,Male,22.0,08/03/2021,month-to-month,Bank transfer,8,117.94,943.52,0
CUST-1215,M,30.0,INVALID_DATE,One year,Bank transfer,58,45.13,2617.54,0
CUST-1216,Male,48.0,08/05/2021,Two year,Bank transfer,53,38.37,2033.61,0
CUST-1217,Female,45.0,08/06/2021,Month-to-month,Credit card,9,64.86,583.74,0
CUST-1218,Female,42.0,08/07/2021,Month-to-month,Bank transfer,46,119.69,5505.74,1
CUST-1219,F,66.0,2021-08-08,One year,Bank transfer,7,28.85,201.95000000000002,0
CUST-1220,  Male  ,33.0,08/09/2021,month-to-month,Electronic check,44,91.2,4012.8,0
CUST-1221,female,39.0,INVALID_DATE,One year,Mailed check,14,105.08,1471.12,0
CUST-1222,Male,16.0,11-Aug-2021,Two year,Credit card,6,119.64,717.84,1
CUST-1223,Male,54.0,12-Aug-2021,Month-to-month,Credit card,35,81.97,2868.95,0
CUST-1224,M,30.0,13-Aug-2021,1 Year,Mailed check,70,58.01,,0
CUST-1225,  Male  ,,08/14/2021,Month-to-month,Credit card,61,36.65,2235.65,0
CUST-1226,Female,,2021-08-15,Two year, ,24,118.18,2836.32,1
CUST-1227,female,68.0,08/16/2021,month-to-month,Credit card,2,112.42,224.84,1
CUST-1228,F,48.0,17-Aug-2021,One year,Electronic check,51,100.45,5122.95,0
CUST-1229,Female,36.0,INVALID_DATE,Month-to-month, ,31,114.38,3545.7799999999997,0
CUST-1230,  Male  ,45.0,08/19/2021,Month-to-month,Credit card,27,26.09,704.43,0
CUST-1231,F,31.0,20-Aug-2021,1 Year,Mailed check,31,83.15,,1
CUST-1232,M,44.0,INVALID_DATE,One year,Mailed check,70,47.48,3323.6,0
CUST-1233,M,38.0,2021-08-22,1 Year,Electronic check,43,96.56,4152.08,0
CUST-1234,Male,39.0,INVALID_DATE,1 Year,Electronic check,52,29.57,,0
CUST-1235,  Male  ,29.0,2021-08-24,month-to-month,Bank transfer,14,45.87,642.18,0
CUST-1236,female,44.0,INVALID_DATE,Month-to-month,Electronic check,59,105.03,6196.77,0
CUST-1237,F,50.0,2021-08-26,One year,Credit card,20,94.94,1898.8,0
CUST-1238,Female,20.0,2021-08-27,month-to-month,Electronic check,52,119.2,6198.400000000001,1
CUST-1239,  Male  ,32.0,2021-08-28,month-to-month, ,40,84.4,3376.0,0
CUST-1240,  Male  ,42.0,08/29/2021,month-to-month,Bank transfer,68,50.31,3421.08,0
CUST-1241,M,12.0,INVALID_DATE,Two year,Mailed check,44,74.79,3290.76,0
CUST-1242,Male,61.0,2021-08-31,Two year,Mailed check,6,114.4,686.4000000000001,1
CUST-1243,Male,31.0,INVALID_DATE,month-to-month,Credit card,57,85.18,4855.26,0
CUST-1244,F,29.0,09/02/2021,Two year,Electronic check,58,108.15,6272.700000000001,0
CUST-1245,M,38.0,03-Sep-2021,One year,Bank transfer,30,22.29,668.6999999999999,0
CUST-1246,  Male  ,42.0,04-Sep-2021,Month-to-month,Bank transfer,52,56.96,2961.92,0
CUST-1247,female,31.0,2021-09-05,One year,Mailed check,11,113.53,1248.83,1
CUST-1248,M,,09/06/2021,Month-to-month,Mailed check,47,23.93,1124.71,0
CUST-1249,F,45.0,INVALID_DATE,Two year,Electronic check,5,71.91,359.54999999999995,0
CUST-1250,F,30.0,2021-09-08,One year,Bank transfer,3,54.65,163.95,1
CUST-1251,M,,09-Sep-2021,1 Year,Mailed check,15,84.62,1269.3000000000002,0
CUST-1252,F,,09/10/2021,month-to-month,Electronic check,2,36.22,72.44,0
CUST-1253,M,25.0,11-Sep-2021,Month-to-month,Electronic check,2,85.33,170.66,1
CUST-1254,Female,45.0,09/12/2021,Month-to-month,Electronic check,54,119.18,6435.72,1
CUST-1255,M,30.0,13-Sep-2021,1 Year, ,46,47.12,2167.52,0
CUST-1256,M,62.0,2021-09-14,1 Year,Mailed check,41,66.14,2711.7400000000002,0
CUST-1257,F,41.0,2021-09-15,month-to-month,Mailed check,69,22.97,1584.9299999999998,0
CUST-1258,F,24.0,2021-09-16,Two year,Credit card,30,63.4,1902.0,0
CUST-1259,Male,26.0,17-Sep-2021,One year,Credit card,44,60.6,2666.4,0
CUST-1260,Male,53.0,INVALID_DATE,One year,Credit card,10,76.47,764.7,1
CUST-1261,Female,39.0,19-Sep-2021,One year,Mailed check,30,45.68,1370.4,0
CUST-1262,Male,52.0,20-Sep-2021,Two year,Mailed check,49,52.87,2590.6299999999997,0
CUST-1263,M,36.0,INVALID_DATE,month-to-month,Credit card,35,80.99,2834.6499999999996,0
CUST-1264,F,,2021-09-22,One year,Bank transfer,65,110.85,,0
CUST-1265,Male,53.0,23-Sep-2021,Month-to-month,Bank transfer,17,43.52,739.84,0
CUST-1266,Male,30.0,24-Sep-2021,Month-to-month,Bank transfer,31,87.75,,1
CUST-1267,Female,46.0,2021-09-25,Month-to-month,Bank transfer,70,72.39,5067.3,0
CUST-1268,  Male  ,37.0,26-Sep-2021,1 Year,Credit card,52,30.46,1583.92,0
CUST-1269,Female,51.0,INVALID_DATE,1 Year,Electronic check,26,76.54,1990.0400000000002,0
CUST-1270,M,,09/28/2021,Two year, ,5,90.88,454.4,1
CUST-1271,F,35.0,29-Sep-2021,One year,Bank transfer,14,79.83,1117.62,0
CUST-1272,Female,,INVALID_DATE,1 Year,Mailed check,51,30.44,,0
CUST-1273,Male,48.0,2021-10-01,Month-to-month,Bank transfer,15,105.45,1581.75,1
CUST-1274,F,27.0,10/02/2021,1 Year,Bank transfer,12,24.1,289.20000000000005,0
CUST-1275,F,59.0,2021-10-03,Month-to-month,Electronic check,46,43.6,2005.6000000000001,0
CUST-1276,Male,57.0,2021-10-04,One year,Mailed check,64,81.57,5220.48,0
CUST-1277,Female,28.0,2021-10-05,Two year,Electronic check,59,41.8,2466.2,0
CUST-1278,Male,21.0,10/06/2021,month-to-month,Mailed check,26,30.18,784.68,0
CUST-1279,  Male  ,26.0,INVALID_DATE,month-to-month,Credit card,29,71.19,2064.5099999999998,0
CUST-1280,F,26.0,INVALID_DATE,Month-to-month,Electronic check,4,92.25,369.0,0
CUST-1281,female,50.0,INVALID_DATE,1 Year,Credit card,50,61.08,3054.0,0
CUST-1282,female,59.0,INVALID_DATE,1 Year,Credit card,25,89.85,2246.25,0
CUST-1283,M,49.0,10/11/2021,Month-to-month,Bank transfer,40,106.07,4242.799999999999,0
CUST-1284,Male,37.0,2021-10-12,One year,Mailed check,32,115.88,3708.16,0
CUST-1285,Male,44.0,13-Oct-2021,Month-to-month,Electronic check,37,43.33,1603.21,0
CUST-1286,M,30.0,10/14/2021,One year,Bank transfer,10,80.54,805.4000000000001,1
CUST-1287,M,53.0,2021-10-15,Two year,Electronic check,38,46.69,1774.2199999999998,0
CUST-1288,M,45.0,16-Oct-2021,Two year,Credit card,61,107.09,6532.49,0
CUST-1289,F,49.0,2021-10-17,Month-to-month, ,27,109.03,2943.81,0
CUST-1290,  Male  ,31.0,INVALID_DATE,Two year,Electronic check,7,52.22,365.53999999999996,0
CUST-1291,Male,38.0,10/19/2021,1 Year,Bank transfer,9,84.53,760.77,1
CUST-1292,F,49.0,10/20/2021,One year,Mailed check,59,108.77,,0
CUST-1293,M,57.0,21-Oct-2021,month-to-month,Electronic check,36,70.84,2550.2400000000002,0
CUST-1294,Male,33.0,10/22/2021,month-to-month,Credit card,30,92.05,,0
CUST-1295,F,49.0,2021-10-23,Two year,Credit card,19,100.09,1901.71,0
CUST-1296,  Male  ,31.0,2021-10-24,One year,Bank transfer,41,107.19,4394.79,0
CUST-1297,F,65.0,25-Oct-2021,1 Year,Credit card,55,71.52,,0
CUST-1298,  Male  ,35.0,26-Oct-2021,month-to-month,Electronic check,6,114.18,685.08,1
CUST-1299,M,48.0,27-Oct-2021,1 Year,Mailed check,22,82.9,1823.8000000000002,0
CUST-1300,  Male  ,42.0,28-Oct-2021,1 Year,Electronic check,70,35.17,2461.9,0
CUST-1301,Male,71.0,INVALID_DATE,month-to-month,Bank transfer,24,81.25,1950.0,0
CUST-1302,M,43.0,2021-10-30,month-to-month,Credit card,62,49.85,,0
CUST-1303,Male,34.0,2021-10-31,Two year,Electronic check,42,57.21,2402.82,0
CUST-1304,female,,2021-11-01,One year,Electronic check,22,100.89,2219.58,1
CUST-1305,Female,47.0,2021-11-02,Month-to-month,Credit card,16,117.33,1877.28,1
CUST-1306,  Male  ,38.0,INVALID_DATE,One year,Mailed check,13,106.99,1390.87,1
CUST-1307,Female,27.0,04-Nov-2021,Month-to-month, ,37,52.58,1945.46,0
CUST-1308,Female,,11/05/2021,month-to-month, ,52,65.37,3399.2400000000002,1
CUST-1309,  Male  ,51.0,2021-11-06,1 Year,Credit card,24,118.35,2840.3999999999996,0
CUST-1310,M,19.0,11/07/2021,One year,Electronic check,17,112.35,1909.9499999999998,1
CUST-1311,female,37.0,INVALID_DATE,1 Year,Bank transfer,16,117.69,1883.04,1
CUST-1312,Male,52.0,INVALID_DATE,One year,Electronic check,1,63.29,63.29,1
CUST-1313,F,39.0,10-Nov-2021,One year,Credit card,1,100.06,100.06,1
CUST-1314,Male,66.0,INVALID_DATE,1 Year,Credit card,30,107.12,3213.6000000000004,0
CUST-1315,F,19.0,12-Nov-2021,Two year,Electronic check,24,24.43,586.3199999999999,0
CUST-1316,Male,28.0,11/13/2021,month-to-month, ,46,46.61,2144.06,1
CUST-1317,  Male  ,12.0,INVALID_DATE,Two year,Electronic check,2,108.35,216.7,0
CUST-1318,female,64.0,15-Nov-2021,Two year,Electronic check,15,58.87,,0
CUST-1319,F,29.0,11/16/2021,One year,Mailed check,29,47.86,1387.94,0
CUST-1320,M,16.0,2021-11-17,month-to-month,Credit card,62,47.27,,0
CUST-1321,Male,33.0,18-Nov-2021,One year,Credit card,13,57.54,748.02,0
CUST-1322,Male,23.0,19-Nov-2021,Month-to-month,Mailed check,65,44.4,2886.0,0
CUST-1323,F,33.0,11/20/2021,One year,Mailed check,45,20.34,915.3,0
CUST-1324,M,40.0,11/21/2021,1 Year,Mailed check,47,37.26,1751.2199999999998,0
CUST-1325,M,50.0,11/22/2021,One year,Bank transfer,16,108.26,,1
CUST-1326,  Male  ,38.0,11/23/2021,Month-to-month,Credit card,3,27.56,82.67999999999999,0
CUST-1327,  Male  ,,11/24/2021,One year,Electronic check,70,61.3,4291.0,0
CUST-1328,  Male  ,33.0,25-Nov-2021,Month-to-month,Electronic check,5,65.65,328.25,0
CUST-1329,  Male  ,22.0,11/26/2021,month-to-month,Electronic check,26,97.82,2543.3199999999997,1
CUST-1330,  Male  ,18.0,2021-11-27,One year,Credit card,15,45.26,678.9,0
CUST-1331,  Male  ,,11/28/2021,Month-to-month,Bank transfer,55,50.96,2802.8,0
CUST-1332,female,41.0,INVALID_DATE,month-to-month,Credit card,22,21.43,471.46,0
CUST-1333,M,35.0,30-Nov-2021,1 Year,Credit card,37,110.28,,0
CUST-1334,  Male  ,18.0,2021-12-01,Two year,Credit card,29,88.56,2568.2400000000002,1
CUST-1335,M,42.0,02-Dec-2021,Month-to-month,Credit card,26,46.28,1203.28,0
CUST-1336,M,60.0,INVALID_DATE,1 Year,Credit card,70,108.75,7612.5,0
CUST-1337,Female,39.0,12/04/2021,month-to-month,Bank transfer,11,28.66,315.26,0
CUST-1338,female,33.0,05-Dec-2021,1 Year,Mailed check,20,56.84,1136.8000000000002,1
CUST-1339,  Male  ,39.0,06-Dec-2021,One year,Electronic check,70,76.36,5345.2,0
CUST-1340,Male,27.0,12/07/2021,Two year,Credit card,33,70.55,2328.15,0
CUST-1341,F,26.0,08-Dec-2021,Month-to-month,Credit card,30,85.49,,0
CUST-1342,Male,45.0,09-Dec-2021,month-to-month,Credit card,50,49.76,,0
CUST-1343,female,,10-Dec-2021,Two year,Electronic check,34,95.78,3256.52,0
CUST-1344,F,38.0,INVALID_DATE,month-to-month,Bank transfer,5,60.54,302.7,1
CUST-1345,female,16.0,INVALID_DATE,1 Year,Electronic check,12,32.53,390.36,0
CUST-1346,M,44.0,INVALID_DATE,month-to-month,Bank transfer,52,94.04,4890.08,1
CUST-1347,F,65.0,2021-12-14,month-to-month,Mailed check,51,111.19,5670.69,0
CUST-1348,M,,15-Dec-2021,1 Year,Credit card,21,56.44,1185.24,0
CUST-1349,Male,38.0,12/16/2021,1 Year,Bank transfer,71,78.97,5606.87,0
CUST-1350,Male,30.0,12/17/2021,Two year,Electronic check,58,88.78,5149.24,1
CUST-1351,F,46.0,18-Dec-2021,Month-to-month,Bank transfer,64,103.15,6601.6,0
CUST-1352,F,32.0,12/19/2021,1 Year,Bank transfer,6,39.8,,0
CUST-1353,  Male  ,52.0,2021-12-20,Two year,Mailed check,49,77.0,3773.0,0
CUST-1354,female,32.0,12/21/2021,month-to-month,Credit card,37,94.04,3479.48,0
CUST-1355,  Male  ,44.0,INVALID_DATE,month-to-month,Credit card,10,39.91,399.09999999999997,1
CUST-1356,female,39.0,INVALID_DATE,One year,Electronic check,66,67.25,4438.5,0
CUST-1357,  Male  ,59.0,INVALID_DATE,1 Year,Electronic check,56,66.44,3720.64,0
CUST-1358,M,45.0,INVALID_DATE,Two year,Mailed check,71,103.93,7379.030000000001,0
CUST-1359,F,57.0,12/26/2021,Two year,Bank transfer,66,97.73,6450.18,1
CUST-1360,Male,41.0,27-Dec-2021,Month-to-month,Bank transfer,45,43.19,1943.55,0
CUST-1361,female,38.0,2021-12-28,Two year,Electronic check,68,43.3,2944.3999999999996,0
CUST-1362,female,,2021-12-29,1 Year,Credit card,64,92.34,5909.76,1
CUST-1363,Male,31.0,12/30/2021,Two year, ,16,93.96,1503.36,0
CUST-1364,  Male  ,46.0,12/31/2021,One year,Mailed check,10,37.89,378.9,1
CUST-1365,female,32.0,INVALID_DATE,month-to-month,Electronic check,21,61.12,1283.52,1
CUST-1366,M,41.0,02-Jan-2022,month-to-month,Bank transfer,12,102.58,1230.96,1
CUST-1367,F,50.0,INVALID_DATE,Two year,Credit card,13,27.94,363.22,0
CUST-1368,Male,,04-Jan-2022,Two year,Credit card,10,57.39,573.9,0
CUST-1369,F,42.0,INVALID_DATE,Two year,Mailed check,13,84.45,1097.8500000000001,0
CUST-1370,female,50.0,2022-01-06,Two year,Mailed check,34,97.11,3301.74,0
CUST-1371,female,49.0,07-Jan-2022,One year,Electronic check,59,85.27,5030.929999999999,0
CUST-1372,Male,35.0,2022-01-08,1 Year,Electronic check,49,59.75,2927.75,0
CUST-1373,M,65.0,INVALID_DATE,One year,Credit card,6,119.2,715.2,1
CUST-1374,Female,33.0,2022-01-10,One year,Credit card,12,24.15,289.79999999999995,0
CUST-1375,Male,41.0,01/11/2022,One year,Bank transfer,29,69.48,2014.92,0
CUST-1376,Female,,2022-01-12,month-to-month,Bank transfer,26,71.01,1846.2600000000002,1
CUST-1377,  Male  ,57.0,2022-01-13,One year,Bank transfer,68,43.98,2990.64,0
CUST-1378,Female,40.0,INVALID_DATE,Two year, ,16,75.87,1213.92,0
CUST-1379,M,52.0,2022-01-15,One year,Mailed check,53,42.01,2226.5299999999997,0
CUST-1380,  Male  ,37.0,2022-01-16,Two year,Bank transfer,19,64.34,1222.46,0
CUST-1381,Female,34.0,01/17/2022,1 Year,Credit card,47,63.16,,0
CUST-1382,  Male  ,25.0,18-Jan-2022,month-to-month,Electronic check,32,97.31,3113.92,0
CUST-1383,Female,49.0,19-Jan-2022,1 Year,Mailed check,70,114.26,7998.200000000001,0
CUST-1384,M,50.0,2022-01-20,1 Year,Mailed check,70,40.28,2819.6,0
CUST-1385,Female,33.0,21-Jan-2022,month-to-month,Bank transfer,61,119.15,7268.150000000001,0
CUST-1386,Female,,22-Jan-2022,Two year,Electronic check,5,114.03,570.15,1
CUST-1387,Female,72.0,2022-01-23,Two year,Mailed check,59,31.27,1844.93,0
CUST-1388,Male,54.0,INVALID_DATE,Two year,Electronic check,2,111.24,222.48,0
CUST-1389,Male,29.0,2022-01-25,month-to-month,Mailed check,2,76.46,152.92,0
CUST-1390,Male,,26-Jan-2022,One year,Electronic check,3,107.9,323.70000000000005,0
CUST-1391,M,29.0,01/27/2022,Month-to-month,Electronic check,70,114.56,,0
CUST-1392,  Male  ,5.0,28-Jan-2022,One year,Mailed check,43,105.89,4553.27,0
CUST-1393,female,40.0,INVALID_DATE,One year,Electronic check,5,60.29,301.45,0
CUST-1394,Female,59.0,2022-01-30,1 Year,Credit card,50,83.68,4184.0,0
CUST-1395,Female,57.0,31-Jan-2022,Month-to-month,Mailed check,10,66.48,664.8000000000001,1
CUST-1396,M,45.0,01-Feb-2022,Two year,Mailed check,27,56.64,1529.28,0
CUST-1397,Female,33.0,02/02/2022,One year,Credit card,24,45.07,1081.68,0
CUST-1398,Male,46.0,INVALID_DATE,month-to-month,Electronic check,22,64.15,1411.3000000000002,1
CUST-1399,female,37.0,04-Feb-2022,One year,Credit card,3,100.6,,0
CUST-1400,F,34.0,05-Feb-2022,Two year,Mailed check,16,104.4,1670.4,0
CUST-1401,Female,53.0,2022-02-06,One year,Credit card,30,115.8,3474.0,0
CUST-1402,Male,34.0,INVALID_DATE,1 Year,Electronic check,43,49.06,2109.58,0
CUST-1403,F,54.0,02/08/2022,1 Year,Credit card,4,85.04,340.16,1
CUST-1404,female,33.0,09-Feb-2022,One year,Mailed check,40,89.38,3575.2,1
CUST-1405,F,65.0,INVALID_DATE,1 Year,Electronic check,16,39.13,626.08,1
CUST-1406,Male,20.0,INVALID_DATE,month-to-month,Mailed check,16,56.69,907.04,0
CUST-1407,  Male  ,29.0,INVALID_DATE,Month-to-month,Mailed check,66,54.23,3579.18,0
CUST-1408,  Male  ,38.0,INVALID_DATE,One year,Bank transfer,55,118.59,6522.45,1
CUST-1409,F,16.0,14-Feb-2022,month-to-month,Mailed check,20,115.84,2316.8,0
CUST-1410,M,9.0,INVALID_DATE,month-to-month,Mailed check,51,102.18,5211.18,0
CUST-1411,F,16.0,2022-02-16,month-to-month,Electronic check,57,67.28,,0
CUST-1412,Female,36.0,2022-02-17,Two year,Electronic check,51,46.41,2366.91,0
CUST-1413,Female,37.0,02/18/2022,One year,Electronic check,18,111.6,2008.8,1
CUST-1414,  Male  ,44.0,02/19/2022,One year,Credit card,59,46.8,2761.2,0
CUST-1415,M,38.0,INVALID_DATE,One year,Credit card,28,72.19,2021.32,0
CUST-1416,Male,44.0,02/21/2022,Month-to-month,Electronic check,69,44.51,3071.19,0
CUST-1417,Female,35.0,INVALID_DATE,month-to-month,Credit card,28,117.13,3279.64,1
CUST-1418,  Male  ,49.0,2022-02-23,One year,Bank transfer,13,24.18,314.34,1
CUST-1419,female,47.0,2022-02-24,1 Year,Credit card,6,37.43,224.57999999999998,0
CUST-1420,  Male  ,36.0,2022-02-25,Two year,Bank transfer,29,96.5,2798.5,1
CUST-1421,Female,46.0,2022-02-26,Month-to-month,Electronic check,9,35.14,316.26,0
CUST-1422,Female,38.0,02/27/2022,Two year,Electronic check,29,117.93,3419.9700000000003,1
CUST-1423,  Male  ,22.0,02/28/2022,month-to-month,Credit card,38,52.14,1981.32,0
CUST-1424,Male,51.0,INVALID_DATE,1 Year,Electronic check,65,111.86,7270.9,0
CUST-1425,F,29.0,03/02/2022,month-to-month,Electronic check,56,86.23,,0
CUST-1426,Female,51.0,2022-03-03,One year, ,30,83.41,2502.2999999999997,0
CUST-1427,  Male  ,44.0,2022-03-04,Two year,Electronic check,59,111.54,6580.860000000001,0
CUST-1428,  Male  ,39.0,INVALID_DATE,1 Year,Mailed check,58,71.33,4137.14,0
CUST-1429,M,17.0,2022-03-06,Two year,Electronic check,10,60.08,600.8,0
CUST-1430,F,58.0,2022-03-07,Month-to-month,Bank transfer,21,41.76,,0
CUST-1431,female,36.0,INVALID_DATE,1 Year,Bank transfer,56,34.45,1929.2000000000003,0
CUST-1432,Male,48.0,INVALID_DATE,Month-to-month,Electronic check,26,99.18,2578.6800000000003,0
CUST-1433,female,39.0,10-Mar-2022,1 Year,Bank transfer,15,32.79,491.84999999999997,0
CUST-1434,F,37.0,03/11/2022,One year,Bank transfer,35,59.4,2079.0,1
CUST-1435,F,42.0,03/12/2022,Two year,Bank transfer,15,60.92,913.8000000000001,0
CUST-1436,F,,INVALID_DATE,Two year,Credit card,6,86.45,518.7,0
CUST-1437,female,37.0,14-Mar-2022,month-to-month,Bank transfer,28,47.85,1339.8,0
CUST-1438,F,39.0,03/15/2022,1 Year,Mailed check,63,103.82,6540.66,0
CUST-1439,  Male  ,45.0,2022-03-16,1 Year,Credit card,29,40.75,1181.75,0
CUST-1440,female,46.0,INVALID_DATE,Month-to-month,Mailed check,48,98.91,4747.68,1
CUST-1441,F,41.0,INVALID_DATE,1 Year,Mailed check,63,104.98,$1200.50,0
CUST-1442,  Male  ,47.0,03/19/2022,Two year,Mailed check,58,39.32,2280.56,0
CUST-1443,M,35.0,2022-03-20,1 Year,Credit card,21,100.94,2119.74,0
CUST-1444,F,67.0,2022-03-21,month-to-month,Electronic check,22,91.37,2010.14,1
CUST-1445,female,58.0,INVALID_DATE,month-to-month,Bank transfer,27,107.44,2900.88,1
CUST-1446,Female,49.0,INVALID_DATE,Two year,Bank transfer,57,71.0,4047.0,0
CUST-1447,F,17.0,2022-03-24,Two year,Electronic check,10,43.39,433.9,0
CUST-1448,Female,47.0,INVALID_DATE,Two year,Electronic check,22,111.2,,0
CUST-1449,  Male  ,36.0,26-Mar-2022,1 Year,Mailed check,44,99.0,4356.0,1
CUST-1450,M,28.0,03/27/2022,1 Year,Credit card,28,22.1,618.8000000000001,0
CUST-1451,Male,,2022-03-28,One year,Mailed check,50,113.94,5697.0,1
CUST-1452,M,,03/29/2022,Month-to-month,Bank transfer,51,114.85,5857.349999999999,0
CUST-1453,F,46.0,30-Mar-2022,1 Year,Electronic check,1,55.53,55.53,1
CUST-1454,Female,59.0,INVALID_DATE,One year,Bank transfer,34,21.0,714.0,0
CUST-1455,Female,50.0,04/01/2022,One year,Electronic check,35,75.25,2633.75,1
CUST-1456,female,73.0,04/02/2022,month-to-month,Credit card,61,111.37,6793.570000000001,0
CUST-1457,Female,21.0,INVALID_DATE,1 Year,Mailed check,30,32.44,973.1999999999999,0
CUST-1458,female,34.0,04/04/2022,One year,Bank transfer,68,79.05,5375.4,0
CUST-1459,  Male  ,29.0,04/05/2022,month-to-month,Credit card,40,93.18,3727.2000000000003,1
CUST-1460,Male,,06-Apr-2022,Month-to-month,Bank transfer,65,33.47,2175.5499999999997,0
CUST-1461,F,37.0,04/07/2022,month-to-month,Electronic check,37,71.33,2639.21,0
CUST-1462,female,42.0,INVALID_DATE,Month-to-month,Bank transfer,64,28.88,1848.32,0
CUST-1463,Male,48.0,INVALID_DATE,Two year,Credit card,1,75.81,75.81,0
CUST-1464,Female,23.0,INVALID_DATE,Two year,Credit card,15,64.21,,0
CUST-1465,Female,,2022-04-11,month-to-month,Mailed check,13,46.47,604.11,0
CUST-1466,Male,52.0,12-Apr-2022,Two year,Bank transfer,29,105.31,3053.9900000000002,0
CUST-1467,Female,33.0,04/13/2022,1 Year,Electronic check,55,58.18,,0
CUST-1468,  Male  ,19.0,04/14/2022,month-to-month,Bank transfer,45,89.98,4049.1000000000004,0
CUST-1469,  Male  ,29.0,INVALID_DATE,One year,Mailed check,4,99.07,396.28,0
CUST-1470,Male,37.0,INVALID_DATE,1 Year,Electronic check,64,37.86,2423.04,0
CUST-1471,female,,INVALID_DATE,month-to-month,Electronic check,15,31.91,478.65,1
CUST-1472,female,,INVALID_DATE,Month-to-month,Mailed check,48,20.78,,0
CUST-1473,Male,33.0,2022-04-19,Two year, ,56,50.58,2832.48,0
CUST-1474,female,51.0,20-Apr-2022,Two year,Credit card,70,101.6,7112.0,0
CUST-1475,female,38.0,21-Apr-2022,Two year,Credit card,15,97.28,1459.2,1
CUST-1476,  Male  ,43.0,2022-04-22,month-to-month,Electronic check,39,107.18,4180.02,0
CUST-1477,female,33.0,04/23/2022,1 Year,Bank transfer,69,96.06,,0
CUST-1478,M,58.0,04/24/2022,Month-to-month,Electronic check,60,22.4,1344.0,0
CUST-1479,F,35.0,25-Apr-2022,Two year,Bank transfer,44,58.55,2576.2,0
CUST-1480,Female,41.0,26-Apr-2022,1 Year,Mailed check,43,20.59,885.37,0
CUST-1481,M,,04/27/2022,One year,Credit card,4,23.61,94.44,0
CUST-1482,female,43.0,2022-04-28,One year,Credit card,50,67.86,3393.0,0
CUST-1483,  Male  ,43.0,2022-04-29,Month-to-month,Mailed check,39,56.0,2184.0,0
CUST-1484,Male,16.0,04/30/2022,Two year,Mailed check,54,75.85,4095.8999999999996,0
CUST-1485,female,48.0,2022-05-01,One year,Credit card,23,26.62,612.26,0
CUST-1486,  Male  ,41.0,INVALID_DATE,1 Year,Mailed check,60,78.83,4729.8,0
CUST-1487,F,46.0,03-May-2022,1 Year,Electronic check,35,26.5,927.5,0
CUST-1488,female,42.0,05/04/2022,One year,Electronic check,54,62.37,3367.98,0
CUST-1489,Male,33.0,INVALID_DATE,Two year,Bank transfer,58,55.24,3203.92,0
CUST-1490,  Male  ,51.0,INVALID_DATE,Month-to-month,Bank transfer,62,42.39,2628.18,0
CUST-1491,  Male  ,42.0,2022-05-07,Two year,Bank transfer,48,51.2,2457.6000000000004,0
CUST-1492,  Male  ,25.0,2022-05-08,month-to-month,Electronic check,7,20.05,140.35,0
CUST-1493,F,56.0,09-May-2022,One year,Credit card,45,52.41,2358.45,0
CUST-1494,female,23.0,10-May-2022,month-to-month,Bank transfer,13,27.84,361.92,0
CUST-1495,F,51.0,05/11/2022,One year,Electronic check,53,112.13,5942.889999999999,0
CUST-1496,Female,58.0,12-May-2022,Month-to-month,Credit card,39,27.43,1069.77,0
CUST-1497,Female,,INVALID_DATE,Two year,Mailed check,18,115.31,2075.58,0
CUST-1498,female,39.0,14-May-2022,Two year,Electronic check,22,69.14,1521.08,0
CUST-1499,F,37.0,INVALID_DATE,One year,Mailed check,36,71.32,2567.5199999999995,0
CUST-1500,Male,38.0,INVALID_DATE,1 Year,Bank transfer,53,98.81,5236.93,0
CUST-1501,  Male  ,62.0,05/17/2022,month-to-month,Credit card,3,89.54,268.62,0
CUST-1502,  Male  ,27.0,2022-05-18,Two year,Electronic check,62,43.71,2710.02,0
CUST-1503,female,36.0,19-May-2022,Two year,Bank transfer,29,22.55,653.95,0
CUST-1504,Female,58.0,05/20/2022,One year,Bank transfer,8,97.84,782.72,0
CUST-1505,Female,36.0,21-May-2022,1 Year,Credit card,46,32.97,1516.62,0
CUST-1506,  Male  ,29.0,INVALID_DATE,month-to-month,Mailed check,56,79.84,4471.04,0
CUST-1507,female,,23-May-2022,1 Year,Bank transfer,49,114.26,5598.740000000001,0
CUST-1508,F,50.0,2022-05-24,1 Year,Credit card,43,74.94,3222.42,0
CUST-1509,Female,35.0,25-May-2022,One year,Credit card,10,48.56,485.6,0
CUST-1510,F,47.0,26-May-2022,1 Year,Electronic check,13,37.88,,1
CUST-1511,Female,23.0,INVALID_DATE,month-to-month,Bank transfer,57,22.69,1293.3300000000002,0
CUST-1512,Female,24.0,28-May-2022,Month-to-month,Mailed check,2,82.32,164.64,0
CUST-1513,M,35.0,2022-05-29,Month-to-month,Mailed check,65,75.8,4927.0,0
CUST-1514,Female,47.0,30-May-2022,month-to-month,Bank transfer,42,66.17,2779.14,0
CUST-1515,Male,49.0,INVALID_DATE,One year,Mailed check,58,39.38,,0
CUST-1516,female,26.0,06/01/2022,Two year, ,10,43.66,436.59999999999997,0
CUST-1517,female,49.0,INVALID_DATE,One year,Credit card,63,115.85,7298.549999999999,0
CUST-1518,F,42.0,INVALID_DATE,month-to-month,Bank transfer,71,22.04,1564.84,0
CUST-1519,Female,29.0,INVALID_DATE,1 Year,Mailed check,61,56.34,,0
CUST-1520,Male,,06/05/2022,Month-to-month,Credit card,1,23.88,23.88,1
CUST-1521,F,43.0,2022-06-06,1 Year,Bank transfer,26,39.16,1018.1599999999999,0
CUST-1522,M,55.0,INVALID_DATE,One year,Credit card,5,113.31,566.55,1
CUST-1523,F,40.0,INVALID_DATE,month-to-month,Bank transfer,35,34.96,1223.6000000000001,0
CUST-1524,F,29.0,2022-06-09,Month-to-month,Electronic check,13,80.08,1041.04,1
CUST-1525,Female,18.0,2022-06-10,month-to-month,Electronic check,27,54.69,1476.6299999999999,0
CUST-1526,M,58.0,11-Jun-2022,Month-to-month,Bank transfer,12,83.3,,0
CUST-1527,F,53.0,2022-06-12,Month-to-month,Electronic check,50,105.21,5260.5,0
CUST-1528,Male,44.0,06/13/2022,Month-to-month,Electronic check,59,48.65,2870.35,0
CUST-1529,Male,58.0,INVALID_DATE,One year,Mailed check,31,27.86,863.66,0
CUST-1530,female,43.0,INVALID_DATE,month-to-month,Electronic check,69,40.42,2788.98,0
CUST-1531,M,34.0,06/16/2022,Two year,Mailed check,37,63.91,2364.67,0
CUST-1532,M,47.0,17-Jun-2022,Two year,Electronic check,2,71.51,143.02,1
CUST-1533,female,30.0,INVALID_DATE,Two year,Electronic check,71,114.19,8107.49,0
CUST-1534,F,,INVALID_DATE,month-to-month,Credit card,65,21.61,1404.6499999999999,0
CUST-1535,M,,20-Jun-2022,1 Year,Bank transfer,3,95.76,287.28000000000003,1
CUST-1536,Male,50.0,21-Jun-2022,month-to-month,Electronic check,20,27.25,545.0,1
CUST-1537,Male,25.0,22-Jun-2022,Month-to-month,Bank transfer,2,27.79,55.58,0
CUST-1538,Female,25.0,06/23/2022,1 Year,Bank transfer,42,85.41,,0
CUST-1539,M,35.0,06/24/2022,Month-to-month,Credit card,43,110.89,4768.27,0
CUST-1540,F,31.0,2022-06-25,Month-to-month,Bank transfer,21,48.77,1024.17,1
CUST-1541,female,46.0,26-Jun-2022,month-to-month,Bank transfer,45,46.93,2111.85,0
CUST-1542,female,,06/27/2022,Two year, ,20,81.77,,1
CUST-1543,F,54.0,06/28/2022,1 Year,Credit card,43,97.63,4198.09,1
CUST-1544,  Male  ,44.0,2022-06-29,One year,Bank transfer,50,106.9,5345.0,0
CUST-1545,Female,32.0,06/30/2022,Two year,Electronic check,43,44.97,1933.71,0
CUST-1546,female,17.0,INVALID_DATE,One year,Credit card,24,94.02,2256.48,1
CUST-1547,M,,07/02/2022,month-to-month,Electronic check,60,50.72,3043.2,1
CUST-1548,Female,19.0,03-Jul-2022,1 Year,Credit card,32,74.48,2383.36,0
CUST-1549,M,32.0,2022-07-04,month-to-month,Credit card,5,39.09,195.45000000000002,1
CUST-1550,Male,31.0,05-Jul-2022,One year, ,2,34.6,69.2,0
CUST-1551,Female,34.0,06-Jul-2022,Month-to-month,Mailed check,26,113.53,2951.78,0
CUST-1552,female,24.0,2022-07-07,month-to-month,Mailed check,25,74.72,1868.0,0
CUST-1553,Female,31.0,INVALID_DATE,1 Year,Bank transfer,50,20.46,1023.0,0
CUST-1554,Female,54.0,2022-07-09,month-to-month,Electronic check,39,99.34,3874.26,1
CUST-1555,Female,54.0,INVALID_DATE,Two year,Credit card,11,89.09,979.99,1
CUST-1556,  Male  ,58.0,INVALID_DATE,month-to-month,Electronic check,63,52.59,3313.17,0
CUST-1557,Female,40.0,12-Jul-2022,One year,Bank transfer,68,66.4,4515.200000000001,0
CUST-1558,M,43.0,13-Jul-2022,month-to-month,Mailed check,18,64.99,1169.82,1
CUST-1559,Male,54.0,14-Jul-2022,1 Year,Mailed check,28,47.48,1329.4399999999998,0
CUST-1560,F,22.0,15-Jul-2022,month-to-month,Electronic check,42,118.06,4958.52,0
CUST-1561,Female,50.0,2022-07-16,month-to-month,Electronic check,60,74.39,4463.4,0
CUST-1562,female,56.0,07/17/2022,1 Year, ,22,109.73,,1
CUST-1563,Female,29.0,2022-07-18,month-to-month,Electronic check,40,78.54,3141.6000000000004,1
CUST-1564,female,57.0,07/19/2022,1 Year,Credit card,62,89.02,5519.24,0
CUST-1565,M,65.0,2022-07-20,One year,Credit card,3,22.95,68.85,1
CUST-1566,female,49.0,21-Jul-2022,1 Year,Mailed check,71,71.18,5053.780000000001,0
CUST-1567,F,47.0,07/22/2022,One year,Electronic check,63,92.13,5804.19,0
CUST-1568,Male,27.0,2022-07-23,One year,Mailed check,20,32.19,643.8,0
CUST-1569,female,53.0,2022-07-24,1 Year,Credit card,71,87.83,6235.93,0
CUST-1570,female,28.0,INVALID_DATE,month-to-month,Mailed check,71,28.43,2018.53,0
CUST-1571,Male,44.0,2022-07-26,Two year, ,26,100.7,,1
CUST-1572,F,46.0,27-Jul-2022,1 Year,Credit card,41,117.78,4828.9800000000005,0
CUST-1573,Female,,2022-07-28,month-to-month,Bank transfer,3,82.67,248.01,0
CUST-1574,female,45.0,2022-07-29,One year,Bank transfer,43,27.71,1191.53,0
CUST-1575,Male,71.0,30-Jul-2022,Month-to-month,Electronic check,17,78.68,1337.5600000000002,0
CUST-1576,M,15.0,07/31/2022,Two year,Mailed check,53,94.09,4986.77,0
CUST-1577,Male,39.0,08/01/2022,month-to-month,Electronic check,52,113.31,5892.12,0
CUST-1578,M,,02-Aug-2022,Two year,Mailed check,33,24.55,810.15,0
CUST-1579,F,29.0,08/03/2022,Month-to-month, ,60,97.5,5850.0,0
CUST-1580,Female,17.0,INVALID_DATE,Month-to-month,Electronic check,68,33.26,2261.68,0
CUST-1581,Male,,2022-08-05,Month-to-month,Credit card,56,99.06,5547.360000000001,0
CUST-1582,  Male  ,50.0,2022-08-06,1 Year,Bank transfer,64,108.87,6967.68,0
CUST-1583,female,45.0,08/07/2022,Two year,Bank transfer,8,106.12,848.96,0
CUST-1584,F,29.0,08/08/2022,1 Year,Bank transfer,69,85.29,5885.01,0
CUST-1585,Male,33.0,08/09/2022,Month-to-month,Credit card,33,70.08,2312.64,0
CUST-1586,female,43.0,10-Aug-2022,month-to-month,Bank transfer,25,107.46,2686.5,1
CUST-1587,Male,29.0,INVALID_DATE,Month-to-month,Credit card,71,71.91,5105.61,0
CUST-1588,M,24.0,INVALID_DATE,1 Year,Mailed check,7,39.01,273.07,0
CUST-1589,Male,37.0,08/13/2022,Month-to-month,Credit card,59,114.28,6742.52,1
CUST-1590,  Male  ,,14-Aug-2022,Month-to-month,Electronic check,33,57.33,1891.8899999999999,0
CUST-1591,Male,45.0,08/15/2022,1 Year,Electronic check,41,82.43,3379.63,0
CUST-1592,Male,56.0,16-Aug-2022,1 Year, ,33,39.91,1317.03,0
CUST-1593,  Male  ,71.0,17-Aug-2022,month-to-month,Mailed check,29,31.05,900.45,0
CUST-1594,F,44.0,2022-08-18,1 Year,Electronic check,39,75.1,2928.8999999999996,0
CUST-1595,Male,48.0,08/19/2022,month-to-month,Bank transfer,57,75.46,4301.219999999999,0
CUST-1596,  Male  ,33.0,2022-08-20,One year,Bank transfer,64,56.97,3646.08,0
CUST-1597,female,34.0,2022-08-21,One year,Bank transfer,66,51.17,3377.2200000000003,0
CUST-1598,M,55.0,INVALID_DATE,1 Year,Mailed check,9,57.42,516.78,0
CUST-1599,M,37.0,23-Aug-2022,Month-to-month,Electronic check,29,99.51,2885.79,0
CUST-1600,Male,41.0,24-Aug-2022,Two year,Credit card,28,55.77,1561.5600000000002,0
CUST-1601,F,55.0,25-Aug-2022,Month-to-month,Mailed check,53,112.14,5943.42,1
CUST-1602,F,,26-Aug-2022,1 Year,Electronic check,46,31.3,1439.8,0
CUST-1603,female,58.0,2022-08-27,month-to-month,Bank transfer,39,113.16,4413.24,0
CUST-1604,Male,47.0,28-Aug-2022,Month-to-month,Bank transfer,58,88.95,5159.1,0
CUST-1605,M,45.0,INVALID_DATE,One year, ,54,54.44,2939.7599999999998,0
CUST-1606,F,32.0,INVALID_DATE,1 Year,Electronic check,6,20.69,124.14000000000001,0
CUST-1607,Male,46.0,2022-08-31,Month-to-month,Bank transfer,45,100.24,4510.8,0
CUST-1608,F,35.0,2022-09-01,Month-to-month,Electronic check,40,116.93,4677.200000000001,0
CUST-1609,  Male  ,46.0,09/02/2022,month-to-month,Mailed check,23,118.24,2719.52,1
CUST-1610,F,39.0,09/03/2022,month-to-month,Credit card,42,62.34,Unknown,0
CUST-1611,M,52.0,04-Sep-2022,month-to-month,Bank transfer,38,27.05,1027.9,0
CUST-1612,Female,40.0,2022-09-05,Two year,Mailed check,16,51.38,822.08,1
CUST-1613,female,64.0,2022-09-06,1 Year,Mailed check,47,50.97,2395.59,0
CUST-1614,female,37.0,INVALID_DATE,1 Year,Electronic check,21,30.24,635.04,0
CUST-1615,M,,INVALID_DATE,One year, ,21,72.47,1521.87,1
CUST-1616,F,44.0,INVALID_DATE,One year,Electronic check,25,80.46,,0
CUST-1617,Male,53.0,2022-09-10,1 Year,Electronic check,61,92.88,5665.679999999999,0
CUST-1618,F,53.0,09/11/2022,Month-to-month, ,54,25.1,1355.4,0
CUST-1619,M,42.0,2022-09-12,1 Year,Electronic check,60,47.54,2852.4,0
CUST-1620,female,44.0,2022-09-13,Two year, ,42,55.52,2331.84,0
CUST-1621,F,44.0,2022-09-14,One year,Electronic check,61,109.22,6662.42,0
CUST-1622,female,27.0,09/15/2022,One year,Mailed check,32,110.14,3524.48,0
CUST-1623,Male,52.0,INVALID_DATE,One year,Credit card,53,46.0,2438.0,0
CUST-1624,female,25.0,17-Sep-2022,1 Year,Electronic check,44,68.73,,0
CUST-1625,female,27.0,18-Sep-2022,One year,Bank transfer,11,62.48,,1
CUST-1626,Female,41.0,19-Sep-2022,One year,Mailed check,47,72.67,3415.4900000000002,0
CUST-1627,Female,36.0,09/20/2022,1 Year,Mailed check,60,48.61,2916.6,0
CUST-1628,  Male  ,50.0,09/21/2022,Month-to-month,Electronic check,36,66.29,,0
CUST-1629,Female,45.0,22-Sep-2022,One year,Mailed check,60,34.54,,0
CUST-1630,female,42.0,23-Sep-2022,One year,Bank transfer,33,90.96,3001.68,0
CUST-1631,M,26.0,09/24/2022,One year,Credit card,42,56.97,2392.74,0
CUST-1632,female,40.0,25-Sep-2022,Two year,Mailed check,13,74.24,965.1199999999999,1
CUST-1633,M,39.0,2022-09-26,1 Year,Mailed check,14,80.46,1126.4399999999998,0
CUST-1634,M,,INVALID_DATE,One year,Mailed check,58,103.65,6011.700000000001,0
CUST-1635,Female,35.0,09/28/2022,Two year,Electronic check,40,28.18,,0
CUST-1636,F,46.0,INVALID_DATE,Month-to-month,Bank transfer,65,68.27,4437.55,0
CUST-1637,Male,36.0,30-Sep-2022,Month-to-month,Credit card,5,109.41,,1
CUST-1638,Female,45.0,01-Oct-2022,Two year,Bank transfer,30,52.98,1589.3999999999999,0
CUST-1639,Female,50.0,10/02/2022,Month-to-month,Bank transfer,45,64.45,2900.25,0
CUST-1640,F,34.0,10/03/2022,month-to-month,Mailed check,58,28.51,1653.5800000000002,0
CUST-1641,Male,31.0,2022-10-04,Month-to-month,Credit card,39,95.07,,1
CUST-1642,female,46.0,10/05/2022,month-to-month,Bank transfer,12,28.5,342.0,0
CUST-1643,  Male  ,24.0,INVALID_DATE,Two year,Credit card,34,83.1,2825.3999999999996,0
CUST-1644,  Male  ,53.0,10/07/2022,month-to-month, ,14,57.42,803.88,1
CUST-1645,female,40.0,2022-10-08,Month-to-month,Mailed check,38,53.82,2045.16,0
CUST-1646,Female,39.0,INVALID_DATE,One year, ,16,78.55,1256.8,0
CUST-1647,Male,47.0,10-Oct-2022,month-to-month,Credit card,61,76.77,4682.969999999999,0
CUST-1648,Female,46.0,10/11/2022,Month-to-month,Mailed check,59,60.55,3572.45,0
CUST-1649,M,40.0,12-Oct-2022,One year,Electronic check,67,47.83,3204.6099999999997,0
CUST-1650,Female,51.0,2022-10-13,Two year,Mailed check,11,70.82,779.02,0
CUST-1651,Female,,10/14/2022,Two year,Electronic check,11,46.71,513.8100000000001,0
CUST-1652,female,49.0,2022-10-15,1 Year,Bank transfer,16,30.26,484.16,0
CUST-1653,female,27.0,16-Oct-2022,Two year,Mailed check,38,99.92,3796.96,1
CUST-1654,female,46.0,INVALID_DATE,1 Year,Credit card,30,90.23,2706.9,1
CUST-1655,  Male  ,36.0,2022-10-18,Two year,Mailed check,41,28.44,1166.04,0
CUST-1656,M,24.0,10/19/2022,Two year,Credit card,1,36.26,36.26,0
CUST-1657,female,43.0,10/20/2022,Two year,Electronic check,38,30.02,1140.76,0
CUST-1658,Male,40.0,21-Oct-2022,1 Year,Electronic check,60,99.07,5944.2,0
CUST-1659,  Male  ,21.0,22-Oct-2022,1 Year,Credit card,19,97.29,1848.5100000000002,0
CUST-1660,F,15.0,23-Oct-2022,month-to-month,Electronic check,59,60.8,,0
CUST-1661,Male,38.0,24-Oct-2022,Month-to-month,Mailed check,68,102.14,6945.52,0
CUST-1662,Male,59.0,10/25/2022,Month-to-month,Electronic check,10,117.4,,1
CUST-1663,female,44.0,10/26/2022,Month-to-month,Credit card,17,117.05,1989.85,0
CUST-1664,F,32.0,10/27/2022,Two year,Credit card,29,118.09,3424.61,1
CUST-1665,F,53.0,2022-10-28,Month-to-month,Bank transfer,6,104.64,,1
CUST-1666,  Male  ,51.0,INVALID_DATE,1 Year,Credit card,66,41.7,2752.2000000000003,0
CUST-1667,F,55.0,INVALID_DATE,month-to-month,Electronic check,63,25.74,1621.62,0
CUST-1668,M,48.0,INVALID_DATE,One year,Credit card,31,101.17,3136.27,0
CUST-1669,female,51.0,2022-11-01,month-to-month,Electronic check,25,50.85,1271.25,0
CUST-1670,F,49.0,02-Nov-2022,Month-to-month,Electronic check,21,53.78,1129.38,0
CUST-1671,  Male  ,34.0,03-Nov-2022,Month-to-month,Bank transfer,16,27.3,436.8,0
CUST-1672,M,20.0,04-Nov-2022,1 Year,Electronic check,4,91.47,365.88,1
CUST-1673,Female,34.0,11/05/2022,month-to-month,Credit card,46,63.08,2901.68,0
CUST-1674,Female,53.0,2022-11-06,1 Year,Credit card,8,40.43,,0
CUST-1675,M,35.0,INVALID_DATE,1 Year,Credit card,6,85.25,511.5,1
CUST-1676,  Male  ,38.0,08-Nov-2022,One year,Electronic check,53,117.99,6253.469999999999,0
CUST-1677,M,26.0,INVALID_DATE,1 Year,Credit card,64,69.84,4469.76,0
CUST-1678,female,33.0,10-Nov-2022,1 Year,Mailed check,51,80.64,4112.64,0
CUST-1679,female,,INVALID_DATE,One year,Mailed check,63,36.29,2286.27,0
CUST-1680,Female,46.0,11/12/2022,Two year,Credit card,6,36.1,216.60000000000002,0
CUST-1681,F,34.0,2022-11-13,Two year,Electronic check,62,65.82,4080.8399999999997,0
CUST-1682,  Male  ,34.0,14-Nov-2022,One year,Credit card,33,104.48,3447.84,0
CUST-1683,Female,50.0,15-Nov-2022,1 Year,Mailed check,2,110.92,221.84,1
CUST-1684,F,44.0,16-Nov-2022,Month-to-month,Electronic check,41,84.18,3451.38,0
CUST-1685,F,45.0,17-Nov-2022,month-to-month,Credit card,16,56.05,896.8,0
CUST-1686,female,58.0,2022-11-18,Month-to-month,Electronic check,59,95.0,5605.0,0
CUST-1687,Male,,2022-11-19,Month-to-month,Credit card,9,49.19,442.71,0
CUST-1688,Male,39.0,20-Nov-2022,1 Year,Bank transfer,69,41.96,2895.2400000000002,0
CUST-1689,M,47.0,INVALID_DATE,month-to-month,Electronic check,10,99.54,995.4000000000001,0
CUST-1690,female,,11/22/2022,month-to-month,Mailed check,7,95.13,665.91,1
CUST-1691,F,43.0,23-Nov-2022,Two year,Mailed check,66,108.21,7141.86,0
CUST-1692,  Male  ,40.0,11/24/2022,One year,Mailed check,20,77.65,1553.0,1
CUST-1693,Male,73.0,INVALID_DATE,1 Year,Mailed check,63,109.67,,0
CUST-1694,F,41.0,26-Nov-2022,month-to-month,Credit card,4,22.65,90.6,1
CUST-1695,Male,54.0,27-Nov-2022,1 Year,Credit card,28,45.37,1270.36,0
CUST-1696,Male,50.0,11/28/2022,Two year,Electronic check,35,100.45,3515.75,1
CUST-1697,Male,26.0,29-Nov-2022,Month-to-month,Bank transfer,2,62.37,124.74,1
CUST-1698,  Male  ,21.0,INVALID_DATE,month-to-month,Bank transfer,41,43.94,1801.54,0
CUST-1699,female,43.0,2022-12-01,Two year,Electronic check,28,99.61,2789.08,1
CUST-1700,  Male  ,55.0,12/02/2022,1 Year,Mailed check,1,102.23,102.23,1
CUST-1701,Female,43.0,2022-12-03,Two year,Bank transfer,27,65.63,1772.0099999999998,0
CUST-1702,F,41.0,12/04/2022,Two year,Bank transfer,67,66.66,4466.219999999999,1
CUST-1703,female,37.0,2022-12-05,Two year,Electronic check,39,98.09,3825.51,0
CUST-1704,female,24.0,INVALID_DATE,Two year,Mailed check,40,97.13,3885.2,0
CUST-1705,female,28.0,INVALID_DATE,Two year,Credit card,28,106.66,2986.48,1
CUST-1706,female,,08-Dec-2022,Two year,Credit card,24,84.55,2029.1999999999998,0
CUST-1707,  Male  ,,INVALID_DATE,One year, ,51,38.59,1968.0900000000001,0
CUST-1708,female,34.0,INVALID_DATE,1 Year,Credit card,56,74.97,4198.32,0
CUST-1709,M,49.0,11-Dec-2022,Month-to-month,Electronic check,26,58.24,1514.24,0
CUST-1710,F,35.0,12/12/2022,1 Year,Bank transfer,52,22.7,1180.3999999999999,0
CUST-1711,female,43.0,INVALID_DATE,month-to-month,Bank transfer,6,39.65,237.89999999999998,0
CUST-1712,F,42.0,INVALID_DATE,month-to-month,Mailed check,59,40.56,2393.04,0
CUST-1713,M,46.0,2022-12-15,1 Year,Credit card,12,28.23,338.76,0
CUST-1714,M,28.0,INVALID_DATE,Two year,Mailed check,63,65.33,4115.79,0
CUST-1715,F,53.0,17-Dec-2022,One year,Bank transfer,36,70.8,2548.7999999999997,1
CUST-1716,Male,23.0,INVALID_DATE,Month-to-month,Credit card,9,54.0,,0
CUST-1717,Female,35.0,2022-12-19,Two year,Mailed check,67,61.24,4103.08,0
CUST-1718,Male,40.0,INVALID_DATE,1 Year,Credit card,29,74.95,2173.55,0
CUST-1719,Male,49.0,2022-12-21,1 Year,Bank transfer,71,32.05,2275.5499999999997,0
CUST-1720,  Male  ,57.0,INVALID_DATE,One year,Bank transfer,8,76.23,609.84,0
CUST-1721,Male,,12/23/2022,One year,Bank transfer,43,90.99,3912.5699999999997,0
CUST-1722,female,57.0,24-Dec-2022,1 Year,Electronic check,35,107.48,3761.8,0
CUST-1723,  Male  ,30.0,INVALID_DATE,Two year,Mailed check,22,50.16,1103.52,0
CUST-1724,  Male  ,54.0,12/26/2022,Two year,Mailed check,66,94.74,6252.839999999999,1
CUST-1725,M,52.0,12/27/2022,Two year,Bank transfer,21,80.6,1692.6,1
CUST-1726,Male,11.0,28-Dec-2022,Month-to-month,Mailed check,71,70.28,4989.88,0
CUST-1727,M,37.0,2022-12-29,Month-to-month,Bank transfer,41,111.96,,0
CUST-1728,F,47.0,12/30/2022,Two year,Mailed check,41,82.0,3362.0,0
CUST-1729,Female,34.0,31-Dec-2022,1 Year,Credit card,49,56.61,,0
CUST-1730,  Male  ,27.0,INVALID_DATE,One year,Mailed check,4,91.29,365.16,1
CUST-1731,F,65.0,2023-01-02,month-to-month,Bank transfer,65,115.99,7539.349999999999,0
CUST-1732,F,41.0,2023-01-03,One year, ,10,111.82,1118.1999999999998,0
CUST-1733,female,42.0,2023-01-04,One year,Credit card,67,118.03,7908.01,0
CUST-1734,Female,24.0,01/05/2023,month-to-month,Credit card,10,29.51,295.1,0
CUST-1735,F,33.0,01/06/2023,Two year,Credit card,17,64.34,1093.78,0
CUST-1736,F,29.0,07-Jan-2023,One year,Bank transfer,67,63.27,4239.09,0
CUST-1737,Female,,2023-01-08,month-to-month,Electronic check,53,58.38,3094.1400000000003,0
CUST-1738,Female,,2023-01-09,1 Year,Bank transfer,35,37.85,1324.75,0
CUST-1739,F,,10-Jan-2023,1 Year,Credit card,4,103.22,412.88,1
CUST-1740,Female,47.0,INVALID_DATE,1 Year,Mailed check,68,87.31,5937.08,0
CUST-1741,F,37.0,2023-01-12,Two year,Credit card,11,80.6,886.5999999999999,0
CUST-1742,F,43.0,2023-01-13,One year,Electronic check,44,64.69,2846.3599999999997,0
CUST-1743,female,43.0,14-Jan-2023,One year,Electronic check,60,58.85,3531.0,0
CUST-1744,Male,45.0,15-Jan-2023,Month-to-month,Credit card,70,98.65,6905.5,0
CUST-1745,F,44.0,01/16/2023,1 Year,Bank transfer,62,72.68,4506.160000000001,0
CUST-1746,M,45.0,INVALID_DATE,Two year,Electronic check,32,80.77,2584.64,1
CUST-1747,  Male  ,55.0,01/18/2023,month-to-month,Credit card,46,30.0,1380.0,0
CUST-1748,Male,48.0,01/19/2023,Two year,Bank transfer,23,67.15,1544.45,0
CUST-1749,Male,36.0,20-Jan-2023,One year,Mailed check,37,33.03,1222.1100000000001,0
CUST-1750,Male,39.0,01/21/2023,1 Year,Bank transfer,58,25.38,1472.04,0
CUST-1751,female,55.0,INVALID_DATE,Month-to-month,Electronic check,43,88.93,3823.9900000000002,1
CUST-1752,F,41.0,2023-01-23,Two year,Bank transfer,15,47.48,712.1999999999999,0
CUST-1753,female,36.0,01/24/2023,Month-to-month,Bank transfer,67,116.51,,0
CUST-1754,F,32.0,01/25/2023,One year, ,2,80.55,161.1,0
CUST-1755,female,43.0,01/26/2023,month-to-month,Credit card,71,84.52,6000.92,0
CUST-1756,female,30.0,INVALID_DATE,Two year,Bank transfer,5,39.68,198.4,0
CUST-1757,  Male  ,55.0,INVALID_DATE,One year,Mailed check,53,32.89,1743.17,0
CUST-1758,M,28.0,INVALID_DATE,1 Year,Electronic check,45,72.54,3264.3,0
CUST-1759,female,58.0,30-Jan-2023,Two year,Credit card,41,112.56,4614.96,0
CUST-1760,  Male  ,37.0,2023-01-31,Month-to-month,Electronic check,63,25.57,1610.91,0
CUST-1761,Female,27.0,01-Feb-2023,Two year,Credit card,32,70.82,2266.24,1
CUST-1762,M,42.0,2023-02-02,One year,Bank transfer,2,39.87,79.74,0
CUST-1763,female,29.0,02/03/2023,One year,Bank transfer,10,98.2,982.0,0
CUST-1764,Male,40.0,INVALID_DATE,Month-to-month,Credit card,43,88.19,3792.17,0
CUST-1765,Female,33.0,INVALID_DATE,One year,Electronic check,43,29.72,1277.96,0
CUST-1766,Female,51.0,INVALID_DATE,Two year,Electronic check,67,81.63,,0
CUST-1767,  Male  ,42.0,02/07/2023,Month-to-month,Electronic check,23,118.36,2722.28,1
CUST-1768,Female,26.0,2023-02-08,One year,Bank transfer,60,72.81,,0
CUST-1769,M,33.0,09-Feb-2023,One year,Credit card,6,48.54,291.24,0
CUST-1770,female,48.0,10-Feb-2023,Two year,Credit card,13,35.21,,0
CUST-1771,female,55.0,02/11/2023,One year,Electronic check,21,118.96,2498.16,0
CUST-1772,Male,39.0,2023-02-12,Two year,Bank transfer,58,76.38,4430.04,0
CUST-1773,  Male  ,27.0,INVALID_DATE,1 Year,Credit card,28,57.47,1609.1599999999999,0
CUST-1774,Male,53.0,2023-02-14,Two year,Credit card,70,41.43,2900.1,0
CUST-1775,Female,48.0,2023-02-15,month-to-month,Electronic check,8,115.02,920.16,0
CUST-1776,Male,56.0,INVALID_DATE,One year,Electronic check,58,82.7,4796.6,0
CUST-1777,M,43.0,2023-02-17,1 Year,Credit card,40,25.77,1030.8,0
CUST-1778,female,34.0,02/18/2023,Month-to-month, ,1,25.94,25.94,1
CUST-1779,Female,46.0,19-Feb-2023,month-to-month,Mailed check,65,113.94,7406.099999999999,0
CUST-1780,Male,44.0,02/20/2023,Month-to-month,Credit card,10,91.01,910.1,0
CUST-1781,  Male  ,33.0,2023-02-21,month-to-month,Credit card,60,30.34,1820.4,0
CUST-1782,M,42.0,INVALID_DATE,1 Year,Bank transfer,69,82.38,5684.219999999999,0
CUST-1783,M,38.0,23-Feb-2023,1 Year,Credit card,20,61.94,1238.8,0
CUST-1784,Male,49.0,02/24/2023,1 Year,Mailed check,62,98.87,6129.9400000000005,0
CUST-1785,female,46.0,2023-02-25,month-to-month,Bank transfer,13,47.37,615.81,0
CUST-1786,Male,27.0,INVALID_DATE,Two year,Mailed check,58,58.28,,0
CUST-1787,Female,,02/27/2023,Month-to-month,Mailed check,37,36.74,1359.38,0
CUST-1788,Male,39.0,2023-02-28,Two year,Credit card,10,45.25,452.5,0
CUST-1789,M,40.0,INVALID_DATE,Two year,Mailed check,3,38.92,116.76,0
CUST-1790,Male,49.0,03/02/2023,One year,Credit card,34,22.43,762.62,0
CUST-1791,female,46.0,INVALID_DATE,Month-to-month,Credit card,34,24.62,837.08,0
CUST-1792,  Male  ,58.0,03/04/2023,month-to-month,Bank transfer,30,103.56,3106.8,1
CUST-1793,F,34.0,03/05/2023,One year,Bank transfer,37,100.38,3714.06,1
CUST-1794,Male,34.0,2023-03-06,One year,Bank transfer,68,34.07,2316.76,0
CUST-1795,female,28.0,07-Mar-2023,1 Year,Credit card,34,86.79,2950.86,0
CUST-1796,female,49.0,08-Mar-2023,month-to-month,Mailed check,32,94.56,3025.92,0
CUST-1797,  Male  ,40.0,INVALID_DATE,Two year,Mailed check,58,25.13,1457.54,0
CUST-1798,M,18.0,INVALID_DATE,Two year,Bank transfer,24,28.85,692.4000000000001,0
CUST-1799,female,42.0,INVALID_DATE,Two year,Bank transfer,9,76.3,686.6999999999999,1
CUST-1800,female,43.0,INVALID_DATE,1 Year,Credit card,41,57.42,,0
CUST-1801,female,38.0,INVALID_DATE,Two year,Electronic check,24,89.94,2158.56,1
CUST-1802,female,44.0,2023-03-14,Month-to-month,Electronic check,25,75.77,1894.25,0
CUST-1803,Female,25.0,INVALID_DATE,Two year,Credit card,36,23.1,,0
CUST-1804,Female,60.0,16-Mar-2023,Two year, ,8,88.37,706.96,0
CUST-1805,M,45.0,17-Mar-2023,Month-to-month,Electronic check,59,40.39,2383.01,0
CUST-1806,Male,19.0,03/18/2023,1 Year,Electronic check,35,51.26,1794.1,0
CUST-1807,female,40.0,03/19/2023,One year,Bank transfer,38,93.64,,0
CUST-1808,  Male  ,45.0,2023-03-20,month-to-month, ,32,97.13,3108.16,0
CUST-1809,Male,27.0,2023-03-21,1 Year,Mailed check,51,54.58,2783.58,0
CUST-1810,  Male  ,46.0,INVALID_DATE,Two year,Bank transfer,28,28.92,,0
CUST-1811,Male,60.0,03/23/2023,One year,Bank transfer,56,96.97,5430.32,0
CUST-1812,M,,2023-03-24,month-to-month,Bank transfer,8,107.02,856.16,1
CUST-1813,female,45.0,2023-03-25,month-to-month,Electronic check,41,116.43,4773.63,1
CUST-1814,female,43.0,26-Mar-2023,month-to-month,Credit card,23,51.78,1190.94,0
CUST-1815,F,52.0,2023-03-27,Month-to-month,Credit card,54,32.39,1749.06,0
CUST-1816,  Male  ,39.0,2023-03-28,Month-to-month,Electronic check,23,113.77,2616.71,1
CUST-1817,Male,27.0,03/29/2023,One year,Electronic check,32,59.98,1919.36,0
CUST-1818,Male,51.0,INVALID_DATE,Two year,Bank transfer,10,29.35,293.5,0
CUST-1819,Female,28.0,INVALID_DATE,One year,Bank transfer,35,69.88,2445.7999999999997,0
CUST-1820,F,62.0,2023-04-01,Two year,Mailed check,63,39.05,2460.1499999999996,0
CUST-1821,Female,,04/02/2023,1 Year,Bank transfer,67,55.53,3720.51,0
CUST-1822,Female,33.0,INVALID_DATE,month-to-month,Electronic check,36,52.04,1873.44,0
CUST-1823,Female,53.0,INVALID_DATE,month-to-month,Mailed check,49,118.73,5817.77,1
CUST-1824,  Male  ,40.0,2023-04-05,Month-to-month,Bank transfer,46,83.95,3861.7000000000003,0
CUST-1825,  Male  ,37.0,INVALID_DATE,1 Year,Mailed check,27,69.18,1867.8600000000001,0
CUST-1826,M,32.0,INVALID_DATE,1 Year,Mailed check,31,71.38,2212.7799999999997,1
CUST-1827,M,17.0,08-Apr-2023,Two year,Bank transfer,34,80.41,2733.94,0
CUST-1828,Female,47.0,04/09/2023,1 Year,Credit card,59,107.28,6329.52,0
CUST-1829,F,20.0,2023-04-10,Month-to-month,Electronic check,54,34.6,1868.4,0
CUST-1830,Male,30.0,2023-04-11,Two year,Electronic check,66,79.96,5277.36,0
CUST-1831,  Male  ,,12-Apr-2023,One year,Mailed check,30,52.22,1566.6,0
CUST-1832,F,34.0,2023-04-13,Two year, ,23,77.14,1774.22,0
CUST-1833,female,42.0,14-Apr-2023,One year,Credit card,9,71.77,645.93,1
CUST-1834,  Male  ,25.0,04/15/2023,Two year,Bank transfer,55,22.99,1264.4499999999998,0
CUST-1835,  Male  ,36.0,INVALID_DATE,month-to-month,Bank transfer,1,78.25,78.25,1
CUST-1836,M,42.0,INVALID_DATE,One year,Electronic check,56,90.92,5091.52,0
CUST-1837,Male,29.0,04/18/2023,Month-to-month,Bank transfer,39,44.6,1739.4,0
CUST-1838,Male,60.0,2023-04-19,One year,Bank transfer,18,30.69,552.4200000000001,0
CUST-1839,female,32.0,04/20/2023,One year,Mailed check,42,41.16,,0
CUST-1840,female,57.0,INVALID_DATE,Two year,Credit card,65,83.64,,0
CUST-1841,  Male  ,38.0,22-Apr-2023,month-to-month,Credit card,33,66.88,2207.04,0
CUST-1842,Female,21.0,23-Apr-2023,Two year,Bank transfer,30,106.53,,0
CUST-1843,M,26.0,2023-04-24,Two year,Bank transfer,5,48.5,242.5,0
CUST-1844,M,42.0,INVALID_DATE,month-to-month,Bank transfer,50,56.51,2825.5,0
CUST-1845,  Male  ,52.0,26-Apr-2023,Two year,Electronic check,65,72.81,4732.650000000001,0
CUST-1846,F,61.0,27-Apr-2023,month-to-month,Electronic check,10,66.0,660.0,0
CUST-1847,Female,42.0,28-Apr-2023,Month-to-month,Mailed check,60,74.78,4486.8,0
CUST-1848,  Male  ,26.0,2023-04-29,month-to-month,Electronic check,27,51.21,1382.67,0
CUST-1849,Female,43.0,INVALID_DATE,1 Year,Credit card,28,36.67,1026.76,0
CUST-1850,Female,30.0,05/01/2023,month-to-month,Electronic check,45,100.33,4514.85,0
CUST-1851,Female,45.0,02-May-2023,month-to-month,Credit card,52,23.93,1244.36,0
CUST-1852,  Male  ,29.0,05/03/2023,1 Year,Electronic check,66,56.97,,0
CUST-1853,M,15.0,05/04/2023,month-to-month,Electronic check,62,28.74,1781.8799999999999,0
CUST-1854,M,56.0,2023-05-05,One year,Mailed check,60,93.63,,0
CUST-1855,Female,37.0,2023-05-06,Two year,Bank transfer,40,56.55,,0
CUST-1856,F,,05/07/2023,Two year, ,15,23.0,,0
CUST-1857,Male,52.0,2023-05-08,Month-to-month,Bank transfer,7,27.59,193.13,0
CUST-1858,  Male  ,63.0,05/09/2023,Month-to-month,Mailed check,39,39.86,1554.54,0
CUST-1859,Male,49.0,10-May-2023,1 Year,Credit card,51,98.69,5033.19,0
CUST-1860,F,41.0,INVALID_DATE,One year,Electronic check,7,99.92,699.44,0
CUST-1861,  Male  ,46.0,05/12/2023,Month-to-month,Mailed check,12,119.66,,1
CUST-1862,Female,36.0,INVALID_DATE,Two year,Credit card,14,44.09,617.26,0
CUST-1863,M,40.0,05/14/2023,Month-to-month,Mailed check,34,26.04,885.36,0
CUST-1864,Male,42.0,15-May-2023,Month-to-month,Mailed check,39,48.31,,0
CUST-1865,female,31.0,2023-05-16,month-to-month,Credit card,64,37.88,2424.32,0
CUST-1866,female,,05/17/2023,Month-to-month,Bank transfer,12,91.04,1092.48,0
CUST-1867,F,44.0,2023-05-18,1 Year,Electronic check,34,116.92,,1
CUST-1868,Female,46.0,19-May-2023,Two year,Bank transfer,27,47.3,1277.1,0
CUST-1869,Male,45.0,INVALID_DATE,1 Year,Mailed check,22,52.86,1162.92,0
CUST-1870,Female,24.0,05/21/2023,1 Year,Credit card,18,55.11,991.98,0
CUST-1871,Male,55.0,05/22/2023,One year,Mailed check,46,105.7,4862.2,0
CUST-1872,F,54.0,INVALID_DATE,month-to-month,Bank transfer,44,77.8,3423.2,0
CUST-1873,F,39.0,05/24/2023,1 Year,Bank transfer,18,117.4,2113.2000000000003,1
CUST-1874,female,45.0,05/25/2023,One year,Bank transfer,37,82.72,3060.64,0
CUST-1875,Female,37.0,INVALID_DATE,Two year, ,7,90.59,634.13,1
CUST-1876,  Male  ,49.0,2023-05-27,Two year,Bank transfer,68,28.92,,0
CUST-1877,female,30.0,2023-05-28,One year,Electronic check,60,115.17,6910.2,1
CUST-1878,Female,56.0,INVALID_DATE,1 Year,Electronic check,48,82.81,3974.88,0
CUST-1879,female,48.0,30-May-2023,1 Year,Bank transfer,51,72.02,3673.02,0
CUST-1880,  Male  ,49.0,INVALID_DATE,month-to-month,Credit card,52,58.74,3054.48,0
CUST-1881,M,39.0,INVALID_DATE,month-to-month,Mailed check,52,27.71,1440.92,0
CUST-1882,M,23.0,2023-06-02,Two year, ,54,33.33,1799.82,0
CUST-1883,M,,06/03/2023,month-to-month,Electronic check,41,21.17,867.97,0
CUST-1884,M,23.0,04-Jun-2023,One year,Electronic check,42,119.87,5034.54,1
CUST-1885,Male,51.0,06/05/2023,Two year,Electronic check,22,98.63,2169.8599999999997,0
CUST-1886,M,31.0,06/06/2023,1 Year, ,39,99.75,3890.25,0
CUST-1887,  Male  ,21.0,07-Jun-2023,Two year, ,23,93.01,,1
CUST-1888,F,40.0,INVALID_DATE,Month-to-month,Credit card,48,68.41,3283.68,0
CUST-1889,F,54.0,INVALID_DATE,Two year,Credit card,33,28.82,,1
CUST-1890,Male,28.0,06/10/2023,month-to-month,Electronic check,41,27.23,1116.43,0
CUST-1891,M,59.0,06/11/2023,One year,Mailed check,30,111.64,3349.2,0
CUST-1892,M,48.0,12-Jun-2023,1 Year,Bank transfer,47,20.03,941.4100000000001,0
CUST-1893,M,,2023-06-13,1 Year,Mailed check,57,89.91,5124.87,0
CUST-1894,female,,14-Jun-2023,month-to-month,Bank transfer,57,82.86,4723.0199999999995,0
CUST-1895,Female,36.0,15-Jun-2023,month-to-month,Bank transfer,62,70.12,4347.4400000000005,0
CUST-1896,female,45.0,16-Jun-2023,month-to-month,Electronic check,57,117.5,,0
CUST-1897,Female,50.0,2023-06-17,Month-to-month,Credit card,68,39.81,Unknown,0
CUST-1898,M,33.0,INVALID_DATE,One year,Electronic check,25,98.53,2463.25,1
CUST-1899,M,30.0,19-Jun-2023,Month-to-month,Bank transfer,40,87.48,3499.2000000000003,0
CUST-1900,female,37.0,2023-06-20,month-to-month,Electronic check,17,117.44,1996.48,1
CUST-1901,female,,06/21/2023,One year,Bank transfer,48,113.41,5443.68,0
CUST-1902,Female,25.0,22-Jun-2023,month-to-month,Electronic check,39,32.86,1281.54,0
CUST-1903,F,54.0,06/23/2023,One year,Credit card,15,50.77,761.5500000000001,1
CUST-1904,Female,41.0,06/24/2023,1 Year,Credit card,17,105.08,,0
CUST-1905,female,20.0,2023-06-25,Month-to-month,Mailed check,35,42.87,1500.4499999999998,0
CUST-1906,  Male  ,34.0,06/26/2023,month-to-month,Bank transfer,33,57.85,1909.05,1
CUST-1907,female,47.0,06/27/2023,month-to-month,Bank transfer,18,82.6,1486.8,0
CUST-1908,  Male  ,62.0,28-Jun-2023,Two year,Electronic check,30,76.29,2288.7000000000003,0
CUST-1909,Male,24.0,06/29/2023,1 Year,Mailed check,37,84.06,3110.2200000000003,0
CUST-1910,female,6.0,30-Jun-2023,month-to-month,Credit card,7,91.35,639.4499999999999,0
CUST-1911,Male,24.0,07/01/2023,Month-to-month,Electronic check,28,92.88,2600.64,1
CUST-1912,F,54.0,INVALID_DATE,1 Year,Mailed check,18,93.76,,0
CUST-1913,Female,18.0,INVALID_DATE,month-to-month,Credit card,47,119.17,5600.99,1
CUST-1914,  Male  ,58.0,2023-07-04,Month-to-month,Electronic check,23,55.66,1280.1799999999998,1
CUST-1915,Female,55.0,07/05/2023,Two year,Credit card,20,24.42,488.40000000000003,0
CUST-1916,Male,42.0,2023-07-06,Two year,Bank transfer,31,54.89,1701.59,0
CUST-1917,  Male  ,,07-Jul-2023,Month-to-month,Mailed check,14,111.16,1556.24,1
CUST-1918,Female,41.0,08-Jul-2023,1 Year,Credit card,23,28.34,651.82,0
CUST-1919,female,47.0,07/09/2023,Month-to-month,Mailed check,2,84.69,169.38,1
CUST-1920,M,46.0,07/10/2023,Month-to-month,Electronic check,29,62.32,1807.28,0
CUST-1921,Male,61.0,INVALID_DATE,Two year,Mailed check,50,112.16,5608.0,1
CUST-1922,Female,37.0,12-Jul-2023,Two year, ,59,112.86,6658.74,0
CUST-1923,Male,24.0,13-Jul-2023,Two year,Mailed check,33,98.52,3251.16,1
CUST-1924,Male,22.0,14-Jul-2023,month-to-month,Electronic check,48,29.85,1432.8000000000002,0
CUST-1925,  Male  ,20.0,2023-07-15,month-to-month,Electronic check,44,22.47,988.68,0
CUST-1926,  Male  ,,07/16/2023,One year,Electronic check,12,33.66,403.91999999999996,0
CUST-1927,M,37.0,17-Jul-2023,month-to-month,Credit card,42,52.18,2191.56,0
CUST-1928,female,,18-Jul-2023,1 Year,Bank transfer,35,44.14,1544.9,0
CUST-1929,Male,34.0,07/19/2023,1 Year,Mailed check,41,56.98,2336.18,0
CUST-1930,Female,27.0,07/20/2023,Two year, ,55,34.31,,0
CUST-1931,F,,2023-07-21,Month-to-month,Bank transfer,13,95.25,1238.25,0
CUST-1932,Male,10.0,INVALID_DATE,Two year,Bank transfer,39,104.53,4076.67,0
CUST-1933,Male,30.0,23-Jul-2023,Month-to-month,Bank transfer,66,68.8,4540.8,0
CUST-1934,M,49.0,INVALID_DATE,Two year,Mailed check,35,115.65,,1
CUST-1935,female,29.0,07/25/2023,Two year,Mailed check,33,32.03,1056.99,0
CUST-1936,F,45.0,INVALID_DATE,1 Year,Bank transfer,36,30.58,1100.8799999999999,0
CUST-1937,  Male  ,30.0,2023-07-27,Month-to-month,Mailed check,13,40.04,520.52,0
CUST-1938,  Male  ,35.0,INVALID_DATE,One year,Mailed check,56,118.19,6618.639999999999,0
CUST-1939,Female,47.0,29-Jul-2023,One year,Electronic check,46,61.65,2835.9,0
CUST-1940,F,,2023-07-30,Two year,Mailed check,46,112.41,5170.86,0
CUST-1941,  Male  ,49.0,07/31/2023,Two year,Credit card,44,40.2,1768.8000000000002,0
CUST-1942,Female,41.0,2023-08-01,1 Year,Bank transfer,46,104.61,4812.06,0
CUST-1943,female,55.0,02-Aug-2023,Month-to-month,Mailed check,69,51.0,3519.0,0
CUST-1944,Female,42.0,08/03/2023,Two year,Bank transfer,31,93.44,2896.64,0
CUST-1945,  Male  ,27.0,INVALID_DATE,One year,Mailed check,24,117.45,2818.8,1
CUST-1946,M,61.0,05-Aug-2023,Month-to-month,Bank transfer,32,113.3,3625.6,0
CUST-1947,M,28.0,2023-08-06,Two year,Credit card,67,103.13,,0
CUST-1948,M,37.0,2023-08-07,Month-to-month,Mailed check,16,25.02,400.32,0
CUST-1949,  Male  ,51.0,2023-08-08,1 Year,Mailed check,57,80.78,4604.46,0
CUST-1950,M,17.0,08/09/2023,One year,Credit card,24,103.54,2484.96,0
CUST-1951,F,57.0,2023-08-10,Month-to-month,Mailed check,34,59.93,2037.62,0
CUST-1952,female,26.0,08/11/2023,One year,Bank transfer,52,93.12,4842.24,0
CUST-1953,Female,35.0,2023-08-12,Two year,Credit card,48,33.81,1622.88,0
CUST-1954,Female,43.0,2023-08-13,month-to-month,Electronic check,53,37.68,,0
CUST-1955,  Male  ,,08/14/2023,Month-to-month,Bank transfer,55,84.37,4640.35,1
CUST-1956,M,49.0,08/15/2023,One year,Mailed check,38,63.71,2420.98,0
CUST-1957,M,21.0,08/16/2023,Month-to-month,Bank transfer,2,41.83,83.66,0
CUST-1958,Male,49.0,17-Aug-2023,Two year,Credit card,69,48.29,,0
CUST-1959,female,,INVALID_DATE,Two year,Mailed check,53,81.89,4340.17,0
CUST-1960,F,52.0,2023-08-19,One year,Mailed check,50,92.54,4627.0,0
CUST-1961,Female,21.0,20-Aug-2023,1 Year,Credit card,29,40.76,,1
CUST-1962,Male,22.0,INVALID_DATE,Month-to-month,Electronic check,55,115.52,6353.599999999999,1
CUST-1963,Male,36.0,2023-08-22,Month-to-month,Mailed check,61,20.82,,0
CUST-1964,  Male  ,24.0,2023-08-23,Two year,Mailed check,50,90.01,4500.5,0
CUST-1965,Female,18.0,2023-08-24,Month-to-month,Mailed check,16,49.1,,0
CUST-1966,  Male  ,35.0,INVALID_DATE,One year,Electronic check,70,67.85,4749.5,0
CUST-1967,F,43.0,2023-08-26,month-to-month,Bank transfer,44,76.98,3387.1200000000003,0
CUST-1968,Male,74.0,27-Aug-2023,Two year,Electronic check,16,76.15,1218.4,0
CUST-1969,Male,47.0,2023-08-28,month-to-month,Bank transfer,28,97.63,2733.64,0
CUST-1970,female,61.0,29-Aug-2023,Month-to-month,Mailed check,57,102.38,5835.66,0
CUST-1971,F,,08/30/2023,1 Year,Bank transfer,26,27.33,710.5799999999999,0
CUST-1972,Male,47.0,INVALID_DATE,One year,Bank transfer,11,90.3,993.3,0
CUST-1973,F,38.0,01-Sep-2023,Month-to-month,Bank transfer,1,59.91,,0
CUST-1974,Female,72.0,2023-09-02,One year,Bank transfer,69,101.86,7028.34,0
CUST-1975,M,32.0,03-Sep-2023,Month-to-month,Mailed check,43,80.89,3478.27,0
CUST-1976,Male,33.0,04-Sep-2023,Month-to-month,Credit card,46,21.02,966.92,0
CUST-1977,female,50.0,09/05/2023,Month-to-month,Electronic check,36,86.65,,0
CUST-1978,Female,42.0,INVALID_DATE,Two year,Bank transfer,66,112.57,7429.62,0
CUST-1979,F,35.0,09/07/2023,month-to-month,Mailed check,57,28.31,1613.6699999999998,0
CUST-1980,  Male  ,,INVALID_DATE,1 Year,Mailed check,6,69.42,,1
CUST-1981,Female,40.0,09/09/2023,month-to-month,Mailed check,62,82.59,5120.58,0
CUST-1982,Male,,INVALID_DATE,month-to-month,Mailed check,27,39.59,1068.93,0
CUST-1983,F,43.0,2023-09-11,One year,Bank transfer,26,85.07,2211.8199999999997,0
CUST-1984,M,19.0,12-Sep-2023,Two year,Electronic check,13,24.98,324.74,0
CUST-1985,Female,21.0,13-Sep-2023,Two year,Mailed check,18,110.57,1990.2599999999998,1
CUST-1986,Male,53.0,09/14/2023,Month-to-month,Electronic check,38,96.27,3658.2599999999998,1
CUST-1987,female,32.0,2023-09-15,month-to-month,Electronic check,6,114.1,684.5999999999999,0
CUST-1988,  Male  ,38.0,2023-09-16,1 Year,Electronic check,28,61.84,1731.52,0
CUST-1989,F,59.0,2023-09-17,One year,Credit card,5,23.42,117.10000000000001,1
CUST-1990,Female,39.0,09/18/2023,Two year,Mailed check,59,54.15,3194.85,0
CUST-1991,Female,37.0,INVALID_DATE,Month-to-month,Mailed check,45,71.58,,0
CUST-1992,M,51.0,2023-09-20,1 Year,Mailed check,53,113.59,6020.27,0
CUST-1993,M,33.0,2023-09-21,month-to-month,Electronic check,2,108.31,216.62,0
CUST-1994,female,54.0,INVALID_DATE,1 Year,Mailed check,49,79.41,3891.0899999999997,0
CUST-1995,  Male  ,51.0,INVALID_DATE,Two year,Mailed check,63,92.98,,0
CUST-1996,female,62.0,2023-09-24,One year,Electronic check,70,115.39,8077.3,0
CUST-1997,Male,32.0,09/25/2023,month-to-month,Mailed check,58,105.06,6093.4800000000005,0
CUST-1998,Male,56.0,09/26/2023,One year, ,4,85.88,343.52,0
CUST-1999,female,47.0,27-Sep-2023,1 Year,Credit card,30,74.01,2220.3,0
CUST-2000,  Male  ,24.0,28-Sep-2023,1 Year,Bank transfer,57,67.6,3853.2,0
CUST-2001,female,9.0,29-Sep-2023,Month-to-month,Bank transfer,47,95.66,4496.0199999999995,0
CUST-2002,  Male  ,,09/30/2023,month-to-month,Bank transfer,18,100.88,1815.84,0
CUST-2003,  Male  ,44.0,01-Oct-2023,1 Year,Electronic check,44,41.76,1837.4399999999998,0
CUST-2004,F,45.0,2023-10-02,Two year,Mailed check,52,67.4,3504.8,0
CUST-2005,  Male  ,39.0,10/03/2023,Two year,Bank transfer,49,97.12,4758.88,0
CUST-2006,M,39.0,10/04/2023,One year,Bank transfer,30,87.57,2627.1,0
CUST-2007,  Male  ,,05-Oct-2023,Two year,Mailed check,52,79.16,4116.32,0
CUST-2008,  Male  ,52.0,2023-10-06,1 Year,Electronic check,37,52.37,1937.6899999999998,0
CUST-2009,  Male  ,23.0,2023-10-07,Two year,Bank transfer,63,80.92,5097.96,0
CUST-2010,Male,43.0,10/08/2023,month-to-month,Mailed check,12,81.21,974.52,0
CUST-2011,M,30.0,10/09/2023,One year,Mailed check,17,63.24,1075.08,0
CUST-2012,M,29.0,10-Oct-2023,month-to-month, ,34,116.03,3945.02,1
CUST-2013,female,54.0,2023-10-11,1 Year,Bank transfer,28,85.31,2388.6800000000003,1
CUST-2014,F,28.0,10/12/2023,1 Year, ,4,105.07,420.28,1
CUST-2015,  Male  ,38.0,INVALID_DATE,Two year,Credit card,46,32.9,1513.3999999999999,0
CUST-2016,Female,64.0,2023-10-14,Month-to-month, ,14,95.68,1339.52,0
CUST-2017,F,50.0,INVALID_DATE,Month-to-month,Mailed check,13,80.19,1042.47,1
CUST-2018,F,35.0,10/16/2023,1 Year,Bank transfer,58,50.83,2948.14,0
CUST-2019,M,36.0,17-Oct-2023,1 Year,Bank transfer,49,33.64,1648.3600000000001,0
CUST-2020,F,25.0,10/18/2023,One year,Credit card,50,57.96,2898.0,0
CUST-2021,  Male  ,56.0,10/19/2023,1 Year,Bank transfer,67,64.14,4297.38,0
CUST-2022,  Male  ,52.0,INVALID_DATE,1 Year,Bank transfer,21,34.08,715.68,0
CUST-2023,Male,48.0,10/21/2023,One year,Electronic check,51,87.01,4437.51,0
CUST-2024,  Male  ,50.0,22-Oct-2023,month-to-month,Credit card,38,50.71,1926.98,0
CUST-2025,  Male  ,31.0,INVALID_DATE,month-to-month,Mailed check,26,100.6,,0
CUST-2026,M,21.0,INVALID_DATE,One year,Bank transfer,6,84.83,508.98,1
CUST-2027,  Male  ,47.0,25-Oct-2023,One year,Mailed check,18,51.05,918.9,0
CUST-2028,Male,51.0,INVALID_DATE,month-to-month,Bank transfer,6,56.0,336.0,1
CUST-2029,Female,59.0,27-Oct-2023,month-to-month,Electronic check,41,114.21,,1
CUST-2030,M,38.0,INVALID_DATE,month-to-month,Credit card,57,114.81,6544.17,0
CUST-2031,Female,36.0,10/29/2023,month-to-month,Credit card,50,61.84,3092.0,0
CUST-2032,M,37.0,10/30/2023,Two year,Mailed check,25,87.92,2198.0,1
CUST-2033,female,48.0,2023-10-31,One year,Electronic check,48,118.0,5664.0,0
CUST-2034,F,37.0,INVALID_DATE,Month-to-month,Mailed check,24,119.41,2865.84,1
CUST-2035,female,39.0,02-Nov-2023,Two year,Electronic check,30,27.21,816.3000000000001,0
CUST-2036,  Male  ,,03-Nov-2023,Month-to-month,Bank transfer,45,75.35,3390.7499999999995,1
CUST-2037,Female,32.0,INVALID_DATE,Month-to-month,Bank transfer,43,92.66,3984.3799999999997,0
CUST-2038,  Male  ,57.0,11/05/2023,1 Year,Electronic check,56,38.69,2166.64,0
CUST-2039,F,48.0,06-Nov-2023,One year,Bank transfer,70,102.19,7153.3,0
CUST-2040,M,,2023-11-07,Two year,Credit card,33,66.85,2206.0499999999997,1
CUST-2041,F,34.0,08-Nov-2023,One year,Electronic check,45,69.78,3140.1,0
CUST-2042,Male,,09-Nov-2023,month-to-month,Electronic check,7,47.43,332.01,0
CUST-2043,F,38.0,10-Nov-2023,One year, ,18,50.01,900.18,0
CUST-2044,Male,34.0,2023-11-11,Month-to-month, ,70,28.42,,0
CUST-2045,F,50.0,2023-11-12,month-to-month,Mailed check,45,113.15,5091.75,0
CUST-2046,Male,29.0,13-Nov-2023,One year,Electronic check,37,58.19,2153.0299999999997,1
CUST-2047,Female,45.0,2023-11-14,One year,Credit card,21,36.22,760.62,0
CUST-2048,  Male  ,,11/15/2023,Month-to-month,Credit card,44,34.24,1506.5600000000002,0
CUST-2049,  Male  ,,16-Nov-2023,month-to-month,Credit card,30,60.74,1822.2,0
CUST-2050,female,54.0,2023-11-17,Month-to-month,Mailed check,11,83.22,915.42,1
CUST-2051,  Male  ,,2023-11-18,One year,Mailed check,8,97.78,782.24,1
CUST-2052,M,41.0,2023-11-19,Two year,Bank transfer,5,112.46,562.3,1
CUST-2053,F,45.0,11/20/2023,Two year,Mailed check,8,83.57,668.56,1
CUST-2054,female,29.0,2023-11-21,1 Year,Mailed check,5,62.07,Unknown,0
CUST-2055,M,28.0,INVALID_DATE,Two year,Credit card,10,62.19,621.9,0
CUST-2056,M,52.0,INVALID_DATE,month-to-month,Electronic check,15,77.44,1161.6,0
CUST-2057,Male,,11/24/2023,1 Year,Mailed check,56,73.8,4132.8,0
CUST-2058,  Male  ,,11/25/2023,month-to-month,Bank transfer,55,84.08,4624.4,0
CUST-2059,Female,24.0,2023-11-26,Two year,Electronic check,3,70.34,211.02,0
CUST-2060,Female,32.0,11/27/2023,Two year,Mailed check,41,25.9,1061.8999999999999,0
CUST-2061,female,38.0,2023-11-28,One year,Electronic check,10,70.07,700.6999999999999,1
CUST-2062,Female,35.0,2023-11-29,month-to-month,Electronic check,7,22.25,155.75,0
CUST-2063,F,,2023-11-30,Month-to-month,Electronic check,63,38.06,2397.78,0
CUST-2064,Female,51.0,INVALID_DATE,One year,Electronic check,63,58.74,3700.6200000000003,0
CUST-2065,female,46.0,INVALID_DATE,month-to-month,Electronic check,26,75.13,1953.3799999999999,0
CUST-2066,Female,46.0,03-Dec-2023,1 Year,Mailed check,34,38.48,,0
CUST-2067,F,11.0,12/04/2023,month-to-month,Electronic check,39,47.63,1857.5700000000002,1
CUST-2068,Male,21.0,INVALID_DATE,1 Year,Electronic check,60,57.42,3445.2000000000003,0
CUST-2069,female,30.0,12/06/2023,1 Year,Bank transfer,69,39.72,2740.68,0
CUST-2070,Male,32.0,2023-12-07,Two year,Bank transfer,26,119.88,3116.88,0
CUST-2071,Male,50.0,12/08/2023,Month-to-month,Electronic check,62,100.47,6229.14,0
CUST-2072,Male,29.0,2023-12-09,month-to-month,Mailed check,10,101.09,1010.9000000000001,0
CUST-2073,M,48.0,12/10/2023,Month-to-month,Bank transfer,54,76.89,4152.06,0
CUST-2074,  Male  ,31.0,INVALID_DATE,1 Year,Bank transfer,31,116.13,3600.0299999999997,1
CUST-2075,M,26.0,12/12/2023,Two year, ,38,93.22,3542.36,0
CUST-2076,  Male  ,26.0,2023-12-13,Month-to-month, ,25,53.09,1327.25,0
CUST-2077,Male,67.0,INVALID_DATE,One year,Credit card,65,81.05,,0
CUST-2078,female,30.0,2023-12-15,1 Year,Mailed check,50,74.37,3718.5,1
CUST-2079,  Male  ,48.0,2023-12-16,One year,Bank transfer,24,78.03,1872.72,0
CUST-2080,F,21.0,INVALID_DATE,Month-to-month,Bank transfer,27,101.77,2747.79,1
CUST-2081,F,57.0,12/18/2023,Month-to-month,Bank transfer,50,70.96,3547.9999999999995,1
CUST-2082,Female,,19-Dec-2023,Month-to-month,Bank transfer,50,92.86,,0
CUST-2083,  Male  ,43.0,20-Dec-2023,month-to-month,Bank transfer,15,45.06,675.9000000000001,1
CUST-2084,female,45.0,12/21/2023,1 Year,Electronic check,17,113.21,,1
CUST-2085,M,46.0,12/22/2023,1 Year,Electronic check,29,28.64,830.5600000000001,0
CUST-2086,Male,50.0,INVALID_DATE,1 Year,Electronic check,5,119.36,596.8,1
CUST-2087,Female,33.0,2023-12-24,month-to-month,Bank transfer,11,83.27,,0
CUST-2088,F,32.0,INVALID_DATE,Month-to-month,Electronic check,52,67.0,3484.0,0
CUST-2089,M,41.0,INVALID_DATE,Month-to-month,Bank transfer,34,51.08,1736.72,0
CUST-2090,M,48.0,2023-12-27,One year,Mailed check,33,60.51,1996.83,0
CUST-2091,Male,39.0,2023-12-28,month-to-month,Credit card,49,98.24,4813.759999999999,0
CUST-2092,  Male  ,49.0,12/29/2023,Two year,Mailed check,31,33.94,1052.1399999999999,0
CUST-2093,F,47.0,2023-12-30,month-to-month,Credit card,18,45.27,814.86,0
CUST-2094,female,37.0,2023-12-31,One year,Electronic check,5,32.37,161.85,0
CUST-2095,M,19.0,01/01/2024,One year,Credit card,30,62.67,1880.1000000000001,0
CUST-2096,Male,34.0,INVALID_DATE,One year,Mailed check,45,58.72,2642.4,0
CUST-2097,female,61.0,03-Jan-2024,Month-to-month,Mailed check,38,84.88,3225.4399999999996,0
CUST-2098,  Male  ,44.0,2024-01-04,Two year,Credit card,29,119.57,,1
CUST-2099,F,32.0,INVALID_DATE,One year,Mailed check,36,109.24,3932.64,0
CUST-2100,  Male  ,43.0,INVALID_DATE,1 Year,Electronic check,9,108.04,972.36,0
CUST-2101,M,48.0,07-Jan-2024,Month-to-month,Mailed check,23,84.57,1945.11,1
CUST-2102,female,32.0,2024-01-08,Two year,Credit card,3,47.06,141.18,0
CUST-2103,female,55.0,INVALID_DATE,1 Year,Electronic check,56,58.41,3270.96,0
CUST-2104,female,46.0,INVALID_DATE,Two year,Credit card,40,45.01,1800.3999999999999,0
CUST-2105,M,27.0,2024-01-11,Two year,Bank transfer,56,33.51,1876.56,0
CUST-2106,M,50.0,2024-01-12,1 Year,Bank transfer,58,63.6,3688.8,0
CUST-2107,  Male  ,35.0,INVALID_DATE,month-to-month,Electronic check,31,109.75,3402.25,0
CUST-2108,Female,,01/14/2024,Two year,Electronic check,11,94.38,1038.1799999999998,1
CUST-2109,  Male  ,28.0,01/15/2024,month-to-month, ,42,118.48,4976.16,0
CUST-2110,F,48.0,INVALID_DATE,Two year,Credit card,3,39.48,118.44,0
CUST-2111,Male,38.0,2024-01-17,1 Year,Bank transfer,57,70.05,3992.85,0
CUST-2112,female,48.0,2024-01-18,Two year,Mailed check,14,99.3,1390.2,1
CUST-2113,Female,,01/19/2024,One year,Bank transfer,46,66.05,3038.2999999999997,0
CUST-2114,Male,32.0,01/20/2024,One year,Mailed check,19,55.51,1054.69,1
CUST-2115,Female,31.0,21-Jan-2024,Two year,Mailed check,60,101.59,6095.400000000001,0
CUST-2116,  Male  ,45.0,01/22/2024,1 Year,Bank transfer,31,63.03,,0
CUST-2117,M,32.0,2024-01-23,1 Year,Mailed check,36,111.3,4006.7999999999997,1
CUST-2118,female,38.0,01/24/2024,Month-to-month,Bank transfer,32,46.84,1498.88,1
CUST-2119,  Male  ,34.0,INVALID_DATE,1 Year,Electronic check,63,109.65,6907.950000000001,0
CUST-2120,Male,45.0,26-Jan-2024,month-to-month,Credit card,26,47.85,1244.1000000000001,1
CUST-2121,Male,19.0,27-Jan-2024,Two year, ,65,48.96,3182.4,0
CUST-2122,Male,43.0,2024-01-28,One year,Bank transfer,2,62.06,,1
CUST-2123,Male,61.0,INVALID_DATE,1 Year,Bank transfer,70,71.58,5010.599999999999,0
CUST-2124,Male,55.0,01/30/2024,One year,Credit card,45,61.82,,0
CUST-2125,Female,33.0,31-Jan-2024,Month-to-month,Credit card,25,106.21,,0
CUST-2126,  Male  ,46.0,01-Feb-2024,Two year,Credit card,40,99.56,3982.4,0
CUST-2127,female,44.0,INVALID_DATE,1 Year,Mailed check,18,50.99,917.82,0
CUST-2128,M,58.0,03-Feb-2024,One year, ,12,71.15,853.8000000000001,0
CUST-2129,M,10.0,INVALID_DATE,1 Year,Mailed check,24,63.1,1514.4,0
CUST-2130,  Male  ,53.0,2024-02-05,Month-to-month,Mailed check,43,25.61,1101.23,0
CUST-2131,  Male  ,37.0,06-Feb-2024,One year,Electronic check,32,94.81,3033.92,0
CUST-2132,M,31.0,02/07/2024,One year,Credit card,47,38.17,1793.99,0
CUST-2133,M,31.0,INVALID_DATE,Two year,Electronic check,45,113.41,5103.45,0
CUST-2134,Female,24.0,2024-02-09,Two year,Electronic check,35,59.78,2092.3,0
CUST-2135,F,33.0,02/10/2024,One year,Mailed check,9,82.23,740.07,0
CUST-2136,female,27.0,INVALID_DATE,Two year,Mailed check,10,101.83,1018.3,1
CUST-2137,Male,42.0,02/12/2024,One year,Bank transfer,65,38.03,2471.9500000000003,0
CUST-2138,F,47.0,13-Feb-2024,month-to-month,Electronic check,59,74.11,4372.49,0
CUST-2139,  Male  ,37.0,2024-02-14,1 Year,Credit card,57,43.74,2493.1800000000003,0
CUST-2140,M,58.0,INVALID_DATE,month-to-month,Electronic check,10,70.97,709.7,1
CUST-2141,F,33.0,INVALID_DATE,month-to-month,Bank transfer,19,77.94,1480.86,0
CUST-2142,female,36.0,2024-02-17,1 Year,Electronic check,50,36.91,1845.4999999999998,0
CUST-2143,  Male  ,34.0,02/18/2024,One year,Electronic check,68,78.08,5309.44,0
CUST-2144,Male,47.0,2024-02-19,One year,Electronic check,5,65.49,327.45,1
CUST-2145,Male,48.0,2024-02-20,Two year,Bank transfer,29,72.2,2093.8,0
CUST-2146,female,46.0,2024-02-21,Month-to-month,Electronic check,5,110.5,552.5,1
CUST-2147,female,39.0,2024-02-22,One year,Mailed check,60,68.38,4102.799999999999,0
CUST-2148,M,24.0,23-Feb-2024,1 Year,Electronic check,65,67.61,4394.65,0
CUST-2149,Male,36.0,INVALID_DATE,Month-to-month,Mailed check,28,67.04,1877.1200000000001,1
CUST-2150,  Male  ,58.0,02/25/2024,1 Year,Electronic check,1,82.31,,0
CUST-2151,F,52.0,02/26/2024,1 Year,Mailed check,29,56.75,,0
CUST-2152,  Male  ,44.0,2024-02-27,1 Year,Electronic check,51,100.14,5107.14,0
CUST-2153,Female,35.0,2024-02-28,Month-to-month,Credit card,36,48.61,1749.96,0
CUST-2154,Female,40.0,02/29/2024,month-to-month,Mailed check,32,49.95,1598.4,0
CUST-2155,female,35.0,03/01/2024,1 Year,Credit card,64,78.88,5048.32,0
CUST-2156,M,54.0,02-Mar-2024,Two year,Mailed check,14,45.99,,1
CUST-2157,Female,,2024-03-03,One year,Electronic check,32,28.99,927.68,0
CUST-2158,Male,51.0,03/04/2024,One year,Bank transfer,9,40.56,365.04,0
CUST-2159,  Male  ,34.0,INVALID_DATE,One year,Electronic check,11,111.37,1225.0700000000002,0
CUST-2160,  Male  ,56.0,06-Mar-2024,Month-to-month,Bank transfer,48,21.07,,0
CUST-2161,female,,07-Mar-2024,Two year,Credit card,51,33.35,1700.8500000000001,0
CUST-2162,F,31.0,2024-03-08,Two year,Bank transfer,4,95.8,383.2,0
CUST-2163,female,36.0,09-Mar-2024,Two year,Bank transfer,41,117.99,4837.59,0
CUST-2164,F,49.0,10-Mar-2024,Two year,Bank transfer,25,88.82,2220.5,0
CUST-2165,female,34.0,INVALID_DATE,Two year, ,17,112.23,1907.91,1
CUST-2166,female,40.0,12-Mar-2024,month-to-month,Credit card,47,105.52,4959.44,0
CUST-2167,female,34.0,INVALID_DATE,Two year,Bank transfer,8,68.0,544.0,0
CUST-2168,F,61.0,14-Mar-2024,Two year,Electronic check,58,53.35,,0
CUST-2169,F,63.0,15-Mar-2024,Month-to-month, ,1,83.22,83.22,1
CUST-2170,female,58.0,2024-03-16,Month-to-month,Mailed check,2,73.36,146.72,1
CUST-2171,Female,39.0,2024-03-17,Two year,Electronic check,10,22.58,,0
CUST-2172,M,,2024-03-18,month-to-month, ,27,115.73,3124.71,1
CUST-2173,M,31.0,2024-03-19,Two year,Electronic check,13,77.02,1001.26,0
CUST-2174,M,58.0,03/20/2024,Two year,Electronic check,63,107.45,6769.35,0
CUST-2175,F,51.0,2024-03-21,Two year,Bank transfer,11,93.46,1028.06,0
CUST-2176,F,52.0,2024-03-22,1 Year,Bank transfer,14,54.08,757.12,0
CUST-2177,Female,37.0,2024-03-23,month-to-month,Credit card,26,110.12,2863.12,0
CUST-2178,M,19.0,24-Mar-2024,One year,Credit card,69,99.04,6833.76,0
CUST-2179,M,22.0,25-Mar-2024,Two year,Mailed check,39,62.98,2456.22,0
CUST-2180,female,41.0,26-Mar-2024,One year,Credit card,28,104.05,2913.4,0
CUST-2181,F,34.0,2024-03-27,month-to-month,Electronic check,17,47.16,,0
CUST-2182,M,32.0,INVALID_DATE,Two year,Mailed check,37,87.07,3221.5899999999997,1
CUST-2183,  Male  ,,03/29/2024,One year,Mailed check,27,31.46,849.4200000000001,0
CUST-2184,Female,52.0,INVALID_DATE,One year,Bank transfer,67,106.58,7140.86,0
CUST-2185,  Male  ,32.0,INVALID_DATE,month-to-month,Bank transfer,68,92.94,6319.92,0
CUST-2186,  Male  ,24.0,INVALID_DATE,Two year,Mailed check,47,35.26,1657.2199999999998,0
CUST-2187,Female,32.0,INVALID_DATE,1 Year,Bank transfer,34,22.13,752.42,0
CUST-2188,  Male  ,27.0,04/03/2024,month-to-month,Bank transfer,18,58.99,1061.82,0
CUST-2189,M,47.0,INVALID_DATE,1 Year,Bank transfer,35,87.53,3063.55,0
CUST-2190,F,40.0,2024-04-05,Two year,Mailed check,18,48.31,869.58,1
CUST-2191,Female,63.0,INVALID_DATE,One year,Mailed check,70,117.33,8213.1,0
CUST-2192,female,49.0,04/07/2024,month-to-month,Mailed check,34,113.47,3857.98,1
CUST-2193,  Male  ,62.0,04/08/2024,month-to-month,Electronic check,33,79.79,2633.07,0
CUST-2194,Female,23.0,INVALID_DATE,month-to-month,Mailed check,43,51.56,2217.08,0
CUST-2195,Male,1.0,2024-04-10,Month-to-month,Bank transfer,27,109.63,2960.0099999999998,0
CUST-2196,Male,43.0,INVALID_DATE,Two year,Mailed check,48,100.35,4816.799999999999,1
CUST-2197,F,41.0,12-Apr-2024,Month-to-month,Electronic check,69,28.62,1974.78,0
CUST-2198,M,,04/13/2024,month-to-month,Bank transfer,71,67.63,4801.73,0
CUST-2199,F,41.0,INVALID_DATE,month-to-month, ,22,118.12,2598.6400000000003,0
CUST-2200,F,,15-Apr-2024,1 Year,Mailed check,34,65.39,2223.26,0
CUST-2201,F,47.0,2024-04-16,Month-to-month,Mailed check,43,113.29,4871.47,0
CUST-2202,F,49.0,17-Apr-2024,One year,Credit card,16,117.73,1883.68,0
CUST-2203,female,26.0,04/18/2024,Two year,Bank transfer,14,58.74,,1
CUST-2204,female,36.0,19-Apr-2024,One year,Mailed check,39,116.46,4541.94,1
CUST-2205,Female,36.0,20-Apr-2024,One year,Electronic check,71,33.79,2399.09,0
CUST-2206,Male,32.0,21-Apr-2024,Two year,Bank transfer,12,36.01,432.12,0
CUST-2207,F,26.0,2024-04-22,month-to-month,Mailed check,55,47.65,2620.75,0
CUST-2208,Female,40.0,2024-04-23,1 Year,Bank transfer,6,66.76,400.56000000000006,0
CUST-2209,Male,43.0,2024-04-24,month-to-month,Mailed check,40,38.1,1524.0,1
CUST-2210,  Male  ,33.0,2024-04-25,month-to-month,Credit card,13,54.02,702.26,1
CUST-2211,M,27.0,INVALID_DATE,Month-to-month,Mailed check,69,30.37,2095.53,0
CUST-2212,female,45.0,27-Apr-2024,One year,Bank transfer,24,63.0,1512.0,0
CUST-2213,  Male  ,31.0,04/28/2024,One year,Mailed check,59,102.75,6062.25,0
CUST-2214,Male,36.0,29-Apr-2024,One year,Mailed check,46,79.51,3657.46,0
CUST-2215,  Male  ,35.0,INVALID_DATE,1 Year,Bank transfer,44,101.02,4444.88,0
CUST-2216,M,55.0,01-May-2024,1 Year,Mailed check,11,33.57,369.27,0
CUST-2217,Male,31.0,02-May-2024,1 Year,Mailed check,61,59.94,3656.3399999999997,0
CUST-2218,  Male  ,61.0,05/03/2024,Two year,Bank transfer,36,23.93,,0
CUST-2219,female,,05/04/2024,1 Year,Credit card,10,57.0,570.0,0
CUST-2220,female,62.0,05/05/2024,Month-to-month,Electronic check,1,81.45,81.45,1
CUST-2221,Female,48.0,06-May-2024,Month-to-month,Electronic check,63,76.89,,0
CUST-2222,  Male  ,37.0,INVALID_DATE,month-to-month,Electronic check,12,26.03,312.36,0
CUST-2223,F,29.0,2024-05-08,month-to-month,Electronic check,5,26.21,131.05,0
CUST-2224,  Male  ,36.0,2024-05-09,month-to-month,Electronic check,36,50.51,1818.36,0
CUST-2225,Male,58.0,10-May-2024,month-to-month,Electronic check,17,97.14,1651.38,0
CUST-2226,Male,39.0,2024-05-11,Month-to-month,Bank transfer,58,22.06,1279.48,0
CUST-2227,  Male  ,48.0,2024-05-12,month-to-month,Bank transfer,22,81.59,1794.98,0
CUST-2228,M,42.0,13-May-2024,Month-to-month,Bank transfer,31,38.37,,0
CUST-2229,female,43.0,14-May-2024,1 Year, ,26,114.43,2975.1800000000003,1
CUST-2230,Male,,INVALID_DATE,1 Year,Credit card,13,63.02,,0
CUST-2231,female,46.0,2024-05-16,Two year,Credit card,63,24.79,1561.77,0
CUST-2232,Male,30.0,17-May-2024,month-to-month,Electronic check,67,91.36,6121.12,0
CUST-2233,Female,37.0,2024-05-18,1 Year,Electronic check,63,68.46,4312.98,0
CUST-2234,F,44.0,05/19/2024,1 Year, ,11,108.12,1189.3200000000002,1
CUST-2235,Male,42.0,05/20/2024,One year,Credit card,69,85.18,5877.42,0
CUST-2236,female,34.0,INVALID_DATE,One year,Mailed check,64,89.25,,0
CUST-2237,Female,,22-May-2024,Month-to-month,Mailed check,68,96.73,6577.64,0
CUST-2238,Male,31.0,2024-05-23,Two year,Bank transfer,32,62.04,1985.28,0
CUST-2239,M,25.0,05/24/2024,One year,Electronic check,10,99.25,992.5,1
CUST-2240,F,44.0,25-May-2024,Two year,Credit card,54,25.06,1353.24,0
CUST-2241,Male,26.0,05/26/2024,1 Year,Mailed check,55,96.55,5310.25,0
CUST-2242,Female,43.0,05/27/2024,Month-to-month,Electronic check,62,83.63,5185.0599999999995,0
CUST-2243,M,17.0,28-May-2024,Two year,Credit card,55,76.67,4216.85,0
CUST-2244,  Male  ,31.0,05/29/2024,One year,Mailed check,35,51.82,1813.7,0
CUST-2245,Female,,30-May-2024,1 Year,Electronic check,67,31.41,2104.47,0
CUST-2246,Female,21.0,INVALID_DATE,month-to-month,Mailed check,65,84.72,5506.8,0
CUST-2247,M,36.0,01-Jun-2024,1 Year,Electronic check,17,67.17,1141.89,0
CUST-2248,Female,54.0,06/02/2024,One year,Electronic check,42,41.78,1754.76,0
CUST-2249,M,25.0,06/03/2024,One year,Electronic check,59,24.34,1436.06,0
CUST-2250,Male,36.0,2024-06-04,month-to-month,Credit card,70,73.88,5171.599999999999,0
CUST-2251,M,60.0,INVALID_DATE,1 Year,Bank transfer,11,32.63,358.93,0
CUST-2252,M,27.0,06/06/2024,Two year,Electronic check,28,112.94,3162.3199999999997,1
CUST-2253,F,57.0,INVALID_DATE,Two year,Electronic check,39,35.06,1367.3400000000001,0
CUST-2254,M,37.0,2024-06-08,1 Year,Mailed check,54,23.2,1252.8,0
CUST-2255,M,41.0,INVALID_DATE,Two year,Mailed check,11,46.2,508.20000000000005,1
CUST-2256,  Male  ,55.0,10-Jun-2024,1 Year,Credit card,58,37.5,,0
CUST-2257,Male,,INVALID_DATE,1 Year,Bank transfer,40,99.12,3964.8,0
CUST-2258,F,48.0,06/12/2024,One year,Mailed check,4,48.93,195.72,0
CUST-2259,  Male  ,51.0,06/13/2024,Month-to-month,Credit card,64,44.52,2849.28,0
CUST-2260,female,32.0,14-Jun-2024,One year,Credit card,48,119.48,5735.04,0
CUST-2261,Male,31.0,06/15/2024,Two year,Credit card,70,35.01,2450.7,0
CUST-2262,Male,37.0,2024-06-16,Month-to-month,Electronic check,31,28.5,883.5,0
CUST-2263,female,38.0,06/17/2024,1 Year,Bank transfer,2,50.56,101.12,1
CUST-2264,M,27.0,2024-06-18,Two year,Bank transfer,43,60.51,,0
CUST-2265,  Male  ,32.0,INVALID_DATE,month-to-month,Bank transfer,41,96.04,3937.6400000000003,0
CUST-2266,Female,-2.0,INVALID_DATE,Two year,Electronic check,60,115.54,6932.400000000001,0
CUST-2267,F,36.0,06/21/2024,Month-to-month,Electronic check,46,96.37,4433.02,0
CUST-2268,Female,51.0,06/22/2024,Month-to-month,Mailed check,40,92.66,3706.3999999999996,1
CUST-2269,female,20.0,23-Jun-2024,1 Year,Mailed check,59,119.14,7029.26,1
CUST-2270,Male,34.0,INVALID_DATE,month-to-month,Mailed check,45,96.54,4344.3,1
CUST-2271,Male,69.0,2024-06-25,1 Year,Credit card,42,33.95,1425.9,0
CUST-2272,F,40.0,26-Jun-2024,month-to-month,Bank transfer,21,66.15,1389.15,0
CUST-2273,Male,56.0,27-Jun-2024,month-to-month,Electronic check,3,70.35,211.04999999999998,1
CUST-2274,Male,28.0,INVALID_DATE,1 Year,Mailed check,66,50.48,3331.68,0
CUST-2275,F,,29-Jun-2024,Two year,Credit card,11,36.43,400.73,1
CUST-2276,  Male  ,26.0,2024-06-30,One year,Electronic check,24,91.17,2188.08,0
CUST-2277,  Male  ,45.0,01-Jul-2024,month-to-month,Credit card,50,47.75,,0
CUST-2278,F,50.0,2024-07-02,Month-to-month,Credit card,21,82.47,1731.87,1
CUST-2279,female,47.0,2024-07-03,1 Year,Credit card,25,52.26,1306.5,0
CUST-2280,Male,36.0,07/04/2024,Two year,Bank transfer,4,70.62,282.48,0
CUST-2281,Male,43.0,INVALID_DATE,month-to-month,Electronic check,43,53.71,2309.53,0
CUST-2282,female,43.0,INVALID_DATE,Two year,Electronic check,47,61.18,2875.46,0
CUST-2283,  Male  ,48.0,INVALID_DATE,1 Year,Credit card,23,93.21,2143.83,0
CUST-2284,M,39.0,INVALID_DATE,Month-to-month,Bank transfer,60,108.38,6502.799999999999,0
CUST-2285,M,51.0,2024-07-09,month-to-month,Credit card,21,70.87,1488.27,0
CUST-2286,M,57.0,INVALID_DATE,month-to-month,Mailed check,66,81.03,5347.9800000000005,0
CUST-2287,  Male  ,36.0,INVALID_DATE,Two year,Electronic check,51,106.44,5428.44,0
CUST-2288,  Male  ,41.0,2024-07-12,1 Year,Electronic check,15,34.32,,0
CUST-2289,female,29.0,07/13/2024,One year,Bank transfer,58,36.22,,0
CUST-2290,Male,44.0,INVALID_DATE,month-to-month,Electronic check,26,55.92,1453.92,0
CUST-2291,female,44.0,15-Jul-2024,Month-to-month,Electronic check,59,50.91,3003.6899999999996,0
CUST-2292,female,41.0,07/16/2024,month-to-month,Electronic check,45,118.64,,1
CUST-2293,  Male  ,42.0,07/17/2024,month-to-month,Bank transfer,66,76.41,5043.0599999999995,0
CUST-2294,M,63.0,07/18/2024,One year,Credit card,35,72.39,2533.65,0
CUST-2295,Female,5.0,INVALID_DATE,One year,Electronic check,64,77.87,4983.68,0
CUST-2296,Male,34.0,2024-07-20,1 Year,Credit card,27,107.52,2903.04,0
CUST-2297,  Male  ,36.0,INVALID_DATE,month-to-month,Bank transfer,31,44.35,1374.8500000000001,0
CUST-2298,M,57.0,INVALID_DATE,month-to-month,Credit card,12,71.1,853.1999999999999,1
CUST-2299,Female,46.0,07/23/2024,Two year,Mailed check,45,47.1,2119.5,0
CUST-2300,Female,46.0,2024-07-24,Two year,Electronic check,32,98.06,,1
CUST-2301,  Male  ,55.0,INVALID_DATE,Month-to-month,Bank transfer,54,97.71,5276.339999999999,0
CUST-2302,F,38.0,INVALID_DATE,Month-to-month,Bank transfer,66,115.74,7638.839999999999,1
CUST-2303,Male,48.0,INVALID_DATE,Two year,Credit card,32,64.68,,0
CUST-2304,Female,34.0,INVALID_DATE,Month-to-month,Electronic check,15,35.87,538.05,0
CUST-2305,  Male  ,27.0,2024-07-29,month-to-month,Bank transfer,55,109.64,6030.2,0
CUST-2306,  Male  ,62.0,2024-07-30,One year,Mailed check,41,109.06,4471.46,0
CUST-2307,M,44.0,2024-07-31,month-to-month,Credit card,40,43.47,1738.8,0
CUST-2308,F,48.0,01-Aug-2024,Two year,Mailed check,49,47.63,2333.8700000000003,0
CUST-2309,Male,27.0,2024-08-02,1 Year,Mailed check,38,51.34,1950.92,0
CUST-2310,female,46.0,2024-08-03,1 Year,Credit card,56,65.18,3650.0800000000004,0
CUST-2311,M,61.0,08/04/2024,Two year,Mailed check,34,102.9,3498.6000000000004,0
CUST-2312,Female,37.0,INVALID_DATE,month-to-month, ,1,34.44,34.44,0
CUST-2313,Female,25.0,INVALID_DATE,Month-to-month,Credit card,10,90.04,900.4000000000001,1
CUST-2314,M,42.0,08/07/2024,Month-to-month,Bank transfer,40,55.28,2211.2,0
CUST-2315,  Male  ,28.0,2024-08-08,1 Year,Bank transfer,16,39.57,633.12,0
CUST-2316,Female,21.0,INVALID_DATE,Two year,Mailed check,46,53.84,2476.6400000000003,0
CUST-2317,F,31.0,10-Aug-2024,Two year,Mailed check,24,73.33,1759.92,1
CUST-2318,Male,34.0,11-Aug-2024,One year,Mailed check,14,112.14,1569.96,0
CUST-2319,F,28.0,08/12/2024,1 Year,Mailed check,39,82.83,3230.37,0
CUST-2320,Female,56.0,13-Aug-2024,Two year,Mailed check,18,80.71,1452.78,1
CUST-2321,female,63.0,08/14/2024,One year,Bank transfer,41,30.87,,1
CUST-2322,Male,,15-Aug-2024,Month-to-month,Mailed check,56,27.98,1566.88,0
CUST-2323,Male,45.0,16-Aug-2024,1 Year,Mailed check,36,32.95,1186.2,0
CUST-2324,M,38.0,17-Aug-2024,1 Year,Electronic check,24,29.55,709.2,0
CUST-2325,M,29.0,08/18/2024,Two year,Credit card,29,77.64,2251.56,0
CUST-2326,female,59.0,INVALID_DATE,Two year,Credit card,22,65.26,1435.72,0
CUST-2327,  Male  ,39.0,08/20/2024,month-to-month,Bank transfer,11,20.5,225.5,0
CUST-2328,Male,34.0,2024-08-21,Month-to-month,Credit card,41,55.11,2259.5099999999998,0
CUST-2329,female,52.0,2024-08-22,Month-to-month,Mailed check,49,32.74,1604.26,0
CUST-2330,M,39.0,23-Aug-2024,One year,Credit card,11,118.81,1306.91,1
CUST-2331,M,,24-Aug-2024,One year, ,52,66.02,3433.04,0
CUST-2332,Male,35.0,INVALID_DATE,month-to-month,Credit card,67,62.61,4194.87,0
CUST-2333,F,52.0,INVALID_DATE,Month-to-month,Credit card,8,84.42,,1
CUST-2334,Female,52.0,INVALID_DATE,One year,Electronic check,31,55.71,,0
CUST-2335,M,56.0,28-Aug-2024,Month-to-month,Electronic check,6,91.55,,0
CUST-2336,  Male  ,31.0,08/29/2024,Month-to-month,Mailed check,71,110.48,7844.08,0
CUST-2337,  Male  ,39.0,30-Aug-2024,One year, ,13,69.89,908.57,0
CUST-2338,M,63.0,2024-08-31,Two year,Mailed check,6,58.29,349.74,0
CUST-2339,F,37.0,01-Sep-2024,Two year,Credit card,67,72.19,,0
CUST-2340,F,50.0,INVALID_DATE,One year,Mailed check,27,80.36,2169.72,0
CUST-2341,female,67.0,2024-09-03,month-to-month,Mailed check,45,104.77,4714.65,1
CUST-2342,  Male  ,18.0,04-Sep-2024,1 Year,Credit card,26,59.45,1545.7,0
CUST-2343,female,37.0,INVALID_DATE,Month-to-month,Electronic check,4,25.14,100.56,0
CUST-2344,  Male  ,40.0,06-Sep-2024,1 Year,Bank transfer,37,83.07,,0
CUST-2345,Female,18.0,07-Sep-2024,One year,Mailed check,21,118.69,2492.49,1
CUST-2346,Female,35.0,INVALID_DATE,Month-to-month,Bank transfer,28,105.42,2951.76,0
CUST-2347,Male,28.0,2024-09-09,1 Year,Credit card,32,95.83,3066.56,0
CUST-2348,female,50.0,2024-09-10,Two year,Mailed check,53,37.65,1995.4499999999998,0
CUST-2349,M,19.0,09/11/2024,month-to-month,Credit card,33,94.86,3130.38,0
CUST-2350,female,63.0,2024-09-12,1 Year,Mailed check,26,28.15,731.9,0
CUST-2351,M,48.0,13-Sep-2024,month-to-month,Electronic check,17,69.39,,0
CUST-2352,F,27.0,INVALID_DATE,Two year,Mailed check,56,57.09,3197.04,0
CUST-2353,female,52.0,2024-09-15,1 Year,Mailed check,30,110.53,,0
CUST-2354,F,47.0,16-Sep-2024,One year,Mailed check,5,35.98,179.89999999999998,1
CUST-2355,Female,40.0,17-Sep-2024,Month-to-month,Credit card,6,98.89,593.34,1
CUST-2356,Female,31.0,2024-09-18,Two year,Electronic check,62,24.85,1540.7,0
CUST-2357,Male,47.0,INVALID_DATE,month-to-month,Credit card,10,90.18,901.8000000000001,0
CUST-2358,female,41.0,INVALID_DATE,month-to-month,Bank transfer,70,49.38,3456.6000000000004,1
CUST-2359,F,32.0,09/21/2024,Two year, ,10,117.59,1175.9,0
CUST-2360,M,24.0,INVALID_DATE,One year,Mailed check,44,87.17,,0
CUST-2361,Female,30.0,INVALID_DATE,One year,Mailed check,56,50.89,2849.84,0
CUST-2362,Female,34.0,2024-09-24,month-to-month,Mailed check,4,43.55,174.2,0
CUST-2363,M,54.0,2024-09-25,Two year,Bank transfer,13,83.93,1091.0900000000001,1
CUST-2364,F,50.0,26-Sep-2024,Two year, ,19,47.27,898.1300000000001,0
CUST-2365,F,35.0,2024-09-27,Month-to-month,Mailed check,70,38.68,2707.6,0
CUST-2366,female,35.0,09/28/2024,month-to-month,Mailed check,62,84.77,,0
CUST-2367,female,52.0,29-Sep-2024,One year,Bank transfer,9,92.43,831.8700000000001,1
CUST-2368,  Male  ,43.0,INVALID_DATE,1 Year,Credit card,46,43.8,2014.8,0
CUST-2369,  Male  ,43.0,2024-10-01,One year,Electronic check,56,73.59,4121.04,0
CUST-2370,Male,,10/02/2024,One year,Electronic check,40,86.36,,0
CUST-2371,Female,39.0,03-Oct-2024,1 Year,Bank transfer,67,114.19,7650.73,0
CUST-2372,female,40.0,10/04/2024,month-to-month,Bank transfer,62,100.34,6221.08,0
CUST-2373,F,39.0,10/05/2024,Month-to-month,Credit card,46,62.08,2855.68,0
CUST-2374,M,49.0,INVALID_DATE,One year,Mailed check,6,104.44,626.64,1
CUST-2375,F,49.0,07-Oct-2024,One year,Bank transfer,29,64.17,1860.93,0
CUST-2376,Female,29.0,2024-10-08,month-to-month,Credit card,19,33.01,627.1899999999999,0
CUST-2377,  Male  ,34.0,INVALID_DATE,month-to-month,Bank transfer,15,54.11,811.65,1
CUST-2378,F,32.0,10/10/2024,Two year, ,57,100.47,5726.79,0
CUST-2379,Male,57.0,11-Oct-2024,month-to-month, ,38,115.58,4392.04,0
CUST-2380,Female,67.0,INVALID_DATE,month-to-month,Mailed check,21,118.36,2485.56,1
CUST-2381,  Male  ,34.0,2024-10-13,One year,Credit card,51,83.91,4279.41,0
CUST-2382,M,38.0,10/14/2024,Month-to-month,Electronic check,39,67.83,2645.37,0
CUST-2383,  Male  ,50.0,15-Oct-2024,One year,Credit card,20,36.21,724.2,1
CUST-2384,Male,32.0,INVALID_DATE,month-to-month,Electronic check,2,30.25,60.5,0
CUST-2385,Female,,INVALID_DATE,Two year,Credit card,32,71.85,,0
CUST-2386,M,40.0,10/18/2024,Month-to-month,Electronic check,4,92.78,371.12,0
CUST-2387,Male,19.0,INVALID_DATE,Two year,Credit card,7,52.39,366.73,0
CUST-2388,  Male  ,24.0,2024-10-20,1 Year,Mailed check,3,87.47,262.40999999999997,1
CUST-2389,Male,36.0,2024-10-21,Two year,Electronic check,25,77.08,,1
CUST-2390,Female,55.0,2024-10-22,Two year,Electronic check,9,114.07,1026.6299999999999,1
CUST-2391,female,29.0,23-Oct-2024,month-to-month,Mailed check,26,40.96,1064.96,0
CUST-2392,Male,34.0,INVALID_DATE,month-to-month,Mailed check,64,79.11,5063.04,0
CUST-2393,Male,43.0,2024-10-25,month-to-month,Electronic check,18,61.38,1104.8400000000001,0
CUST-2394,  Male  ,20.0,2024-10-26,month-to-month, ,2,46.16,92.32,0
CUST-2395,  Male  ,44.0,27-Oct-2024,month-to-month,Electronic check,1,55.73,55.73,0
CUST-2396,M,21.0,INVALID_DATE,Two year,Bank transfer,48,49.45,2373.6000000000004,0
CUST-2397,  Male  ,47.0,2024-10-29,1 Year, ,63,72.76,,1
CUST-2398,F,30.0,2024-10-30,month-to-month,Mailed check,36,75.81,2729.16,0
CUST-2399,Female,29.0,2024-10-31,1 Year,Mailed check,63,106.55,6712.65,0
CUST-2400,Female,43.0,01-Nov-2024,1 Year,Credit card,26,98.13,2551.38,0
CUST-2401,female,,INVALID_DATE,One year,Mailed check,6,50.25,301.5,0
CUST-2402,female,45.0,2024-11-03,One year,Mailed check,26,113.13,,0
CUST-2403,Female,42.0,11/04/2024,Month-to-month,Electronic check,43,106.84,4594.12,0
CUST-2404,female,,05-Nov-2024,One year,Mailed check,1,82.59,82.59,0
CUST-2405,M,45.0,11/06/2024,month-to-month,Bank transfer,9,21.86,196.74,1
CUST-2406,  Male  ,45.0,INVALID_DATE,1 Year,Bank transfer,27,40.91,,0
CUST-2407,Female,35.0,08-Nov-2024,Month-to-month,Electronic check,71,98.93,7024.030000000001,0
CUST-2408,female,48.0,09-Nov-2024,One year,Electronic check,3,65.38,196.14,1
CUST-2409,Female,30.0,10-Nov-2024,Two year,Mailed check,61,32.6,1988.6000000000001,0
CUST-2410,F,,INVALID_DATE,Month-to-month,Electronic check,2,60.83,121.66,0
CUST-2411,Male,49.0,11/12/2024,month-to-month,Electronic check,31,41.19,1276.8899999999999,0
CUST-2412,  Male  ,66.0,2024-11-13,1 Year,Credit card,65,109.26,7101.900000000001,0
CUST-2413,Female,46.0,INVALID_DATE,month-to-month,Electronic check,18,108.93,1960.7400000000002,0
CUST-2414,Male,51.0,2024-11-15,month-to-month,Bank transfer,6,58.71,352.26,0
CUST-2415,female,,2024-11-16,Two year,Mailed check,42,33.74,1417.0800000000002,0
CUST-2416,Male,51.0,2024-11-17,Two year,Electronic check,68,55.88,3799.84,0
CUST-2417,  Male  ,54.0,18-Nov-2024,1 Year,Credit card,4,32.87,131.48,0
CUST-2418,Female,58.0,19-Nov-2024,One year,Mailed check,4,50.4,201.6,1
CUST-2419,F,41.0,11/20/2024,month-to-month,Mailed check,65,97.12,6312.8,0
CUST-2420,female,36.0,INVALID_DATE,One year,Mailed check,41,49.19,2016.79,0
CUST-2421,Female,27.0,2024-11-22,1 Year,Credit card,43,74.42,3200.06,0
CUST-2422,  Male  ,28.0,INVALID_DATE,month-to-month,Bank transfer,55,31.89,1753.95,0
CUST-2423,female,40.0,INVALID_DATE,One year,Credit card,19,54.76,1040.44,0
CUST-2424,M,19.0,INVALID_DATE,month-to-month,Credit card,21,23.96,503.16,1
CUST-2425,Male,31.0,26-Nov-2024,Two year,Mailed check,58,74.82,4339.5599999999995,0
CUST-2426,  Male  ,41.0,2024-11-27,Two year,Credit card,30,54.76,1642.8,0
CUST-2427,M,41.0,2024-11-28,Month-to-month,Mailed check,7,107.2,,1
CUST-2428,Female,28.0,INVALID_DATE,1 Year, ,69,59.26,4088.94,0
CUST-2429,F,25.0,11/30/2024,One year,Electronic check,64,75.78,4849.92,0
CUST-2430,female,,01-Dec-2024,month-to-month,Credit card,2,117.66,235.32,0
CUST-2431,Male,37.0,INVALID_DATE,Month-to-month,Bank transfer,67,84.27,5646.09,0
CUST-2432,female,66.0,INVALID_DATE,1 Year,Mailed check,9,70.05,630.4499999999999,1
CUST-2433,Female,53.0,2024-12-04,1 Year,Credit card,23,29.81,685.63,0
CUST-2434,female,43.0,12/05/2024,1 Year,Credit card,14,102.1,1429.3999999999999,0
CUST-2435,Male,47.0,INVALID_DATE,One year,Bank transfer,54,84.24,4548.96,0
CUST-2436,Female,52.0,12/07/2024,Two year,Mailed check,45,30.85,1388.25,0
CUST-2437,female,48.0,2024-12-08,Month-to-month,Credit card,16,44.57,713.12,0
CUST-2438,F,36.0,2024-12-09,One year,Bank transfer,57,73.76,4204.320000000001,0
CUST-2439,  Male  ,30.0,INVALID_DATE,month-to-month,Mailed check,8,24.51,196.08,0
CUST-2440,Female,38.0,12/11/2024,One year,Electronic check,25,91.83,,1
CUST-2441,  Male  ,52.0,INVALID_DATE,month-to-month,Bank transfer,41,42.78,1753.98,0
CUST-2442,Female,37.0,INVALID_DATE,month-to-month,Credit card,62,68.97,4276.14,0
CUST-2443,F,27.0,INVALID_DATE,1 Year,Electronic check,18,44.16,794.8799999999999,0
CUST-2444,  Male  ,19.0,INVALID_DATE,One year,Mailed check,50,68.92,3446.0,0
CUST-2445,M,39.0,12/16/2024,Two year,Bank transfer,41,38.97,1597.77,0
CUST-2446,Male,28.0,INVALID_DATE,month-to-month,Electronic check,34,79.39,2699.26,0
CUST-2447,M,35.0,2024-12-18,1 Year,Electronic check,12,111.04,1332.48,1
CUST-2448,female,57.0,2024-12-19,Two year,Credit card,42,100.73,4230.66,0
CUST-2449,F,,12/20/2024,One year,Electronic check,55,44.15,2428.25,0
CUST-2450,M,31.0,INVALID_DATE,Two year,Credit card,59,69.81,4118.79,0
CUST-2451,Female,44.0,INVALID_DATE,One year, ,51,62.31,3177.81,0
CUST-2452,female,63.0,23-Dec-2024,month-to-month,Credit card,53,116.55,6177.15,0
CUST-2453,female,39.0,INVALID_DATE,Month-to-month,Bank transfer,9,99.88,898.92,0
CUST-2454,M,12.0,12/25/2024,Month-to-month,Electronic check,3,30.74,92.22,0
CUST-2455,M,48.0,12/26/2024,month-to-month,Mailed check,8,36.86,,1
CUST-2456,F,44.0,27-Dec-2024,Two year,Credit card,59,90.2,5321.8,1
CUST-2457,Male,41.0,2024-12-28,One year,Credit card,30,35.99,1079.7,0
CUST-2458,M,37.0,12/29/2024,Month-to-month,Credit card,67,115.05,7708.349999999999,0
CUST-2459,M,30.0,INVALID_DATE,One year,Mailed check,55,119.29,6560.950000000001,1
CUST-2460,  Male  ,58.0,INVALID_DATE,month-to-month,Mailed check,34,97.84,3326.56,1
CUST-2461,Female,18.0,2025-01-01,Two year,Bank transfer,43,22.68,975.24,0
CUST-2462,  Male  ,36.0,02-Jan-2025,One year,Mailed check,28,68.27,1911.56,0
CUST-2463,  Male  ,36.0,01/03/2025,Two year,Credit card,37,60.61,2242.57,0
CUST-2464,female,50.0,INVALID_DATE,Month-to-month,Mailed check,30,99.95,2998.5,1
CUST-2465,Male,55.0,2025-01-05,One year,Credit card,71,48.7,3457.7000000000003,0
CUST-2466,Female,37.0,2025-01-06,1 Year,Bank transfer,62,58.61,3633.82,0
CUST-2467,F,42.0,2025-01-07,Month-to-month, ,29,29.35,851.1500000000001,0
CUST-2468,F,43.0,INVALID_DATE,Two year,Credit card,2,54.26,108.52,0
CUST-2469,M,53.0,2025-01-09,month-to-month,Mailed check,57,117.39,6691.2300000000005,1
CUST-2470,M,52.0,2025-01-10,1 Year,Mailed check,57,114.21,,0
CUST-2471,F,34.0,2025-01-11,One year,Electronic check,42,95.03,3991.26,0
CUST-2472,M,45.0,01/12/2025,Month-to-month, ,49,110.73,5425.77,0
CUST-2473,Male,45.0,INVALID_DATE,One year,Bank transfer,57,41.12,2343.8399999999997,0
CUST-2474,  Male  ,39.0,01/14/2025,One year,Credit card,71,82.18,5834.780000000001,0
CUST-2475,M,44.0,15-Jan-2025,1 Year,Electronic check,18,70.0,1260.0,0
CUST-2476,female,40.0,2025-01-16,1 Year,Mailed check,70,62.27,4358.900000000001,0
CUST-2477,M,42.0,INVALID_DATE,1 Year,Credit card,27,52.48,1416.9599999999998,0
CUST-2478,Female,24.0,18-Jan-2025,1 Year,Mailed check,54,106.63,5758.0199999999995,1
CUST-2479,Male,29.0,01/19/2025,month-to-month,Mailed check,24,68.45,,1
CUST-2480,Female,50.0,20-Jan-2025,Two year,Mailed check,34,92.4,3141.6000000000004,1
CUST-2481,Female,25.0,01/21/2025,1 Year,Electronic check,22,90.6,,0
CUST-2482,female,46.0,INVALID_DATE,Month-to-month,Bank transfer,63,33.61,2117.43,0
CUST-2483,Male,39.0,01/23/2025,One year,Bank transfer,36,24.89,896.04,0
CUST-2484,Male,52.0,24-Jan-2025,1 Year,Mailed check,61,104.0,6344.0,0
CUST-2485,Male,48.0,01/25/2025,Month-to-month,Electronic check,42,69.03,2899.26,0
CUST-2486,Male,35.0,01/26/2025,month-to-month,Mailed check,33,101.01,3333.3300000000004,0
CUST-2487,Male,37.0,27-Jan-2025,Month-to-month,Mailed check,9,49.71,447.39,0
CUST-2488,female,,28-Jan-2025,Month-to-month,Credit card,25,106.18,2654.5,1
CUST-2489,M,38.0,2025-01-29,month-to-month,Electronic check,13,103.08,1340.04,0
CUST-2490,Female,25.0,30-Jan-2025,month-to-month,Electronic check,47,58.17,2733.9900000000002,0
CUST-2491,Male,37.0,01/31/2025,One year,Bank transfer,45,61.17,2752.65,0
CUST-2492,M,32.0,INVALID_DATE,1 Year,Bank transfer,5,55.09,275.45000000000005,1
CUST-2493,M,29.0,INVALID_DATE,Month-to-month,Mailed check,31,23.48,727.88,0
CUST-2494,Female,54.0,2025-02-03,Two year,Credit card,31,88.77,2751.87,1
CUST-2495,female,25.0,02/04/2025,Two year,Credit card,71,47.27,3356.17,0
CUST-2496,F,28.0,05-Feb-2025,One year,Credit card,41,108.4,4444.400000000001,1
CUST-2497,F,32.0,02/06/2025,Two year,Mailed check,46,109.74,5048.04,1
CUST-2498,M,34.0,07-Feb-2025,One year,Bank transfer,52,92.26,4797.52,1
CUST-2499,  Male  ,29.0,08-Feb-2025,1 Year,Electronic check,5,38.16,190.79999999999998,1
CUST-2500,  Male  ,36.0,09-Feb-2025,One year,Mailed check,12,28.93,347.15999999999997,1
CUST-2501,Female,,2025-02-10,month-to-month,Credit card,21,101.64,2134.44,1
CUST-2502,F,48.0,11-Feb-2025,month-to-month,Credit card,9,109.31,983.79,1
CUST-2503,M,47.0,02/12/2025,month-to-month,Mailed check,17,55.2,,0
CUST-2504,female,17.0,2025-02-13,month-to-month,Credit card,24,55.3,1327.1999999999998,1
CUST-2505,F,45.0,2025-02-14,month-to-month,Electronic check,27,59.03,1593.81,1
CUST-2506,M,45.0,INVALID_DATE,month-to-month,Mailed check,8,102.76,822.08,0
CUST-2507,M,32.0,2025-02-16,month-to-month,Electronic check,44,90.71,3991.24,0
CUST-2508,Male,60.0,02/17/2025,month-to-month,Bank transfer,62,32.2,1996.4,0
CUST-2509,female,53.0,INVALID_DATE,month-to-month,Credit card,29,83.47,2420.63,0
CUST-2510,Male,,19-Feb-2025,1 Year,Credit card,24,20.98,503.52,0
CUST-2511,Female,33.0,INVALID_DATE,month-to-month,Bank transfer,34,91.04,3095.36,0
CUST-2512,Male,60.0,2025-02-21,One year,Bank transfer,60,96.46,5787.599999999999,1
CUST-2513,Male,40.0,22-Feb-2025,1 Year,Bank transfer,31,101.49,3146.19,0
CUST-2514,F,41.0,23-Feb-2025,Two year,Credit card,4,82.56,330.24,1
CUST-2515,  Male  ,41.0,02/24/2025,Month-to-month,Bank transfer,9,38.06,342.54,0
CUST-2516,M,,2025-02-25,1 Year,Mailed check,54,99.37,5365.9800000000005,0
CUST-2517,female,37.0,02/26/2025,month-to-month,Bank transfer,1,109.98,,0
CUST-2518,Male,40.0,2025-02-27,1 Year,Mailed check,61,83.38,5086.179999999999,0
CUST-2519,female,30.0,2025-02-28,Month-to-month,Mailed check,31,47.51,1472.81,0
CUST-2520,  Male  ,35.0,01-Mar-2025,Month-to-month,Electronic check,45,37.94,1707.3,0
CUST-2521,  Male  ,,02-Mar-2025,month-to-month,Mailed check,60,43.15,2589.0,0
CUST-2522,Male,30.0,INVALID_DATE,month-to-month,Mailed check,42,21.69,910.98,0
CUST-2523,Female,18.0,2025-03-04,One year,Bank transfer,27,21.02,567.54,1
CUST-2524,Male,51.0,2025-03-05,Month-to-month,Credit card,58,49.7,2882.6000000000004,0
CUST-2525,F,42.0,06-Mar-2025,month-to-month,Bank transfer,69,112.3,7748.7,0
CUST-2526,M,43.0,2025-03-07,Month-to-month,Electronic check,34,82.13,2792.42,0
CUST-2527,Female,39.0,2025-03-08,One year,Electronic check,10,58.61,586.1,0
CUST-2528,Male,41.0,2025-03-09,Two year,Credit card,66,21.08,1391.28,0
CUST-2529,female,59.0,03/10/2025,Month-to-month,Mailed check,25,118.97,2974.25,1
CUST-2530,Female,31.0,INVALID_DATE,One year,Electronic check,3,65.58,196.74,0
CUST-2531,Female,43.0,INVALID_DATE,One year,Credit card,34,119.15,4051.1000000000004,0
CUST-2532,Male,43.0,2025-03-13,One year,Bank transfer,71,92.01,6532.71,0
CUST-2533,Female,54.0,2025-03-14,1 Year,Bank transfer,28,25.12,703.36,0
CUST-2534,female,45.0,15-Mar-2025,month-to-month,Bank transfer,9,105.9,953.1,0
CUST-2535,  Male  ,46.0,INVALID_DATE,Month-to-month,Mailed check,11,73.04,803.44,1
CUST-2536,Female,25.0,INVALID_DATE,1 Year,Mailed check,39,65.27,2545.5299999999997,0
CUST-2537,  Male  ,30.0,18-Mar-2025,Month-to-month,Credit card,13,95.79,1245.27,0
CUST-2538,female,26.0,INVALID_DATE,1 Year,Electronic check,11,97.48,1072.28,1
CUST-2539,Male,10.0,03/20/2025,month-to-month,Bank transfer,35,99.64,3487.4,1
CUST-2540,M,45.0,21-Mar-2025,One year,Mailed check,8,96.05,768.4,0
CUST-2541,Female,37.0,2025-03-22,Month-to-month,Mailed check,7,84.13,,0
CUST-2542,M,45.0,03/23/2025,One year, ,69,87.56,6041.64,0
CUST-2543,female,40.0,INVALID_DATE,month-to-month,Bank transfer,70,105.86,7410.2,0
CUST-2544,Female,43.0,2025-03-25,Month-to-month,Bank transfer,57,89.05,5075.849999999999,0
CUST-2545,  Male  ,56.0,INVALID_DATE,Two year,Electronic check,35,30.14,,0
CUST-2546,F,,INVALID_DATE,Two year,Credit card,11,84.55,930.05,0
CUST-2547,M,48.0,2025-03-28,Two year,Credit card,38,37.0,,0
CUST-2548,Female,36.0,2025-03-29,month-to-month,Electronic check,49,21.43,1050.07,0
CUST-2549,M,50.0,03/30/2025,Two year,Electronic check,35,41.42,1449.7,0
CUST-2550,Female,25.0,INVALID_DATE,Month-to-month,Credit card,29,35.44,1027.76,0
CUST-2551,Male,18.0,01-Apr-2025,Two year,Electronic check,41,30.21,1238.6100000000001,0
CUST-2552,  Male  ,65.0,02-Apr-2025,Month-to-month,Bank transfer,6,41.5,249.0,1
CUST-2553,M,62.0,03-Apr-2025,month-to-month, ,10,76.36,763.6,0
CUST-2554,F,17.0,INVALID_DATE,One year,Credit card,23,35.15,808.4499999999999,0
CUST-2555,F,40.0,INVALID_DATE,1 Year,Credit card,46,47.94,2205.24,0
CUST-2556,female,42.0,2025-04-06,Two year,Bank transfer,12,104.96,1259.52,1
CUST-2557,Female,49.0,04/07/2025,1 Year,Electronic check,55,108.81,5984.55,0
CUST-2558,M,61.0,INVALID_DATE,One year,Mailed check,13,53.31,693.03,0
CUST-2559,female,27.0,09-Apr-2025,month-to-month,Mailed check,7,109.9,,0
CUST-2560,M,28.0,INVALID_DATE,month-to-month,Bank transfer,12,78.57,942.8399999999999,0
CUST-2561,Female,40.0,04/11/2025,One year, ,61,42.64,2601.04,0
CUST-2562,F,,INVALID_DATE,1 Year,Electronic check,25,95.43,2385.75,0
CUST-2563,Male,7.0,04/13/2025,Two year,Mailed check,2,112.21,224.42,1
CUST-2564,F,37.0,2025-04-14,Month-to-month,Credit card,26,85.92,2233.92,0
CUST-2565,female,,04/15/2025,month-to-month,Bank transfer,51,40.13,2046.63,0
CUST-2566,  Male  ,40.0,16-Apr-2025,One year,Mailed check,69,28.59,1972.71,0
CUST-2567,Male,47.0,INVALID_DATE,1 Year,Credit card,62,42.94,2662.2799999999997,0
CUST-2568,female,46.0,INVALID_DATE,Two year,Credit card,39,53.85,2100.15,0
CUST-2569,Female,28.0,19-Apr-2025,1 Year, ,11,53.37,587.0699999999999,0
CUST-2570,Male,,04/20/2025,Two year,Bank transfer,64,69.85,,0
CUST-2571,female,,INVALID_DATE,Month-to-month,Credit card,42,70.52,,1
CUST-2572,Female,,INVALID_DATE,Month-to-month,Bank transfer,10,67.14,671.4,0
CUST-2573,F,41.0,04/23/2025,One year,Mailed check,19,54.38,1033.22,1
CUST-2574,  Male  ,40.0,04/24/2025,One year,Mailed check,4,30.68,122.72,1
CUST-2575,Female,25.0,04/25/2025,Two year,Bank transfer,3,61.83,185.49,0
CUST-2576,M,27.0,INVALID_DATE,Two year,Credit card,14,118.58,1660.12,0
CUST-2577,Female,43.0,27-Apr-2025,Two year,Credit card,10,85.39,,1
CUST-2578,Female,50.0,28-Apr-2025,Two year,Mailed check,6,63.98,383.88,0
CUST-2579,  Male  ,38.0,2025-04-29,Month-to-month,Credit card,31,28.35,,0
CUST-2580,M,37.0,04/30/2025,One year,Credit card,31,41.32,1280.92,0
CUST-2581,female,51.0,01-May-2025,One year,Mailed check,48,77.46,3718.08,0
CUST-2582,female,31.0,05/02/2025,month-to-month,Electronic check,9,69.79,628.11,1
CUST-2583,Female,61.0,INVALID_DATE,One year,Mailed check,26,21.92,569.9200000000001,0
CUST-2584,M,24.0,04-May-2025,One year,Bank transfer,2,28.62,57.24,0
CUST-2585,M,53.0,INVALID_DATE,1 Year,Electronic check,4,55.6,222.4,0
CUST-2586,  Male  ,46.0,2025-05-06,1 Year,Bank transfer,6,34.08,204.48,0
CUST-2587,F,69.0,07-May-2025,month-to-month,Electronic check,30,115.78,3473.4,1
CUST-2588,female,,08-May-2025,Two year,Electronic check,55,23.41,1287.55,0
CUST-2589,  Male  ,12.0,2025-05-09,month-to-month,Mailed check,28,117.4,,0
CUST-2590,Male,55.0,05/10/2025,month-to-month,Mailed check,61,85.66,5225.26,0
CUST-2591,female,22.0,11-May-2025,Month-to-month,Bank transfer,55,60.72,3339.6,0
CUST-2592,  Male  ,47.0,2025-05-12,One year,Mailed check,36,73.94,2661.84,0
CUST-2593,female,54.0,INVALID_DATE,Month-to-month, ,5,61.01,305.05,0
CUST-2594,F,45.0,2025-05-14,One year,Mailed check,29,77.32,2242.2799999999997,0
CUST-2595,Male,43.0,INVALID_DATE,month-to-month,Bank transfer,12,35.2,422.40000000000003,0
CUST-2596,F,45.0,2025-05-16,One year,Electronic check,22,32.0,704.0,0
CUST-2597,Male,50.0,17-May-2025,Two year,Bank transfer,59,72.86,4298.74,0
CUST-2598,Female,47.0,05/18/2025,Two year,Credit card,39,27.13,1058.07,1
CUST-2599,  Male  ,25.0,19-May-2025,month-to-month,Mailed check,2,49.25,98.5,0
CUST-2600,Male,62.0,20-May-2025,1 Year,Electronic check,14,112.69,1577.6599999999999,1
CUST-2601,F,41.0,INVALID_DATE,Two year,Bank transfer,10,107.62,1076.2,1
CUST-2602,female,46.0,22-May-2025,month-to-month,Mailed check,48,103.14,4950.72,0
CUST-2603,Male,49.0,2025-05-23,Month-to-month,Mailed check,64,70.72,4526.08,0
CUST-2604,  Male  ,54.0,05/24/2025,1 Year, ,3,22.79,68.37,1
CUST-2605,Male,53.0,25-May-2025,Two year, ,60,32.14,1928.4,0
CUST-2606,M,42.0,05/26/2025,month-to-month,Bank transfer,68,111.95,7612.6,0
CUST-2607,female,41.0,INVALID_DATE,month-to-month,Mailed check,21,103.64,2176.44,0
CUST-2608,  Male  ,45.0,28-May-2025,Month-to-month,Bank transfer,19,57.65,1095.35,0
CUST-2609,  Male  ,,05/29/2025,Month-to-month,Credit card,20,92.9,1858.0,1
CUST-2610,Female,27.0,2025-05-30,1 Year,Mailed check,58,105.45,6116.1,0
CUST-2611,F,48.0,05/31/2025,Two year,Electronic check,42,82.03,3445.26,0
CUST-2612,Female,,2025-06-01,month-to-month,Credit card,10,105.35,,1
CUST-2613,  Male  ,62.0,2025-06-02,1 Year,Bank transfer,23,44.47,1022.81,0
CUST-2614,female,44.0,INVALID_DATE,1 Year,Electronic check,12,66.21,794.52,0
CUST-2615,Male,35.0,06/04/2025,Month-to-month, ,9,77.9,701.1,1
CUST-2616,Male,45.0,05-Jun-2025,month-to-month,Bank transfer,29,83.12,2410.48,0
CUST-2617,female,,06-Jun-2025,One year,Credit card,20,118.7,2374.0,1
CUST-2618,  Male  ,38.0,07-Jun-2025,Month-to-month,Mailed check,65,104.59,6798.35,1
CUST-2619,Male,18.0,08-Jun-2025,month-to-month,Electronic check,3,25.53,76.59,0
CUST-2620,Male,28.0,06/09/2025,1 Year,Credit card,8,36.91,295.28,0
CUST-2621,Male,38.0,INVALID_DATE,1 Year,Mailed check,39,85.71,3342.6899999999996,0
CUST-2622,F,20.0,11-Jun-2025,Two year,Bank transfer,64,44.05,2819.2,0
CUST-2623,F,,12-Jun-2025,One year, ,31,35.9,1112.8999999999999,0
CUST-2624,M,34.0,2025-06-13,Month-to-month,Bank transfer,22,86.67,1906.74,1
CUST-2625,Female,31.0,06/14/2025,Two year,Electronic check,5,73.64,368.2,1
CUST-2626,female,49.0,2025-06-15,Two year,Mailed check,58,100.52,5830.16,0
CUST-2627,female,29.0,2025-06-16,One year,Mailed check,63,51.94,3272.22,0
CUST-2628,female,41.0,INVALID_DATE,Month-to-month,Bank transfer,61,52.97,3231.17,0
CUST-2629,M,36.0,18-Jun-2025,Month-to-month,Credit card,52,35.05,1822.6,0
CUST-2630,F,,19-Jun-2025,1 Year, ,33,85.23,2812.59,0
CUST-2631,  Male  ,59.0,06/20/2025,Month-to-month,Credit card,22,90.89,1999.58,0
CUST-2632,  Male  ,42.0,2025-06-21,Two year,Bank transfer,51,33.84,1725.8400000000001,0
CUST-2633,M,44.0,22-Jun-2025,1 Year,Electronic check,11,45.41,499.51,1
CUST-2634,  Male  ,31.0,INVALID_DATE,Month-to-month,Credit card,58,35.43,2054.94,0
CUST-2635,female,48.0,2025-06-24,One year,Mailed check,50,94.77,4738.5,0
CUST-2636,Female,47.0,INVALID_DATE,Two year,Credit card,70,40.91,2863.7,0
CUST-2637,Male,46.0,INVALID_DATE,month-to-month,Bank transfer,17,35.22,598.74,0
CUST-2638,F,25.0,INVALID_DATE,One year,Bank transfer,46,26.99,1241.54,0
CUST-2639,F,33.0,28-Jun-2025,One year,Credit card,44,103.13,,1
CUST-2640,M,57.0,INVALID_DATE,Month-to-month,Mailed check,57,32.4,1846.8,0
CUST-2641,F,32.0,INVALID_DATE,1 Year,Electronic check,5,22.97,114.85,0
CUST-2642,female,59.0,01-Jul-2025,1 Year,Mailed check,39,26.43,1030.77,0
CUST-2643,  Male  ,33.0,02-Jul-2025,Two year,Credit card,58,56.68,3287.44,0
CUST-2644,female,42.0,03-Jul-2025,Month-to-month,Bank transfer,9,79.67,717.03,0
CUST-2645,M,38.0,07/04/2025,1 Year,Mailed check,23,59.82,1375.86,0
CUST-2646,female,30.0,2025-07-05,month-to-month,Bank transfer,47,65.54,3080.38,0
CUST-2647,  Male  ,30.0,2025-07-06,Month-to-month,Bank transfer,36,111.93,4029.4800000000005,1
CUST-2648,Female,32.0,07/07/2025,Month-to-month,Mailed check,31,95.89,2972.59,0
CUST-2649,M,42.0,07/08/2025,1 Year,Credit card,23,54.1,1244.3,1
CUST-2650,Female,51.0,07/09/2025,One year,Mailed check,56,35.43,1984.08,0
CUST-2651,Male,41.0,10-Jul-2025,Month-to-month,Electronic check,71,94.92,6739.32,0
CUST-2652,Female,40.0,INVALID_DATE,One year,Bank transfer,46,77.35,3558.1,0
CUST-2653,Male,55.0,12-Jul-2025,Two year,Bank transfer,58,116.22,6740.76,0
CUST-2654,Male,40.0,INVALID_DATE,Two year,Credit card,36,110.84,3990.2400000000002,0
CUST-2655,Female,33.0,2025-07-14,1 Year,Bank transfer,68,76.36,,0
CUST-2656,M,28.0,INVALID_DATE,Two year, ,60,26.99,1619.3999999999999,0
CUST-2657,  Male  ,,07/16/2025,1 Year,Bank transfer,14,23.1,323.40000000000003,0
CUST-2658,female,36.0,2025-07-17,1 Year,Mailed check,25,103.75,2593.75,1
CUST-2659,female,33.0,INVALID_DATE,One year,Bank transfer,71,89.8,,0
CUST-2660,  Male  ,32.0,07/19/2025,One year,Mailed check,44,76.02,3344.8799999999997,1
CUST-2661,Male,55.0,INVALID_DATE,Two year,Credit card,46,88.89,4088.94,0
CUST-2662,Male,33.0,INVALID_DATE,One year,Electronic check,13,73.98,,0
CUST-2663,M,52.0,INVALID_DATE,Month-to-month, ,62,77.83,4825.46,0
CUST-2664,F,37.0,2025-07-23,month-to-month,Electronic check,19,42.59,,0
CUST-2665,Female,25.0,INVALID_DATE,Month-to-month,Mailed check,12,65.55,786.5999999999999,0
CUST-2666,Male,,07/25/2025,Month-to-month,Credit card,48,21.11,1013.28,0
CUST-2667,female,40.0,INVALID_DATE,1 Year,Credit card,33,86.87,,0
CUST-2668,M,39.0,07/27/2025,month-to-month,Mailed check,37,53.23,1969.51,0
CUST-2669,Female,38.0,28-Jul-2025,1 Year,Electronic check,6,85.63,513.78,1
CUST-2670,M,36.0,2025-07-29,One year,Bank transfer,43,112.65,4843.95,0
CUST-2671,Female,31.0,30-Jul-2025,One year,Mailed check,50,79.16,3958.0,0
CUST-2672,Female,40.0,31-Jul-2025,month-to-month,Mailed check,46,52.81,2429.26,0
CUST-2673,  Male  ,46.0,2025-08-01,Two year,Mailed check,28,40.72,1140.1599999999999,0
CUST-2674,Male,22.0,02-Aug-2025,One year,Mailed check,67,45.17,3026.3900000000003,0
CUST-2675,M,56.0,08/03/2025,Month-to-month,Mailed check,11,118.73,1306.03,0
CUST-2676,M,-4.0,08/04/2025,month-to-month,Credit card,20,81.54,1630.8000000000002,1
CUST-2677,  Male  ,41.0,08/05/2025,month-to-month,Mailed check,30,64.05,1921.5,1
CUST-2678,female,46.0,08/06/2025,One year,Credit card,36,43.1,1551.6000000000001,0
CUST-2679,female,33.0,07-Aug-2025,One year,Electronic check,68,97.31,6617.08,1
CUST-2680,Male,14.0,2025-08-08,1 Year,Bank transfer,36,58.74,2114.64,0
CUST-2681,Male,,09-Aug-2025,1 Year,Credit card,58,50.11,2906.38,0
CUST-2682,F,42.0,2025-08-10,Month-to-month,Bank transfer,28,42.23,1182.4399999999998,0
CUST-2683,  Male  ,26.0,2025-08-11,month-to-month,Bank transfer,39,38.56,1503.8400000000001,0
CUST-2684,female,30.0,12-Aug-2025,Two year,Bank transfer,66,47.34,3124.44,0
CUST-2685,Female,52.0,13-Aug-2025,Two year,Credit card,43,82.72,3556.96,1
CUST-2686,M,,08/14/2025,month-to-month,Credit card,5,43.98,219.89999999999998,0
CUST-2687,Male,22.0,2025-08-15,Month-to-month,Credit card,13,26.06,338.78,0
CUST-2688,M,45.0,2025-08-16,1 Year,Electronic check,9,55.9,503.09999999999997,1
CUST-2689,M,29.0,INVALID_DATE,1 Year,Credit card,57,78.49,4473.929999999999,0
CUST-2690,F,31.0,2025-08-18,1 Year, ,27,26.02,702.54,0
CUST-2691,female,42.0,08/19/2025,Two year,Credit card,61,65.26,3980.86,0
CUST-2692,Male,41.0,2025-08-20,Two year,Credit card,50,25.23,1261.5,0
CUST-2693,M,35.0,INVALID_DATE,Month-to-month,Bank transfer,34,96.82,3291.8799999999997,0
CUST-2694,Male,34.0,INVALID_DATE,Two year,Mailed check,65,107.19,6967.349999999999,0
CUST-2695,Female,37.0,2025-08-23,One year,Bank transfer,45,116.38,5237.099999999999,0
CUST-2696,F,31.0,08/24/2025,Two year,Credit card,34,89.13,3030.42,0
CUST-2697,Female,53.0,INVALID_DATE,1 Year,Mailed check,8,83.21,665.68,0
CUST-2698,Male,21.0,INVALID_DATE,Month-to-month,Mailed check,48,89.41,4291.68,0
CUST-2699,Male,37.0,INVALID_DATE,month-to-month,Electronic check,36,105.46,3796.56,1
CUST-2700,female,22.0,28-Aug-2025,month-to-month,Mailed check,66,100.71,6646.86,0
CUST-2701,M,51.0,08/29/2025,Month-to-month,Electronic check,11,63.85,,1
CUST-2702,M,37.0,08/30/2025,One year,Bank transfer,52,85.11,,0
CUST-2703,Female,27.0,31-Aug-2025,month-to-month,Electronic check,36,36.19,1302.84,0
CUST-2704,F,48.0,2025-09-01,1 Year,Credit card,31,89.49,2774.19,0
CUST-2705,  Male  ,12.0,INVALID_DATE,month-to-month,Mailed check,24,93.08,2233.92,1
CUST-2706,M,,INVALID_DATE,month-to-month,Credit card,21,100.13,,1
CUST-2707,female,54.0,04-Sep-2025,1 Year,Mailed check,30,101.76,3052.8,0
CUST-2708,Female,42.0,2025-09-05,Two year,Mailed check,64,63.99,4095.36,0
CUST-2709,Female,34.0,09/06/2025,One year,Bank transfer,39,110.35,4303.65,0
CUST-2710,  Male  ,25.0,2025-09-07,1 Year,Electronic check,1,118.1,118.1,1
CUST-2711,female,53.0,09/08/2025,1 Year,Bank transfer,42,117.8,4947.599999999999,1
CUST-2712,F,,INVALID_DATE,Month-to-month,Electronic check,5,78.58,392.9,0
CUST-2713,female,32.0,2025-09-10,One year,Bank transfer,12,75.95,911.4000000000001,0
CUST-2714,F,33.0,09/11/2025,Two year,Bank transfer,29,65.73,1906.17,0
CUST-2715,female,54.0,2025-09-12,1 Year,Mailed check,3,49.98,149.94,0
CUST-2716,female,46.0,2025-09-13,Two year,Bank transfer,61,53.38,,0
CUST-2717,Male,19.0,2025-09-14,1 Year,Bank transfer,51,41.58,2120.58,0
CUST-2718,Female,,15-Sep-2025,1 Year,Electronic check,36,115.57,4160.5199999999995,0
CUST-2719,female,37.0,09/16/2025,Month-to-month,Bank transfer,2,81.98,163.96,0
CUST-2720,  Male  ,43.0,09/17/2025,month-to-month,Mailed check,29,113.45,3290.05,1
CUST-2721,female,40.0,INVALID_DATE,One year,Bank transfer,41,58.71,,0
CUST-2722,M,34.0,09/19/2025,Month-to-month,Credit card,29,49.82,,0
CUST-2723,Female,42.0,INVALID_DATE,Two year,Credit card,64,33.27,2129.28,0
CUST-2724,M,35.0,21-Sep-2025,1 Year,Electronic check,58,50.02,2901.1600000000003,0
CUST-2725,Female,,INVALID_DATE,1 Year,Electronic check,10,109.02,,0
CUST-2726,M,41.0,INVALID_DATE,One year,Credit card,11,78.23,860.5300000000001,0
CUST-2727,female,40.0,24-Sep-2025,Month-to-month,Bank transfer,7,65.25,456.75,0
CUST-2728,female,,25-Sep-2025,Month-to-month,Bank transfer,61,76.82,4686.0199999999995,0
CUST-2729,Male,24.0,26-Sep-2025,Two year,Electronic check,66,109.27,7211.82,0
CUST-2730,  Male  ,39.0,2025-09-27,Month-to-month,Mailed check,53,39.28,2081.84,0
CUST-2731,M,29.0,09/28/2025,Month-to-month,Bank transfer,65,116.57,7577.049999999999,0
CUST-2732,F,48.0,2025-09-29,month-to-month,Credit card,27,86.62,2338.7400000000002,0
CUST-2733,Male,34.0,INVALID_DATE,One year,Mailed check,7,105.54,738.7800000000001,0
CUST-2734,M,47.0,01-Oct-2025,Month-to-month,Mailed check,65,72.54,4715.1,0
CUST-2735,M,46.0,02-Oct-2025,Two year,Bank transfer,58,43.66,,0
CUST-2736,Male,49.0,2025-10-03,1 Year,Mailed check,25,76.74,1918.4999999999998,0
CUST-2737,female,46.0,INVALID_DATE,Month-to-month,Electronic check,48,26.79,1285.92,0
CUST-2738,M,37.0,10/05/2025,Month-to-month,Mailed check,4,105.22,420.88,1
CUST-2739,female,23.0,INVALID_DATE,1 Year,Electronic check,8,84.96,679.68,1
CUST-2740,Male,52.0,07-Oct-2025,month-to-month,Bank transfer,68,48.29,3283.72,0
CUST-2741,female,,INVALID_DATE,One year,Mailed check,60,47.45,2847.0,0
CUST-2742,Female,29.0,2025-10-09,month-to-month,Credit card,4,110.28,441.12,0
CUST-2743,F,49.0,INVALID_DATE,Two year,Credit card,8,104.09,832.72,0
CUST-2744,M,26.0,2025-10-11,Month-to-month,Electronic check,16,96.31,1540.96,1
CUST-2745,  Male  ,42.0,INVALID_DATE,month-to-month,Electronic check,19,61.48,1168.12,1
CUST-2746,F,45.0,INVALID_DATE,One year,Bank transfer,1,107.25,107.25,1
CUST-2747,female,,2025-10-14,Two year,Mailed check,34,44.69,1519.46,0
CUST-2748,M,41.0,2025-10-15,month-to-month,Electronic check,45,22.43,1009.35,0
CUST-2749,female,50.0,10/16/2025,Month-to-month,Electronic check,63,63.28,3986.64,1
CUST-2750,Female,,10/17/2025,One year,Bank transfer,6,111.95,671.7,0
CUST-2751,Male,32.0,INVALID_DATE,Month-to-month,Mailed check,36,77.12,2776.32,0
CUST-2752,M,25.0,19-Oct-2025,Month-to-month,Mailed check,66,42.94,2834.04,0
CUST-2753,Female,,20-Oct-2025,Two year, ,8,85.08,680.64,0
CUST-2754,Female,26.0,10/21/2025,One year,Mailed check,67,94.5,6331.5,0
CUST-2755,M,35.0,10/22/2025,1 Year,Mailed check,27,75.03,2025.81,0
CUST-2756,female,34.0,INVALID_DATE,Month-to-month,Mailed check,34,104.26,3544.84,1
CUST-2757,  Male  ,50.0,2025-10-24,One year,Credit card,28,79.24,2218.72,0
CUST-2758,Female,41.0,2025-10-25,Month-to-month,Mailed check,31,29.6,917.6,0
CUST-2759,F,71.0,2025-10-26,month-to-month,Credit card,17,100.95,1716.15,1
CUST-2760,Female,16.0,27-Oct-2025,month-to-month,Mailed check,55,34.64,1905.2,0
CUST-2761,  Male  ,,28-Oct-2025,One year, ,9,108.28,974.52,1
CUST-2762,female,35.0,29-Oct-2025,Two year,Mailed check,57,72.18,4114.26,0
CUST-2763,female,29.0,30-Oct-2025,1 Year,Electronic check,45,93.19,4193.55,0
CUST-2764,F,40.0,2025-10-31,month-to-month,Electronic check,6,117.21,703.26,1
CUST-2765,Female,39.0,INVALID_DATE,Two year,Credit card,14,63.19,884.66,0
CUST-2766,female,53.0,INVALID_DATE,1 Year,Mailed check,31,65.97,2045.07,0
CUST-2767,  Male  ,,03-Nov-2025,month-to-month, ,54,102.58,5539.32,0
CUST-2768,M,,04-Nov-2025,1 Year,Mailed check,11,31.02,341.21999999999997,0
CUST-2769,Male,44.0,2025-11-05,Month-to-month,Bank transfer,69,22.77,1571.1299999999999,0
CUST-2770,Male,37.0,2025-11-06,One year,Credit card,2,80.43,,0
CUST-2771,Male,26.0,INVALID_DATE,month-to-month,Electronic check,17,36.75,624.75,0
CUST-2772,Female,37.0,11/08/2025,month-to-month,Bank transfer,36,45.57,1640.52,0
CUST-2773,F,43.0,INVALID_DATE,Month-to-month,Electronic check,3,117.63,352.89,1
CUST-2774,female,41.0,INVALID_DATE,month-to-month,Bank transfer,63,85.31,5374.53,0
CUST-2775,M,44.0,INVALID_DATE,month-to-month,Bank transfer,43,105.58,4539.94,0
CUST-2776,  Male  ,34.0,2025-11-12,month-to-month,Bank transfer,33,109.78,3622.7400000000002,1
CUST-2777,M,,13-Nov-2025,month-to-month,Credit card,29,32.14,932.0600000000001,0
CUST-2778,  Male  ,41.0,2025-11-14,month-to-month,Credit card,23,112.78,2593.94,1
CUST-2779,Female,,15-Nov-2025,Two year,Electronic check,59,106.65,6292.35,0
CUST-2780,Male,40.0,11/16/2025,month-to-month,Credit card,49,24.53,1201.97,0
CUST-2781,Female,66.0,11/17/2025,Month-to-month,Electronic check,55,117.72,6474.6,0
CUST-2782,F,53.0,11/18/2025,month-to-month,Mailed check,28,65.83,1843.24,0
CUST-2783,F,44.0,19-Nov-2025,1 Year,Electronic check,71,117.45,8338.95,0
CUST-2784,  Male  ,30.0,INVALID_DATE,1 Year, ,25,102.39,2559.75,1
CUST-2785,female,36.0,21-Nov-2025,Month-to-month,Credit card,7,64.01,448.07000000000005,0
CUST-2786,female,59.0,11/22/2025,Two year,Electronic check,34,71.16,2419.44,0
CUST-2787,  Male  ,33.0,INVALID_DATE,Month-to-month,Credit card,22,47.51,1045.22,0
CUST-2788,F,38.0,11/24/2025,Two year,Electronic check,67,68.69,4602.23,0
CUST-2789,F,37.0,25-Nov-2025,One year,Mailed check,50,30.75,1537.5,0
CUST-2790,F,44.0,INVALID_DATE,1 Year,Credit card,48,110.86,5321.28,0
CUST-2791,Female,35.0,27-Nov-2025,1 Year,Credit card,70,91.32,6392.4,0
CUST-2792,F,42.0,28-Nov-2025,1 Year,Mailed check,57,100.52,,0
CUST-2793,M,35.0,29-Nov-2025,Two year,Credit card,25,73.11,1827.75,1
CUST-2794,Male,56.0,INVALID_DATE,Month-to-month,Electronic check,66,32.56,2148.96,0
CUST-2795,F,32.0,12/01/2025,Two year,Bank transfer,16,73.72,1179.52,0
CUST-2796,  Male  ,52.0,12/02/2025,1 Year,Credit card,58,52.92,3069.36,0
CUST-2797,Male,33.0,INVALID_DATE,1 Year,Bank transfer,41,21.01,861.4100000000001,0
CUST-2798,Female,30.0,2025-12-04,1 Year,Electronic check,51,81.5,4156.5,0
CUST-2799,  Male  ,32.0,INVALID_DATE,1 Year,Mailed check,21,105.36,2212.56,0
CUST-2800,Male,19.0,2025-12-06,One year,Credit card,56,91.06,5099.360000000001,0
CUST-2801,  Male  ,45.0,07-Dec-2025,1 Year,Bank transfer,47,42.35,1990.45,0
CUST-2802,Female,26.0,12/08/2025,Two year,Mailed check,43,101.91,4382.13,0
CUST-2803,M,36.0,09-Dec-2025,1 Year,Mailed check,31,50.95,1579.45,0
CUST-2804,Female,49.0,2025-12-10,month-to-month,Credit card,15,41.85,627.75,0
CUST-2805,Female,,INVALID_DATE,One year,Bank transfer,48,116.11,5573.28,0
CUST-2806,  Male  ,23.0,12-Dec-2025,1 Year,Credit card,62,21.66,1342.92,0
CUST-2807,female,44.0,INVALID_DATE,month-to-month,Electronic check,70,36.76,2573.2,0
CUST-2808,F,54.0,INVALID_DATE,Two year,Mailed check,3,66.7,200.10000000000002,1
CUST-2809,F,32.0,2025-12-15,One year,Bank transfer,38,36.71,1394.98,0
CUST-2810,M,46.0,INVALID_DATE,1 Year,Credit card,58,36.69,2128.02,1
CUST-2811,M,26.0,2025-12-17,Two year,Mailed check,67,83.43,5589.81,0
CUST-2812,F,45.0,INVALID_DATE,month-to-month, ,45,101.9,4585.5,0
CUST-2813,female,42.0,INVALID_DATE,One year,Bank transfer,44,86.16,,0
CUST-2814,F,48.0,INVALID_DATE,1 Year,Electronic check,8,30.15,,0
CUST-2815,female,47.0,12/21/2025,Two year,Electronic check,66,109.54,7229.64,0
CUST-2816,M,24.0,INVALID_DATE,One year,Electronic check,71,112.27,7971.17,0
CUST-2817,Male,42.0,23-Dec-2025,month-to-month,Credit card,61,48.1,2934.1,0
CUST-2818,  Male  ,57.0,12/24/2025,1 Year,Mailed check,17,75.31,1280.27,0
CUST-2819,M,14.0,2025-12-25,One year,Electronic check,71,68.52,4864.92,0
CUST-2820,M,52.0,INVALID_DATE,month-to-month,Electronic check,36,86.82,,0
CUST-2821,Female,59.0,2025-12-27,month-to-month,Electronic check,68,117.79,,1
CUST-2822,Female,22.0,28-Dec-2025,Two year,Electronic check,21,118.64,2491.44,0
CUST-2823,Female,32.0,29-Dec-2025,month-to-month,Bank transfer,46,70.91,3261.8599999999997,0
CUST-2824,  Male  ,46.0,30-Dec-2025,month-to-month,Bank transfer,46,29.19,,0
CUST-2825,Female,29.0,31-Dec-2025,Month-to-month,Mailed check,16,53.45,855.2,0
CUST-2826,female,56.0,INVALID_DATE,month-to-month,Bank transfer,22,61.36,1349.92,0
CUST-2827,F,53.0,2026-01-02,1 Year,Bank transfer,6,73.46,440.76,0
CUST-2828,Male,23.0,2026-01-03,One year,Bank transfer,56,116.04,6498.240000000001,1
CUST-2829,M,,2026-01-04,1 Year,Credit card,45,46.24,2080.8,0
CUST-2830,female,49.0,01/05/2026,1 Year,Bank transfer,58,73.67,4272.86,0
CUST-2831,Male,49.0,01/06/2026,Two year,Credit card,28,49.1,1374.8,0
CUST-2832,female,67.0,INVALID_DATE,Month-to-month,Credit card,17,111.95,1903.15,1
CUST-2833,female,,01/08/2026,Month-to-month,Bank transfer,36,119.0,,0
CUST-2834,M,,09-Jan-2026,1 Year,Credit card,12,107.07,1284.84,1
CUST-2835,F,,INVALID_DATE,One year,Electronic check,50,53.87,2693.5,0
CUST-2836,Female,46.0,INVALID_DATE,Month-to-month,Mailed check,59,47.79,2819.61,0
CUST-2837,  Male  ,51.0,INVALID_DATE,Month-to-month,Bank transfer,12,63.12,757.4399999999999,0
CUST-2838,F,4.0,2026-01-13,1 Year,Bank transfer,62,94.76,5875.12,0
CUST-2839,  Male  ,51.0,01/14/2026,Month-to-month,Mailed check,40,20.93,837.2,0
CUST-2840,M,57.0,15-Jan-2026,Two year,Bank transfer,2,119.51,239.02,1
CUST-2841,M,53.0,INVALID_DATE,1 Year,Bank transfer,25,108.34,2708.5,1
CUST-2842,M,,17-Jan-2026,Month-to-month,Mailed check,31,22.38,693.78,0
CUST-2843,Male,52.0,INVALID_DATE,Month-to-month,Credit card,47,58.21,2735.87,0
CUST-2844,  Male  ,34.0,19-Jan-2026,Month-to-month,Electronic check,60,88.78,5326.8,0
CUST-2845,F,55.0,2026-01-20,1 Year,Credit card,41,44.14,1809.74,0
CUST-2846,F,33.0,21-Jan-2026,One year,Electronic check,50,34.28,,0
CUST-2847,female,41.0,01/22/2026,month-to-month,Mailed check,23,82.93,1907.39,0
CUST-2848,female,50.0,23-Jan-2026,Month-to-month,Credit card,12,110.35,1324.1999999999998,1
CUST-2849,female,45.0,INVALID_DATE,month-to-month, ,71,115.56,8204.76,0
CUST-2850,M,56.0,INVALID_DATE,month-to-month,Electronic check,22,21.03,462.66,0
CUST-2851,F,70.0,2026-01-26,Month-to-month,Electronic check,56,107.45,6017.2,0
CUST-2852,  Male  ,26.0,2026-01-27,Month-to-month,Electronic check,16,76.08,,0
CUST-2853,M,36.0,INVALID_DATE,month-to-month,Electronic check,58,43.77,2538.6600000000003,0
CUST-2854,Male,44.0,INVALID_DATE,One year,Bank transfer,51,81.69,4166.19,0
CUST-2855,female,,30-Jan-2026,month-to-month,Mailed check,6,119.58,717.48,1
CUST-2856,M,39.0,INVALID_DATE,One year,Electronic check,2,47.62,95.24,1
CUST-2857,M,49.0,2026-02-01,Two year,Credit card,62,47.69,2956.7799999999997,0
CUST-2858,Male,48.0,2026-02-02,One year,Credit card,42,89.89,3775.38,0
CUST-2859,Female,43.0,02/03/2026,1 Year,Credit card,43,24.32,1045.76,0
CUST-2860,F,42.0,02/04/2026,Month-to-month,Electronic check,52,102.05,,0
CUST-2861,  Male  ,37.0,INVALID_DATE,Two year,Mailed check,58,85.25,4944.5,0
CUST-2862,Female,,06-Feb-2026,month-to-month,Bank transfer,20,104.12,2082.4,1
CUST-2863,female,60.0,INVALID_DATE,One year,Electronic check,56,43.07,2411.92,0
CUST-2864,M,52.0,2026-02-08,Two year,Electronic check,67,104.72,,0
CUST-2865,Male,26.0,2026-02-09,1 Year,Bank transfer,59,64.86,3826.74,0
CUST-2866,Male,37.0,2026-02-10,One year,Mailed check,48,33.27,1596.96,0
CUST-2867,F,42.0,INVALID_DATE,month-to-month,Electronic check,35,110.14,3854.9,1
CUST-2868,Female,29.0,INVALID_DATE,month-to-month,Credit card,8,90.5,724.0,1
CUST-2869,F,41.0,02/13/2026,One year,Credit card,32,36.83,1178.56,0
CUST-2870,M,40.0,2026-02-14,1 Year,Electronic check,45,44.65,2009.25,0
CUST-2871,F,53.0,02/15/2026,Month-to-month,Mailed check,67,46.89,3141.63,0
CUST-2872,  Male  ,34.0,2026-02-16,Month-to-month,Credit card,27,116.33,3140.91,1
CUST-2873,Male,54.0,02/17/2026,month-to-month,Credit card,3,108.62,325.86,1
CUST-2874,Male,,INVALID_DATE,1 Year,Bank transfer,57,54.63,3113.9100000000003,0
CUST-2875,female,30.0,19-Feb-2026,month-to-month,Mailed check,65,66.66,4332.9,0
CUST-2876,female,35.0,20-Feb-2026,Month-to-month, ,20,48.53,,0
CUST-2877,M,41.0,2026-02-21,month-to-month,Bank transfer,71,94.26,6692.46,0
CUST-2878,  Male  ,11.0,INVALID_DATE,One year,Bank transfer,41,36.12,1480.9199999999998,1
CUST-2879,Female,46.0,2026-02-23,One year,Bank transfer,1,53.86,53.86,0
CUST-2880,F,61.0,02/24/2026,1 Year,Mailed check,4,80.61,322.44,1
CUST-2881,M,48.0,INVALID_DATE,Month-to-month,Mailed check,71,107.73,7648.83,0
CUST-2882,female,37.0,02/26/2026,1 Year,Mailed check,10,83.56,,0
CUST-2883,F,27.0,02/27/2026,1 Year,Electronic check,29,113.97,3305.13,0
CUST-2884,female,,2026-02-28,Month-to-month,Mailed check,15,113.08,1696.2,0
CUST-2885,F,20.0,03/01/2026,Two year,Bank transfer,19,91.83,1744.77,0
CUST-2886,Female,38.0,2026-03-02,Two year,Credit card,58,47.87,2776.46,0
CUST-2887,M,65.0,03/03/2026,month-to-month,Electronic check,53,88.31,4680.43,0
CUST-2888,F,7.0,2026-03-04,Two year,Electronic check,46,39.27,1806.42,0
CUST-2889,  Male  ,48.0,03/05/2026,One year,Electronic check,18,53.32,,0
CUST-2890,Male,32.0,03/06/2026,1 Year,Bank transfer,3,95.79,,1
CUST-2891,  Male  ,,03/07/2026,month-to-month,Mailed check,70,105.06,,0
CUST-2892,  Male  ,29.0,2026-03-08,1 Year,Bank transfer,22,61.68,1356.96,0
CUST-2893,Male,,INVALID_DATE,Month-to-month,Credit card,55,72.34,3978.7000000000003,0
CUST-2894,  Male  ,42.0,10-Mar-2026,Two year,Mailed check,64,58.61,3751.04,0
CUST-2895,F,43.0,11-Mar-2026,Month-to-month,Credit card,41,67.93,2785.13,0
CUST-2896,F,,2026-03-12,month-to-month,Electronic check,8,71.25,570.0,0
CUST-2897,F,20.0,2026-03-13,One year,Electronic check,65,89.18,5796.700000000001,1
CUST-2898,Male,50.0,14-Mar-2026,Two year,Bank transfer,3,95.05,285.15,0
CUST-2899,  Male  ,51.0,INVALID_DATE,Month-to-month,Mailed check,29,117.5,3407.5,1
CUST-2900,Male,45.0,INVALID_DATE,Two year,Electronic check,70,63.77,4463.900000000001,0
CUST-2901,F,35.0,17-Mar-2026,1 Year,Bank transfer,18,28.31,509.58,1
CUST-2902,  Male  ,44.0,03/18/2026,One year,Credit card,58,88.82,5151.5599999999995,0
CUST-2903,  Male  ,38.0,03/19/2026,Two year,Bank transfer,1,69.83,,1
CUST-2904,female,52.0,2026-03-20,One year,Mailed check,22,104.1,2290.2,0
CUST-2905,female,36.0,21-Mar-2026,1 Year, ,23,34.65,796.9499999999999,0
CUST-2906,Female,41.0,22-Mar-2026,1 Year,Mailed check,8,84.49,675.92,0
CUST-2907,M,19.0,2026-03-23,Month-to-month,Electronic check,29,65.93,,0
CUST-2908,female,44.0,INVALID_DATE,month-to-month,Bank transfer,44,61.93,,0
CUST-2909,Male,31.0,INVALID_DATE,Month-to-month,Credit card,62,76.49,4742.38,0
CUST-2910,female,46.0,26-Mar-2026,One year,Mailed check,19,88.42,1679.98,0
CUST-2911,Female,49.0,03/27/2026,Month-to-month,Bank transfer,59,105.09,6200.31,0
CUST-2912,  Male  ,33.0,28-Mar-2026,Two year,Electronic check,19,43.51,826.6899999999999,0
CUST-2913,Female,40.0,29-Mar-2026,Month-to-month,Credit card,22,49.31,1084.8200000000002,0
CUST-2914,  Male  ,42.0,03/30/2026,month-to-month,Credit card,68,74.86,5090.48,0
CUST-2915,  Male  ,44.0,31-Mar-2026,month-to-month,Credit card,5,54.66,273.29999999999995,1
CUST-2916,M,49.0,INVALID_DATE,One year,Electronic check,5,76.83,384.15,1
CUST-2917,female,48.0,INVALID_DATE,1 Year,Mailed check,25,40.02,1000.5000000000001,0
CUST-2918,Male,,04/03/2026,month-to-month,Electronic check,24,50.76,1218.24,0
CUST-2919,Male,59.0,INVALID_DATE,One year,Credit card,1,52.48,,0
CUST-2920,F,49.0,04/05/2026,month-to-month,Bank transfer,28,119.23,3338.44,0
CUST-2921,  Male  ,57.0,04/06/2026,month-to-month, ,47,105.43,4955.21,1
CUST-2922,Male,44.0,07-Apr-2026,1 Year,Bank transfer,60,103.77,6226.2,0
CUST-2923,M,45.0,04/08/2026,Two year,Electronic check,19,71.36,1355.84,0
CUST-2924,  Male  ,39.0,INVALID_DATE,One year,Electronic check,14,66.68,933.5200000000001,1
CUST-2925,M,35.0,INVALID_DATE,month-to-month,Electronic check,70,27.01,1890.7,0
CUST-2926,Male,52.0,2026-04-11,month-to-month, ,8,39.73,317.84,0
CUST-2927,Male,43.0,INVALID_DATE,Month-to-month,Electronic check,37,109.53,,0
CUST-2928,F,,13-Apr-2026,Two year,Mailed check,10,72.56,725.6,1
CUST-2929,Male,28.0,04/14/2026,1 Year,Credit card,67,118.74,7955.58,0
CUST-2930,  Male  ,59.0,INVALID_DATE,One year,Mailed check,13,79.18,1029.3400000000001,0
CUST-2931,  Male  ,41.0,2026-04-16,month-to-month,Bank transfer,39,57.75,2252.25,0
CUST-2932,  Male  ,25.0,2026-04-17,One year,Electronic check,64,47.41,3034.24,0
CUST-2933,F,41.0,04/18/2026,1 Year,Credit card,30,111.84,3355.2000000000003,1
CUST-2934,F,38.0,INVALID_DATE,Two year,Electronic check,4,57.07,Unknown,1
CUST-2935,Male,37.0,INVALID_DATE,Month-to-month,Electronic check,45,34.61,1557.45,0
CUST-2936,Female,47.0,2026-04-21,Two year,Credit card,6,47.83,286.98,1
CUST-2937,Female,38.0,INVALID_DATE,Month-to-month,Credit card,16,84.56,1352.96,0
CUST-2938,F,,INVALID_DATE,One year,Mailed check,22,33.3,732.5999999999999,0
CUST-2939,Male,56.0,04/24/2026,Two year,Mailed check,21,29.16,612.36,0
CUST-2940,Female,19.0,INVALID_DATE,Two year,Mailed check,65,65.76,,0
CUST-2941,Male,39.0,INVALID_DATE,Two year,Mailed check,30,28.37,851.1,0
CUST-2942,Male,51.0,2026-04-27,1 Year,Mailed check,24,59.29,1422.96,1
CUST-2943,Male,48.0,28-Apr-2026,One year,Bank transfer,64,52.27,3345.28,0
CUST-2944,female,,INVALID_DATE,Month-to-month, ,13,59.15,768.9499999999999,0
CUST-2945,  Male  ,64.0,04/30/2026,Two year,Electronic check,26,68.78,1788.28,0
CUST-2946,Male,60.0,2026-05-01,One year,Electronic check,20,38.53,770.6,1
CUST-2947,female,26.0,2026-05-02,1 Year,Mailed check,61,64.24,3918.64,0
CUST-2948,F,21.0,05/03/2026,1 Year,Electronic check,6,56.15,336.9,1
CUST-2949,Female,44.0,04-May-2026,One year,Bank transfer,43,99.55,4280.65,1
CUST-2950,  Male  ,24.0,INVALID_DATE,Month-to-month,Bank transfer,49,89.47,4384.03,1
CUST-2951,Female,17.0,INVALID_DATE,One year, ,9,107.25,965.25,1
CUST-2952,  Male  ,44.0,05/07/2026,One year,Mailed check,37,86.9,3215.3,1
CUST-2953,Female,47.0,2026-05-08,month-to-month,Bank transfer,16,32.11,513.76,0
CUST-2954,  Male  ,61.0,05/09/2026,1 Year,Credit card,4,70.71,282.84,1
CUST-2955,Female,49.0,10-May-2026,Month-to-month,Credit card,32,94.25,3016.0,0
CUST-2956,Female,,2026-05-11,month-to-month,Electronic check,17,104.17,1770.89,1
CUST-2957,Female,44.0,12-May-2026,One year,Mailed check,41,38.13,1563.3300000000002,0
CUST-2958,Female,26.0,13-May-2026,1 Year,Electronic check,45,42.35,1905.75,0
CUST-2959,F,50.0,2026-05-14,month-to-month,Mailed check,16,106.22,1699.52,0
CUST-2960,Male,56.0,15-May-2026,month-to-month,Mailed check,20,68.54,1370.8000000000002,0
CUST-2961,M,45.0,2026-05-16,Month-to-month,Credit card,42,65.24,2740.08,0
CUST-2962,female,57.0,17-May-2026,One year,Bank transfer,10,69.41,694.0999999999999,0
CUST-2963,M,39.0,18-May-2026,Month-to-month,Bank transfer,52,37.33,1941.1599999999999,0
CUST-2964,M,47.0,2026-05-19,month-to-month,Electronic check,60,82.76,4965.6,0
CUST-2965,  Male  ,38.0,20-May-2026,month-to-month,Electronic check,48,100.8,4838.4,0
CUST-2966,Male,69.0,21-May-2026,Month-to-month,Mailed check,23,103.71,2385.33,1
CUST-2967,  Male  ,50.0,INVALID_DATE,month-to-month,Bank transfer,33,23.04,760.3199999999999,0
CUST-2968,Male,27.0,23-May-2026,Two year,Mailed check,25,91.52,2288.0,0
CUST-2969,Male,62.0,05/24/2026,1 Year,Credit card,50,29.12,1456.0,0
CUST-2970,Female,31.0,25-May-2026,One year,Credit card,70,116.69,8168.3,0
CUST-2971,F,40.0,05/26/2026,1 Year,Mailed check,55,68.22,3752.1,0
CUST-2972,Female,46.0,2026-05-27,One year,Mailed check,68,97.54,6632.72,0
CUST-2973,F,47.0,2026-05-28,month-to-month,Mailed check,4,82.19,328.76,0
CUST-2974,  Male  ,,INVALID_DATE,Month-to-month,Mailed check,28,115.19,3225.3199999999997,1
CUST-2975,F,26.0,2026-05-30,Month-to-month,Mailed check,29,117.37,3403.73,0
CUST-2976,  Male  ,46.0,05/31/2026,month-to-month,Credit card,48,47.89,2298.7200000000003,0
CUST-2977,M,53.0,2026-06-01,One year,Credit card,13,68.29,887.7700000000001,0
CUST-2978,M,53.0,2026-06-02,month-to-month,Credit card,43,70.42,3028.06,1
CUST-2979,F,24.0,03-Jun-2026,One year,Electronic check,9,37.77,339.93,1
CUST-2980,F,32.0,06/04/2026,month-to-month,Credit card,40,110.39,4415.6,0
CUST-2981,  Male  ,27.0,06/05/2026,month-to-month,Bank transfer,46,54.96,,0
CUST-2982,Female,44.0,06/06/2026,month-to-month,Bank transfer,58,28.75,,0
CUST-2983,  Male  ,21.0,2026-06-07,Month-to-month,Mailed check,56,35.45,,0
CUST-2984,Female,27.0,06/08/2026,One year,Credit card,12,71.33,855.96,1
CUST-2985,M,32.0,2026-06-09,month-to-month,Mailed check,25,108.17,2704.25,0
CUST-2986,Male,,2026-06-10,1 Year,Mailed check,16,82.82,1325.12,1
CUST-2987,F,40.0,INVALID_DATE,1 Year,Bank transfer,51,41.48,,1
CUST-2988,Female,15.0,INVALID_DATE,Month-to-month,Bank transfer,53,49.68,2633.04,0
CUST-2989,  Male  ,,2026-06-13,Two year,Mailed check,52,117.6,6115.2,1
CUST-2990,M,35.0,2026-06-14,Month-to-month,Bank transfer,67,25.28,,0
CUST-2991,Female,33.0,15-Jun-2026,Two year,Mailed check,24,119.43,2866.32,1
CUST-2992,  Male  ,34.0,INVALID_DATE,Month-to-month,Mailed check,14,110.59,1548.26,1
CUST-2993,F,,06/17/2026,1 Year,Mailed check,22,87.85,1932.6999999999998,1
CUST-2994,F,47.0,INVALID_DATE,month-to-month,Electronic check,31,114.32,3543.9199999999996,1
CUST-2995,female,56.0,INVALID_DATE,One year,Bank transfer,58,35.25,2044.5,0
CUST-2996,Male,52.0,INVALID_DATE,month-to-month,Bank transfer,69,114.26,7883.9400000000005,0
CUST-2997,female,67.0,06/21/2026,1 Year,Credit card,19,41.26,,0
CUST-2998,M,48.0,2026-06-22,One year,Bank transfer,53,74.62,3954.86,0
CUST-2999,Female,,INVALID_DATE,Two year,Credit card,2,68.88,137.76,1
CUST-3000,M,35.0,INVALID_DATE,Two year,Mailed check,53,71.25,3776.25,0
CUST-3001,  Male  ,35.0,2026-06-25,1 Year,Electronic check,67,46.74,3131.58,0
CUST-3002,F,,2026-06-26,One year,Mailed check,47,98.06,4608.82,0
CUST-3003,female,,27-Jun-2026,month-to-month,Mailed check,53,94.26,4995.780000000001,1
CUST-3004,female,43.0,INVALID_DATE,1 Year,Mailed check,57,115.4,6577.8,1
CUST-3005,female,40.0,2026-06-29,Two year,Credit card,25,70.7,1767.5,0
CUST-3006,M,31.0,06/30/2026,1 Year, ,35,74.81,2618.35,0
CUST-3007,F,27.0,07/01/2026,month-to-month,Mailed check,29,110.34,3199.86,1
CUST-3008,Female,70.0,02-Jul-2026,Month-to-month,Credit card,17,111.94,1902.98,1
CUST-3009,  Male  ,23.0,INVALID_DATE,Month-to-month,Mailed check,49,84.95,4162.55,0
CUST-3010,Female,39.0,2026-07-04,month-to-month,Electronic check,56,102.04,5714.240000000001,0
CUST-3011,M,55.0,07/05/2026,One year,Mailed check,3,70.51,211.53000000000003,0
CUST-3012,  Male  ,46.0,06-Jul-2026,1 Year,Mailed check,22,58.82,1294.04,0
CUST-3013,female,34.0,INVALID_DATE,month-to-month,Bank transfer,14,106.41,,1
CUST-3014,Male,26.0,07/08/2026,Month-to-month,Credit card,3,97.73,293.19,0
CUST-3015,M,42.0,09-Jul-2026,Two year,Electronic check,38,44.24,1681.1200000000001,1
CUST-3016,M,8.0,2026-07-10,month-to-month,Credit card,21,24.76,519.96,0
CUST-3017,F,42.0,07/11/2026,month-to-month,Bank transfer,51,76.56,3904.56,0
CUST-3018,Female,40.0,INVALID_DATE,month-to-month,Mailed check,24,104.16,2499.84,1
CUST-3019,M,53.0,07/13/2026,Month-to-month,Electronic check,45,44.72,2012.3999999999999,0
CUST-3020,M,26.0,2026-07-14,Month-to-month,Electronic check,69,96.74,6675.0599999999995,0
CUST-3021,female,36.0,2026-07-15,month-to-month,Credit card,44,61.4,2701.6,0
CUST-3022,female,45.0,16-Jul-2026,month-to-month,Mailed check,47,53.57,2517.79,0
CUST-3023,  Male  ,42.0,2026-07-17,One year,Bank transfer,57,37.28,2124.96,0
CUST-3024,Male,24.0,INVALID_DATE,Two year,Mailed check,19,113.43,2155.17,1
CUST-3025,F,32.0,INVALID_DATE,1 Year,Credit card,34,42.57,1447.38,0
CUST-3026,Male,57.0,07/20/2026,1 Year,Electronic check,3,47.92,143.76,1
CUST-3027,  Male  ,43.0,07/21/2026,1 Year,Electronic check,39,53.15,2072.85,0
CUST-3028,female,20.0,2026-07-22,Month-to-month,Mailed check,60,48.47,2908.2,0
CUST-3029,Female,51.0,2026-07-23,Month-to-month,Mailed check,10,36.29,362.9,0
CUST-3030,female,21.0,2026-07-24,One year,Mailed check,40,55.45,2218.0,0
CUST-3031,F,36.0,2026-07-25,Month-to-month,Mailed check,2,67.18,134.36,0
CUST-3032,female,47.0,07/26/2026,month-to-month,Bank transfer,45,75.18,3383.1000000000004,0
CUST-3033,F,,INVALID_DATE,Two year,Bank transfer,27,35.65,962.55,0
CUST-3034,F,12.0,28-Jul-2026,Two year,Bank transfer,53,97.94,5190.82,0
CUST-3035,F,49.0,07/29/2026,Two year,Bank transfer,9,51.15,460.34999999999997,1
CUST-3036,  Male  ,50.0,07/30/2026,Two year,Credit card,1,111.79,111.79,1
CUST-3037,F,33.0,INVALID_DATE,1 Year,Electronic check,33,52.96,,0
CUST-3038,F,41.0,01-Aug-2026,1 Year, ,38,106.29,4039.0200000000004,0
CUST-3039,Female,3.0,INVALID_DATE,month-to-month,Credit card,57,55.25,3149.25,0
CUST-3040,Male,7.0,2026-08-03,One year,Credit card,33,70.58,2329.14,0
CUST-3041,M,53.0,04-Aug-2026,Month-to-month,Bank transfer,48,57.24,2747.52,0
CUST-3042,Male,34.0,08/05/2026,Month-to-month,Mailed check,3,58.71,176.13,0
CUST-3043,F,36.0,2026-08-06,1 Year,Electronic check,32,81.86,2619.52,1
CUST-3044,Female,43.0,2026-08-07,Two year,Credit card,21,89.29,1875.0900000000001,1
CUST-3045,female,36.0,2026-08-08,month-to-month,Mailed check,68,107.05,7279.4,0
CUST-3046,Female,-5.0,2026-08-09,One year,Bank transfer,17,76.91,1307.47,0
CUST-3047,F,45.0,2026-08-10,1 Year,Credit card,42,41.68,1750.56,0
CUST-3048,Female,,2026-08-11,month-to-month,Electronic check,68,118.96,8089.28,1
CUST-3049,Female,54.0,12-Aug-2026,month-to-month,Electronic check,12,88.38,,1
CUST-3050,F,37.0,2026-08-13,1 Year,Electronic check,45,57.48,2586.6,1
CUST-3051,  Male  ,,14-Aug-2026,month-to-month,Credit card,36,116.82,4205.5199999999995,0
CUST-3052,Female,26.0,15-Aug-2026,Two year,Electronic check,51,115.85,5908.349999999999,1
CUST-3053,M,,INVALID_DATE,month-to-month,Bank transfer,7,27.95,195.65,0
CUST-3054,M,36.0,INVALID_DATE,One year,Electronic check,33,21.98,,0
CUST-3055,Female,21.0,18-Aug-2026,month-to-month,Bank transfer,48,24.45,1173.6,0
CUST-3056,  Male  ,33.0,2026-08-19,Month-to-month,Electronic check,66,88.53,5842.9800000000005,0
CUST-3057,female,30.0,INVALID_DATE,month-to-month,Bank transfer,33,91.09,3005.9700000000003,0
CUST-3058,F,,2026-08-21,1 Year,Credit card,27,92.4,2494.8,0
CUST-3059,M,42.0,2026-08-22,Month-to-month,Bank transfer,47,83.02,3901.9399999999996,0
CUST-3060,female,59.0,INVALID_DATE,1 Year,Credit card,66,48.55,3204.2999999999997,0
CUST-3061,Female,31.0,INVALID_DATE,One year, ,43,36.71,1578.53,0
CUST-3062,female,37.0,INVALID_DATE,Two year,Bank transfer,19,112.79,2143.01,1
CUST-3063,Male,45.0,2026-08-26,One year,Credit card,68,111.31,7569.08,0
CUST-3064,M,47.0,08/27/2026,Month-to-month,Mailed check,10,44.25,442.5,1
CUST-3065,Female,49.0,08/28/2026,Two year,Electronic check,22,36.79,809.38,1
CUST-3066,F,29.0,INVALID_DATE,month-to-month,Mailed check,66,57.53,3796.98,1
CUST-3067,  Male  ,30.0,2026-08-30,Month-to-month,Bank transfer,2,24.84,49.68,0
CUST-3068,Female,,08/31/2026,Two year,Mailed check,18,36.21,651.78,1
CUST-3069,F,58.0,INVALID_DATE,1 Year,Electronic check,19,58.03,1102.57,1
CUST-3070,  Male  ,28.0,2026-09-02,Two year,Mailed check,30,43.87,1316.1,1
CUST-3071,  Male  ,34.0,2026-09-03,1 Year, ,6,93.68,562.08,1
CUST-3072,Female,49.0,2026-09-04,1 Year,Bank transfer,27,110.5,2983.5,1
CUST-3073,female,,2026-09-05,Two year,Credit card,15,110.91,,1
CUST-3074,female,47.0,2026-09-06,One year,Electronic check,31,80.43,2493.3300000000004,0
CUST-3075,  Male  ,41.0,2026-09-07,One year,Electronic check,44,90.35,3975.3999999999996,0
CUST-3076,female,27.0,2026-09-08,1 Year,Mailed check,10,69.4,694.0,0
CUST-3077,Male,32.0,INVALID_DATE,Month-to-month,Electronic check,21,34.67,728.07,0
CUST-3078,  Male  ,,INVALID_DATE,Two year,Bank transfer,47,83.5,3924.5,0
CUST-3079,  Male  ,49.0,11-Sep-2026,Month-to-month,Mailed check,55,55.0,3025.0,0
CUST-3080,F,24.0,INVALID_DATE,One year,Credit card,36,20.58,740.8799999999999,0
CUST-3081,female,50.0,INVALID_DATE,Month-to-month,Mailed check,58,77.5,4495.0,0
CUST-3082,  Male  ,56.0,14-Sep-2026,month-to-month,Mailed check,19,39.84,756.96,0
CUST-3083,Male,41.0,INVALID_DATE,month-to-month,Credit card,64,108.65,6953.6,0
CUST-3084,F,45.0,09/16/2026,One year,Mailed check,10,113.39,1133.9,1
CUST-3085,Female,52.0,09/17/2026,Month-to-month,Electronic check,49,36.22,1774.78,0
CUST-3086,  Male  ,32.0,INVALID_DATE,Two year,Mailed check,54,22.94,1238.76,0
CUST-3087,Male,68.0,INVALID_DATE,One year,Mailed check,61,20.4,1244.3999999999999,0
CUST-3088,M,55.0,INVALID_DATE,month-to-month,Mailed check,59,111.3,6566.7,0
CUST-3089,Male,46.0,INVALID_DATE,One year,Bank transfer,2,35.2,70.4,0
CUST-3090,Male,40.0,22-Sep-2026,Month-to-month,Bank transfer,8,63.53,508.24,0
CUST-3091,F,46.0,23-Sep-2026,Month-to-month,Electronic check,19,25.72,488.67999999999995,0
CUST-3092,Female,21.0,INVALID_DATE,Month-to-month,Credit card,68,57.33,3898.44,0
CUST-3093,M,65.0,INVALID_DATE,1 Year,Bank transfer,14,98.54,1379.5600000000002,0
CUST-3094,female,54.0,26-Sep-2026,Month-to-month,Bank transfer,22,60.67,1334.74,0
CUST-3095,female,58.0,09/27/2026,month-to-month,Electronic check,17,97.56,1658.52,0
CUST-3096,Male,40.0,2026-09-28,month-to-month,Electronic check,63,88.88,5599.44,0
CUST-3097,F,36.0,INVALID_DATE,1 Year,Credit card,26,71.73,1864.98,0
CUST-3098,F,32.0,09/30/2026,month-to-month,Mailed check,36,93.77,3375.72,1
CUST-3099,female,50.0,2026-10-01,month-to-month,Mailed check,45,107.91,4855.95,0
CUST-3100,M,,2026-10-02,One year,Credit card,30,99.3,2979.0,0
CUST-3101,Female,38.0,10/03/2026,Month-to-month,Credit card,21,89.17,1872.57,1
CUST-3102,M,47.0,INVALID_DATE,One year,Credit card,20,90.18,1803.6000000000001,1
CUST-3103,  Male  ,32.0,2026-10-05,One year,Electronic check,42,36.11,1516.62,0
CUST-3104,  Male  ,,INVALID_DATE,month-to-month,Mailed check,56,115.07,6443.92,0
CUST-3105,Female,40.0,INVALID_DATE,Two year,Credit card,12,40.57,486.84000000000003,0
CUST-3106,female,22.0,10/08/2026,Month-to-month,Credit card,8,54.9,439.2,0
CUST-3107,Female,32.0,09-Oct-2026,Two year,Mailed check,63,71.8,4523.4,0
CUST-3108,F,56.0,INVALID_DATE,month-to-month,Mailed check,56,32.62,1826.7199999999998,0
CUST-3109,  Male  ,29.0,11-Oct-2026,1 Year,Electronic check,7,79.36,555.52,0
CUST-3110,Male,51.0,10/12/2026,One year,Bank transfer,62,38.27,2372.7400000000002,0
CUST-3111,Male,41.0,10/13/2026,month-to-month,Bank transfer,61,112.34,6852.74,0
CUST-3112,female,38.0,10/14/2026,month-to-month,Electronic check,10,108.87,1088.7,1
CUST-3113,F,70.0,10/15/2026,Two year,Electronic check,50,74.44,3722.0,0
CUST-3114,M,25.0,2026-10-16,1 Year,Mailed check,20,64.95,,0
CUST-3115,F,31.0,17-Oct-2026,One year,Electronic check,28,30.26,,0
CUST-3116,Male,40.0,10/18/2026,1 Year,Electronic check,14,102.33,1432.62,0
CUST-3117,Male,69.0,10/19/2026,1 Year,Credit card,8,57.94,463.52,1
CUST-3118,  Male  ,40.0,INVALID_DATE,1 Year,Electronic check,7,44.63,312.41,1
CUST-3119,F,43.0,21-Oct-2026,Month-to-month,Electronic check,5,119.53,597.65,1
CUST-3120,F,36.0,10/22/2026,1 Year,Credit card,1,86.83,86.83,1
CUST-3121,Male,44.0,23-Oct-2026,month-to-month,Mailed check,10,27.39,273.9,0
CUST-3122,M,37.0,24-Oct-2026,Month-to-month,Mailed check,58,100.13,5807.54,0
CUST-3123,female,48.0,10/25/2026,Month-to-month,Electronic check,65,95.04,6177.6,0
CUST-3124,female,49.0,2026-10-26,1 Year,Electronic check,60,60.12,3607.2,0
CUST-3125,F,37.0,10/27/2026,month-to-month,Bank transfer,20,32.37,647.4,0
CUST-3126,female,26.0,2026-10-28,One year,Credit card,58,69.74,,1
CUST-3127,Male,,10/29/2026,1 Year,Bank transfer,43,96.33,4142.19,0
CUST-3128,Male,57.0,2026-10-30,Month-to-month,Electronic check,29,27.6,800.4000000000001,0
CUST-3129,F,30.0,INVALID_DATE,One year,Bank transfer,2,36.34,72.68,1
CUST-3130,F,44.0,01-Nov-2026,One year,Bank transfer,26,81.89,,0
CUST-3131,  Male  ,26.0,02-Nov-2026,Month-to-month,Mailed check,59,75.95,4481.05,0
CUST-3132,F,28.0,11/03/2026,One year,Credit card,1,110.51,110.51,1
CUST-3133,M,56.0,11/04/2026,month-to-month,Mailed check,31,101.48,3145.88,0
CUST-3134,female,48.0,2026-11-05,month-to-month,Mailed check,38,111.88,4251.44,1
CUST-3135,F,44.0,2026-11-06,1 Year,Bank transfer,22,66.6,,0
CUST-3136,Female,12.0,2026-11-07,1 Year,Credit card,66,98.78,6519.4800000000005,0
CUST-3137,  Male  ,33.0,2026-11-08,One year,Electronic check,47,24.87,1168.89,0
CUST-3138,Female,47.0,2026-11-09,Month-to-month,Credit card,1,49.45,49.45,0
CUST-3139,Male,23.0,11/10/2026,month-to-month, ,50,84.43,4221.5,0
CUST-3140,female,36.0,11-Nov-2026,Two year,Bank transfer,36,96.37,3469.32,1
CUST-3141,F,49.0,2026-11-12,1 Year,Electronic check,45,77.05,3467.25,0
CUST-3142,Female,22.0,13-Nov-2026,month-to-month,Mailed check,36,68.07,,0
CUST-3143,female,20.0,14-Nov-2026,One year,Bank transfer,34,43.33,1473.22,0
CUST-3144,Male,22.0,11/15/2026,month-to-month,Mailed check,9,37.42,336.78000000000003,0
CUST-3145,M,44.0,INVALID_DATE,month-to-month,Bank transfer,4,107.55,430.2,1
CUST-3146,  Male  ,33.0,2026-11-17,One year,Credit card,63,34.22,2155.86,0
CUST-3147,female,51.0,2026-11-18,1 Year, ,4,63.53,254.12,1
CUST-3148,female,41.0,2026-11-19,1 Year,Credit card,5,108.85,544.25,1
CUST-3149,M,63.0,2026-11-20,Two year,Credit card,10,34.77,347.70000000000005,0
CUST-3150,female,25.0,11/21/2026,Two year,Bank transfer,44,32.75,1441.0,0
CUST-3151,Male,44.0,INVALID_DATE,1 Year,Electronic check,40,89.25,3570.0,0
CUST-3152,Male,30.0,11/23/2026,1 Year,Credit card,36,53.16,1913.7599999999998,0
CUST-3153,M,47.0,2026-11-24,1 Year,Mailed check,35,63.57,2224.95,0
CUST-3154,  Male  ,41.0,2026-11-25,1 Year,Mailed check,59,82.56,4871.04,0
CUST-3155,F,28.0,26-Nov-2026,month-to-month,Bank transfer,65,57.9,3763.5,0
CUST-3156,Female,38.0,27-Nov-2026,Two year,Credit card,31,99.98,3099.38,0
CUST-3157,F,41.0,INVALID_DATE,One year,Electronic check,46,116.9,5377.400000000001,0
CUST-3158,female,33.0,2026-11-29,Month-to-month,Electronic check,49,113.31,5552.1900000000005,0
CUST-3159,Female,49.0,2026-11-30,One year,Mailed check,6,74.55,447.29999999999995,1
CUST-3160,M,28.0,INVALID_DATE,Month-to-month,Bank transfer,70,55.48,3883.6,0
CUST-3161,M,65.0,02-Dec-2026,month-to-month,Credit card,19,63.37,1204.03,1
CUST-3162,  Male  ,51.0,03-Dec-2026,Two year,Mailed check,42,53.02,2226.84,0
CUST-3163,Female,44.0,2026-12-04,Month-to-month,Bank transfer,30,64.17,1925.1000000000001,0
CUST-3164,Male,74.0,05-Dec-2026,1 Year,Electronic check,26,21.3,553.8000000000001,0
CUST-3165,Female,36.0,INVALID_DATE,month-to-month,Mailed check,3,25.52,76.56,0
CUST-3166,female,47.0,12/07/2026,Month-to-month,Bank transfer,33,97.13,3205.29,0
CUST-3167,Male,43.0,08-Dec-2026,1 Year,Electronic check,50,53.48,2674.0,0
CUST-3168,M,50.0,INVALID_DATE,month-to-month,Bank transfer,31,99.44,3082.64,0
CUST-3169,Female,58.0,2026-12-10,Month-to-month,Mailed check,68,67.99,4623.32,0
CUST-3170,F,47.0,12/11/2026,1 Year,Credit card,10,100.59,1005.9000000000001,0
CUST-3171,  Male  ,,INVALID_DATE,Two year,Bank transfer,22,86.36,1899.92,1
CUST-3172,F,33.0,12/13/2026,month-to-month,Credit card,63,40.1,2526.3,0
CUST-3173,  Male  ,38.0,14-Dec-2026,Month-to-month,Mailed check,54,64.77,3497.58,0
CUST-3174,female,60.0,2026-12-15,1 Year,Electronic check,51,90.43,4611.93,0
CUST-3175,F,47.0,16-Dec-2026,Two year,Bank transfer,4,53.06,212.24,1
CUST-3176,Female,43.0,17-Dec-2026,1 Year,Electronic check,37,39.33,1455.21,0
CUST-3177,Female,31.0,INVALID_DATE,Two year,Credit card,71,73.99,5253.29,0
CUST-3178,F,52.0,INVALID_DATE,Month-to-month,Credit card,63,47.36,2983.68,0
CUST-3179,Female,31.0,20-Dec-2026,1 Year,Electronic check,51,79.43,,0
CUST-3180,female,,INVALID_DATE,1 Year,Mailed check,8,47.17,377.36,1
CUST-3181,Male,41.0,INVALID_DATE,One year,Credit card,1,110.66,110.66,0
CUST-3182,female,11.0,12/23/2026,month-to-month,Mailed check,8,54.39,435.12,0
CUST-3183,  Male  ,,24-Dec-2026,1 Year,Electronic check,55,110.75,6091.25,0
CUST-3184,female,45.0,25-Dec-2026,Two year,Mailed check,9,47.95,431.55,0
CUST-3185,  Male  ,36.0,INVALID_DATE,month-to-month,Credit card,51,80.45,4102.95,0
CUST-3186,Female,37.0,27-Dec-2026,Month-to-month,Electronic check,16,33.02,528.32,0
CUST-3187,Male,39.0,28-Dec-2026,month-to-month,Mailed check,53,97.84,5185.52,0
CUST-3188,Female,31.0,INVALID_DATE,One year,Mailed check,59,40.02,2361.1800000000003,0
CUST-3189,M,42.0,2026-12-30,Month-to-month, ,45,106.4,4788.0,0
CUST-3190,Female,37.0,INVALID_DATE,1 Year,Credit card,37,65.24,2413.8799999999997,1
CUST-3191,  Male  ,41.0,2027-01-01,Month-to-month,Bank transfer,66,29.45,1943.7,0
CUST-3192,Female,38.0,2027-01-02,Month-to-month,Mailed check,64,56.35,3606.4,0
CUST-3193,Female,36.0,01/03/2027,One year,Credit card,36,97.97,3526.92,0
CUST-3194,Male,43.0,2027-01-04,Two year,Electronic check,50,27.63,1381.5,0
CUST-3195,Female,49.0,05-Jan-2027,Month-to-month, ,53,82.57,4376.21,0
CUST-3196,Male,,INVALID_DATE,Two year,Electronic check,57,70.73,4031.61,0
CUST-3197,F,45.0,07-Jan-2027,month-to-month,Mailed check,19,50.99,968.8100000000001,0
CUST-3198,M,46.0,2027-01-08,One year,Mailed check,26,95.56,2484.56,0
CUST-3199,Male,25.0,INVALID_DATE,1 Year,Electronic check,68,25.24,,0
CUST-3200,  Male  ,52.0,INVALID_DATE,Month-to-month,Bank transfer,43,69.76,,0
CUST-3201,F,65.0,INVALID_DATE,Two year,Bank transfer,58,70.69,4100.0199999999995,0
CUST-3202,Male,39.0,INVALID_DATE,Month-to-month,Credit card,59,28.64,,0
CUST-3203,Male,38.0,01/13/2027,One year,Credit card,46,33.6,1545.6000000000001,0
CUST-3204,M,37.0,01/14/2027,1 Year,Electronic check,68,60.97,4145.96,0
CUST-3205,  Male  ,47.0,01/15/2027,month-to-month,Mailed check,40,73.65,2946.0,0
CUST-3206,female,46.0,INVALID_DATE,month-to-month,Mailed check,13,25.32,329.16,0
CUST-3207,female,21.0,17-Jan-2027,Two year,Credit card,9,21.18,190.62,0
CUST-3208,Male,30.0,2027-01-18,month-to-month,Electronic check,66,39.26,2591.16,0
CUST-3209,Female,46.0,01/19/2027,Two year,Credit card,53,68.78,3645.34,0
CUST-3210,  Male  ,38.0,20-Jan-2027,1 Year,Bank transfer,4,24.03,96.12,0
CUST-3211,F,26.0,01/21/2027,Month-to-month,Electronic check,14,93.32,1306.48,1
CUST-3212,Female,58.0,01/22/2027,One year, ,8,35.19,281.52,0
CUST-3213,Female,30.0,2027-01-23,1 Year,Electronic check,62,97.26,6030.12,0
CUST-3214,  Male  ,40.0,INVALID_DATE,1 Year,Bank transfer,45,40.47,1821.1499999999999,0
CUST-3215,Male,,25-Jan-2027,month-to-month,Electronic check,67,54.66,3662.22,0
CUST-3216,Male,,01/26/2027,month-to-month,Credit card,62,67.91,4210.42,0
CUST-3217,Male,42.0,INVALID_DATE,One year, ,70,54.73,3831.1,0
CUST-3218,Male,45.0,28-Jan-2027,Month-to-month,Mailed check,36,22.36,804.96,0
CUST-3219,female,34.0,01/29/2027,1 Year,Credit card,1,110.86,110.86,1
CUST-3220,Male,36.0,INVALID_DATE,month-to-month,Credit card,60,48.65,2919.0,0
CUST-3221,female,47.0,2027-01-31,1 Year,Credit card,13,33.6,436.8,0
CUST-3222,female,16.0,02/01/2027,Month-to-month,Bank transfer,12,33.25,399.0,0
CUST-3223,Male,30.0,INVALID_DATE,Two year,Credit card,17,117.46,1996.82,0
CUST-3224,M,43.0,2027-02-03,Month-to-month,Bank transfer,47,32.31,1518.5700000000002,0
CUST-3225,F,34.0,INVALID_DATE,1 Year,Electronic check,53,54.65,2896.45,0
CUST-3226,Female,,02/05/2027,1 Year,Mailed check,67,26.76,1792.92,0
CUST-3227,female,51.0,2027-02-06,One year,Electronic check,10,93.55,935.5,1
CUST-3228,  Male  ,32.0,02/07/2027,1 Year,Credit card,46,79.68,3665.28,0
CUST-3229,  Male  ,64.0,INVALID_DATE,month-to-month,Bank transfer,4,73.36,,1
CUST-3230,F,19.0,INVALID_DATE,One year,Bank transfer,57,105.58,6018.0599999999995,0
CUST-3231,  Male  ,,02/10/2027,1 Year,Electronic check,38,77.33,,0
CUST-3232,M,51.0,02/11/2027,Month-to-month,Credit card,12,115.55,,1
CUST-3233,  Male  ,28.0,12-Feb-2027,1 Year,Mailed check,31,82.28,2550.68,1
CUST-3234,Female,28.0,13-Feb-2027,Month-to-month,Bank transfer,2,55.43,110.86,1
CUST-3235,Female,52.0,02/14/2027,Month-to-month,Bank transfer,1,23.67,23.67,0
CUST-3236,female,34.0,INVALID_DATE,1 Year,Credit card,25,92.53,2313.25,0
CUST-3237,Male,51.0,INVALID_DATE,Month-to-month,Bank transfer,5,57.36,286.8,0
CUST-3238,M,,INVALID_DATE,Two year, ,48,79.92,3836.16,0
CUST-3239,female,44.0,18-Feb-2027,One year,Credit card,14,107.63,1506.82,0
CUST-3240,M,34.0,INVALID_DATE,1 Year, ,52,20.77,1080.04,0
CUST-3241,Male,29.0,20-Feb-2027,Two year,Credit card,21,95.96,2015.1599999999999,0
CUST-3242,  Male  ,61.0,INVALID_DATE,Month-to-month,Electronic check,25,63.53,1588.25,0
CUST-3243,  Male  ,53.0,02/22/2027,Month-to-month,Mailed check,67,32.41,2171.47,0
CUST-3244,Male,31.0,INVALID_DATE,One year,Credit card,50,78.25,3912.5,0
CUST-3245,female,38.0,02/24/2027,Two year,Credit card,33,73.26,,0
CUST-3246,Male,58.0,02/25/2027,Two year,Mailed check,17,104.23,,0
CUST-3247,F,,INVALID_DATE,1 Year,Bank transfer,70,72.16,5051.2,0
CUST-3248,Female,29.0,27-Feb-2027,Month-to-month,Mailed check,34,102.74,3493.16,1
CUST-3249,female,46.0,28-Feb-2027,month-to-month,Bank transfer,26,74.45,1935.7,1
CUST-3250,M,67.0,01-Mar-2027,1 Year,Mailed check,42,64.69,2716.98,0
CUST-3251,F,41.0,INVALID_DATE,1 Year,Mailed check,31,57.12,1770.72,0
CUST-3252,female,53.0,03/03/2027,1 Year,Electronic check,51,37.37,1905.87,0
CUST-3253,Male,28.0,04-Mar-2027,One year,Mailed check,36,78.4,2822.4,0
CUST-3254,Male,44.0,05-Mar-2027,One year,Electronic check,13,74.43,967.5900000000001,1
CUST-3255,Male,36.0,2027-03-06,1 Year,Credit card,13,117.57,,1
CUST-3256,Male,62.0,INVALID_DATE,month-to-month,Bank transfer,32,61.24,1959.68,1
CUST-3257,M,59.0,INVALID_DATE,Two year,Bank transfer,5,62.15,310.75,1
CUST-3258,F,67.0,INVALID_DATE,Two year,Electronic check,12,36.39,436.68,0
CUST-3259,  Male  ,32.0,2027-03-10,Month-to-month,Bank transfer,59,79.76,,0
CUST-3260,Female,,03/11/2027,Two year,Bank transfer,41,104.79,4296.39,1
CUST-3261,M,45.0,03/12/2027,Two year,Mailed check,37,44.79,1657.23,0
CUST-3262,M,32.0,13-Mar-2027,month-to-month,Electronic check,68,20.91,1421.88,0
CUST-3263,  Male  ,42.0,2027-03-14,Two year,Bank transfer,48,89.15,4279.200000000001,0
CUST-3264,  Male  ,51.0,2027-03-15,month-to-month,Credit card,43,23.14,995.02,0
CUST-3265,Female,33.0,03/16/2027,One year,Electronic check,41,60.93,,0
CUST-3266,Female,32.0,17-Mar-2027,month-to-month,Mailed check,56,81.27,,0
CUST-3267,  Male  ,31.0,INVALID_DATE,One year,Credit card,69,58.6,4043.4,0
CUST-3268,Male,24.0,INVALID_DATE,month-to-month,Bank transfer,11,46.06,,0
CUST-3269,M,50.0,INVALID_DATE,1 Year,Bank transfer,9,99.93,899.3700000000001,1
CUST-3270,female,32.0,03/21/2027,One year,Electronic check,28,50.09,1402.52,0
CUST-3271,Female,30.0,INVALID_DATE,One year,Bank transfer,22,38.0,,0
CUST-3272,Female,46.0,23-Mar-2027,Two year,Electronic check,6,58.84,353.04,0
CUST-3273,  Male  ,,2027-03-24,One year,Bank transfer,26,33.17,862.4200000000001,0
CUST-3274,F,34.0,25-Mar-2027,month-to-month,Credit card,16,89.04,1424.64,0
CUST-3275,female,50.0,2027-03-26,1 Year,Mailed check,14,91.01,1274.14,1
CUST-3276,female,,INVALID_DATE,1 Year,Credit card,35,21.48,751.8000000000001,0
CUST-3277,Female,14.0,2027-03-28,Two year,Mailed check,42,89.49,3758.58,1
CUST-3278,Male,56.0,INVALID_DATE,month-to-month,Electronic check,53,49.9,2644.7,0
CUST-3279,F,30.0,2027-03-30,month-to-month, ,22,85.62,1883.64,0
CUST-3280,female,,03/31/2027,Month-to-month, ,53,90.65,4804.450000000001,0
CUST-3281,Female,31.0,04/01/2027,One year,Bank transfer,66,47.78,3153.48,0
CUST-3282,female,41.0,04/02/2027,Two year,Electronic check,13,38.54,501.02,0
CUST-3283,F,37.0,03-Apr-2027,1 Year,Mailed check,11,102.64,1129.04,0
CUST-3284,F,52.0,04/04/2027,Month-to-month,Credit card,12,93.92,1127.04,1
CUST-3285,M,60.0,2027-04-05,month-to-month,Mailed check,53,103.71,5496.63,0
CUST-3286,  Male  ,,INVALID_DATE,One year,Mailed check,9,63.57,572.13,0
CUST-3287,  Male  ,29.0,04/07/2027,1 Year,Electronic check,71,65.64,4660.44,0
CUST-3288,Female,34.0,INVALID_DATE,Month-to-month,Mailed check,17,54.42,925.14,0
CUST-3289,F,45.0,2027-04-09,month-to-month,Electronic check,61,69.91,4264.51,0
CUST-3290,M,39.0,04/10/2027,1 Year,Mailed check,10,84.66,,1
CUST-3291,M,34.0,11-Apr-2027,1 Year,Mailed check,38,101.45,3855.1,0
CUST-3292,female,24.0,12-Apr-2027,month-to-month,Credit card,39,38.32,1494.48,0
CUST-3293,female,13.0,2027-04-13,month-to-month,Electronic check,30,60.54,1816.2,0
CUST-3294,M,28.0,04/14/2027,Two year, ,34,66.12,2248.08,0
CUST-3295,female,55.0,04/15/2027,1 Year,Bank transfer,33,68.8,2270.4,0
CUST-3296,F,45.0,2027-04-16,month-to-month,Bank transfer,32,74.2,,0
CUST-3297,Male,38.0,17-Apr-2027,Month-to-month,Credit card,12,100.17,1202.04,1
CUST-3298,F,49.0,04/18/2027,One year,Credit card,65,108.63,7060.95,1
CUST-3299,M,25.0,04/19/2027,Two year,Mailed check,10,35.92,359.20000000000005,0
CUST-3300,M,41.0,04/20/2027,month-to-month,Mailed check,19,91.27,1734.1299999999999,1
CUST-3301,F,,INVALID_DATE,One year,Bank transfer,23,67.91,1561.9299999999998,1
CUST-3302,female,44.0,INVALID_DATE,Two year,Mailed check,57,61.77,3520.8900000000003,1
CUST-3303,female,43.0,23-Apr-2027,1 Year,Mailed check,59,31.33,1848.4699999999998,0
CUST-3304,  Male  ,43.0,04/24/2027,One year,Credit card,54,26.41,1426.14,0
CUST-3305,M,54.0,25-Apr-2027,Two year,Bank transfer,2,117.78,235.56,1
CUST-3306,Female,,INVALID_DATE,month-to-month,Electronic check,48,84.24,4043.5199999999995,0
CUST-3307,  Male  ,25.0,INVALID_DATE,month-to-month,Bank transfer,6,65.24,,0
CUST-3308,female,54.0,04/28/2027,Two year,Credit card,43,96.18,4135.740000000001,0
CUST-3309,F,37.0,29-Apr-2027,1 Year,Bank transfer,17,29.11,494.87,0
CUST-3310,female,16.0,2027-04-30,Two year,Electronic check,36,80.74,2906.64,1
CUST-3311,F,39.0,01-May-2027,Month-to-month,Mailed check,24,86.06,2065.44,1
CUST-3312,  Male  ,48.0,2027-05-02,Two year,Bank transfer,61,65.21,3977.8099999999995,0
CUST-3313,M,28.0,05/03/2027,Two year,Credit card,29,45.26,1312.54,0
CUST-3314,female,56.0,INVALID_DATE,month-to-month, ,58,115.46,6696.679999999999,0
CUST-3315,F,29.0,05/05/2027,1 Year, ,66,50.11,3307.2599999999998,0
CUST-3316,M,34.0,INVALID_DATE,Two year,Mailed check,53,32.48,1721.4399999999998,0
CUST-3317,Female,32.0,05/07/2027,One year,Mailed check,70,83.05,5813.5,0
CUST-3318,F,19.0,2027-05-08,month-to-month,Credit card,9,77.43,696.8700000000001,1
CUST-3319,  Male  ,28.0,05/09/2027,month-to-month,Credit card,42,95.48,4010.1600000000003,0
CUST-3320,Female,31.0,10-May-2027,Two year, ,39,95.38,3719.8199999999997,0
CUST-3321,Female,38.0,11-May-2027,One year, ,69,82.02,5659.38,0
CUST-3322,Male,4.0,2027-05-12,Two year,Bank transfer,40,40.75,1630.0,0
CUST-3323,female,49.0,13-May-2027,One year,Credit card,59,108.71,6413.889999999999,0
CUST-3324,F,48.0,2027-05-14,month-to-month,Credit card,44,44.83,1972.52,0
CUST-3325,Female,54.0,2027-05-15,One year, ,65,29.4,1911.0,0
CUST-3326,Male,22.0,INVALID_DATE,Two year,Credit card,11,50.15,551.65,0
CUST-3327,  Male  ,36.0,INVALID_DATE,Month-to-month,Mailed check,5,68.32,341.59999999999997,0
CUST-3328,M,51.0,05/18/2027,Month-to-month,Credit card,49,40.72,1995.28,0
CUST-3329,F,52.0,INVALID_DATE,One year,Mailed check,51,53.37,2721.87,0
CUST-3330,Female,58.0,2027-05-20,Two year,Electronic check,36,71.37,2569.32,0
CUST-3331,female,41.0,INVALID_DATE,1 Year,Electronic check,16,52.29,836.64,0
CUST-3332,Male,39.0,22-May-2027,Month-to-month,Bank transfer,7,28.93,202.51,0
CUST-3333,Female,21.0,23-May-2027,month-to-month,Credit card,44,39.72,1747.6799999999998,0
CUST-3334,female,53.0,05/24/2027,Two year,Bank transfer,26,99.42,2584.92,1
CUST-3335,Female,34.0,2027-05-25,Two year, ,36,115.43,4155.4800000000005,1
CUST-3336,F,40.0,05/26/2027,Month-to-month,Bank transfer,53,34.84,1846.5200000000002,0
CUST-3337,F,,05/27/2027,1 Year,Bank transfer,44,88.1,3876.3999999999996,0
CUST-3338,F,11.0,INVALID_DATE,month-to-month,Credit card,12,110.56,1326.72,1
CUST-3339,  Male  ,30.0,05/29/2027,1 Year,Mailed check,68,49.91,3393.8799999999997,0
CUST-3340,  Male  ,45.0,INVALID_DATE,month-to-month,Mailed check,23,102.95,2367.85,0
CUST-3341,Male,39.0,INVALID_DATE,Month-to-month,Credit card,30,110.49,3314.7,0
CUST-3342,F,46.0,06/01/2027,Two year,Mailed check,63,49.95,$1200.50,0
CUST-3343,female,49.0,06/02/2027,month-to-month,Electronic check,3,25.67,77.01,1
CUST-3344,Female,30.0,2027-06-03,Two year,Credit card,34,111.68,3797.1200000000003,1
CUST-3345,M,34.0,INVALID_DATE,One year,Credit card,49,53.05,2599.45,0
CUST-3346,female,38.0,05-Jun-2027,One year,Credit card,44,21.37,940.2800000000001,0
CUST-3347,  Male  ,49.0,2027-06-06,Month-to-month,Electronic check,41,67.49,2767.0899999999997,0
CUST-3348,  Male  ,37.0,INVALID_DATE,Month-to-month,Mailed check,48,31.59,1516.32,0
CUST-3349,female,19.0,INVALID_DATE,Month-to-month,Electronic check,71,110.17,7822.07,0
CUST-3350,  Male  ,38.0,INVALID_DATE,One year,Electronic check,8,35.5,284.0,0
CUST-3351,F,49.0,INVALID_DATE,month-to-month,Electronic check,7,50.44,353.08,1
CUST-3352,Male,56.0,INVALID_DATE,1 Year,Bank transfer,37,99.05,3664.85,0
CUST-3353,Female,43.0,2027-06-12,Month-to-month,Mailed check,55,100.63,5534.65,1
CUST-3354,Male,22.0,INVALID_DATE,1 Year,Mailed check,71,110.13,7819.23,0
CUST-3355,Female,35.0,06/14/2027,1 Year,Credit card,50,69.74,3486.9999999999995,1
CUST-3356,Female,46.0,15-Jun-2027,One year,Credit card,21,118.67,2492.07,0
CUST-3357,Male,50.0,2027-06-16,month-to-month,Bank transfer,34,71.62,2435.08,0
CUST-3358,female,46.0,2027-06-17,One year,Electronic check,49,99.07,4854.429999999999,0
CUST-3359,Female,37.0,18-Jun-2027,Month-to-month,Credit card,27,56.19,1517.1299999999999,1
CUST-3360,Male,50.0,2027-06-19,One year,Mailed check,8,114.13,913.04,1
CUST-3361,Female,32.0,INVALID_DATE,One year,Credit card,34,88.5,3009.0,0
CUST-3362,M,42.0,INVALID_DATE,One year,Electronic check,18,27.71,498.78000000000003,0
CUST-3363,female,49.0,22-Jun-2027,Month-to-month,Bank transfer,51,30.85,1573.3500000000001,0
CUST-3364,F,47.0,2027-06-23,Month-to-month,Electronic check,12,109.08,1308.96,0
CUST-3365,Female,47.0,06/24/2027,One year,Credit card,51,100.96,5148.96,0
CUST-3366,M,47.0,25-Jun-2027,One year,Bank transfer,63,53.01,3339.6299999999997,0
CUST-3367,F,27.0,2027-06-26,1 Year,Bank transfer,40,72.16,2886.3999999999996,0
CUST-3368,F,40.0,2027-06-27,month-to-month,Electronic check,22,105.27,2315.94,1
CUST-3369,Female,29.0,28-Jun-2027,1 Year,Credit card,8,30.34,242.72,0
CUST-3370,Male,37.0,INVALID_DATE,month-to-month,Electronic check,28,33.81,946.6800000000001,1
CUST-3371,Female,26.0,30-Jun-2027,month-to-month,Credit card,50,91.55,4577.5,0
CUST-3372,M,44.0,01-Jul-2027,One year,Credit card,47,28.22,1326.34,0
CUST-3373,F,16.0,02-Jul-2027,1 Year,Mailed check,56,55.26,3094.56,0
CUST-3374,Female,47.0,03-Jul-2027,month-to-month,Bank transfer,32,45.18,1445.76,1
CUST-3375,Male,40.0,04-Jul-2027,month-to-month,Credit card,11,96.03,1056.33,0
CUST-3376,Female,63.0,INVALID_DATE,Month-to-month,Electronic check,21,20.24,425.03999999999996,0
CUST-3377,female,38.0,07/06/2027,month-to-month,Electronic check,26,31.54,820.04,0
CUST-3378,Male,38.0,INVALID_DATE,One year,Mailed check,14,29.9,418.59999999999997,0
CUST-3379,M,48.0,07/08/2027,Two year,Mailed check,14,51.81,725.34,0
CUST-3380,F,38.0,INVALID_DATE,Month-to-month,Mailed check,3,43.25,129.75,0
CUST-3381,Female,43.0,10-Jul-2027,Two year,Bank transfer,57,42.83,,0
CUST-3382,Male,52.0,2027-07-11,One year,Mailed check,7,57.04,,1
CUST-3383,female,37.0,07/12/2027,Two year,Bank transfer,39,41.4,1614.6,0
CUST-3384,Male,54.0,07/13/2027,month-to-month, ,57,30.62,1745.3400000000001,0
CUST-3385,  Male  ,20.0,2027-07-14,Two year,Bank transfer,65,78.33,5091.45,0
CUST-3386,female,59.0,07/15/2027,1 Year,Credit card,25,115.17,2879.25,1
CUST-3387,M,19.0,INVALID_DATE,One year,Mailed check,31,80.72,2502.32,0
CUST-3388,F,56.0,07/17/2027,1 Year,Bank transfer,10,95.7,957.0,1
CUST-3389,M,18.0,INVALID_DATE,Two year,Credit card,9,117.22,1054.98,0
CUST-3390,Female,64.0,19-Jul-2027,1 Year,Mailed check,8,35.32,282.56,0
CUST-3391,Male,42.0,07/20/2027,Month-to-month,Credit card,19,65.98,1253.6200000000001,0
CUST-3392,  Male  ,29.0,07/21/2027,Two year,Mailed check,30,78.18,2345.4,1
CUST-3393,female,62.0,07/22/2027,1 Year, ,9,52.21,469.89,0
CUST-3394,female,27.0,INVALID_DATE,month-to-month,Bank transfer,47,81.31,3821.57,0
CUST-3395,Male,37.0,24-Jul-2027,Two year,Electronic check,46,82.38,3789.4799999999996,0
CUST-3396,  Male  ,71.0,2027-07-25,Month-to-month,Bank transfer,1,104.22,104.22,1
CUST-3397,Male,45.0,2027-07-26,month-to-month,Electronic check,3,103.25,309.75,1
CUST-3398,Female,16.0,2027-07-27,Two year,Mailed check,34,34.25,1164.5,0
CUST-3399,M,37.0,INVALID_DATE,month-to-month,Electronic check,25,36.89,922.25,0
CUST-3400,female,,2027-07-29,Two year,Mailed check,30,42.24,1267.2,0
CUST-3401,Female,42.0,07/30/2027,Two year,Bank transfer,1,46.12,46.12,0
CUST-3402,M,39.0,31-Jul-2027,One year, ,18,76.45,1376.1000000000001,0
CUST-3403,Female,47.0,01-Aug-2027,1 Year,Electronic check,33,52.75,1740.75,0
CUST-3404,  Male  ,22.0,INVALID_DATE,Two year,Credit card,9,115.3,1037.7,1
CUST-3405,female,33.0,08/03/2027,Month-to-month,Bank transfer,7,31.83,222.81,0
CUST-3406,Male,44.0,2027-08-04,1 Year,Credit card,30,44.65,1339.5,0
CUST-3407,Male,31.0,05-Aug-2027,One year,Credit card,13,106.83,1388.79,0
CUST-3408,M,53.0,08/06/2027,1 Year,Credit card,13,78.43,1019.5900000000001,1
CUST-3409,F,31.0,08/07/2027,1 Year,Credit card,42,74.74,3139.08,0
CUST-3410,  Male  ,42.0,INVALID_DATE,Two year,Credit card,63,79.43,5004.09,0
CUST-3411,M,39.0,INVALID_DATE,Month-to-month,Electronic check,69,45.23,3120.87,0
CUST-3412,F,28.0,08/10/2027,Two year,Mailed check,36,96.14,3461.04,0
CUST-3413,Female,41.0,INVALID_DATE,Month-to-month,Mailed check,35,69.65,2437.75,0
CUST-3414,  Male  ,24.0,08/12/2027,Month-to-month,Credit card,46,24.26,1115.96,0
CUST-3415,Female,35.0,INVALID_DATE,month-to-month,Electronic check,45,37.72,1697.3999999999999,0
CUST-3416,female,40.0,14-Aug-2027,Two year,Credit card,56,101.66,5692.96,0
CUST-3417,  Male  ,23.0,INVALID_DATE,One year,Credit card,5,54.5,272.5,1
CUST-3418,F,47.0,08/16/2027,1 Year,Bank transfer,44,97.34,4282.96,0
CUST-3419,female,43.0,17-Aug-2027,month-to-month,Electronic check,28,86.34,2417.52,1
CUST-3420,Male,46.0,08/18/2027,One year,Credit card,42,50.15,2106.2999999999997,0
CUST-3421,F,40.0,08/19/2027,Two year,Mailed check,31,32.7,1013.7,0
CUST-3422,M,26.0,INVALID_DATE,Month-to-month,Bank transfer,7,100.69,,1
CUST-3423,Male,40.0,21-Aug-2027,Two year,Credit card,7,84.31,590.1700000000001,0
CUST-3424,Male,,08/22/2027,Two year,Credit card,4,50.08,200.32,1
CUST-3425,M,26.0,2027-08-23,month-to-month,Credit card,32,72.33,2314.56,0
CUST-3426,  Male  ,27.0,INVALID_DATE,One year,Electronic check,28,81.19,2273.3199999999997,0
CUST-3427,Male,37.0,25-Aug-2027,month-to-month,Credit card,56,20.21,1131.76,0
CUST-3428,F,36.0,26-Aug-2027,One year,Mailed check,4,87.05,348.2,0
CUST-3429,female,40.0,08/27/2027,month-to-month,Bank transfer,8,85.61,684.88,1
CUST-3430,Male,36.0,28-Aug-2027,1 Year,Electronic check,14,28.26,395.64000000000004,0
CUST-3431,F,42.0,29-Aug-2027,Month-to-month,Bank transfer,30,98.78,2963.4,1
CUST-3432,Female,,2027-08-30,Month-to-month,Mailed check,3,102.51,307.53000000000003,0
CUST-3433,F,46.0,31-Aug-2027,Month-to-month,Credit card,2,49.02,98.04,0
CUST-3434,female,41.0,2027-09-01,1 Year,Electronic check,10,36.22,362.2,0
CUST-3435,F,27.0,INVALID_DATE,1 Year,Credit card,70,88.65,6205.5,1
CUST-3436,M,31.0,INVALID_DATE,Month-to-month,Electronic check,71,32.34,,0
CUST-3437,female,50.0,INVALID_DATE,Month-to-month,Credit card,16,105.8,1692.8,0
CUST-3438,  Male  ,34.0,05-Sep-2027,One year,Mailed check,70,68.01,4760.700000000001,0
CUST-3439,Female,28.0,INVALID_DATE,One year,Mailed check,22,110.98,2441.56,0
CUST-3440,M,65.0,2027-09-07,Two year,Credit card,35,84.22,2947.7,0
CUST-3441,  Male  ,58.0,08-Sep-2027,month-to-month,Mailed check,49,48.51,2376.99,0
CUST-3442,F,39.0,09-Sep-2027,One year,Credit card,2,66.8,133.6,0
CUST-3443,female,27.0,2027-09-10,One year,Electronic check,66,72.93,4813.38,0
CUST-3444,Female,49.0,2027-09-11,One year,Mailed check,19,101.52,1928.8799999999999,0
CUST-3445,M,34.0,2027-09-12,One year,Electronic check,69,106.19,,0
CUST-3446,  Male  ,51.0,INVALID_DATE,1 Year,Credit card,4,88.3,353.2,1
CUST-3447,  Male  ,34.0,14-Sep-2027,Two year,Electronic check,41,49.42,2026.22,0
CUST-3448,Female,60.0,09/15/2027,One year,Bank transfer,56,72.86,4080.16,0
CUST-3449,F,34.0,09/16/2027,month-to-month,Credit card,55,33.06,1818.3000000000002,0
CUST-3450,Female,68.0,17-Sep-2027,One year,Mailed check,31,43.01,1333.31,1
CUST-3451,  Male  ,42.0,18-Sep-2027,1 Year,Mailed check,22,50.31,1106.8200000000002,0
CUST-3452,Male,57.0,2027-09-19,Month-to-month,Bank transfer,48,27.28,1309.44,0
CUST-3453,M,34.0,INVALID_DATE,Month-to-month,Credit card,4,108.5,434.0,1
CUST-3454,Female,24.0,2027-09-21,Two year,Credit card,21,32.26,,1
CUST-3455,  Male  ,12.0,2027-09-22,Month-to-month,Credit card,41,89.68,,0
CUST-3456,F,55.0,09/23/2027,One year,Credit card,45,70.57,3175.6499999999996,0
CUST-3457,  Male  ,41.0,INVALID_DATE,1 Year,Electronic check,8,103.18,825.44,1
CUST-3458,F,25.0,25-Sep-2027,Two year,Credit card,9,94.1,846.9,0
CUST-3459,Female,,26-Sep-2027,One year,Electronic check,18,95.97,1727.46,0
CUST-3460,F,54.0,09/27/2027,Month-to-month,Electronic check,31,61.83,1916.73,0
CUST-3461,female,57.0,2027-09-28,month-to-month, ,35,103.4,3619.0,1
CUST-3462,female,24.0,INVALID_DATE,One year,Credit card,30,29.47,884.0999999999999,0
CUST-3463,female,55.0,2027-09-30,month-to-month,Electronic check,18,64.44,1159.92,1
CUST-3464,Male,45.0,INVALID_DATE,month-to-month, ,41,119.46,4897.86,1
CUST-3465,Female,57.0,2027-10-02,Two year,Bank transfer,24,114.81,2755.44,1
CUST-3466,  Male  ,47.0,INVALID_DATE,1 Year,Electronic check,48,28.22,1354.56,0
CUST-3467,  Male  ,42.0,2027-10-04,Month-to-month,Mailed check,14,77.3,1082.2,0
CUST-3468,Male,55.0,10/05/2027,Month-to-month,Credit card,19,51.57,979.83,0
CUST-3469,F,50.0,INVALID_DATE,One year,Mailed check,60,92.85,5571.0,1
CUST-3470,Male,53.0,2027-10-07,Month-to-month,Electronic check,22,93.58,2058.7599999999998,1
CUST-3471,F,34.0,INVALID_DATE,Two year,Electronic check,30,20.01,600.3000000000001,0
CUST-3472,F,38.0,2027-10-09,Month-to-month, ,15,104.58,1568.7,1
CUST-3473,M,19.0,10/10/2027,One year,Credit card,21,42.36,889.56,0
CUST-3474,  Male  ,33.0,INVALID_DATE,Month-to-month,Electronic check,26,116.59,3031.34,0
CUST-3475,female,49.0,2027-10-12,1 Year,Bank transfer,12,110.54,1326.48,1
CUST-3476,F,47.0,10/13/2027,month-to-month,Mailed check,7,39.07,,0
CUST-3477,M,28.0,2027-10-14,month-to-month,Electronic check,35,83.63,2927.0499999999997,0
CUST-3478,  Male  ,55.0,15-Oct-2027,month-to-month,Credit card,68,49.64,3375.52,0
CUST-3479,female,76.0,2027-10-16,1 Year,Electronic check,2,30.3,60.6,0
CUST-3480,F,29.0,17-Oct-2027,Two year,Credit card,20,107.4,,1
CUST-3481,F,,10/18/2027,One year,Credit card,47,38.08,,0
CUST-3482,Male,33.0,2027-10-19,1 Year,Electronic check,12,62.1,745.2,0
CUST-3483,Male,,INVALID_DATE,One year,Bank transfer,53,112.42,5958.26,0
CUST-3484,  Male  ,43.0,INVALID_DATE,Two year,Credit card,17,27.54,468.18,0
CUST-3485,female,32.0,INVALID_DATE,1 Year,Mailed check,18,75.06,1351.08,0
CUST-3486,F,37.0,INVALID_DATE,Month-to-month,Credit card,24,77.21,1853.04,1
CUST-3487,  Male  ,,2027-10-24,Two year,Credit card,37,96.31,3563.4700000000003,1
CUST-3488,  Male  ,46.0,2027-10-25,month-to-month,Bank transfer,30,102.71,3081.2999999999997,0
CUST-3489,Female,58.0,26-Oct-2027,1 Year,Credit card,52,62.41,3245.3199999999997,0
CUST-3490,Male,40.0,2027-10-27,Two year,Electronic check,23,94.37,2170.51,0
CUST-3491,female,33.0,10/28/2027,Two year,Bank transfer,37,111.04,4108.4800000000005,0
CUST-3492,F,48.0,INVALID_DATE,1 Year,Credit card,24,108.63,2607.12,1
CUST-3493,  Male  ,45.0,2027-10-30,month-to-month,Electronic check,50,70.18,3509.0000000000005,0
CUST-3494,F,38.0,10/31/2027,month-to-month,Electronic check,20,80.7,1614.0,0
CUST-3495,Female,46.0,01-Nov-2027,Two year,Credit card,47,87.28,4102.16,0
CUST-3496,female,35.0,11/02/2027,One year,Mailed check,18,101.91,1834.3799999999999,1
CUST-3497,  Male  ,34.0,03-Nov-2027,Two year,Mailed check,26,70.77,1840.02,0
CUST-3498,F,17.0,INVALID_DATE,1 Year,Credit card,71,31.19,2214.4900000000002,0
CUST-3499,Male,36.0,05-Nov-2027,1 Year,Credit card,43,58.53,2516.79,0
CUST-3500,Female,19.0,06-Nov-2027,1 Year,Electronic check,47,92.02,4324.94,0
CUST-3501,female,32.0,11/07/2027,month-to-month,Credit card,43,82.38,3542.3399999999997,0
CUST-3502,Female,47.0,INVALID_DATE,Month-to-month,Credit card,32,95.35,3051.2,0
CUST-3503,Male,22.0,11/09/2027,1 Year,Electronic check,7,70.0,490.0,1
CUST-3504,female,38.0,INVALID_DATE,1 Year,Credit card,32,37.44,1198.08,0
CUST-3505,Female,41.0,11/11/2027,One year,Credit card,65,31.52,2048.8,0
CUST-3506,M,37.0,2027-11-12,One year, ,58,68.13,3951.54,0
CUST-3507,Male,34.0,11/13/2027,Two year,Electronic check,53,40.57,2150.21,0
CUST-3508,Male,44.0,14-Nov-2027,Two year,Credit card,34,118.23,4019.82,1
CUST-3509,Male,46.0,11/15/2027,Two year,Mailed check,69,39.88,2751.7200000000003,0
CUST-3510,M,,16-Nov-2027,1 Year,Credit card,56,76.68,4294.08,0
CUST-3511,M,35.0,11/17/2027,One year,Mailed check,66,20.18,1331.8799999999999,0
CUST-3512,F,50.0,11/18/2027,Two year,Credit card,32,45.36,1451.52,0
CUST-3513,  Male  ,24.0,19-Nov-2027,One year,Electronic check,50,45.91,2295.5,0
CUST-3514,Female,48.0,INVALID_DATE,1 Year,Mailed check,24,93.8,$1200.50,1
CUST-3515,F,45.0,11/21/2027,1 Year,Credit card,46,69.56,3199.76,0
CUST-3516,Female,42.0,2027-11-22,Two year,Credit card,3,21.21,63.63,0
CUST-3517,  Male  ,40.0,2027-11-23,1 Year,Credit card,10,57.92,579.2,1
CUST-3518,M,17.0,24-Nov-2027,1 Year, ,6,84.48,506.88,0
CUST-3519,  Male  ,57.0,25-Nov-2027,One year,Electronic check,52,83.67,,0
CUST-3520,M,50.0,26-Nov-2027,Month-to-month,Bank transfer,50,25.39,,0
CUST-3521,  Male  ,,2027-11-27,month-to-month,Mailed check,58,112.89,6547.62,0
CUST-3522,F,49.0,28-Nov-2027,Two year,Credit card,52,44.7,2324.4,0
CUST-3523,female,42.0,29-Nov-2027,Month-to-month,Electronic check,13,109.15,1418.95,1
CUST-3524,F,33.0,INVALID_DATE,Two year,Bank transfer,59,41.34,,0
CUST-3525,Female,54.0,2027-12-01,Month-to-month,Electronic check,39,76.79,2994.8100000000004,0
CUST-3526,F,35.0,INVALID_DATE,1 Year,Credit card,53,60.61,3212.33,0
CUST-3527,Male,,INVALID_DATE,Two year,Bank transfer,58,78.13,4531.54,0
CUST-3528,Female,46.0,04-Dec-2027,Month-to-month,Mailed check,20,69.79,1395.8000000000002,0
CUST-3529,  Male  ,51.0,INVALID_DATE,month-to-month,Mailed check,63,20.2,1272.6,0
CUST-3530,Female,,12/06/2027,1 Year,Electronic check,10,55.13,551.3000000000001,1
CUST-3531,female,46.0,12/07/2027,Two year,Mailed check,26,21.12,549.12,0
CUST-3532,M,43.0,12/08/2027,Two year,Mailed check,19,88.34,1678.46,0
CUST-3533,  Male  ,31.0,INVALID_DATE,Month-to-month,Bank transfer,61,105.35,6426.349999999999,0
CUST-3534,Female,41.0,12/10/2027,Two year,Mailed check,34,58.47,1987.98,0
CUST-3535,  Male  ,51.0,2027-12-11,1 Year,Bank transfer,44,72.48,3189.1200000000003,0
CUST-3536,  Male  ,49.0,12/12/2027,One year,Bank transfer,18,26.58,478.43999999999994,0
CUST-3537,  Male  ,,12/13/2027,Month-to-month,Bank transfer,16,58.52,936.32,0
CUST-3538,M,15.0,INVALID_DATE,month-to-month,Mailed check,26,33.89,,0
CUST-3539,F,,2027-12-15,Two year,Electronic check,65,26.47,1720.55,0
CUST-3540,  Male  ,36.0,INVALID_DATE,1 Year,Electronic check,66,37.2,2455.2000000000003,0
CUST-3541,Male,27.0,2027-12-17,Two year,Mailed check,27,107.08,2891.16,0
CUST-3542,female,51.0,2027-12-18,month-to-month,Bank transfer,4,118.22,472.88,1
CUST-3543,M,16.0,INVALID_DATE,1 Year,Mailed check,51,107.92,5503.92,0
CUST-3544,Female,,12/20/2027,month-to-month,Credit card,3,116.97,350.90999999999997,1
CUST-3545,M,56.0,21-Dec-2027,1 Year,Electronic check,66,93.08,6143.28,0
CUST-3546,Female,37.0,22-Dec-2027,One year,Bank transfer,16,35.97,575.52,0
CUST-3547,M,39.0,12/23/2027,1 Year,Mailed check,28,76.32,2136.96,0
CUST-3548,Female,52.0,24-Dec-2027,month-to-month,Bank transfer,44,93.16,4099.04,0
CUST-3549,  Male  ,31.0,25-Dec-2027,Month-to-month,Credit card,18,71.35,1284.3,0
CUST-3550,F,48.0,2027-12-26,One year,Bank transfer,2,75.47,,0
CUST-3551,Female,29.0,INVALID_DATE,Two year,Credit card,44,78.62,3459.28,0
CUST-3552,Female,25.0,INVALID_DATE,One year,Electronic check,20,66.68,1333.6000000000001,1
CUST-3553,Male,44.0,12/29/2027,One year,Bank transfer,56,49.06,2747.36,0
CUST-3554,Female,40.0,12/30/2027,Two year,Mailed check,23,83.7,1925.1000000000001,1
CUST-3555,Male,19.0,INVALID_DATE,1 Year,Bank transfer,60,25.35,,0
CUST-3556,female,57.0,01-Jan-2028,One year, ,71,37.09,2633.3900000000003,0
CUST-3557,  Male  ,,01/02/2028,One year,Credit card,45,112.53,5063.85,0
CUST-3558,Male,46.0,2028-01-03,Month-to-month,Credit card,47,68.88,3237.3599999999997,0
CUST-3559,F,59.0,INVALID_DATE,Month-to-month,Mailed check,37,102.17,3780.29,0
CUST-3560,  Male  ,43.0,05-Jan-2028,month-to-month,Electronic check,8,92.65,741.2,0
CUST-3561,Male,55.0,2028-01-06,Two year,Electronic check,5,52.07,260.35,0
CUST-3562,  Male  ,30.0,INVALID_DATE,1 Year,Credit card,23,100.36,2308.28,0
CUST-3563,  Male  ,57.0,INVALID_DATE,1 Year,Mailed check,10,29.13,291.3,0
CUST-3564,  Male  ,30.0,09-Jan-2028,month-to-month,Bank transfer,27,107.5,2902.5,1
CUST-3565,female,33.0,01/10/2028,1 Year,Mailed check,1,88.06,88.06,1
CUST-3566,F,23.0,2028-01-11,1 Year,Mailed check,71,112.71,8002.41,0
CUST-3567,M,43.0,2028-01-12,Month-to-month,Mailed check,8,109.55,876.4,1
CUST-3568,M,48.0,2028-01-13,1 Year,Electronic check,11,58.03,,0
CUST-3569,Male,49.0,INVALID_DATE,1 Year,Bank transfer,28,105.68,2959.04,1
CUST-3570,  Male  ,23.0,15-Jan-2028,month-to-month,Mailed check,34,76.3,2594.2,0
CUST-3571,Male,44.0,16-Jan-2028,month-to-month,Electronic check,43,35.71,,0
CUST-3572,female,45.0,INVALID_DATE,One year,Electronic check,28,102.96,,0
CUST-3573,female,47.0,2028-01-18,1 Year,Credit card,49,110.79,5428.71,0
CUST-3574,Female,31.0,2028-01-19,1 Year,Bank transfer,61,28.45,1735.45,0
CUST-3575,female,10.0,20-Jan-2028,1 Year,Mailed check,37,113.06,,0
CUST-3576,Female,48.0,01/21/2028,Month-to-month,Bank transfer,3,80.13,240.39,0
CUST-3577,F,,INVALID_DATE,1 Year,Credit card,9,22.59,203.31,0
CUST-3578,Male,43.0,01/23/2028,Month-to-month, ,2,74.18,148.36,1
CUST-3579,F,39.0,2028-01-24,One year,Mailed check,23,99.67,2292.41,0
CUST-3580,female,43.0,INVALID_DATE,Two year,Electronic check,51,73.32,,0
CUST-3581,F,,INVALID_DATE,1 Year,Credit card,17,90.72,1542.24,1
CUST-3582,F,,01/27/2028,month-to-month,Electronic check,25,107.96,2699.0,1
CUST-3583,F,54.0,INVALID_DATE,month-to-month,Credit card,27,106.98,2888.46,1
CUST-3584,female,,29-Jan-2028,1 Year,Bank transfer,20,37.89,757.8,1
CUST-3585,  Male  ,60.0,01/30/2028,Month-to-month,Mailed check,36,62.71,2257.56,0
CUST-3586,F,34.0,31-Jan-2028,month-to-month,Credit card,28,31.12,871.36,0
CUST-3587,Female,32.0,2028-02-01,month-to-month,Bank transfer,29,79.51,2305.79,0
CUST-3588,female,38.0,02/02/2028,One year,Credit card,42,115.47,4849.74,1
CUST-3589,F,46.0,INVALID_DATE,One year,Mailed check,58,38.18,2214.44,0
CUST-3590,  Male  ,37.0,02/04/2028,One year,Bank transfer,32,60.36,1931.52,0
CUST-3591,female,47.0,05-Feb-2028,month-to-month,Electronic check,12,115.4,1384.8000000000002,1
CUST-3592,M,35.0,06-Feb-2028,month-to-month,Credit card,30,95.01,2850.3,0
CUST-3593,  Male  ,40.0,2028-02-07,1 Year,Credit card,60,27.12,1627.2,0
CUST-3594,Female,67.0,INVALID_DATE,1 Year,Bank transfer,11,62.84,691.24,0
CUST-3595,F,44.0,INVALID_DATE,Month-to-month,Mailed check,11,118.79,1306.69,1
CUST-3596,M,45.0,2028-02-10,month-to-month,Credit card,50,65.32,3265.9999999999995,0
CUST-3597,M,22.0,11-Feb-2028,1 Year,Bank transfer,1,82.94,82.94,1
CUST-3598,female,56.0,INVALID_DATE,1 Year,Mailed check,27,90.1,2432.7,0
CUST-3599,M,53.0,INVALID_DATE,One year,Credit card,32,86.39,2764.48,0
CUST-3600,Female,31.0,14-Feb-2028,One year,Bank transfer,6,71.87,431.22,1
CUST-3601,Female,53.0,2028-02-15,One year,Mailed check,41,33.28,,0
CUST-3602,Male,44.0,16-Feb-2028,Two year,Credit card,36,90.84,3270.2400000000002,1
CUST-3603,Female,41.0,INVALID_DATE,1 Year, ,39,113.33,4419.87,0
CUST-3604,  Male  ,55.0,02/18/2028,One year,Mailed check,30,114.17,3425.1,1
CUST-3605,M,34.0,2028-02-19,One year,Mailed check,57,79.34,4522.38,0
CUST-3606,Female,31.0,02/20/2028,month-to-month,Bank transfer,11,69.22,761.42,0
CUST-3607,female,42.0,21-Feb-2028,One year,Credit card,3,53.4,160.2,0
CUST-3608,Male,46.0,2028-02-22,month-to-month,Credit card,48,30.36,1457.28,0
CUST-3609,M,52.0,2028-02-23,Month-to-month,Bank transfer,6,108.31,649.86,0
CUST-3610,Male,38.0,2028-02-24,One year,Credit card,7,33.71,,0
CUST-3611,M,30.0,25-Feb-2028,month-to-month,Credit card,44,48.79,,0
CUST-3612,female,,2028-02-26,One year,Credit card,61,94.04,5736.4400000000005,0
CUST-3613,Male,27.0,2028-02-27,Month-to-month,Electronic check,54,90.48,4885.92,0
CUST-3614,F,41.0,INVALID_DATE,One year,Mailed check,51,88.1,4493.099999999999,0
CUST-3615,  Male  ,49.0,2028-02-29,month-to-month,Electronic check,48,94.17,4520.16,0
CUST-3616,  Male  ,54.0,INVALID_DATE,Month-to-month,Electronic check,61,74.2,,0
CUST-3617,M,33.0,2028-03-02,Month-to-month,Mailed check,40,35.5,1420.0,0
CUST-3618,F,18.0,03-Mar-2028,Month-to-month,Electronic check,3,119.84,359.52,0
CUST-3619,Male,33.0,2028-03-04,Two year,Bank transfer,30,109.21,3276.2999999999997,0
CUST-3620,F,50.0,2028-03-05,month-to-month,Electronic check,24,63.12,1514.8799999999999,1
CUST-3621,F,48.0,06-Mar-2028,Two year,Bank transfer,67,73.03,4893.01,0
CUST-3622,Male,48.0,2028-03-07,Month-to-month,Mailed check,2,59.36,118.72,0
CUST-3623,female,,03/08/2028,Two year,Credit card,44,83.8,3687.2,0
CUST-3624,F,56.0,2028-03-09,One year,Mailed check,40,93.11,3724.4,0
CUST-3625,F,31.0,2028-03-10,Two year,Mailed check,19,43.16,820.04,0
CUST-3626,female,26.0,INVALID_DATE,1 Year,Electronic check,63,63.28,3986.64,0
CUST-3627,F,44.0,INVALID_DATE,Month-to-month,Mailed check,24,84.02,2016.48,1
CUST-3628,F,27.0,03/13/2028,Month-to-month,Mailed check,50,118.8,,0
CUST-3629,F,25.0,14-Mar-2028,month-to-month,Bank transfer,20,52.49,1049.8,1
CUST-3630,  Male  ,55.0,2028-03-15,One year,Credit card,57,94.5,5386.5,0
CUST-3631,Female,43.0,INVALID_DATE,month-to-month,Electronic check,50,54.67,2733.5,0
CUST-3632,female,40.0,03/17/2028,Two year,Credit card,58,29.23,1695.34,0
CUST-3633,F,41.0,18-Mar-2028,1 Year,Credit card,31,97.01,3007.31,0
CUST-3634,  Male  ,39.0,INVALID_DATE,1 Year,Credit card,37,84.93,3142.4100000000003,0
CUST-3635,female,55.0,20-Mar-2028,1 Year,Electronic check,4,71.43,285.72,1
CUST-3636,M,22.0,03/21/2028,1 Year,Mailed check,58,87.5,5075.0,0
CUST-3637,M,21.0,22-Mar-2028,One year,Credit card,10,107.93,1079.3000000000002,1
CUST-3638,F,29.0,23-Mar-2028,Two year,Electronic check,63,95.65,6025.950000000001,0
CUST-3639,  Male  ,43.0,03/24/2028,1 Year,Mailed check,36,105.78,3808.08,0
CUST-3640,  Male  ,62.0,25-Mar-2028,Month-to-month,Credit card,55,49.0,2695.0,0
CUST-3641,female,,03/26/2028,Two year,Bank transfer,57,100.05,5702.849999999999,0
CUST-3642,female,47.0,27-Mar-2028,One year,Electronic check,43,56.0,2408.0,0
CUST-3643,  Male  ,39.0,INVALID_DATE,1 Year,Credit card,65,22.07,1434.55,0
CUST-3644,female,24.0,INVALID_DATE,One year,Electronic check,12,24.32,291.84000000000003,0
CUST-3645,  Male  ,46.0,INVALID_DATE,1 Year,Bank transfer,62,93.04,5768.4800000000005,0
CUST-3646,Female,64.0,INVALID_DATE,Month-to-month,Electronic check,24,47.19,1132.56,0
CUST-3647,  Male  ,37.0,04/01/2028,Two year,Mailed check,2,50.76,101.52,0
CUST-3648,M,33.0,02-Apr-2028,Month-to-month,Credit card,47,82.26,3866.2200000000003,0
CUST-3649,female,37.0,04/03/2028,1 Year,Electronic check,56,94.15,5272.400000000001,0
CUST-3650,  Male  ,47.0,2028-04-04,month-to-month,Electronic check,16,75.89,1214.24,0
CUST-3651,  Male  ,41.0,05-Apr-2028,Two year,Credit card,34,90.64,,0
CUST-3652,female,51.0,04/06/2028,One year,Bank transfer,18,114.11,2053.98,0
CUST-3653,Female,,07-Apr-2028,1 Year,Bank transfer,29,105.42,3057.18,0
CUST-3654,Female,37.0,08-Apr-2028,Month-to-month, ,54,44.08,2380.3199999999997,0
CUST-3655,female,43.0,2028-04-09,month-to-month,Credit card,51,110.68,5644.68,0
CUST-3656,Male,34.0,INVALID_DATE,1 Year,Mailed check,14,49.73,,0
CUST-3657,female,61.0,11-Apr-2028,One year,Electronic check,58,86.06,4991.4800000000005,0
CUST-3658,female,50.0,12-Apr-2028,Month-to-month,Electronic check,35,107.47,3761.45,1
CUST-3659,Female,27.0,2028-04-13,Two year,Bank transfer,9,82.34,741.0600000000001,0
CUST-3660,Female,31.0,04/14/2028,month-to-month,Mailed check,37,100.62,3722.94,0
CUST-3661,female,,INVALID_DATE,1 Year,Electronic check,12,112.73,1352.76,1
CUST-3662,female,42.0,04/16/2028,1 Year,Mailed check,11,116.69,,0
CUST-3663,female,44.0,04/17/2028,1 Year,Credit card,27,61.06,1648.6200000000001,0
CUST-3664,Female,38.0,04/18/2028,1 Year,Electronic check,43,119.28,5129.04,0
CUST-3665,female,45.0,INVALID_DATE,Month-to-month,Credit card,50,47.17,2358.5,0
CUST-3666,female,38.0,04/20/2028,Two year,Bank transfer,20,66.22,1324.4,0
CUST-3667,F,47.0,04/21/2028,One year,Bank transfer,13,96.07,1248.9099999999999,0
CUST-3668,Male,49.0,INVALID_DATE,month-to-month, ,47,117.02,5499.94,0
CUST-3669,M,59.0,INVALID_DATE,1 Year,Bank transfer,8,25.29,202.32,0
CUST-3670,Male,34.0,2028-04-24,1 Year,Credit card,69,114.56,7904.64,0
CUST-3671,F,40.0,04/25/2028,Two year,Credit card,71,119.87,8510.77,0
CUST-3672,M,25.0,2028-04-26,Two year,Credit card,64,110.96,7101.44,0
CUST-3673,female,62.0,27-Apr-2028,Month-to-month,Bank transfer,44,30.84,1356.96,0
CUST-3674,F,16.0,2028-04-28,Month-to-month,Bank transfer,12,104.07,1248.84,1
CUST-3675,female,60.0,2028-04-29,Month-to-month,Bank transfer,4,83.98,335.92,1
CUST-3676,Female,41.0,2028-04-30,month-to-month,Credit card,40,20.95,838.0,0
CUST-3677,  Male  ,45.0,2028-05-01,Month-to-month,Mailed check,19,118.44,2250.36,0
CUST-3678,F,38.0,05/02/2028,1 Year, ,54,35.05,1892.6999999999998,0
CUST-3679,Female,40.0,03-May-2028,Month-to-month,Mailed check,1,59.68,59.68,1
CUST-3680,F,47.0,04-May-2028,month-to-month,Bank transfer,13,23.03,299.39,1
CUST-3681,F,20.0,INVALID_DATE,Month-to-month,Electronic check,50,50.95,2547.5,0
CUST-3682,Female,,06-May-2028,Month-to-month,Electronic check,53,76.83,4071.99,0
CUST-3683,M,30.0,2028-05-07,1 Year,Electronic check,42,113.09,4749.78,1
CUST-3684,Male,45.0,INVALID_DATE,1 Year,Mailed check,25,119.04,2976.0,1
CUST-3685,female,40.0,2028-05-09,1 Year,Bank transfer,44,62.34,2742.96,0
CUST-3686,F,47.0,05/10/2028,Month-to-month,Credit card,61,62.82,3832.02,0
CUST-3687,female,42.0,05/11/2028,1 Year,Mailed check,21,36.03,,0
CUST-3688,  Male  ,53.0,12-May-2028,Two year,Bank transfer,51,69.84,3561.84,1
CUST-3689,Female,31.0,2028-05-13,One year,Electronic check,52,114.01,,1
CUST-3690,female,,2028-05-14,One year,Mailed check,63,36.54,2302.02,0
CUST-3691,Female,53.0,2028-05-15,1 Year,Bank transfer,54,46.65,2519.1,0
CUST-3692,female,51.0,INVALID_DATE,month-to-month,Credit card,10,109.13,1091.3,0
CUST-3693,Male,22.0,INVALID_DATE,1 Year,Mailed check,59,82.64,4875.76,0
CUST-3694,Male,28.0,INVALID_DATE,1 Year,Credit card,8,53.05,424.4,0
CUST-3695,Male,39.0,19-May-2028,Month-to-month,Mailed check,51,101.27,5164.7699999999995,0
CUST-3696,Male,37.0,20-May-2028,month-to-month,Electronic check,5,30.9,,0
CUST-3697,Male,39.0,2028-05-21,1 Year,Electronic check,42,105.84,4445.28,1
CUST-3698,Male,50.0,2028-05-22,Two year,Electronic check,12,71.8,861.5999999999999,1
CUST-3699,Female,43.0,23-May-2028,One year,Credit card,24,95.69,2296.56,0
CUST-3700,F,44.0,INVALID_DATE,Two year,Electronic check,45,71.84,3232.8,0
CUST-3701,female,48.0,INVALID_DATE,Two year,Credit card,53,44.63,2365.3900000000003,0
CUST-3702,Male,53.0,INVALID_DATE,Two year,Credit card,53,84.08,4456.24,0
CUST-3703,Female,3.0,INVALID_DATE,month-to-month,Credit card,17,35.48,,0
CUST-3704,Female,35.0,INVALID_DATE,month-to-month,Electronic check,65,42.99,,0
CUST-3705,Female,29.0,29-May-2028,month-to-month,Bank transfer,58,74.93,4345.9400000000005,0
CUST-3706,F,,05/30/2028,One year,Credit card,37,59.0,2183.0,0
CUST-3707,female,34.0,05/31/2028,Month-to-month,Bank transfer,42,94.52,3969.8399999999997,0
CUST-3708,F,41.0,06/01/2028,1 Year,Credit card,70,78.36,5485.2,0
CUST-3709,M,50.0,2028-06-02,1 Year,Electronic check,40,58.13,,0
CUST-3710,Female,33.0,2028-06-03,Month-to-month,Electronic check,23,52.67,1211.41,1
CUST-3711,M,44.0,INVALID_DATE,1 Year,Electronic check,23,111.32,2560.3599999999997,0
CUST-3712,  Male  ,59.0,2028-06-05,Two year,Mailed check,49,24.01,1176.49,0
CUST-3713,Male,50.0,06-Jun-2028,One year,Electronic check,7,89.1,623.6999999999999,1
CUST-3714,Male,21.0,06/07/2028,1 Year, ,37,59.19,2190.0299999999997,0
CUST-3715,F,36.0,08-Jun-2028,One year,Credit card,16,57.74,923.84,0
CUST-3716,female,44.0,09-Jun-2028,Month-to-month,Bank transfer,38,85.19,3237.22,0
CUST-3717,M,47.0,10-Jun-2028,1 Year,Mailed check,40,105.05,4202.0,0
CUST-3718,female,37.0,INVALID_DATE,One year,Bank transfer,29,92.44,2680.7599999999998,0
CUST-3719,F,32.0,INVALID_DATE,Two year,Credit card,17,87.01,1479.17,1
CUST-3720,Male,41.0,INVALID_DATE,Two year,Credit card,20,69.62,1392.4,1
CUST-3721,female,27.0,2028-06-14,Month-to-month,Electronic check,25,66.92,1673.0,0
CUST-3722,female,53.0,INVALID_DATE,month-to-month,Mailed check,60,66.07,3964.2,0
CUST-3723,Male,62.0,2028-06-16,1 Year,Mailed check,38,34.54,1312.52,0
CUST-3724,M,45.0,17-Jun-2028,Two year,Bank transfer,63,75.95,4784.85,0
CUST-3725,Male,37.0,06/18/2028,Two year,Electronic check,39,51.55,2010.4499999999998,0
CUST-3726,female,51.0,INVALID_DATE,Month-to-month,Electronic check,64,81.82,5236.48,0
CUST-3727,M,49.0,2028-06-20,Two year,Electronic check,21,73.43,1542.0300000000002,0
CUST-3728,M,37.0,2028-06-21,1 Year,Credit card,32,113.99,3647.68,0
CUST-3729,Male,39.0,INVALID_DATE,Month-to-month,Mailed check,28,63.49,1777.72,0
CUST-3730,female,33.0,INVALID_DATE,One year,Bank transfer,12,86.44,1037.28,1
CUST-3731,F,42.0,24-Jun-2028,Month-to-month, ,23,79.28,1823.44,1
CUST-3732,female,44.0,2028-06-25,1 Year,Bank transfer,15,88.44,1326.6,1
CUST-3733,Female,31.0,06/26/2028,1 Year,Electronic check,12,46.7,560.4000000000001,0
CUST-3734,  Male  ,27.0,27-Jun-2028,One year,Mailed check,4,45.72,182.88,0
CUST-3735,F,24.0,2028-06-28,Month-to-month,Mailed check,35,75.97,,0
CUST-3736,M,45.0,29-Jun-2028,1 Year,Credit card,61,104.91,6399.51,0
CUST-3737,F,40.0,30-Jun-2028,1 Year,Credit card,27,92.0,2484.0,0
CUST-3738,M,39.0,INVALID_DATE,One year,Credit card,33,68.89,2273.37,0
CUST-3739,M,46.0,07/02/2028,month-to-month,Bank transfer,13,45.51,591.63,0
CUST-3740,F,29.0,07/03/2028,Month-to-month,Bank transfer,37,95.93,3549.4100000000003,0
CUST-3741,M,27.0,2028-07-04,1 Year,Mailed check,44,112.62,4955.280000000001,0
CUST-3742,M,43.0,05-Jul-2028,Two year,Credit card,2,41.3,82.6,1
CUST-3743,Female,19.0,INVALID_DATE,One year,Bank transfer,38,99.91,3796.58,1
CUST-3744,female,37.0,2028-07-07,month-to-month,Credit card,37,37.24,1377.88,0
CUST-3745,female,70.0,2028-07-08,month-to-month,Credit card,59,110.08,6494.72,0
CUST-3746,  Male  ,24.0,2028-07-09,One year, ,69,84.2,5809.8,0
CUST-3747,  Male  ,35.0,07/10/2028,month-to-month,Mailed check,18,38.1,685.8000000000001,0
CUST-3748,Female,15.0,11-Jul-2028,1 Year, ,48,23.63,1134.24,0
CUST-3749,  Male  ,37.0,12-Jul-2028,month-to-month,Mailed check,66,89.46,5904.36,0
CUST-3750,F,,INVALID_DATE,Month-to-month, ,49,80.61,3949.89,0
CUST-3751,Male,46.0,07/14/2028,Two year,Mailed check,58,81.13,4705.54,1
CUST-3752,Male,33.0,07/15/2028,1 Year,Credit card,35,68.23,2388.05,0
CUST-3753,Male,66.0,2028-07-16,One year,Credit card,58,81.44,4723.5199999999995,0
CUST-3754,Female,19.0,INVALID_DATE,Two year,Bank transfer,7,107.32,751.24,1
CUST-3755,Female,45.0,2028-07-18,1 Year,Bank transfer,9,115.2,1036.8,1
CUST-3756,M,41.0,INVALID_DATE,Two year,Bank transfer,69,54.45,3757.05,0
CUST-3757,Male,37.0,INVALID_DATE,month-to-month,Credit card,4,68.79,275.16,0
CUST-3758,F,,07/21/2028,One year,Mailed check,32,47.3,1513.6,1
CUST-3759,  Male  ,26.0,07/22/2028,One year,Bank transfer,5,61.16,305.79999999999995,0
CUST-3760,F,44.0,23-Jul-2028,Month-to-month,Bank transfer,56,99.59,5577.04,0
CUST-3761,  Male  ,42.0,24-Jul-2028,month-to-month,Mailed check,56,62.5,3500.0,0
CUST-3762,Male,30.0,25-Jul-2028,Month-to-month,Mailed check,44,59.16,2603.04,0
CUST-3763,Male,63.0,07/26/2028,Month-to-month,Bank transfer,13,105.01,1365.13,0
CUST-3764,Male,38.0,2028-07-27,month-to-month,Credit card,4,20.13,80.52,0
CUST-3765,Female,38.0,INVALID_DATE,1 Year,Credit card,52,105.22,5471.44,0
CUST-3766,  Male  ,28.0,INVALID_DATE,Month-to-month,Bank transfer,15,38.14,572.1,0
CUST-3767,Female,38.0,30-Jul-2028,Two year,Mailed check,1,47.45,47.45,1
CUST-3768,Female,68.0,INVALID_DATE,1 Year,Credit card,65,56.16,3650.3999999999996,0
CUST-3769,female,37.0,INVALID_DATE,month-to-month,Mailed check,11,108.07,1188.77,0
CUST-3770,F,46.0,08/02/2028,One year,Electronic check,61,110.87,6763.070000000001,1
CUST-3771,F,51.0,08/03/2028,1 Year,Mailed check,63,86.12,5425.56,0
CUST-3772,M,38.0,INVALID_DATE,Month-to-month,Mailed check,38,63.94,2429.72,0
CUST-3773,Female,35.0,2028-08-05,Two year,Electronic check,69,71.61,4941.09,0
CUST-3774,  Male  ,46.0,06-Aug-2028,month-to-month,Credit card,45,78.04,3511.8,0
CUST-3775,female,37.0,INVALID_DATE,One year,Credit card,70,115.4,8078.0,1
CUST-3776,female,36.0,INVALID_DATE,Two year,Credit card,68,116.92,7950.56,0
CUST-3777,F,51.0,09-Aug-2028,One year,Bank transfer,4,104.73,418.92,1
CUST-3778,Female,39.0,08/10/2028,month-to-month,Electronic check,71,78.37,5564.27,0
CUST-3779,M,55.0,11-Aug-2028,1 Year,Mailed check,48,59.07,,0
CUST-3780,Female,39.0,2028-08-12,Month-to-month,Electronic check,9,43.03,387.27,0
CUST-3781,Male,24.0,INVALID_DATE,month-to-month,Electronic check,47,73.45,3452.15,0
CUST-3782,Female,-1.0,INVALID_DATE,Two year,Electronic check,60,54.56,3273.6000000000004,0
CUST-3783,Male,18.0,INVALID_DATE,1 Year,Electronic check,52,27.27,1418.04,0
CUST-3784,Male,20.0,16-Aug-2028,One year,Electronic check,33,67.62,,0
CUST-3785,M,43.0,2028-08-17,1 Year,Electronic check,58,77.11,4472.38,0
CUST-3786,  Male  ,28.0,INVALID_DATE,1 Year,Bank transfer,48,81.13,3894.24,0
CUST-3787,F,16.0,08/19/2028,Two year,Electronic check,5,27.38,136.9,1
CUST-3788,Female,38.0,2028-08-20,Month-to-month,Electronic check,27,68.31,1844.3700000000001,0
CUST-3789,Male,27.0,2028-08-21,1 Year,Credit card,41,85.59,3509.19,0
CUST-3790,Female,46.0,2028-08-22,1 Year,Electronic check,1,116.11,116.11,0
CUST-3791,  Male  ,45.0,2028-08-23,Month-to-month,Electronic check,51,22.5,1147.5,0
CUST-3792,F,47.0,08/24/2028,Month-to-month,Credit card,16,87.63,1402.08,0
CUST-3793,  Male  ,9.0,2028-08-25,One year,Credit card,32,26.23,839.36,0
CUST-3794,F,41.0,08/26/2028,One year,Credit card,47,35.88,1686.3600000000001,0
CUST-3795,female,39.0,27-Aug-2028,Month-to-month,Mailed check,23,37.33,858.5899999999999,1
CUST-3796,F,25.0,28-Aug-2028,month-to-month,Electronic check,15,52.89,793.35,0
CUST-3797,M,14.0,29-Aug-2028,Month-to-month,Electronic check,26,103.13,2681.38,0
CUST-3798,  Male  ,39.0,30-Aug-2028,One year,Electronic check,37,105.62,3907.94,1
CUST-3799,Male,53.0,08/31/2028,Two year,Credit card,55,57.5,3162.5,0
CUST-3800,female,9.0,INVALID_DATE,Two year,Bank transfer,2,63.13,126.26,0
CUST-3801,M,30.0,09/02/2028,1 Year,Electronic check,19,41.7,792.3000000000001,1
CUST-3802,Female,42.0,03-Sep-2028,Two year,Credit card,32,63.25,2024.0,0
CUST-3803,  Male  ,53.0,INVALID_DATE,One year, ,69,47.48,3276.12,0
CUST-3804,Male,36.0,INVALID_DATE,Two year,Credit card,55,37.49,2061.9500000000003,0
CUST-3805,F,63.0,INVALID_DATE,month-to-month,Mailed check,56,35.85,2007.6000000000001,0
CUST-3806,Male,18.0,INVALID_DATE,Month-to-month,Credit card,29,97.56,2829.2400000000002,1
CUST-3807,Female,16.0,2028-09-08,Month-to-month,Bank transfer,36,31.69,1140.8400000000001,0
CUST-3808,female,52.0,09-Sep-2028,One year, ,71,81.6,5793.599999999999,0
CUST-3809,female,12.0,10-Sep-2028,1 Year, ,53,36.75,1947.75,0
CUST-3810,  Male  ,46.0,11-Sep-2028,Month-to-month,Bank transfer,39,103.78,4047.42,0
CUST-3811,female,,09/12/2028,Two year,Bank transfer,11,47.45,521.95,0
CUST-3812,  Male  ,29.0,13-Sep-2028,month-to-month,Electronic check,30,24.49,734.6999999999999,0
CUST-3813,  Male  ,35.0,14-Sep-2028,1 Year,Credit card,53,65.21,3456.1299999999997,0
CUST-3814,  Male  ,25.0,15-Sep-2028,1 Year,Credit card,8,119.98,959.84,1
CUST-3815,F,36.0,09/16/2028,1 Year,Electronic check,20,101.31,2026.2,0
CUST-3816,M,40.0,17-Sep-2028,Month-to-month, ,12,77.03,924.36,0
CUST-3817,  Male  ,35.0,18-Sep-2028,1 Year,Credit card,67,38.94,2608.98,0
CUST-3818,  Male  ,,2028-09-19,One year,Electronic check,50,31.75,1587.5,0
CUST-3819,M,43.0,20-Sep-2028,Two year,Electronic check,12,103.86,1246.32,1
CUST-3820,Male,60.0,INVALID_DATE,month-to-month,Bank transfer,54,98.77,5333.58,0
CUST-3821,  Male  ,37.0,09/22/2028,Two year,Bank transfer,54,66.22,3575.88,0
CUST-3822,F,50.0,INVALID_DATE,One year, ,19,62.14,1180.66,0
CUST-3823,female,28.0,2028-09-24,One year,Credit card,14,94.87,,0
CUST-3824,female,24.0,25-Sep-2028,Two year,Mailed check,52,73.6,3827.2,0
CUST-3825,Female,45.0,09/26/2028,Month-to-month,Bank transfer,22,60.42,1329.24,0
CUST-3826,Female,37.0,2028-09-27,One year,Mailed check,4,45.17,180.68,1
CUST-3827,female,54.0,09/28/2028,1 Year,Mailed check,59,32.26,1903.34,0
CUST-3828,female,56.0,INVALID_DATE,month-to-month,Electronic check,34,79.48,2702.32,0
CUST-3829,F,50.0,2028-09-30,month-to-month,Electronic check,64,102.6,6566.4,0
CUST-3830,M,50.0,10/01/2028,One year,Credit card,18,94.62,1703.16,1
CUST-3831,Female,-1.0,INVALID_DATE,1 Year,Bank transfer,31,89.63,2778.5299999999997,0
CUST-3832,M,45.0,2028-10-03,Two year,Bank transfer,42,112.89,4741.38,0
CUST-3833,F,50.0,04-Oct-2028,month-to-month,Mailed check,3,59.45,178.35000000000002,0
CUST-3834,female,25.0,05-Oct-2028,1 Year,Mailed check,55,33.72,,0
CUST-3835,  Male  ,40.0,INVALID_DATE,1 Year,Credit card,10,30.19,301.90000000000003,0
CUST-3836,M,27.0,07-Oct-2028,Month-to-month,Electronic check,71,115.5,8200.5,1
CUST-3837,female,52.0,08-Oct-2028,One year,Bank transfer,22,78.9,1735.8000000000002,1
CUST-3838,female,29.0,2028-10-09,1 Year,Bank transfer,23,101.08,2324.84,0
CUST-3839,Male,30.0,2028-10-10,Two year,Bank transfer,13,73.56,956.28,1
CUST-3840,M,34.0,2028-10-11,month-to-month,Bank transfer,40,59.85,2394.0,0
CUST-3841,  Male  ,67.0,2028-10-12,Month-to-month,Electronic check,13,40.03,520.39,0
CUST-3842,M,52.0,2028-10-13,Two year, ,51,105.64,5387.64,0
CUST-3843,female,59.0,2028-10-14,month-to-month, ,64,26.35,1686.4,0
CUST-3844,  Male  ,18.0,15-Oct-2028,One year,Electronic check,13,110.02,1430.26,1
CUST-3845,F,25.0,2028-10-16,Two year,Credit card,29,40.5,1174.5,0
CUST-3846,Male,56.0,10/17/2028,month-to-month,Credit card,71,20.95,1487.45,0
CUST-3847,female,,10/18/2028,Month-to-month,Mailed check,47,30.39,1428.33,0
CUST-3848,Female,32.0,INVALID_DATE,month-to-month,Electronic check,26,108.35,2817.1,0
CUST-3849,Female,65.0,10/20/2028,1 Year,Credit card,70,27.37,1915.9,1
CUST-3850,Male,28.0,2028-10-21,Month-to-month,Mailed check,23,55.52,1276.96,0
CUST-3851,F,18.0,22-Oct-2028,Two year,Electronic check,56,45.03,2521.6800000000003,0
CUST-3852,female,41.0,10/23/2028,One year,Electronic check,19,23.69,450.11,0
CUST-3853,M,19.0,2028-10-24,Month-to-month,Bank transfer,50,73.15,3657.5000000000005,0
CUST-3854,Male,55.0,2028-10-25,Month-to-month,Mailed check,35,119.83,4194.05,1
CUST-3855,F,29.0,26-Oct-2028,Month-to-month,Mailed check,49,105.3,5159.7,0
CUST-3856,M,27.0,2028-10-27,month-to-month,Mailed check,46,36.89,1696.94,0
CUST-3857,Female,40.0,2028-10-28,1 Year,Electronic check,70,108.43,7590.1,0
CUST-3858,Female,35.0,10/29/2028,One year,Bank transfer,53,65.18,3454.5400000000004,0
CUST-3859,M,43.0,10/30/2028,One year,Electronic check,31,47.33,1467.23,0
CUST-3860,Male,46.0,INVALID_DATE,1 Year,Credit card,22,84.03,1848.66,0
CUST-3861,Female,37.0,INVALID_DATE,month-to-month,Credit card,67,41.67,2791.8900000000003,0
CUST-3862,female,26.0,11/02/2028,month-to-month,Credit card,8,107.97,863.76,1
CUST-3863,  Male  ,49.0,11/03/2028,1 Year,Bank transfer,19,82.42,1565.98,1
CUST-3864,M,,INVALID_DATE,1 Year,Electronic check,31,33.6,1041.6000000000001,0
CUST-3865,M,30.0,INVALID_DATE,Two year,Mailed check,32,77.06,2465.92,0
CUST-3866,Female,42.0,11/06/2028,month-to-month,Credit card,55,71.04,3907.2000000000003,1
CUST-3867,Male,17.0,2028-11-07,Month-to-month,Credit card,31,67.15,2081.65,1
CUST-3868,female,45.0,2028-11-08,One year,Electronic check,67,56.5,,0
CUST-3869,Male,42.0,09-Nov-2028,month-to-month,Mailed check,51,67.42,3438.42,0
CUST-3870,F,53.0,11/10/2028,1 Year,Bank transfer,27,78.6,2122.2,0
CUST-3871,F,34.0,11/11/2028,Month-to-month,Credit card,48,93.36,4481.28,0
CUST-3872,  Male  ,56.0,11/12/2028,Two year,Credit card,43,111.79,4806.97,0
CUST-3873,Female,46.0,11/13/2028,Two year,Credit card,51,24.44,1246.44,0
CUST-3874,Female,40.0,11/14/2028,Month-to-month,Mailed check,69,76.93,5308.17,1
CUST-3875,Female,62.0,INVALID_DATE,Month-to-month,Credit card,71,95.2,6759.2,0
CUST-3876,  Male  ,41.0,INVALID_DATE,1 Year,Mailed check,50,31.56,1578.0,0
CUST-3877,F,34.0,2028-11-17,1 Year,Credit card,61,111.15,6780.150000000001,0
CUST-3878,Male,41.0,2028-11-18,One year,Credit card,41,44.5,1824.5,0
CUST-3879,  Male  ,34.0,11/19/2028,One year,Mailed check,51,103.33,5269.83,1
CUST-3880,  Male  ,44.0,INVALID_DATE,Two year,Mailed check,24,86.2,2068.8,0
CUST-3881,Male,56.0,2028-11-21,Month-to-month,Bank transfer,30,75.95,2278.5,0
CUST-3882,Female,40.0,11/22/2028,Two year,Electronic check,52,106.92,,0
CUST-3883,female,41.0,23-Nov-2028,1 Year,Credit card,50,116.92,5846.0,0
CUST-3884,Male,50.0,11/24/2028,month-to-month,Credit card,57,119.71,6823.469999999999,0
CUST-3885,F,54.0,25-Nov-2028,1 Year,Electronic check,62,88.33,5476.46,0
CUST-3886,M,35.0,26-Nov-2028,month-to-month,Electronic check,53,53.91,2857.23,0
CUST-3887,M,42.0,11/27/2028,Month-to-month,Electronic check,68,107.47,7307.96,0
CUST-3888,  Male  ,50.0,11/28/2028,Month-to-month,Credit card,69,85.43,5894.67,0
CUST-3889,M,44.0,11/29/2028,Month-to-month,Credit card,31,52.33,1622.23,0
CUST-3890,female,18.0,11/30/2028,One year,Credit card,30,113.24,3397.2,0
CUST-3891,Female,52.0,2028-12-01,One year,Mailed check,10,94.77,947.6999999999999,1
CUST-3892,F,46.0,2028-12-02,month-to-month,Bank transfer,44,65.28,2872.32,0
CUST-3893,female,47.0,03-Dec-2028,Two year,Bank transfer,6,65.45,392.70000000000005,0
CUST-3894,F,26.0,12/04/2028,Two year,Electronic check,27,119.59,3228.9300000000003,0
CUST-3895,F,42.0,2028-12-05,month-to-month,Electronic check,20,57.37,,0
CUST-3896,Female,50.0,2028-12-06,One year,Credit card,20,29.41,588.2,0
CUST-3897,  Male  ,29.0,INVALID_DATE,1 Year,Bank transfer,12,73.86,886.3199999999999,0
CUST-3898,M,,INVALID_DATE,month-to-month,Bank transfer,49,108.49,5316.009999999999,0
CUST-3899,Female,50.0,2028-12-09,Two year,Mailed check,52,78.45,4079.4,0
CUST-3900,female,32.0,10-Dec-2028,month-to-month,Credit card,10,99.31,993.1,1
CUST-3901,  Male  ,37.0,2028-12-11,month-to-month,Credit card,5,25.49,127.44999999999999,0
CUST-3902,female,28.0,12/12/2028,Month-to-month,Bank transfer,64,87.34,5589.76,0
CUST-3903,  Male  ,62.0,2028-12-13,One year,Bank transfer,58,27.92,1619.3600000000001,0
CUST-3904,female,46.0,INVALID_DATE,Month-to-month,Mailed check,8,75.64,605.12,1
CUST-3905,Female,37.0,INVALID_DATE,One year,Mailed check,30,69.78,,0
CUST-3906,  Male  ,35.0,12/16/2028,month-to-month, ,17,114.56,,1
CUST-3907,  Male  ,25.0,2028-12-17,One year,Mailed check,67,33.25,2227.75,0
CUST-3908,F,39.0,12/18/2028,Two year,Bank transfer,21,20.95,439.95,0
CUST-3909,F,48.0,19-Dec-2028,Month-to-month,Credit card,16,33.74,539.84,0
CUST-3910,Male,30.0,INVALID_DATE,month-to-month,Bank transfer,27,37.07,1000.89,0
CUST-3911,female,41.0,2028-12-21,Two year,Credit card,6,45.09,270.54,0
CUST-3912,F,,2028-12-22,One year,Credit card,42,101.51,4263.42,1
CUST-3913,Male,57.0,23-Dec-2028,One year,Bank transfer,16,57.69,923.04,0
CUST-3914,F,32.0,24-Dec-2028,Two year, ,45,104.08,4683.6,0
CUST-3915,female,49.0,INVALID_DATE,One year,Credit card,3,47.19,141.57,0
CUST-3916,  Male  ,57.0,26-Dec-2028,Month-to-month,Mailed check,40,106.05,4242.0,1
CUST-3917,M,35.0,INVALID_DATE,1 Year,Bank transfer,20,20.81,416.2,0
CUST-3918,female,33.0,INVALID_DATE,One year,Bank transfer,7,113.45,794.15,1
CUST-3919,Female,51.0,12/29/2028,month-to-month,Mailed check,59,94.6,5581.4,0
CUST-3920,F,19.0,12/30/2028,One year,Credit card,11,61.27,673.97,0
CUST-3921,F,45.0,INVALID_DATE,month-to-month,Electronic check,52,77.73,4041.96,0
CUST-3922,  Male  ,21.0,2029-01-01,One year,Electronic check,3,113.3,339.9,0
CUST-3923,Female,55.0,01/02/2029,One year,Bank transfer,21,78.26,1643.46,1
CUST-3924,  Male  ,37.0,2029-01-03,month-to-month,Mailed check,53,42.86,2271.58,0
CUST-3925,Female,39.0,04-Jan-2029,Month-to-month,Credit card,30,77.29,2318.7000000000003,1
CUST-3926,M,31.0,2029-01-05,1 Year,Mailed check,11,107.14,1178.54,0
CUST-3927,F,21.0,06-Jan-2029,1 Year,Credit card,25,118.74,2968.5,0
CUST-3928,F,55.0,INVALID_DATE,Month-to-month, ,50,78.41,3920.5,0
CUST-3929,M,38.0,INVALID_DATE,One year,Bank transfer,9,35.56,320.04,0
CUST-3930,Male,79.0,INVALID_DATE,1 Year,Electronic check,45,97.18,4373.1,0
CUST-3931,  Male  ,30.0,10-Jan-2029,Month-to-month,Mailed check,29,119.69,3471.0099999999998,0
CUST-3932,M,32.0,2029-01-11,Month-to-month,Bank transfer,62,67.36,4176.32,0
CUST-3933,  Male  ,29.0,01/12/2029,1 Year,Mailed check,15,58.37,875.55,0
CUST-3934,female,38.0,01/13/2029,month-to-month,Bank transfer,19,75.25,1429.75,0
CUST-3935,F,59.0,2029-01-14,Two year,Credit card,15,36.48,547.1999999999999,0
CUST-3936,  Male  ,52.0,01/15/2029,month-to-month,Credit card,39,117.13,4568.07,0
CUST-3937,Female,22.0,16-Jan-2029,One year,Electronic check,35,103.83,3634.0499999999997,0
CUST-3938,  Male  ,54.0,17-Jan-2029,month-to-month,Bank transfer,13,31.3,406.90000000000003,1
CUST-3939,female,48.0,01/18/2029,Two year,Electronic check,16,114.51,1832.16,1
CUST-3940,F,46.0,01/19/2029,Two year,Electronic check,67,114.28,7656.76,0
CUST-3941,M,32.0,20-Jan-2029,Month-to-month, ,55,51.64,2840.2,0
CUST-3942,female,33.0,2029-01-21,One year,Bank transfer,65,81.91,5324.15,0
CUST-3943,F,42.0,01/22/2029,Month-to-month,Credit card,35,31.08,1087.8,0
CUST-3944,  Male  ,33.0,01/23/2029,month-to-month,Electronic check,16,28.42,454.72,0
CUST-3945,Male,56.0,INVALID_DATE,month-to-month,Credit card,1,70.18,70.18,1
CUST-3946,Male,33.0,INVALID_DATE,1 Year,Mailed check,50,24.97,1248.5,0
CUST-3947,Female,17.0,2029-01-26,Month-to-month,Mailed check,14,107.49,,1
CUST-3948,F,24.0,27-Jan-2029,Month-to-month,Electronic check,62,112.81,6994.22,0
CUST-3949,Male,25.0,2029-01-28,Month-to-month,Electronic check,7,26.73,187.11,1
CUST-3950,M,37.0,2029-01-29,Month-to-month,Bank transfer,23,24.73,568.79,0
CUST-3951,F,43.0,2029-01-30,Two year,Bank transfer,63,42.14,2654.82,0
CUST-3952,M,41.0,01/31/2029,1 Year,Electronic check,29,113.0,3277.0,0
CUST-3953,M,46.0,01-Feb-2029,One year,Electronic check,22,96.9,2131.8,0
CUST-3954,Male,37.0,02-Feb-2029,One year,Mailed check,6,87.65,525.9000000000001,0
CUST-3955,F,,02/03/2029,One year,Credit card,29,97.63,2831.27,0
CUST-3956,  Male  ,61.0,2029-02-04,Two year,Mailed check,2,39.95,79.9,0
CUST-3957,female,54.0,INVALID_DATE,1 Year,Mailed check,64,45.66,,0
CUST-3958,Male,45.0,02/06/2029,1 Year,Credit card,36,51.76,1863.36,0
CUST-3959,Male,51.0,2029-02-07,Two year,Electronic check,20,80.51,1610.2,0
CUST-3960,  Male  ,17.0,2029-02-08,Month-to-month,Electronic check,55,80.82,4445.099999999999,0
CUST-3961,F,30.0,2029-02-09,month-to-month,Mailed check,37,40.86,1511.82,0
CUST-3962,F,,2029-02-10,Month-to-month,Mailed check,52,63.67,3310.84,0
CUST-3963,M,30.0,INVALID_DATE,One year,Credit card,69,89.0,6141.0,0
CUST-3964,  Male  ,21.0,INVALID_DATE,Month-to-month, ,70,50.96,3567.2000000000003,0
CUST-3965,  Male  ,45.0,02/13/2029,Two year,Bank transfer,22,27.55,606.1,0
CUST-3966,F,57.0,2029-02-14,One year,Electronic check,15,39.74,596.1,0
CUST-3967,M,40.0,02/15/2029,month-to-month,Bank transfer,47,36.47,1714.09,0
CUST-3968,Male,48.0,2029-02-16,One year,Electronic check,71,83.19,5906.49,0
CUST-3969,Female,39.0,INVALID_DATE,Month-to-month,Electronic check,69,26.85,1852.65,0
CUST-3970,female,35.0,02/18/2029,1 Year,Electronic check,52,108.47,5640.44,0
CUST-3971,Male,51.0,19-Feb-2029,1 Year,Credit card,39,28.44,,0
CUST-3972,F,23.0,02/20/2029,1 Year,Mailed check,2,79.79,159.58,1
CUST-3973,female,18.0,21-Feb-2029,One year,Bank transfer,45,112.95,5082.75,0
CUST-3974,Female,,02/22/2029,1 Year,Credit card,24,26.24,629.76,0
CUST-3975,Female,,INVALID_DATE,Two year,Bank transfer,61,58.31,3556.9100000000003,0
CUST-3976,M,41.0,24-Feb-2029,month-to-month,Credit card,65,52.79,3431.35,0
CUST-3977,female,45.0,INVALID_DATE,1 Year,Bank transfer,53,54.42,2884.26,0
CUST-3978,M,60.0,02/26/2029,Two year,Bank transfer,21,80.03,1680.63,0
CUST-3979,Male,26.0,INVALID_DATE,Two year,Mailed check,67,46.21,3096.07,0
CUST-3980,  Male  ,54.0,2029-02-28,One year, ,1,22.73,22.73,0
CUST-3981,  Male  ,35.0,01-Mar-2029,One year, ,59,116.23,6857.570000000001,0
CUST-3982,  Male  ,,2029-03-02,month-to-month,Bank transfer,47,94.88,,0
CUST-3983,female,41.0,03-Mar-2029,month-to-month,Mailed check,18,33.51,603.18,0
CUST-3984,  Male  ,43.0,INVALID_DATE,Month-to-month,Bank transfer,33,65.52,,0
CUST-3985,Male,,INVALID_DATE,month-to-month,Credit card,15,26.27,394.05,0
CUST-3986,M,47.0,2029-03-06,One year,Bank transfer,24,22.79,546.96,0
CUST-3987,female,41.0,2029-03-07,Two year,Mailed check,36,24.75,891.0,1
CUST-3988,M,38.0,03/08/2029,Month-to-month,Mailed check,60,95.58,5734.8,0
CUST-3989,female,35.0,2029-03-09,month-to-month,Mailed check,34,64.49,,0
CUST-3990,M,43.0,10-Mar-2029,Two year,Mailed check,51,104.44,5326.44,0
CUST-3991,Female,24.0,11-Mar-2029,One year,Electronic check,40,50.52,,0
CUST-3992,M,27.0,12-Mar-2029,1 Year,Mailed check,22,97.53,2145.66,1
CUST-3993,  Male  ,36.0,03/13/2029,Month-to-month,Bank transfer,16,27.79,444.64,0
CUST-3994,Female,47.0,03/14/2029,Two year,Bank transfer,42,83.51,3507.42,0
CUST-3995,M,66.0,15-Mar-2029,One year,Bank transfer,16,56.06,896.96,0
CUST-3996,female,38.0,2029-03-16,One year,Bank transfer,5,47.67,238.35000000000002,0
CUST-3997,female,19.0,INVALID_DATE,Month-to-month,Electronic check,6,101.51,609.0600000000001,1
CUST-3998,female,31.0,03/18/2029,Month-to-month,Electronic check,42,25.19,1057.98,0
CUST-3999,F,48.0,2029-03-19,month-to-month,Electronic check,30,114.95,3448.5,1
CUST-4000,Male,28.0,03/20/2029,month-to-month,Bank transfer,32,98.55,3153.6,0
CUST-4001,female,24.0,03/21/2029,Month-to-month,Credit card,53,55.56,,0
CUST-4002,Female,48.0,INVALID_DATE,Month-to-month,Credit card,19,119.13,,1
CUST-4003,female,46.0,03/23/2029,Two year,Bank transfer,51,40.25,2052.75,0
CUST-4004,F,22.0,03/24/2029,month-to-month,Mailed check,28,60.24,1686.72,0
CUST-4005,  Male  ,29.0,INVALID_DATE,One year,Mailed check,47,108.49,,0
CUST-4006,Female,55.0,26-Mar-2029,month-to-month,Bank transfer,1,119.68,119.68,1
CUST-4007,F,50.0,03/27/2029,month-to-month,Mailed check,68,43.91,2985.8799999999997,0
CUST-4008,  Male  ,26.0,03/28/2029,Month-to-month, ,57,94.31,5375.67,0
CUST-4009,Female,16.0,29-Mar-2029,Month-to-month, ,22,50.57,1112.54,0
CUST-4010,M,43.0,30-Mar-2029,month-to-month,Bank transfer,58,96.65,5605.700000000001,1
CUST-4011,Male,36.0,31-Mar-2029,1 Year,Electronic check,13,32.53,422.89,0
CUST-4012,Male,42.0,01-Apr-2029,1 Year,Credit card,39,53.62,2091.18,0
CUST-4013,F,48.0,2029-04-02,month-to-month,Bank transfer,27,27.5,742.5,0
CUST-4014,  Male  ,29.0,03-Apr-2029,1 Year,Bank transfer,39,69.19,2698.41,0
CUST-4015,Male,35.0,04-Apr-2029,month-to-month,Credit card,12,90.15,1081.8000000000002,0
CUST-4016,  Male  ,29.0,05-Apr-2029,Month-to-month,Mailed check,24,57.86,1388.6399999999999,0
CUST-4017,  Male  ,30.0,2029-04-06,Month-to-month,Mailed check,18,81.47,1466.46,0
CUST-4018,F,47.0,INVALID_DATE,Month-to-month,Credit card,15,76.91,1153.6499999999999,0
CUST-4019,F,42.0,08-Apr-2029,One year,Bank transfer,60,49.46,,0
CUST-4020,F,21.0,2029-04-09,Month-to-month,Electronic check,16,68.68,1098.88,1
CUST-4021,Male,49.0,04/10/2029,Month-to-month,Bank transfer,47,26.9,1264.3,0
CUST-4022,F,36.0,INVALID_DATE,month-to-month,Electronic check,24,65.99,1583.7599999999998,0
CUST-4023,Male,49.0,2029-04-12,1 Year,Electronic check,45,65.82,2961.8999999999996,0
CUST-4024,F,28.0,13-Apr-2029,1 Year,Bank transfer,19,22.87,434.53000000000003,0
CUST-4025,female,29.0,INVALID_DATE,Month-to-month, ,41,71.39,2926.9900000000002,0
CUST-4026,  Male  ,43.0,2029-04-15,Month-to-month,Bank transfer,31,93.77,2906.87,1
CUST-4027,F,27.0,2029-04-16,Month-to-month,Electronic check,16,65.23,1043.68,1
CUST-4028,Female,37.0,2029-04-17,month-to-month,Mailed check,23,84.6,1945.8,0
CUST-4029,  Male  ,25.0,2029-04-18,month-to-month,Electronic check,23,73.24,,0
CUST-4030,  Male  ,35.0,2029-04-19,month-to-month,Electronic check,41,98.52,,0
CUST-4031,F,40.0,2029-04-20,1 Year,Electronic check,18,71.45,1286.1000000000001,0
CUST-4032,M,40.0,2029-04-21,One year,Credit card,36,53.16,1913.7599999999998,0
CUST-4033,F,36.0,2029-04-22,1 Year,Mailed check,12,102.76,1233.1200000000001,0
CUST-4034,  Male  ,44.0,04/23/2029,month-to-month,Electronic check,69,26.76,1846.44,0
CUST-4035,Female,42.0,04/24/2029,Two year,Electronic check,51,48.95,2496.4500000000003,0
CUST-4036,  Male  ,39.0,25-Apr-2029,One year,Credit card,32,79.15,2532.8,0
CUST-4037,Female,32.0,26-Apr-2029,Month-to-month,Electronic check,71,105.6,7497.599999999999,0
CUST-4038,Male,53.0,27-Apr-2029,1 Year,Mailed check,36,27.21,979.5600000000001,0
CUST-4039,female,45.0,28-Apr-2029,One year,Electronic check,40,29.61,1184.4,0
CUST-4040,  Male  ,28.0,29-Apr-2029,Two year,Mailed check,70,48.24,3376.8,0
CUST-4041,F,48.0,30-Apr-2029,One year,Mailed check,38,54.46,,0
CUST-4042,Male,51.0,05/01/2029,1 Year,Bank transfer,54,104.35,5634.9,1
CUST-4043,female,39.0,05/02/2029,month-to-month, ,4,115.89,463.56,1
CUST-4044,F,40.0,05/03/2029,Month-to-month,Credit card,46,21.72,999.1199999999999,0
CUST-4045,M,15.0,2029-05-04,month-to-month,Credit card,63,21.54,1357.02,0
CUST-4046,F,30.0,2029-05-05,month-to-month,Bank transfer,50,106.48,5324.0,0
CUST-4047,Female,50.0,06-May-2029,1 Year,Bank transfer,30,33.56,1006.8000000000001,0
CUST-4048,Female,31.0,INVALID_DATE,month-to-month,Mailed check,16,53.93,862.88,0
CUST-4049,M,38.0,05/08/2029,month-to-month,Credit card,52,47.52,,0
CUST-4050,Male,30.0,INVALID_DATE,1 Year,Bank transfer,4,48.19,192.76,0
CUST-4051,female,43.0,10-May-2029,1 Year,Bank transfer,26,52.86,1374.36,0
CUST-4052,F,45.0,05/11/2029,Two year,Bank transfer,29,53.6,1554.4,0
CUST-4053,Female,45.0,INVALID_DATE,month-to-month,Mailed check,11,82.02,902.2199999999999,1
CUST-4054,Male,26.0,05/13/2029,One year,Electronic check,24,82.88,1989.12,0
CUST-4055,M,,INVALID_DATE,Month-to-month,Bank transfer,51,72.29,3686.7900000000004,0
CUST-4056,  Male  ,59.0,15-May-2029,Month-to-month,Bank transfer,42,105.85,4445.7,0
CUST-4057,Female,49.0,16-May-2029,1 Year,Bank transfer,39,104.57,4078.2299999999996,1
CUST-4058,M,41.0,2029-05-17,1 Year,Credit card,7,41.72,292.03999999999996,0
CUST-4059,F,17.0,INVALID_DATE,Two year,Credit card,18,74.36,,0
CUST-4060,female,37.0,05/19/2029,month-to-month,Bank transfer,3,98.38,295.14,1
CUST-4061,Female,60.0,INVALID_DATE,1 Year,Mailed check,63,106.69,6721.47,0
CUST-4062,Female,56.0,2029-05-21,1 Year,Electronic check,20,45.52,910.4000000000001,0
CUST-4063,F,,2029-05-22,Month-to-month,Credit card,70,69.41,4858.7,0
CUST-4064,  Male  ,31.0,2029-05-23,month-to-month, ,17,72.5,1232.5,1
CUST-4065,Male,41.0,2029-05-24,Two year, ,59,89.96,5307.639999999999,0
CUST-4066,female,49.0,05/25/2029,1 Year,Credit card,54,53.03,2863.62,1
CUST-4067,Female,51.0,05/26/2029,1 Year,Electronic check,13,49.35,,0
CUST-4068,female,44.0,2029-05-27,1 Year,Bank transfer,42,90.56,3803.52,0
CUST-4069,Female,50.0,05/28/2029,Month-to-month,Credit card,44,59.93,2636.92,0
CUST-4070,female,,2029-05-29,1 Year,Bank transfer,67,20.4,1366.8,0
CUST-4071,M,39.0,30-May-2029,1 Year,Credit card,20,113.78,2275.6,1
CUST-4072,Female,34.0,2029-05-31,Month-to-month,Electronic check,47,34.96,1643.1200000000001,0
CUST-4073,female,45.0,01-Jun-2029,1 Year,Electronic check,24,34.86,836.64,0
CUST-4074,Male,,2029-06-02,month-to-month,Credit card,51,101.84,5193.84,0
CUST-4075,M,49.0,2029-06-03,month-to-month,Mailed check,18,53.55,,0
CUST-4076,M,25.0,06/04/2029,Month-to-month,Bank transfer,23,52.82,1214.86,1
CUST-4077,Male,26.0,05-Jun-2029,month-to-month,Electronic check,1,82.24,82.24,1
CUST-4078,female,53.0,06/06/2029,Two year,Mailed check,66,25.9,1709.3999999999999,0
CUST-4079,F,42.0,2029-06-07,1 Year,Credit card,5,43.7,218.5,1
CUST-4080,Male,43.0,08-Jun-2029,Two year,Electronic check,18,25.33,455.93999999999994,0
CUST-4081,female,42.0,2029-06-09,month-to-month,Electronic check,35,49.15,1720.25,0
CUST-4082,Male,61.0,10-Jun-2029,Month-to-month,Bank transfer,25,106.99,,1
CUST-4083,Male,,INVALID_DATE,Month-to-month,Mailed check,24,110.93,2662.32,0
CUST-4084,Female,53.0,12-Jun-2029,Two year,Bank transfer,13,50.94,662.22,0
CUST-4085,female,43.0,INVALID_DATE,month-to-month,Credit card,21,38.76,813.9599999999999,0
CUST-4086,F,21.0,2029-06-14,1 Year,Electronic check,39,33.53,1307.67,0
CUST-4087,Female,30.0,2029-06-15,month-to-month,Mailed check,34,59.44,2020.96,0
CUST-4088,Male,33.0,06/16/2029,month-to-month,Bank transfer,19,102.64,1950.16,1
CUST-4089,  Male  ,53.0,INVALID_DATE,Month-to-month,Mailed check,28,105.27,,1
CUST-4090,Male,55.0,06/18/2029,One year,Credit card,11,24.59,,0
CUST-4091,Male,44.0,INVALID_DATE,1 Year,Electronic check,49,40.92,2005.0800000000002,0
CUST-4092,female,34.0,2029-06-20,1 Year,Mailed check,35,40.32,1411.2,0
CUST-4093,female,29.0,06/21/2029,Month-to-month, ,57,102.84,5861.88,0
CUST-4094,Female,54.0,INVALID_DATE,month-to-month,Credit card,28,65.63,1837.6399999999999,0
CUST-4095,F,25.0,06/23/2029,Month-to-month,Electronic check,66,56.84,3751.44,0
CUST-4096,Female,39.0,2029-06-24,month-to-month, ,65,115.66,7517.9,0
CUST-4097,M,68.0,INVALID_DATE,One year,Electronic check,22,112.54,2475.88,0
CUST-4098,Male,34.0,26-Jun-2029,One year,Electronic check,51,64.01,3264.51,1
CUST-4099,  Male  ,25.0,INVALID_DATE,Two year,Mailed check,9,32.83,,0
CUST-4100,Male,19.0,2029-06-28,month-to-month,Mailed check,71,37.1,2634.1,0
CUST-4101,Male,69.0,INVALID_DATE,Month-to-month,Bank transfer,36,31.21,1123.56,0
CUST-4102,Female,44.0,06/30/2029,Month-to-month,Credit card,54,88.05,4754.7,0
CUST-4103,  Male  ,30.0,2029-07-01,Month-to-month,Mailed check,38,75.47,2867.86,0
CUST-4104,  Male  ,38.0,2029-07-02,Two year, ,66,75.66,4993.5599999999995,0
CUST-4105,  Male  ,32.0,03-Jul-2029,1 Year,Electronic check,43,29.84,1283.12,0
CUST-4106,Female,18.0,04-Jul-2029,Month-to-month, ,5,99.33,Unknown,1
CUST-4107,Male,49.0,07/05/2029,One year,Electronic check,37,73.56,2721.7200000000003,0
CUST-4108,Female,40.0,07/06/2029,Month-to-month,Credit card,58,29.1,1687.8000000000002,0
CUST-4109,female,48.0,INVALID_DATE,Month-to-month,Mailed check,63,94.71,,0
CUST-4110,female,40.0,07/08/2029,Month-to-month,Electronic check,51,118.13,,0
CUST-4111,Female,42.0,07/09/2029,1 Year,Electronic check,43,64.12,2757.1600000000003,0
CUST-4112,  Male  ,13.0,07/10/2029,Month-to-month,Credit card,67,31.57,2115.19,0
CUST-4113,Male,51.0,INVALID_DATE,1 Year,Bank transfer,67,30.14,2019.38,0
CUST-4114,Female,,2029-07-12,1 Year,Credit card,65,22.59,1468.35,0
CUST-4115,Female,30.0,2029-07-13,Two year,Mailed check,62,97.04,6016.4800000000005,0
CUST-4116,Female,34.0,INVALID_DATE,One year,Bank transfer,63,89.4,5632.200000000001,0
CUST-4117,M,15.0,07/15/2029,Month-to-month,Electronic check,30,78.42,,1
CUST-4118,female,33.0,16-Jul-2029,Month-to-month,Electronic check,38,96.56,3669.28,1
CUST-4119,  Male  ,32.0,INVALID_DATE,Month-to-month,Electronic check,51,119.93,6116.43,0
CUST-4120,F,35.0,18-Jul-2029,1 Year,Mailed check,38,60.18,2286.84,1
CUST-4121,  Male  ,20.0,07/19/2029,month-to-month,Electronic check,67,90.58,6068.86,0
CUST-4122,F,51.0,2029-07-20,One year,Electronic check,48,57.72,2770.56,0
CUST-4123,M,45.0,21-Jul-2029,Month-to-month,Bank transfer,12,55.21,662.52,1
CUST-4124,Female,30.0,22-Jul-2029,month-to-month,Mailed check,20,105.09,,1
CUST-4125,M,33.0,23-Jul-2029,month-to-month,Electronic check,2,77.48,,1
CUST-4126,M,50.0,24-Jul-2029,month-to-month,Bank transfer,55,32.06,1763.3000000000002,0
CUST-4127,Male,37.0,2029-07-25,One year,Electronic check,6,60.35,362.1,0
CUST-4128,female,25.0,2029-07-26,month-to-month,Bank transfer,62,99.66,6178.92,0
CUST-4129,F,39.0,27-Jul-2029,Month-to-month,Electronic check,49,114.0,5586.0,0
CUST-4130,Female,27.0,INVALID_DATE,Month-to-month,Mailed check,54,81.44,4397.76,0
CUST-4131,F,32.0,2029-07-29,Two year,Credit card,10,59.42,594.2,0
CUST-4132,  Male  ,39.0,2029-07-30,1 Year,Mailed check,24,45.2,1084.8000000000002,1
CUST-4133,F,53.0,07/31/2029,month-to-month,Bank transfer,29,62.2,1803.8000000000002,0
CUST-4134,  Male  ,64.0,08/01/2029,1 Year,Electronic check,6,76.57,,0
CUST-4135,female,56.0,INVALID_DATE,1 Year,Mailed check,58,20.44,1185.52,0
CUST-4136,  Male  ,39.0,INVALID_DATE,1 Year,Electronic check,57,46.87,,0
CUST-4137,F,67.0,08/04/2029,1 Year,Mailed check,3,87.15,261.45000000000005,1
CUST-4138,F,47.0,08/05/2029,1 Year,Bank transfer,24,87.32,2095.68,0
CUST-4139,  Male  ,28.0,06-Aug-2029,Month-to-month,Credit card,19,85.3,1620.7,1
CUST-4140,M,41.0,08/07/2029,One year,Mailed check,9,114.99,1034.9099999999999,1
CUST-4141,female,32.0,INVALID_DATE,month-to-month,Electronic check,30,76.85,2305.5,1
CUST-4142,Male,25.0,INVALID_DATE,month-to-month,Electronic check,44,46.97,2066.68,0
CUST-4143,Female,26.0,08/10/2029,Month-to-month,Electronic check,53,101.16,5361.48,0
CUST-4144,F,38.0,INVALID_DATE,Month-to-month,Bank transfer,68,58.94,4007.92,0
CUST-4145,Female,49.0,2029-08-12,1 Year,Bank transfer,60,43.93,2635.8,0
CUST-4146,Male,53.0,INVALID_DATE,One year,Credit card,23,75.67,1740.41,0
CUST-4147,Female,,14-Aug-2029,month-to-month,Electronic check,61,48.9,2982.9,0
CUST-4148,Male,36.0,2029-08-15,Two year,Credit card,7,59.62,,0
CUST-4149,  Male  ,46.0,2029-08-16,Month-to-month,Electronic check,44,89.32,3930.08,0
CUST-4150,M,,2029-08-17,Two year,Mailed check,55,119.59,6577.45,1
CUST-4151,F,48.0,08/18/2029,month-to-month,Mailed check,39,84.47,3294.33,0
CUST-4152,Male,35.0,19-Aug-2029,Month-to-month,Mailed check,59,47.65,2811.35,0
CUST-4153,Female,55.0,08/20/2029,month-to-month,Electronic check,5,29.05,,0
CUST-4154,F,40.0,21-Aug-2029,Month-to-month,Mailed check,42,56.2,2360.4,0
CUST-4155,M,49.0,INVALID_DATE,month-to-month,Electronic check,14,21.93,307.02,0
CUST-4156,  Male  ,35.0,INVALID_DATE,Two year,Credit card,27,66.48,,1
CUST-4157,F,41.0,INVALID_DATE,One year,Bank transfer,16,86.0,1376.0,1
CUST-4158,Male,21.0,2029-08-25,Month-to-month,Mailed check,2,71.18,142.36,0
CUST-4159,M,30.0,INVALID_DATE,Two year,Electronic check,19,106.53,2024.07,1
CUST-4160,Female,38.0,27-Aug-2029,month-to-month,Electronic check,23,69.41,,0
CUST-4161,M,41.0,2029-08-28,Two year,Credit card,41,66.24,,0
CUST-4162,M,72.0,08/29/2029,Month-to-month,Credit card,14,50.97,713.5799999999999,0
CUST-4163,female,35.0,2029-08-30,Two year,Bank transfer,47,103.76,4876.72,0
CUST-4164,M,23.0,08/31/2029,month-to-month,Credit card,63,110.36,6952.68,1
CUST-4165,M,60.0,09/01/2029,1 Year,Bank transfer,8,117.79,942.32,1
CUST-4166,F,53.0,09/02/2029,One year,Bank transfer,27,118.12,3189.2400000000002,1
CUST-4167,Female,,2029-09-03,One year,Credit card,40,118.04,4721.6,1
CUST-4168,F,46.0,INVALID_DATE,1 Year,Bank transfer,28,91.2,2553.6,1
CUST-4169,F,50.0,09/05/2029,Month-to-month, ,68,76.27,5186.36,0
CUST-4170,Male,42.0,06-Sep-2029,Two year,Bank transfer,61,37.23,2271.0299999999997,0
CUST-4171,F,44.0,07-Sep-2029,Two year,Electronic check,38,96.71,3674.9799999999996,0
CUST-4172,female,32.0,08-Sep-2029,1 Year,Electronic check,24,93.49,2243.7599999999998,0
CUST-4173,female,46.0,09-Sep-2029,1 Year,Electronic check,28,104.24,2918.72,1
CUST-4174,Male,34.0,09/10/2029,month-to-month,Credit card,41,66.25,2716.25,1
CUST-4175,  Male  ,8.0,11-Sep-2029,month-to-month,Electronic check,18,109.24,1966.32,1
CUST-4176,Female,42.0,2029-09-12,One year,Credit card,49,91.87,4501.63,0
CUST-4177,Female,20.0,13-Sep-2029,Month-to-month,Electronic check,26,37.11,964.86,0
CUST-4178,F,52.0,14-Sep-2029,Month-to-month,Bank transfer,3,40.69,122.07,0
CUST-4179,F,26.0,INVALID_DATE,1 Year,Credit card,38,101.43,3854.34,0
CUST-4180,  Male  ,11.0,2029-09-16,One year, ,14,62.57,875.98,0
CUST-4181,F,19.0,2029-09-17,One year,Bank transfer,1,44.9,44.9,0
CUST-4182,Female,40.0,INVALID_DATE,month-to-month,Credit card,11,62.26,,0
CUST-4183,M,42.0,19-Sep-2029,Two year,Bank transfer,40,36.14,1445.6,0
CUST-4184,female,23.0,09/20/2029,Month-to-month,Bank transfer,4,109.17,436.68,1
CUST-4185,M,27.0,2029-09-21,One year,Bank transfer,34,27.15,,0
CUST-4186,M,40.0,09/22/2029,month-to-month,Credit card,65,55.32,3595.8,0
CUST-4187,Female,,09/23/2029,month-to-month,Credit card,56,75.69,4238.639999999999,0
CUST-4188,M,25.0,24-Sep-2029,month-to-month,Mailed check,10,107.36,1073.6,0
CUST-4189,  Male  ,45.0,09/25/2029,Two year,Mailed check,71,98.15,6968.650000000001,0
CUST-4190,Male,19.0,09/26/2029,One year,Mailed check,64,22.24,1423.36,0
CUST-4191,F,44.0,09/27/2029,1 Year, ,13,102.52,1332.76,0
CUST-4192,Male,49.0,INVALID_DATE,1 Year,Credit card,22,83.81,,0
CUST-4193,female,,INVALID_DATE,month-to-month,Mailed check,56,33.33,1866.48,0
CUST-4194,F,52.0,30-Sep-2029,month-to-month,Electronic check,65,81.75,5313.75,0
CUST-4195,M,51.0,2029-10-01,Two year,Mailed check,13,101.79,1323.27,1
CUST-4196,female,62.0,02-Oct-2029,month-to-month,Electronic check,1,80.21,80.21,0
CUST-4197,F,41.0,2029-10-03,One year,Electronic check,38,119.91,4556.58,0
CUST-4198,  Male  ,62.0,10/04/2029,month-to-month,Bank transfer,58,70.7,4100.6,0
CUST-4199,  Male  ,29.0,2029-10-05,month-to-month,Bank transfer,25,87.31,2182.75,0
CUST-4200,  Male  ,,2029-10-06,One year,Bank transfer,42,27.04,1135.68,0
CUST-4201,  Male  ,39.0,2029-10-07,Month-to-month,Mailed check,33,101.32,3343.56,0
CUST-4202,M,27.0,2029-10-08,1 Year,Credit card,57,82.41,4697.37,0
CUST-4203,Male,12.0,INVALID_DATE,month-to-month,Electronic check,37,76.12,2816.44,0
CUST-4204,F,50.0,10/10/2029,One year,Credit card,57,90.88,5180.16,0
CUST-4205,M,29.0,2029-10-11,1 Year,Credit card,62,76.05,4715.099999999999,0
CUST-4206,  Male  ,35.0,2029-10-12,Two year,Mailed check,3,96.65,289.95000000000005,1
CUST-4207,Male,59.0,10/13/2029,Month-to-month,Credit card,30,78.35,,0
CUST-4208,female,47.0,2029-10-14,month-to-month,Credit card,67,72.01,4824.67,0
CUST-4209,female,61.0,15-Oct-2029,Month-to-month,Bank transfer,63,33.5,2110.5,0
CUST-4210,female,41.0,2029-10-16,month-to-month,Bank transfer,23,67.18,1545.14,0
CUST-4211,  Male  ,,17-Oct-2029,month-to-month,Electronic check,66,73.82,4872.12,0
CUST-4212,female,37.0,18-Oct-2029,month-to-month,Electronic check,61,82.46,5030.0599999999995,0
CUST-4213,Female,30.0,19-Oct-2029,Month-to-month,Bank transfer,2,65.59,131.18,1
CUST-4214,F,47.0,INVALID_DATE,Two year,Mailed check,27,34.66,935.8199999999999,0
CUST-4215,F,35.0,INVALID_DATE,One year,Mailed check,48,35.04,1681.92,0
CUST-4216,  Male  ,48.0,10/22/2029,One year,Electronic check,63,92.1,5802.299999999999,0
CUST-4217,Female,33.0,23-Oct-2029,Two year,Bank transfer,5,86.14,430.7,1
CUST-4218,M,38.0,INVALID_DATE,Two year, ,1,45.95,45.95,1
CUST-4219,M,39.0,25-Oct-2029,month-to-month,Credit card,22,64.59,,0
CUST-4220,female,53.0,INVALID_DATE,month-to-month,Electronic check,24,50.7,1216.8000000000002,0
CUST-4221,Male,35.0,10/27/2029,One year,Electronic check,59,38.1,,0
CUST-4222,M,54.0,10/28/2029,month-to-month,Credit card,50,52.62,2631.0,0
CUST-4223,Male,29.0,INVALID_DATE,month-to-month,Credit card,23,46.27,1064.21,0
CUST-4224,F,43.0,INVALID_DATE,Two year,Electronic check,18,28.24,508.32,0
CUST-4225,Male,32.0,31-Oct-2029,Month-to-month, ,22,70.45,1549.9,1
CUST-4226,F,53.0,11/01/2029,1 Year,Mailed check,44,65.09,2863.96,0
CUST-4227,Female,30.0,2029-11-02,1 Year,Electronic check,44,91.46,4024.24,0
CUST-4228,Female,31.0,03-Nov-2029,month-to-month, ,37,82.03,3035.11,0
CUST-4229,  Male  ,25.0,INVALID_DATE,month-to-month,Electronic check,7,54.34,380.38,1
CUST-4230,  Male  ,41.0,05-Nov-2029,1 Year,Mailed check,24,69.63,1671.12,0
CUST-4231,female,47.0,2029-11-06,Two year,Bank transfer,41,73.61,3018.0099999999998,0
CUST-4232,M,46.0,11/07/2029,1 Year,Mailed check,70,111.75,7822.5,0
CUST-4233,female,38.0,2029-11-08,1 Year,Credit card,71,118.17,8390.07,0
CUST-4234,F,32.0,INVALID_DATE,1 Year,Bank transfer,18,101.55,1827.8999999999999,1
CUST-4235,female,37.0,INVALID_DATE,month-to-month,Electronic check,60,76.21,4572.599999999999,0
CUST-4236,Male,37.0,INVALID_DATE,month-to-month,Mailed check,52,112.81,5866.12,0
CUST-4237,F,43.0,INVALID_DATE,1 Year,Electronic check,49,37.81,1852.69,0
CUST-4238,  Male  ,42.0,INVALID_DATE,month-to-month,Bank transfer,67,89.65,6006.55,0
CUST-4239,Female,61.0,2029-11-14,1 Year,Credit card,45,66.05,2972.25,0
CUST-4240,  Male  ,40.0,11/15/2029,Two year,Credit card,9,34.47,310.23,0
CUST-4241,M,44.0,11/16/2029,month-to-month,Credit card,26,27.52,,0
CUST-4242,F,41.0,17-Nov-2029,Month-to-month,Electronic check,26,68.07,1769.8199999999997,0
CUST-4243,F,36.0,18-Nov-2029,month-to-month,Credit card,30,43.9,1317.0,0
CUST-4244,Male,44.0,19-Nov-2029,Two year,Credit card,27,45.05,,0
CUST-4245,M,35.0,INVALID_DATE,Two year,Electronic check,4,52.02,208.08,1
CUST-4246,Female,39.0,11/21/2029,month-to-month,Electronic check,51,91.84,4683.84,0
CUST-4247,F,54.0,INVALID_DATE,One year,Bank transfer,70,36.41,2548.7,0
CUST-4248,F,34.0,23-Nov-2029,1 Year,Credit card,10,91.76,917.6,1
CUST-4249,Male,45.0,INVALID_DATE,1 Year,Bank transfer,36,98.27,3537.72,0
CUST-4250,female,,2029-11-25,Two year,Mailed check,46,79.45,3654.7000000000003,0
CUST-4251,Female,38.0,26-Nov-2029,month-to-month,Mailed check,6,44.76,268.56,1
CUST-4252,  Male  ,34.0,11/27/2029,One year,Mailed check,70,25.15,1760.5,0
CUST-4253,M,41.0,11/28/2029,Month-to-month,Mailed check,3,60.79,182.37,1
CUST-4254,F,37.0,29-Nov-2029,1 Year,Electronic check,50,104.74,5237.0,0
CUST-4255,F,42.0,11/30/2029,One year,Bank transfer,42,30.19,1267.98,0
CUST-4256,  Male  ,35.0,12/01/2029,1 Year,Bank transfer,54,94.48,5101.92,0
CUST-4257,Female,45.0,02-Dec-2029,month-to-month,Electronic check,39,66.79,2604.8100000000004,0
CUST-4258,female,19.0,03-Dec-2029,1 Year,Mailed check,55,109.88,,0
CUST-4259,F,41.0,INVALID_DATE,Month-to-month,Bank transfer,11,55.62,611.8199999999999,0
CUST-4260,Female,29.0,INVALID_DATE,month-to-month,Credit card,30,90.47,2714.1,0
CUST-4261,  Male  ,54.0,2029-12-06,Two year,Electronic check,56,94.01,5264.56,0
CUST-4262,Male,29.0,12/07/2029,One year,Electronic check,29,39.87,1156.23,0
CUST-4263,female,,08-Dec-2029,1 Year, ,17,35.81,608.77,0
CUST-4264,M,40.0,2029-12-09,month-to-month,Mailed check,33,29.27,965.91,0
CUST-4265,F,18.0,12/10/2029,month-to-month,Mailed check,21,90.16,1893.36,1
CUST-4266,Female,29.0,12/11/2029,1 Year,Bank transfer,10,74.82,748.1999999999999,1
CUST-4267,Male,50.0,2029-12-12,Two year,Credit card,39,28.67,,0
CUST-4268,M,49.0,12/13/2029,1 Year,Bank transfer,47,50.83,2389.0099999999998,0
CUST-4269,Female,24.0,14-Dec-2029,Two year, ,52,34.23,1779.9599999999998,0
CUST-4270,Female,59.0,2029-12-15,1 Year,Bank transfer,41,29.27,1200.07,0
CUST-4271,M,40.0,2029-12-16,month-to-month,Credit card,47,49.88,,0
CUST-4272,Male,51.0,INVALID_DATE,Month-to-month,Credit card,71,29.63,2103.73,0
CUST-4273,  Male  ,25.0,18-Dec-2029,Month-to-month,Credit card,43,46.02,1978.8600000000001,0
CUST-4274,Male,35.0,INVALID_DATE,month-to-month,Mailed check,37,75.27,2784.99,0
CUST-4275,female,45.0,2029-12-20,Month-to-month,Electronic check,64,76.09,4869.76,0
CUST-4276,F,36.0,21-Dec-2029,Two year,Electronic check,71,36.8,2612.7999999999997,0
CUST-4277,M,,22-Dec-2029,month-to-month,Electronic check,60,39.1,2346.0,0
CUST-4278,  Male  ,38.0,INVALID_DATE,Two year,Bank transfer,25,105.5,2637.5,1
CUST-4279,M,16.0,12/24/2029,month-to-month,Credit card,22,36.69,807.18,0
CUST-4280,M,27.0,12/25/2029,Two year,Mailed check,43,24.57,1056.51,0
CUST-4281,Male,23.0,12/26/2029,Two year,Electronic check,71,44.48,,0
CUST-4282,F,54.0,INVALID_DATE,Month-to-month,Electronic check,70,77.64,5434.8,0
CUST-4283,female,57.0,12/28/2029,month-to-month,Bank transfer,36,20.72,745.92,0
CUST-4284,Female,44.0,INVALID_DATE,1 Year,Bank transfer,46,118.5,5451.0,0
CUST-4285,Female,37.0,INVALID_DATE,Month-to-month,Electronic check,22,43.04,946.88,0
CUST-4286,M,40.0,12/31/2029,Two year,Credit card,35,43.81,1533.3500000000001,0
CUST-4287,F,54.0,INVALID_DATE,Two year, ,47,93.86,4411.42,0
CUST-4288,  Male  ,16.0,INVALID_DATE,1 Year, ,33,44.82,1479.06,0
CUST-4289,Male,27.0,03-Jan-2030,1 Year,Bank transfer,13,59.62,775.06,1
CUST-4290,F,52.0,2030-01-04,Two year,Credit card,56,74.39,4165.84,0
CUST-4291,F,55.0,INVALID_DATE,1 Year,Bank transfer,67,22.19,1486.73,0
CUST-4292,Male,47.0,2030-01-06,One year,Bank transfer,13,103.73,1348.49,1
CUST-4293,M,27.0,01/07/2030,Month-to-month,Credit card,50,71.21,,0
CUST-4294,F,52.0,08-Jan-2030,month-to-month,Credit card,57,51.29,,0
CUST-4295,Female,56.0,09-Jan-2030,1 Year,Mailed check,28,59.98,1679.4399999999998,0
CUST-4296,Male,49.0,INVALID_DATE,1 Year,Bank transfer,65,25.58,1662.6999999999998,0
CUST-4297,  Male  ,10.0,11-Jan-2030,One year,Bank transfer,24,91.8,2203.2,0
CUST-4298,female,41.0,2030-01-12,month-to-month,Mailed check,67,73.95,4954.650000000001,0
CUST-4299,M,47.0,INVALID_DATE,One year,Bank transfer,7,111.4,779.8000000000001,0
CUST-4300,Male,34.0,14-Jan-2030,month-to-month,Bank transfer,24,66.42,1594.08,1
CUST-4301,female,42.0,01/15/2030,Month-to-month,Electronic check,9,102.84,925.5600000000001,1
CUST-4302,female,34.0,INVALID_DATE,1 Year,Electronic check,15,38.83,582.4499999999999,0
CUST-4303,  Male  ,30.0,17-Jan-2030,Month-to-month,Electronic check,56,25.65,1436.3999999999999,0
CUST-4304,F,58.0,INVALID_DATE,month-to-month,Mailed check,17,114.84,1952.28,1
CUST-4305,  Male  ,43.0,01/19/2030,1 Year,Bank transfer,19,45.7,868.3000000000001,1
CUST-4306,F,27.0,INVALID_DATE,One year,Mailed check,9,103.36,930.24,0
CUST-4307,F,23.0,2030-01-21,Two year,Mailed check,64,45.73,2926.72,0
CUST-4308,Male,30.0,2030-01-22,One year, ,57,35.58,2028.06,0
CUST-4309,Male,30.0,23-Jan-2030,Two year, ,38,93.25,3543.5,0
CUST-4310,M,42.0,2030-01-24,One year,Credit card,8,97.84,782.72,0
CUST-4311,F,46.0,2030-01-25,month-to-month,Bank transfer,6,104.36,626.16,1
CUST-4312,female,46.0,INVALID_DATE,Month-to-month,Credit card,49,106.49,5218.009999999999,0
CUST-4313,Female,31.0,INVALID_DATE,Two year,Electronic check,45,68.31,3073.9500000000003,0
CUST-4314,M,51.0,28-Jan-2030,month-to-month,Bank transfer,21,60.02,,0
CUST-4315,Male,55.0,2030-01-29,Month-to-month,Mailed check,34,95.1,,0
CUST-4316,  Male  ,37.0,01/30/2030,Month-to-month,Electronic check,12,76.94,923.28,1
CUST-4317,M,28.0,31-Jan-2030,1 Year,Mailed check,39,116.53,,0
CUST-4318,M,41.0,02/01/2030,1 Year,Credit card,6,57.58,345.48,0
CUST-4319,M,,2030-02-02,1 Year,Bank transfer,32,24.29,777.28,0
CUST-4320,M,27.0,03-Feb-2030,Two year,Electronic check,60,78.93,4735.8,0
CUST-4321,Female,34.0,02/04/2030,Two year,Bank transfer,8,55.35,442.8,0
CUST-4322,  Male  ,41.0,05-Feb-2030,Month-to-month,Electronic check,38,54.27,2062.26,0
CUST-4323,  Male  ,46.0,INVALID_DATE,Two year,Electronic check,19,76.45,1452.55,0
CUST-4324,  Male  ,16.0,INVALID_DATE,Month-to-month,Electronic check,55,112.18,6169.900000000001,1
CUST-4325,F,56.0,02/08/2030,month-to-month,Bank transfer,9,46.7,420.3,0
CUST-4326,female,56.0,INVALID_DATE,One year,Electronic check,52,57.96,3013.92,0
CUST-4327,  Male  ,35.0,INVALID_DATE,Month-to-month,Electronic check,28,109.12,3055.36,0
CUST-4328,M,72.0,02/11/2030,Month-to-month,Bank transfer,62,109.52,,0
CUST-4329,M,55.0,12-Feb-2030,month-to-month, ,48,43.46,2086.08,0
CUST-4330,  Male  ,54.0,02/13/2030,1 Year,Credit card,39,90.63,3534.5699999999997,0
CUST-4331,  Male  ,54.0,INVALID_DATE,1 Year,Bank transfer,53,61.56,3262.6800000000003,0
CUST-4332,M,,15-Feb-2030,1 Year,Bank transfer,63,113.6,,0
CUST-4333,F,40.0,INVALID_DATE,Month-to-month,Electronic check,19,93.22,1771.18,0
CUST-4334,Male,39.0,2030-02-17,Month-to-month,Bank transfer,33,69.44,2291.52,0
CUST-4335,Male,29.0,02/18/2030,Two year,Bank transfer,64,101.74,6511.36,0
CUST-4336,  Male  ,33.0,02/19/2030,Two year,Credit card,26,119.79,3114.54,1
CUST-4337,Female,36.0,02/20/2030,One year,Bank transfer,45,64.7,2911.5,0
CUST-4338,  Male  ,41.0,02/21/2030,One year,Electronic check,1,57.35,,1
CUST-4339,  Male  ,,2030-02-22,Two year,Credit card,66,80.7,5326.2,0
CUST-4340,Male,15.0,23-Feb-2030,Month-to-month,Bank transfer,35,88.31,3090.85,0
CUST-4341,M,,24-Feb-2030,month-to-month,Electronic check,45,90.44,4069.7999999999997,0
CUST-4342,  Male  ,28.0,25-Feb-2030,Two year,Credit card,33,67.36,2222.88,0
CUST-4343,M,39.0,2030-02-26,Month-to-month,Bank transfer,69,53.23,3672.87,0
CUST-4344,M,31.0,2030-02-27,Two year,Electronic check,31,102.19,3167.89,0
CUST-4345,Female,62.0,28-Feb-2030,1 Year,Credit card,64,115.83,7413.12,1
CUST-4346,M,34.0,01-Mar-2030,Two year,Electronic check,15,106.4,1596.0,0
CUST-4347,Male,46.0,2030-03-02,1 Year,Credit card,46,88.24,,0
CUST-4348,F,47.0,INVALID_DATE,Month-to-month,Bank transfer,48,56.02,,0
CUST-4349,F,,2030-03-04,1 Year,Mailed check,68,82.25,5593.0,0
CUST-4350,female,39.0,03/05/2030,Two year,Credit card,40,30.12,1204.8,0
CUST-4351,  Male  ,54.0,06-Mar-2030,1 Year,Bank transfer,1,73.39,73.39,1
CUST-4352,Male,30.0,INVALID_DATE,month-to-month,Credit card,20,98.12,1962.4,1
CUST-4353,M,50.0,08-Mar-2030,1 Year,Mailed check,22,45.11,992.42,0
CUST-4354,F,36.0,INVALID_DATE,1 Year,Electronic check,54,70.15,3788.1000000000004,0
CUST-4355,Male,54.0,10-Mar-2030,One year,Mailed check,65,27.33,1776.4499999999998,0
CUST-4356,F,61.0,11-Mar-2030,month-to-month,Mailed check,15,103.85,1557.75,1
CUST-4357,M,16.0,12-Mar-2030,Month-to-month,Electronic check,61,55.02,3356.2200000000003,0
CUST-4358,F,24.0,03/13/2030,1 Year,Mailed check,14,78.22,1095.08,0
CUST-4359,  Male  ,35.0,2030-03-14,month-to-month,Bank transfer,69,57.85,3991.65,0
CUST-4360,  Male  ,58.0,INVALID_DATE,Month-to-month,Credit card,49,79.76,3908.2400000000002,0
CUST-4361,female,46.0,03/16/2030,month-to-month,Mailed check,6,94.42,566.52,1
CUST-4362,female,25.0,03/17/2030,One year,Credit card,41,52.68,2159.88,0
CUST-4363,F,,18-Mar-2030,Month-to-month,Credit card,31,71.93,2229.8300000000004,0
CUST-4364,Male,,INVALID_DATE,Month-to-month,Electronic check,64,99.49,6367.36,0
CUST-4365,  Male  ,50.0,INVALID_DATE,1 Year,Mailed check,51,88.79,4528.29,1
CUST-4366,Male,46.0,INVALID_DATE,Two year,Electronic check,59,25.71,1516.89,0
CUST-4367,Male,29.0,INVALID_DATE,Month-to-month,Electronic check,55,76.88,4228.4,1
CUST-4368,F,,INVALID_DATE,Month-to-month,Credit card,49,57.63,2823.8700000000003,0
CUST-4369,Male,55.0,03/24/2030,One year,Bank transfer,40,90.88,3635.2,0
CUST-4370,  Male  ,17.0,INVALID_DATE,One year,Credit card,15,21.67,325.05,0
CUST-4371,M,44.0,03/26/2030,One year,Electronic check,70,53.06,,0
CUST-4372,female,27.0,INVALID_DATE,1 Year,Mailed check,65,28.65,1862.25,0
CUST-4373,M,40.0,28-Mar-2030,Month-to-month,Bank transfer,7,112.05,784.35,1
CUST-4374,Male,45.0,03/29/2030,One year,Bank transfer,62,107.65,6674.3,0
CUST-4375,M,64.0,03/30/2030,One year,Mailed check,54,116.81,6307.74,0
CUST-4376,  Male  ,40.0,INVALID_DATE,month-to-month,Mailed check,52,84.35,4386.2,0
CUST-4377,  Male  ,58.0,INVALID_DATE,month-to-month,Bank transfer,51,100.7,,0
CUST-4378,Male,30.0,2030-04-02,One year,Electronic check,4,81.19,324.76,0
CUST-4379,F,34.0,03-Apr-2030,1 Year,Bank transfer,1,69.2,69.2,0
CUST-4380,M,47.0,04-Apr-2030,Two year,Bank transfer,66,103.38,6823.08,0
CUST-4381,F,42.0,04/05/2030,month-to-month,Bank transfer,35,97.62,3416.7000000000003,0
CUST-4382,F,36.0,06-Apr-2030,month-to-month,Electronic check,10,93.33,933.3,1
CUST-4383,Female,,2030-04-07,Month-to-month,Mailed check,67,109.39,7329.13,1
CUST-4384,Male,56.0,INVALID_DATE,Month-to-month,Mailed check,68,112.87,7675.16,0
CUST-4385,female,37.0,INVALID_DATE,One year,Mailed check,65,64.53,,0
CUST-4386,  Male  ,28.0,INVALID_DATE,Month-to-month,Electronic check,51,48.28,2462.28,0
CUST-4387,  Male  ,30.0,04/11/2030,Month-to-month,Electronic check,30,71.18,2135.4,0
CUST-4388,Male,48.0,2030-04-12,Two year,Mailed check,39,29.31,1143.09,0
CUST-4389,female,67.0,04/13/2030,1 Year, ,10,113.82,1138.1999999999998,1
CUST-4390,  Male  ,,04/14/2030,One year, ,44,118.39,5209.16,1
CUST-4391,Male,66.0,15-Apr-2030,Two year,Mailed check,32,85.27,2728.64,1
CUST-4392,  Male  ,40.0,16-Apr-2030,One year,Credit card,44,94.62,4163.280000000001,1
CUST-4393,F,37.0,04/17/2030,1 Year,Credit card,63,52.37,3299.31,0
CUST-4394,M,29.0,2030-04-18,One year,Mailed check,61,106.63,6504.429999999999,0
CUST-4395,M,38.0,04/19/2030,Month-to-month,Mailed check,65,110.03,7151.95,0
CUST-4396,  Male  ,31.0,04/20/2030,1 Year,Electronic check,41,27.69,,0
CUST-4397,Female,30.0,04/21/2030,Two year,Credit card,12,33.14,397.68,0
CUST-4398,female,20.0,INVALID_DATE,Two year,Credit card,2,46.09,92.18,0
CUST-4399,female,61.0,INVALID_DATE,month-to-month,Mailed check,60,90.37,5422.200000000001,0
CUST-4400,female,53.0,2030-04-24,Two year,Bank transfer,25,38.34,,0
CUST-4401,F,43.0,25-Apr-2030,month-to-month,Mailed check,61,42.01,,0
CUST-4402,female,38.0,26-Apr-2030,Month-to-month,Electronic check,22,58.19,,0
CUST-4403,M,40.0,2030-04-27,Two year,Bank transfer,56,81.16,4544.96,0
CUST-4404,F,31.0,28-Apr-2030,1 Year,Bank transfer,21,117.63,2470.23,0
CUST-4405,Male,26.0,04/29/2030,month-to-month,Bank transfer,55,98.39,5411.45,0
CUST-4406,female,49.0,INVALID_DATE,Two year,Electronic check,40,75.83,3033.2,1
CUST-4407,female,,INVALID_DATE,Month-to-month,Credit card,51,24.94,1271.94,0
CUST-4408,Male,44.0,02-May-2030,1 Year,Mailed check,22,71.68,1576.96,0
CUST-4409,female,20.0,03-May-2030,1 Year,Electronic check,28,40.41,1131.48,0
CUST-4410,Male,36.0,2030-05-04,Month-to-month,Electronic check,4,50.01,200.04,1
CUST-4411,F,26.0,2030-05-05,Two year,Bank transfer,26,45.09,1172.3400000000001,0
CUST-4412,M,46.0,05/06/2030,One year,Bank transfer,60,54.74,3284.4,0
CUST-4413,Male,52.0,05/07/2030,Two year,Electronic check,23,26.23,603.29,0
CUST-4414,Female,,08-May-2030,month-to-month,Credit card,41,77.68,3184.88,0
CUST-4415,Male,32.0,2030-05-09,month-to-month,Bank transfer,58,24.58,1425.6399999999999,0
CUST-4416,female,26.0,INVALID_DATE,Two year,Electronic check,8,86.06,688.48,1
CUST-4417,F,35.0,2030-05-11,month-to-month,Bank transfer,51,93.08,4747.08,0
CUST-4418,  Male  ,32.0,05/12/2030,One year,Mailed check,61,68.61,4185.21,0
CUST-4419,F,45.0,13-May-2030,One year,Mailed check,1,98.13,98.13,0
CUST-4420,  Male  ,23.0,14-May-2030,1 Year,Mailed check,30,116.74,,0
CUST-4421,Male,19.0,2030-05-15,month-to-month,Bank transfer,17,54.01,918.17,0
CUST-4422,M,36.0,2030-05-16,Two year,Bank transfer,23,81.89,1883.47,0
CUST-4423,Female,49.0,2030-05-17,1 Year,Credit card,24,52.37,1256.8799999999999,0
CUST-4424,F,28.0,2030-05-18,One year,Mailed check,69,64.34,4439.46,0
CUST-4425,female,50.0,05/19/2030,1 Year,Credit card,52,22.08,1148.1599999999999,0
CUST-4426,  Male  ,44.0,05/20/2030,Month-to-month,Electronic check,71,27.43,1947.53,0
CUST-4427,female,59.0,2030-05-21,month-to-month,Electronic check,58,99.75,5785.5,0
CUST-4428,M,30.0,22-May-2030,Two year,Mailed check,22,33.99,747.7800000000001,0
CUST-4429,  Male  ,21.0,INVALID_DATE,One year,Credit card,59,89.92,,1
CUST-4430,F,47.0,INVALID_DATE,1 Year,Bank transfer,44,90.89,3999.16,0
CUST-4431,Male,43.0,05/25/2030,Two year,Credit card,37,119.62,4425.9400000000005,0
CUST-4432,female,42.0,2030-05-26,month-to-month,Electronic check,34,89.56,3045.04,0
CUST-4433,M,27.0,2030-05-27,Two year,Credit card,57,32.87,1873.59,0
CUST-4434,F,49.0,INVALID_DATE,month-to-month,Electronic check,57,82.65,4711.05,0
CUST-4435,F,32.0,29-May-2030,month-to-month,Electronic check,40,72.41,2896.3999999999996,0
CUST-4436,F,42.0,INVALID_DATE,month-to-month,Credit card,20,111.74,2234.7999999999997,0
CUST-4437,F,34.0,31-May-2030,1 Year,Bank transfer,17,89.02,1513.34,1
CUST-4438,  Male  ,44.0,INVALID_DATE,month-to-month, ,52,71.85,3736.2,0
CUST-4439,F,26.0,2030-06-02,Two year,Credit card,4,82.42,329.68,1
CUST-4440,female,46.0,06/03/2030,Month-to-month,Electronic check,63,64.35,4054.0499999999997,0
CUST-4441,M,48.0,06/04/2030,Two year,Mailed check,50,70.84,3542.0,0
CUST-4442,  Male  ,41.0,05-Jun-2030,1 Year,Bank transfer,50,92.23,4611.5,0
CUST-4443,F,60.0,06/06/2030,month-to-month,Mailed check,16,27.83,445.28,0
CUST-4444,Female,42.0,06/07/2030,Month-to-month,Electronic check,61,81.53,4973.33,0
CUST-4445,Female,51.0,06/08/2030,1 Year, ,44,28.82,1268.08,0
CUST-4446,M,41.0,INVALID_DATE,One year,Credit card,18,105.51,1899.18,0
CUST-4447,Male,50.0,2030-06-10,One year,Credit card,50,114.25,5712.5,0
CUST-4448,Male,,INVALID_DATE,One year, ,30,98.02,2940.6,1
CUST-4449,  Male  ,,2030-06-12,Month-to-month,Mailed check,49,91.8,,0
CUST-4450,  Male  ,26.0,06/13/2030,Two year,Mailed check,21,114.37,2401.77,0
CUST-4451,  Male  ,42.0,INVALID_DATE,Month-to-month,Bank transfer,22,41.85,920.7,0
CUST-4452,Male,45.0,2030-06-15,Month-to-month,Credit card,47,42.88,2015.3600000000001,0
CUST-4453,Female,50.0,INVALID_DATE,Month-to-month,Bank transfer,25,68.1,1702.4999999999998,0
CUST-4454,Male,46.0,17-Jun-2030,One year,Mailed check,56,20.75,1162.0,0
CUST-4455,female,36.0,INVALID_DATE,Two year,Electronic check,64,116.51,7456.64,0
CUST-4456,F,31.0,06/19/2030,Month-to-month,Credit card,28,23.23,650.44,0
CUST-4457,  Male  ,12.0,INVALID_DATE,Two year,Bank transfer,33,79.61,2627.13,1
CUST-4458,Female,41.0,06/21/2030,month-to-month,Electronic check,66,55.4,3656.4,0
CUST-4459,M,54.0,22-Jun-2030,Month-to-month,Mailed check,4,30.3,121.2,1
CUST-4460,M,41.0,06/23/2030,Month-to-month,Credit card,12,22.46,269.52,1
CUST-4461,F,39.0,06/24/2030,Month-to-month,Bank transfer,17,46.24,786.08,0
CUST-4462,Female,42.0,06/25/2030,month-to-month,Mailed check,36,30.67,1104.1200000000001,0
CUST-4463,Male,35.0,INVALID_DATE,month-to-month,Bank transfer,16,114.03,1824.48,0
CUST-4464,Male,42.0,27-Jun-2030,One year,Bank transfer,23,44.48,1023.04,0
CUST-4465,female,35.0,INVALID_DATE,1 Year,Credit card,9,29.41,264.69,0
CUST-4466,female,29.0,2030-06-29,Two year, ,55,96.97,5333.35,0
CUST-4467,Male,39.0,INVALID_DATE,1 Year,Mailed check,64,61.43,3931.52,0
CUST-4468,M,39.0,2030-07-01,Month-to-month, ,47,104.37,4905.39,0
CUST-4469,  Male  ,63.0,07/02/2030,Month-to-month,Mailed check,67,103.84,6957.280000000001,0
CUST-4470,M,30.0,2030-07-03,One year,Mailed check,10,119.24,1192.3999999999999,0
CUST-4471,female,38.0,07/04/2030,1 Year,Credit card,4,100.38,401.52,1
CUST-4472,F,37.0,05-Jul-2030,Month-to-month,Electronic check,30,41.42,1242.6000000000001,0
CUST-4473,Male,35.0,06-Jul-2030,1 Year,Credit card,11,78.64,865.04,1
CUST-4474,female,46.0,07/07/2030,One year,Mailed check,51,72.63,3704.1299999999997,0
CUST-4475,female,67.0,07/08/2030,1 Year,Electronic check,19,70.82,1345.58,0
CUST-4476,  Male  ,36.0,07/09/2030,Two year,Credit card,13,49.68,645.84,0
CUST-4477,Male,46.0,2030-07-10,One year,Electronic check,57,41.01,2337.5699999999997,0
CUST-4478,  Male  ,17.0,11-Jul-2030,1 Year,Mailed check,3,91.69,,0
CUST-4479,Male,35.0,07/12/2030,Month-to-month,Electronic check,38,30.18,1146.84,0
CUST-4480,  Male  ,59.0,2030-07-13,month-to-month,Electronic check,27,24.96,673.9200000000001,0
CUST-4481,M,39.0,07/14/2030,month-to-month,Electronic check,10,58.12,581.1999999999999,0
CUST-4482,F,,15-Jul-2030,One year,Mailed check,53,94.39,5002.67,0
CUST-4483,F,33.0,INVALID_DATE,month-to-month,Mailed check,27,106.85,2884.95,1
CUST-4484,Male,43.0,17-Jul-2030,Two year, ,7,74.01,518.07,0
CUST-4485,Female,60.0,INVALID_DATE,One year,Credit card,13,103.99,,0
CUST-4486,female,26.0,19-Jul-2030,Month-to-month,Credit card,60,22.53,,0
CUST-4487,female,66.0,07/20/2030,Month-to-month,Mailed check,14,65.54,917.5600000000001,0
CUST-4488,Male,21.0,21-Jul-2030,One year,Bank transfer,44,33.34,1466.96,0
CUST-4489,  Male  ,34.0,07/22/2030,month-to-month, ,70,78.27,5478.9,0
CUST-4490,Female,30.0,2030-07-23,month-to-month,Electronic check,28,112.1,3138.7999999999997,1
CUST-4491,M,37.0,INVALID_DATE,Month-to-month,Bank transfer,23,20.72,476.55999999999995,0
CUST-4492,  Male  ,30.0,INVALID_DATE,Two year, ,12,86.82,1041.84,1
CUST-4493,  Male  ,29.0,2030-07-26,month-to-month,Credit card,24,99.23,2381.52,0
CUST-4494,Male,26.0,INVALID_DATE,Two year,Bank transfer,51,94.45,,0
CUST-4495,Male,48.0,2030-07-28,month-to-month,Mailed check,22,21.98,483.56,0
CUST-4496,female,37.0,07/29/2030,One year, ,62,37.39,2318.18,0
CUST-4497,Male,,30-Jul-2030,1 Year,Electronic check,26,29.44,765.44,1
CUST-4498,Male,43.0,INVALID_DATE,Month-to-month,Credit card,58,28.55,1655.9,0
CUST-4499,Male,22.0,01-Aug-2030,One year,Bank transfer,71,93.02,6604.42,0
CUST-4500,female,44.0,08/02/2030,month-to-month,Electronic check,15,62.48,937.1999999999999,1
CUST-4501,M,39.0,INVALID_DATE,Month-to-month,Credit card,68,92.48,6288.64,0
CUST-4502,M,39.0,2030-08-04,1 Year,Bank transfer,6,56.08,336.48,0
CUST-4503,Male,46.0,2030-08-05,1 Year,Mailed check,2,31.7,63.4,0
CUST-4504,female,,INVALID_DATE,month-to-month,Mailed check,31,91.85,2847.35,0
CUST-4505,M,44.0,08/07/2030,Month-to-month,Credit card,24,82.61,1982.6399999999999,0
CUST-4506,  Male  ,38.0,08-Aug-2030,month-to-month,Electronic check,35,31.3,1095.5,0
CUST-4507,M,26.0,09-Aug-2030,1 Year,Bank transfer,47,112.44,,0
CUST-4508,M,11.0,10-Aug-2030,One year,Bank transfer,31,50.89,1577.59,0
CUST-4509,female,42.0,INVALID_DATE,One year,Mailed check,2,85.47,170.94,0
CUST-4510,  Male  ,25.0,12-Aug-2030,Two year,Credit card,59,23.2,1368.8,0
CUST-4511,female,10.0,2030-08-13,1 Year,Electronic check,63,64.3,4050.8999999999996,0
CUST-4512,Male,,14-Aug-2030,1 Year,Mailed check,17,116.44,1979.48,1
CUST-4513,F,43.0,08/15/2030,month-to-month,Mailed check,54,108.65,5867.1,0
CUST-4514,M,49.0,16-Aug-2030,Two year, ,21,42.13,884.73,0
CUST-4515,F,53.0,2030-08-17,Two year,Bank transfer,22,107.91,2374.02,0
CUST-4516,female,,18-Aug-2030,Month-to-month,Bank transfer,55,49.31,2712.05,0
CUST-4517,female,51.0,19-Aug-2030,month-to-month,Credit card,29,105.22,3051.38,0
CUST-4518,female,22.0,INVALID_DATE,One year,Mailed check,21,92.92,1951.32,0
CUST-4519,F,38.0,08/21/2030,Month-to-month,Credit card,2,55.21,110.42,0
CUST-4520,female,47.0,22-Aug-2030,Two year,Bank transfer,42,111.08,4665.36,0
CUST-4521,Male,41.0,23-Aug-2030,One year,Electronic check,52,68.53,3563.56,0
CUST-4522,female,38.0,INVALID_DATE,1 Year,Bank transfer,38,51.77,1967.2600000000002,0
CUST-4523,Female,40.0,08/25/2030,month-to-month,Bank transfer,3,47.97,143.91,1
CUST-4524,F,43.0,08/26/2030,Two year,Mailed check,25,113.91,2847.75,1
CUST-4525,Female,,INVALID_DATE,1 Year,Bank transfer,62,95.86,5943.32,0
CUST-4526,female,30.0,08/28/2030,Two year,Credit card,15,54.99,824.85,1
CUST-4527,Male,20.0,08/29/2030,One year,Electronic check,70,45.42,3179.4,0
CUST-4528,M,38.0,2030-08-30,Month-to-month,Mailed check,10,41.16,411.59999999999997,0
CUST-4529,  Male  ,41.0,31-Aug-2030,One year,Electronic check,69,44.45,3067.05,0
CUST-4530,  Male  ,41.0,01-Sep-2030,month-to-month,Credit card,44,31.1,1368.4,0
CUST-4531,female,51.0,2030-09-02,month-to-month,Credit card,41,68.47,2807.27,0
CUST-4532,Male,54.0,09/03/2030,Two year,Bank transfer,20,24.11,,0
CUST-4533,F,39.0,04-Sep-2030,One year, ,37,21.15,782.55,0
CUST-4534,Female,39.0,09/05/2030,Month-to-month,Bank transfer,39,81.81,3190.59,0
CUST-4535,Female,47.0,09/06/2030,month-to-month,Mailed check,70,28.85,2019.5,0
CUST-4536,Female,45.0,INVALID_DATE,Month-to-month,Electronic check,8,104.52,836.16,1
CUST-4537,F,35.0,2030-09-08,1 Year,Bank transfer,43,30.67,1318.8100000000002,0
CUST-4538,  Male  ,,INVALID_DATE,Two year,Bank transfer,10,74.27,742.6999999999999,0
CUST-4539,Male,38.0,2030-09-10,Month-to-month,Mailed check,41,87.55,3589.5499999999997,0
CUST-4540,F,38.0,09/11/2030,Two year,Credit card,4,42.92,171.68,1
CUST-4541,Female,45.0,12-Sep-2030,1 Year, ,4,108.83,435.32,1
CUST-4542,female,36.0,09/13/2030,Month-to-month,Credit card,24,68.14,1635.3600000000001,0
CUST-4543,M,41.0,14-Sep-2030,Month-to-month,Bank transfer,21,51.53,1082.13,0
CUST-4544,F,44.0,09/15/2030,1 Year,Credit card,10,110.11,1101.1,1
CUST-4545,F,50.0,09/16/2030,One year,Bank transfer,46,105.83,4868.18,0
CUST-4546,Male,49.0,17-Sep-2030,Month-to-month,Electronic check,70,90.96,6367.2,0
CUST-4547,Male,43.0,INVALID_DATE,Month-to-month,Electronic check,44,49.05,2158.2,0
CUST-4548,F,9.0,2030-09-19,month-to-month,Electronic check,33,59.02,1947.66,0
CUST-4549,Female,43.0,2030-09-20,One year,Bank transfer,36,88.97,3202.92,0
CUST-4550,M,45.0,09/21/2030,Month-to-month,Credit card,25,38.53,963.25,1
CUST-4551,Male,47.0,22-Sep-2030,1 Year,Mailed check,13,69.51,903.6300000000001,1
CUST-4552,Female,29.0,2030-09-23,Two year,Mailed check,39,93.77,3657.0299999999997,0
CUST-4553,female,15.0,24-Sep-2030,1 Year,Mailed check,38,85.77,3259.2599999999998,0
CUST-4554,Male,50.0,INVALID_DATE,One year,Electronic check,30,91.99,2759.7,0
CUST-4555,Female,25.0,INVALID_DATE,month-to-month,Electronic check,14,109.19,1528.6599999999999,0
CUST-4556,Female,55.0,2030-09-27,month-to-month,Electronic check,50,116.83,5841.5,0
CUST-4557,M,33.0,28-Sep-2030,month-to-month,Credit card,68,65.84,4477.12,0
CUST-4558,M,28.0,09/29/2030,1 Year,Electronic check,1,26.0,26.0,0
CUST-4559,female,44.0,INVALID_DATE,Two year,Credit card,61,103.44,6309.84,1
CUST-4560,Female,47.0,01-Oct-2030,Two year,Credit card,3,31.8,95.4,0
CUST-4561,  Male  ,47.0,10/02/2030,Month-to-month,Credit card,50,41.94,2097.0,0
CUST-4562,Female,,2030-10-03,Two year,Bank transfer,61,85.32,5204.5199999999995,0
CUST-4563,M,32.0,04-Oct-2030,Two year, ,36,94.57,3404.5199999999995,1
CUST-4564,  Male  ,22.0,INVALID_DATE,Month-to-month,Credit card,4,89.46,357.84,0
CUST-4565,Male,,2030-10-06,1 Year,Mailed check,43,63.85,2745.55,0
CUST-4566,Male,26.0,2030-10-07,1 Year,Credit card,14,111.81,1565.3400000000001,1
CUST-4567,F,45.0,10/08/2030,One year,Credit card,67,103.22,6915.74,1
CUST-4568,M,50.0,INVALID_DATE,1 Year,Electronic check,7,86.37,604.59,0
CUST-4569,F,,INVALID_DATE,month-to-month,Mailed check,8,64.11,512.88,0
CUST-4570,  Male  ,40.0,11-Oct-2030,month-to-month,Credit card,44,66.38,2920.72,0
CUST-4571,M,36.0,10/12/2030,One year,Mailed check,64,37.6,2406.4,0
CUST-4572,female,52.0,13-Oct-2030,Two year,Electronic check,7,97.97,685.79,1
CUST-4573,Female,18.0,2030-10-14,One year,Credit card,48,106.6,5116.799999999999,0
CUST-4574,female,,2030-10-15,Month-to-month,Electronic check,62,102.73,6369.26,0
CUST-4575,  Male  ,62.0,16-Oct-2030,One year,Credit card,25,74.71,1867.7499999999998,0
CUST-4576,M,25.0,INVALID_DATE,One year,Electronic check,68,103.79,7057.72,0
CUST-4577,  Male  ,46.0,INVALID_DATE,month-to-month,Electronic check,64,99.04,6338.56,0
CUST-4578,Female,49.0,2030-10-19,Month-to-month,Bank transfer,18,103.24,1858.32,0
CUST-4579,Male,17.0,2030-10-20,Month-to-month,Credit card,4,118.19,472.76,0
CUST-4580,Male,19.0,10/21/2030,One year,Credit card,17,101.0,1717.0,1
CUST-4581,  Male  ,55.0,2030-10-22,Month-to-month,Credit card,47,47.07,2212.29,0
CUST-4582,F,28.0,2030-10-23,Month-to-month,Mailed check,45,102.09,4594.05,0
CUST-4583,M,29.0,2030-10-24,1 Year,Bank transfer,58,57.56,3338.48,0
CUST-4584,M,34.0,25-Oct-2030,Month-to-month,Mailed check,3,71.62,214.86,0
CUST-4585,Male,28.0,2030-10-26,Two year,Credit card,12,99.64,1195.68,1
CUST-4586,female,46.0,10/27/2030,Month-to-month,Bank transfer,17,51.67,878.39,0
CUST-4587,Female,26.0,10/28/2030,month-to-month,Electronic check,22,22.61,497.41999999999996,0
CUST-4588,female,16.0,10/29/2030,1 Year,Bank transfer,39,91.81,3580.59,0
CUST-4589,female,54.0,10/30/2030,month-to-month,Electronic check,39,110.22,,1
CUST-4590,  Male  ,26.0,2030-10-31,month-to-month,Credit card,16,112.79,,1
CUST-4591,Male,31.0,11/01/2030,Two year,Credit card,51,99.89,5094.39,0
CUST-4592,Male,50.0,02-Nov-2030,1 Year,Electronic check,29,113.51,3291.79,1
CUST-4593,Male,,03-Nov-2030,One year,Bank transfer,71,102.07,7246.969999999999,0
CUST-4594,  Male  ,53.0,INVALID_DATE,Month-to-month,Mailed check,41,23.01,943.4100000000001,0
CUST-4595,F,50.0,INVALID_DATE,Two year,Bank transfer,57,54.97,3133.29,0
CUST-4596,female,35.0,2030-11-06,Two year,Electronic check,28,53.61,,0
CUST-4597,  Male  ,52.0,INVALID_DATE,One year,Electronic check,21,41.92,880.32,0
CUST-4598,M,42.0,08-Nov-2030,Two year,Mailed check,4,99.79,399.16,1
CUST-4599,Female,33.0,09-Nov-2030,One year,Mailed check,15,72.01,1080.15,0
CUST-4600,F,43.0,2030-11-10,One year,Mailed check,53,103.63,,0
CUST-4601,M,,INVALID_DATE,One year,Electronic check,46,80.13,3685.9799999999996,0
CUST-4602,female,50.0,2030-11-12,Two year,Credit card,7,79.06,553.4200000000001,0
CUST-4603,Male,48.0,11/13/2030,One year,Bank transfer,18,58.41,1051.3799999999999,0
CUST-4604,female,41.0,11/14/2030,Two year,Mailed check,21,98.96,2078.16,1
CUST-4605,  Male  ,17.0,INVALID_DATE,1 Year,Electronic check,8,88.31,706.48,1
CUST-4606,Female,54.0,2030-11-16,One year,Bank transfer,59,53.88,3178.92,0
CUST-4607,  Male  ,45.0,17-Nov-2030,Two year,Mailed check,20,119.36,,0
CUST-4608,F,40.0,2030-11-18,Two year,Credit card,67,66.28,4440.76,0
CUST-4609,F,38.0,11/19/2030,Two year,Bank transfer,55,51.66,2841.2999999999997,1
CUST-4610,Female,34.0,2030-11-20,Month-to-month,Bank transfer,62,88.78,5504.36,0
CUST-4611,M,36.0,2030-11-21,Month-to-month,Electronic check,18,42.28,,0
CUST-4612,M,49.0,INVALID_DATE,One year,Electronic check,56,103.06,5771.360000000001,0
CUST-4613,F,34.0,23-Nov-2030,1 Year,Electronic check,22,88.04,1936.88,1
CUST-4614,F,37.0,2030-11-24,One year,Credit card,8,107.01,856.08,1
CUST-4615,Male,38.0,11/25/2030,month-to-month,Bank transfer,11,52.91,582.01,0
CUST-4616,M,39.0,2030-11-26,month-to-month,Mailed check,12,105.44,1265.28,1
CUST-4617,Female,33.0,27-Nov-2030,1 Year,Credit card,48,70.09,3364.32,0
CUST-4618,M,38.0,2030-11-28,1 Year,Mailed check,63,25.92,1632.96,0
CUST-4619,Male,44.0,29-Nov-2030,1 Year,Mailed check,27,39.42,1064.3400000000001,0
CUST-4620,  Male  ,,2030-11-30,Month-to-month, ,35,41.76,1461.6,0
CUST-4621,F,38.0,INVALID_DATE,Month-to-month,Mailed check,2,96.8,193.6,0
CUST-4622,F,63.0,02-Dec-2030,month-to-month,Mailed check,8,40.31,322.48,0
CUST-4623,Male,39.0,2030-12-03,1 Year,Credit card,20,76.19,1523.8,1
CUST-4624,Female,,2030-12-04,Two year,Electronic check,8,85.25,682.0,1
CUST-4625,F,27.0,2030-12-05,month-to-month,Mailed check,63,97.39,6135.57,0
CUST-4626,female,,2030-12-06,1 Year,Mailed check,68,98.39,6690.52,1
CUST-4627,F,,2030-12-07,Two year,Mailed check,31,91.76,2844.56,0
CUST-4628,female,52.0,12/08/2030,1 Year,Bank transfer,32,41.32,1322.24,0
CUST-4629,Male,25.0,INVALID_DATE,One year,Bank transfer,13,74.35,966.55,1
CUST-4630,Male,43.0,12/10/2030,Two year,Electronic check,26,49.02,1274.52,0
CUST-4631,F,55.0,2030-12-11,One year,Credit card,29,97.51,2827.79,0
CUST-4632,M,40.0,12-Dec-2030,Month-to-month,Electronic check,18,94.81,,1
CUST-4633,female,34.0,13-Dec-2030,month-to-month,Bank transfer,69,42.96,,0
CUST-4634,Female,67.0,12/14/2030,1 Year,Electronic check,12,84.13,1009.56,1
CUST-4635,F,17.0,12/15/2030,month-to-month, ,2,25.84,51.68,0
CUST-4636,Female,72.0,12/16/2030,1 Year,Electronic check,42,96.85,4067.7,0
CUST-4637,F,41.0,INVALID_DATE,One year,Mailed check,7,98.02,686.14,1
CUST-4638,M,55.0,INVALID_DATE,Two year,Credit card,47,54.7,2570.9,0
CUST-4639,M,26.0,19-Dec-2030,Two year,Credit card,54,100.63,5434.0199999999995,1
CUST-4640,M,31.0,12/20/2030,1 Year,Credit card,15,105.83,1587.45,1
CUST-4641,  Male  ,27.0,INVALID_DATE,One year,Electronic check,58,39.01,2262.58,0
CUST-4642,M,39.0,12/22/2030,1 Year,Electronic check,33,55.09,1817.97,0
CUST-4643,Male,,12/23/2030,1 Year,Mailed check,67,46.11,,0
CUST-4644,Male,53.0,INVALID_DATE,1 Year,Credit card,63,57.44,3618.72,0
CUST-4645,  Male  ,19.0,2030-12-25,Two year,Mailed check,48,64.69,3105.12,0
CUST-4646,female,42.0,2030-12-26,1 Year,Credit card,66,71.0,4686.0,0
CUST-4647,Female,51.0,12/27/2030,Two year,Bank transfer,65,23.51,1528.15,0
CUST-4648,F,53.0,28-Dec-2030,Month-to-month,Electronic check,36,25.52,918.72,1
CUST-4649,F,35.0,INVALID_DATE,One year,Mailed check,17,85.52,1453.84,1
CUST-4650,  Male  ,,2030-12-30,Month-to-month,Electronic check,2,64.27,128.54,0
CUST-4651,Male,39.0,INVALID_DATE,1 Year,Electronic check,33,28.97,956.01,0
CUST-4652,F,42.0,INVALID_DATE,Two year,Bank transfer,6,58.62,351.71999999999997,0
CUST-4653,Male,56.0,01/02/2031,One year,Bank transfer,43,67.55,2904.65,0
CUST-4654,female,25.0,2031-01-03,month-to-month,Credit card,11,83.56,919.1600000000001,0
CUST-4655,Female,31.0,INVALID_DATE,One year,Bank transfer,5,31.83,159.14999999999998,0
CUST-4656,female,24.0,05-Jan-2031,One year,Credit card,30,119.48,3584.4,0
CUST-4657,  Male  ,45.0,01/06/2031,1 Year,Bank transfer,10,67.47,674.7,0
CUST-4658,M,53.0,01/07/2031,Month-to-month,Bank transfer,24,88.08,,0
CUST-4659,M,23.0,2031-01-08,Month-to-month,Mailed check,59,110.82,6538.379999999999,0
CUST-4660,M,41.0,01/09/2031,month-to-month,Bank transfer,67,23.18,1553.06,0
CUST-4661,female,52.0,2031-01-10,1 Year,Mailed check,61,80.14,4888.54,0
CUST-4662,F,49.0,INVALID_DATE,One year,Bank transfer,26,74.04,1925.0400000000002,0
CUST-4663,Female,49.0,12-Jan-2031,Month-to-month,Mailed check,39,25.74,1003.8599999999999,1
CUST-4664,M,26.0,2031-01-13,Month-to-month,Electronic check,3,89.3,267.9,1
CUST-4665,  Male  ,49.0,INVALID_DATE,Two year,Credit card,38,42.08,1599.04,0
CUST-4666,  Male  ,38.0,INVALID_DATE,One year,Bank transfer,42,90.19,3787.98,0
CUST-4667,M,53.0,INVALID_DATE,1 Year,Mailed check,48,56.26,2700.48,0
CUST-4668,M,45.0,01/17/2031,Month-to-month,Bank transfer,13,97.01,1261.13,1
CUST-4669,Female,30.0,18-Jan-2031,1 Year,Mailed check,56,114.18,6394.08,0
CUST-4670,M,43.0,19-Jan-2031,One year,Mailed check,59,106.05,6256.95,0
CUST-4671,Female,50.0,20-Jan-2031,One year, ,63,68.26,4300.38,0
CUST-4672,  Male  ,34.0,2031-01-21,Month-to-month,Credit card,43,42.53,1828.79,0
CUST-4673,M,42.0,22-Jan-2031,month-to-month,Mailed check,57,119.24,6796.679999999999,0
CUST-4674,female,24.0,INVALID_DATE,1 Year,Electronic check,21,85.95,1804.95,0
CUST-4675,female,47.0,01/24/2031,1 Year,Bank transfer,54,59.6,3218.4,1
CUST-4676,  Male  ,39.0,25-Jan-2031,Two year,Electronic check,53,68.15,3611.9500000000003,0
CUST-4677,Female,51.0,INVALID_DATE,One year,Mailed check,45,32.81,1476.45,0
CUST-4678,female,46.0,27-Jan-2031,One year,Mailed check,36,70.53,,0
CUST-4679,Female,35.0,2031-01-28,Month-to-month,Bank transfer,63,37.32,2351.16,0
CUST-4680,female,30.0,INVALID_DATE,Month-to-month,Credit card,1,56.57,56.57,0
CUST-4681,female,27.0,2031-01-30,Month-to-month,Electronic check,67,69.18,4635.06,0
CUST-4682,Female,34.0,01/31/2031,Two year,Credit card,33,114.78,3787.7400000000002,0
CUST-4683,F,51.0,02/01/2031,month-to-month,Electronic check,32,82.47,2639.04,0
CUST-4684,female,19.0,2031-02-02,Month-to-month,Credit card,58,57.19,,0
CUST-4685,M,28.0,03-Feb-2031,Month-to-month,Bank transfer,26,31.31,814.06,0
CUST-4686,  Male  ,50.0,2031-02-04,Month-to-month,Electronic check,61,94.72,5777.92,0
CUST-4687,F,56.0,INVALID_DATE,Two year,Bank transfer,17,66.69,1133.73,0
CUST-4688,Female,28.0,2031-02-06,1 Year,Credit card,69,26.82,1850.58,0
CUST-4689,F,27.0,2031-02-07,month-to-month,Credit card,29,85.69,2485.0099999999998,0
CUST-4690,Male,57.0,02/08/2031,1 Year,Credit card,63,55.01,3465.6299999999997,0
CUST-4691,Male,39.0,INVALID_DATE,One year,Bank transfer,6,60.39,362.34000000000003,0
CUST-4692,female,29.0,02/10/2031,One year,Mailed check,59,103.89,6129.51,0
CUST-4693,female,53.0,INVALID_DATE,Month-to-month,Mailed check,21,33.73,,0
CUST-4694,M,46.0,02/12/2031,1 Year,Electronic check,45,54.04,2431.8,0
CUST-4695,  Male  ,49.0,02/13/2031,Two year,Bank transfer,45,56.37,2536.65,0
CUST-4696,F,30.0,14-Feb-2031,month-to-month,Bank transfer,35,20.33,711.55,0
CUST-4697,Male,,02/15/2031,1 Year,Bank transfer,52,104.53,5435.56,0
CUST-4698,female,55.0,02/16/2031,1 Year,Credit card,46,103.53,4762.38,0
CUST-4699,  Male  ,48.0,17-Feb-2031,month-to-month,Bank transfer,66,86.18,5687.88,0
CUST-4700,F,51.0,INVALID_DATE,1 Year,Mailed check,57,109.89,6263.7300000000005,0
CUST-4701,female,57.0,19-Feb-2031,1 Year, ,42,47.29,1986.18,0
CUST-4702,female,45.0,2031-02-20,month-to-month,Mailed check,16,42.06,672.96,0
CUST-4703,Male,33.0,21-Feb-2031,Two year,Bank transfer,5,26.85,134.25,0
CUST-4704,Male,51.0,22-Feb-2031,month-to-month,Electronic check,1,79.2,79.2,1
CUST-4705,female,,02/23/2031,Month-to-month,Electronic check,22,69.64,,1
CUST-4706,Female,37.0,02/24/2031,Month-to-month,Bank transfer,48,101.04,4849.92,0
CUST-4707,female,47.0,02/25/2031,Month-to-month,Bank transfer,26,68.13,1771.3799999999999,0
CUST-4708,  Male  ,1.0,INVALID_DATE,Month-to-month,Mailed check,34,40.32,1370.88,0
CUST-4709,female,,02/27/2031,One year,Mailed check,58,100.96,5855.679999999999,0
CUST-4710,M,44.0,28-Feb-2031,Two year,Credit card,7,65.55,458.84999999999997,0
CUST-4711,M,26.0,INVALID_DATE,One year,Credit card,25,115.58,2889.5,1
CUST-4712,M,44.0,03/02/2031,1 Year,Credit card,57,73.45,4186.650000000001,1
CUST-4713,Female,42.0,INVALID_DATE,1 Year,Bank transfer,12,31.67,380.04,0
CUST-4714,Female,40.0,03/04/2031,month-to-month,Bank transfer,31,105.1,3258.1,0
CUST-4715,female,54.0,2031-03-05,Month-to-month,Credit card,27,107.84,2911.6800000000003,0
CUST-4716,M,51.0,06-Mar-2031,month-to-month,Credit card,34,64.54,2194.36,0
CUST-4717,Female,48.0,07-Mar-2031,1 Year,Mailed check,34,22.6,768.4000000000001,0
CUST-4718,Male,28.0,08-Mar-2031,Month-to-month,Credit card,37,22.97,849.89,0
CUST-4719,female,40.0,2031-03-09,Two year,Credit card,58,55.11,3196.38,0
CUST-4720,  Male  ,54.0,10-Mar-2031,1 Year,Electronic check,60,91.62,5497.200000000001,1
CUST-4721,F,37.0,11-Mar-2031,month-to-month,Credit card,26,53.11,1380.86,0
CUST-4722,female,59.0,INVALID_DATE,month-to-month,Electronic check,45,20.77,934.65,1
CUST-4723,F,48.0,INVALID_DATE,1 Year,Credit card,45,104.86,4718.7,1
CUST-4724,M,61.0,03/14/2031,One year,Electronic check,32,116.87,3739.84,1
CUST-4725,F,27.0,15-Mar-2031,Two year,Credit card,69,54.64,3770.16,0
CUST-4726,M,38.0,03/16/2031,1 Year,Mailed check,71,27.31,1939.01,0
CUST-4727,Male,39.0,INVALID_DATE,1 Year,Bank transfer,23,49.14,1130.22,0
CUST-4728,F,47.0,2031-03-18,month-to-month,Electronic check,65,99.9,6493.5,0
CUST-4729,female,31.0,INVALID_DATE,Month-to-month,Bank transfer,39,74.23,2894.9700000000003,0
CUST-4730,M,21.0,03/20/2031,Month-to-month,Mailed check,67,58.4,3912.7999999999997,0
CUST-4731,female,45.0,2031-03-21,Month-to-month,Credit card,45,53.42,2403.9,1
CUST-4732,Female,36.0,2031-03-22,month-to-month,Credit card,67,31.54,2113.18,0
CUST-4733,M,,2031-03-23,Month-to-month,Mailed check,63,53.95,3398.8500000000004,0
CUST-4734,F,32.0,03/24/2031,1 Year,Bank transfer,70,67.01,4690.700000000001,0
CUST-4735,M,41.0,2031-03-25,One year,Bank transfer,54,87.31,4714.74,0
CUST-4736,female,27.0,INVALID_DATE,One year,Bank transfer,27,46.21,1247.67,1
CUST-4737,Male,,INVALID_DATE,One year,Bank transfer,36,109.74,3950.64,1
CUST-4738,M,30.0,03/28/2031,Month-to-month,Electronic check,5,68.48,342.40000000000003,1
CUST-4739,F,33.0,INVALID_DATE,One year,Bank transfer,67,60.52,4054.84,0
CUST-4740,Female,44.0,03/30/2031,Month-to-month,Electronic check,51,79.4,4049.4,1
CUST-4741,  Male  ,48.0,03/31/2031,1 Year,Mailed check,32,36.76,1176.32,0
CUST-4742,Male,36.0,2031-04-01,1 Year,Credit card,21,30.66,643.86,0
CUST-4743,Female,52.0,04/02/2031,month-to-month,Electronic check,17,54.65,929.05,1
CUST-4744,M,28.0,INVALID_DATE,month-to-month,Bank transfer,26,23.99,,0
CUST-4745,female,22.0,04/04/2031,Two year,Credit card,22,57.76,1270.72,0
CUST-4746,female,24.0,2031-04-05,1 Year,Electronic check,41,87.15,3573.15,0
CUST-4747,F,27.0,04/06/2031,Month-to-month,Credit card,59,101.21,5971.389999999999,0
CUST-4748,female,24.0,2031-04-07,Two year,Mailed check,10,77.98,779.8000000000001,1
CUST-4749,Male,64.0,2031-04-08,1 Year,Bank transfer,5,89.13,445.65,0
CUST-4750,female,21.0,2031-04-09,Month-to-month,Mailed check,55,103.31,5682.05,1
CUST-4751,F,51.0,04/10/2031,1 Year,Credit card,26,97.31,2530.06,1
CUST-4752,  Male  ,40.0,04/11/2031,1 Year,Mailed check,4,52.0,208.0,1
CUST-4753,M,43.0,12-Apr-2031,Month-to-month,Bank transfer,27,77.34,2088.1800000000003,0
CUST-4754,M,29.0,13-Apr-2031,1 Year,Electronic check,58,46.49,2696.42,0
CUST-4755,female,44.0,14-Apr-2031,1 Year,Mailed check,3,77.63,232.89,1
CUST-4756,Female,29.0,2031-04-15,1 Year,Bank transfer,50,62.6,3130.0,1
CUST-4757,M,51.0,INVALID_DATE,month-to-month,Credit card,26,57.28,1489.28,0
CUST-4758,  Male  ,52.0,17-Apr-2031,One year,Mailed check,18,38.36,690.48,0
CUST-4759,female,38.0,04/18/2031,1 Year,Electronic check,7,76.18,533.26,1
CUST-4760,F,39.0,2031-04-19,Month-to-month,Mailed check,45,92.93,4181.85,0
CUST-4761,  Male  ,45.0,2031-04-20,1 Year,Credit card,13,77.13,1002.6899999999999,0
CUST-4762,female,45.0,04/21/2031,month-to-month,Credit card,6,26.92,,0
CUST-4763,  Male  ,52.0,22-Apr-2031,month-to-month,Credit card,35,112.43,3935.05,1
CUST-4764,M,,23-Apr-2031,1 Year,Mailed check,53,20.55,1089.15,0
CUST-4765,F,40.0,INVALID_DATE,Two year,Mailed check,68,108.51,7378.68,0
CUST-4766,female,34.0,04/25/2031,One year,Mailed check,42,96.61,4057.62,0
CUST-4767,Male,50.0,04/26/2031,Month-to-month,Electronic check,4,29.66,,0
CUST-4768,F,38.0,27-Apr-2031,Month-to-month,Bank transfer,60,43.66,2619.6,0
CUST-4769,Male,41.0,INVALID_DATE,Month-to-month,Mailed check,45,54.9,2470.5,0
CUST-4770,  Male  ,46.0,INVALID_DATE,Month-to-month,Electronic check,66,111.03,7327.9800000000005,0
CUST-4771,Female,52.0,04/30/2031,month-to-month,Credit card,22,117.99,2595.7799999999997,0
CUST-4772,F,43.0,01-May-2031,One year,Mailed check,12,28.72,344.64,0
CUST-4773,  Male  ,33.0,05/02/2031,1 Year,Mailed check,51,59.69,3044.19,0
CUST-4774,Male,,03-May-2031,1 Year,Mailed check,17,34.93,593.81,0
CUST-4775,M,58.0,05/04/2031,Two year,Electronic check,36,47.84,1722.2400000000002,0
CUST-4776,M,,2031-05-05,1 Year,Mailed check,49,118.11,5787.39,1
CUST-4777,Female,29.0,2031-05-06,One year,Mailed check,16,118.44,1895.04,0
CUST-4778,F,31.0,INVALID_DATE,1 Year,Bank transfer,44,67.21,2957.24,0
CUST-4779,F,50.0,2031-05-08,month-to-month,Electronic check,22,38.31,842.82,0
CUST-4780,F,62.0,05/09/2031,1 Year,Bank transfer,8,74.7,,1
CUST-4781,  Male  ,34.0,10-May-2031,Month-to-month, ,18,52.07,,0
CUST-4782,Female,42.0,11-May-2031,Month-to-month, ,38,112.88,4289.44,1
CUST-4783,F,31.0,12-May-2031,Month-to-month,Bank transfer,29,101.82,2952.7799999999997,1
CUST-4784,  Male  ,60.0,2031-05-13,Month-to-month,Credit card,2,50.88,101.76,1
CUST-4785,M,50.0,2031-05-14,month-to-month,Mailed check,59,21.83,1287.9699999999998,0
CUST-4786,Male,30.0,15-May-2031,month-to-month,Bank transfer,42,119.8,5031.599999999999,0
CUST-4787,  Male  ,15.0,05/16/2031,month-to-month,Electronic check,21,88.33,1854.93,0
CUST-4788,M,52.0,05/17/2031,1 Year,Mailed check,2,62.57,125.14,1
CUST-4789,M,33.0,INVALID_DATE,Month-to-month,Bank transfer,5,48.85,244.25,1
CUST-4790,Male,50.0,19-May-2031,Two year,Bank transfer,17,20.44,347.48,0
CUST-4791,M,44.0,20-May-2031,Two year,Electronic check,24,35.4,,0
CUST-4792,Female,18.0,05/21/2031,Month-to-month,Credit card,8,20.59,164.72,0
CUST-4793,Male,30.0,22-May-2031,One year,Electronic check,30,79.76,2392.8,0
CUST-4794,M,36.0,INVALID_DATE,1 Year,Credit card,50,86.33,4316.5,0
CUST-4795,female,32.0,05/24/2031,Two year,Credit card,22,96.68,2126.96,0
CUST-4796,  Male  ,41.0,05/25/2031,month-to-month,Credit card,59,38.7,2283.3,0
CUST-4797,M,45.0,2031-05-26,One year,Bank transfer,24,29.6,710.4000000000001,0
CUST-4798,Female,61.0,INVALID_DATE,month-to-month,Bank transfer,26,85.05,2211.2999999999997,0
CUST-4799,F,46.0,2031-05-28,One year, ,61,69.99,4269.389999999999,1
CUST-4800,M,58.0,INVALID_DATE,One year,Credit card,8,107.57,860.56,0
CUST-4801,F,34.0,2031-05-30,1 Year,Bank transfer,12,73.33,879.96,0
CUST-4802,female,54.0,31-May-2031,month-to-month,Credit card,14,64.48,902.72,0
CUST-4803,M,35.0,06/01/2031,month-to-month,Bank transfer,30,68.8,,0
CUST-4804,Male,29.0,02-Jun-2031,Two year,Credit card,55,98.23,,0
CUST-4805,F,28.0,03-Jun-2031,Month-to-month,Bank transfer,61,21.83,1331.6299999999999,0
CUST-4806,female,8.0,INVALID_DATE,Month-to-month,Electronic check,62,111.82,6932.839999999999,0
CUST-4807,Male,50.0,INVALID_DATE,Two year,Credit card,31,91.42,2834.02,0
CUST-4808,Male,25.0,INVALID_DATE,One year,Credit card,27,108.53,2930.31,1
CUST-4809,Male,57.0,07-Jun-2031,Two year,Electronic check,1,115.96,,1
CUST-4810,Male,38.0,06/08/2031,Two year,Mailed check,41,42.6,1746.6000000000001,0
CUST-4811,M,,2031-06-09,month-to-month,Credit card,14,77.83,1089.62,0
CUST-4812,  Male  ,27.0,INVALID_DATE,Two year,Mailed check,50,68.6,,0
CUST-4813,M,42.0,06/11/2031,One year,Electronic check,42,73.76,3097.92,0
CUST-4814,M,17.0,06/12/2031,Month-to-month,Credit card,71,24.73,1755.83,0
CUST-4815,female,47.0,INVALID_DATE,1 Year,Mailed check,40,111.4,4456.0,0
CUST-4816,female,22.0,14-Jun-2031,Two year,Credit card,14,115.47,1616.58,0
CUST-4817,  Male  ,31.0,15-Jun-2031,Two year,Credit card,11,88.51,973.61,1
CUST-4818,female,42.0,2031-06-16,month-to-month,Bank transfer,63,45.83,2887.29,0
CUST-4819,Female,46.0,06/17/2031,month-to-month,Mailed check,49,98.72,4837.28,0
CUST-4820,  Male  ,50.0,2031-06-18,Two year,Bank transfer,37,93.08,3443.96,0
CUST-4821,female,24.0,19-Jun-2031,Two year,Bank transfer,10,77.46,774.5999999999999,0
CUST-4822,  Male  ,36.0,20-Jun-2031,One year,Mailed check,54,37.02,,0
CUST-4823,M,,2031-06-21,Month-to-month,Mailed check,7,40.12,280.84,0
CUST-4824,M,36.0,2031-06-22,Month-to-month,Bank transfer,12,78.94,947.28,0
CUST-4825,  Male  ,44.0,06/23/2031,1 Year,Credit card,55,32.88,1808.4,0
CUST-4826,Female,42.0,2031-06-24,Month-to-month,Credit card,36,92.39,3326.04,0
CUST-4827,Female,56.0,2031-06-25,1 Year, ,7,41.26,288.82,0
CUST-4828,  Male  ,,06/26/2031,month-to-month,Credit card,24,111.05,2665.2,1
CUST-4829,female,23.0,27-Jun-2031,1 Year,Mailed check,34,109.97,3738.98,0
CUST-4830,F,28.0,06/28/2031,1 Year,Mailed check,65,49.36,3208.4,0
CUST-4831,Female,42.0,29-Jun-2031,Month-to-month,Electronic check,29,28.34,821.86,0
CUST-4832,Male,21.0,30-Jun-2031,Two year,Mailed check,26,81.14,,1
CUST-4833,M,33.0,2031-07-01,month-to-month,Bank transfer,65,64.84,4214.6,0
CUST-4834,  Male  ,41.0,INVALID_DATE,One year, ,45,34.37,,0
CUST-4835,Male,31.0,2031-07-03,1 Year,Electronic check,17,73.15,1243.5500000000002,0
CUST-4836,  Male  ,44.0,INVALID_DATE,1 Year,Credit card,36,119.27,4293.72,1
CUST-4837,M,49.0,INVALID_DATE,1 Year,Credit card,63,26.9,1694.6999999999998,0
CUST-4838,M,45.0,2031-07-06,Two year,Bank transfer,23,46.39,1066.97,1
CUST-4839,Female,,2031-07-07,One year,Bank transfer,66,73.86,4874.76,0
CUST-4840,Female,41.0,2031-07-08,Month-to-month,Credit card,42,99.34,4172.28,0
CUST-4841,Male,42.0,INVALID_DATE,month-to-month,Credit card,71,21.88,1553.48,0
CUST-4842,  Male  ,35.0,10-Jul-2031,Two year,Bank transfer,71,93.28,6622.88,0
CUST-4843,M,44.0,INVALID_DATE,One year,Credit card,43,33.99,,0
CUST-4844,Male,,07/12/2031,month-to-month,Electronic check,55,103.07,5668.849999999999,0
CUST-4845,F,39.0,2031-07-13,Month-to-month,Bank transfer,56,89.22,4996.32,0
CUST-4846,Male,28.0,INVALID_DATE,month-to-month,Credit card,31,65.65,2035.15,0
CUST-4847,female,,INVALID_DATE,1 Year,Mailed check,56,102.16,5720.96,1
CUST-4848,Male,62.0,16-Jul-2031,1 Year,Mailed check,48,93.3,4478.4,1
CUST-4849,female,35.0,2031-07-17,Two year,Bank transfer,52,95.92,4987.84,0
CUST-4850,female,53.0,07/18/2031,month-to-month,Mailed check,1,49.01,49.01,0
CUST-4851,female,40.0,19-Jul-2031,1 Year,Mailed check,2,81.94,,0
CUST-4852,F,30.0,INVALID_DATE,Two year,Electronic check,42,34.11,1432.62,0
CUST-4853,Male,,INVALID_DATE,Two year,Bank transfer,9,102.09,918.8100000000001,1
CUST-4854,Male,40.0,07/22/2031,Two year,Mailed check,31,72.67,2252.77,1
CUST-4855,F,48.0,INVALID_DATE,Month-to-month,Credit card,2,102.49,204.98,1
CUST-4856,M,69.0,INVALID_DATE,1 Year,Bank transfer,24,41.12,986.8799999999999,1
CUST-4857,Female,41.0,2031-07-25,1 Year,Bank transfer,43,33.03,1420.29,0
CUST-4858,Male,25.0,26-Jul-2031,One year,Mailed check,70,88.9,6223.0,0
CUST-4859,Female,20.0,07/27/2031,Month-to-month,Mailed check,43,25.84,1111.12,0
CUST-4860,  Male  ,35.0,2031-07-28,1 Year,Electronic check,51,44.4,2264.4,0
CUST-4861,  Male  ,26.0,2031-07-29,1 Year,Credit card,46,110.87,5100.02,0
CUST-4862,F,47.0,30-Jul-2031,One year,Electronic check,1,33.28,33.28,0
CUST-4863,  Male  ,47.0,2031-07-31,month-to-month,Electronic check,67,57.56,3856.52,0
CUST-4864,  Male  ,38.0,INVALID_DATE,month-to-month,Credit card,1,114.56,114.56,1
CUST-4865,M,48.0,08/02/2031,Month-to-month,Mailed check,63,22.0,1386.0,0
CUST-4866,M,41.0,2031-08-03,Two year,Electronic check,62,64.53,4000.86,0
CUST-4867,M,62.0,08/04/2031,One year,Bank transfer,61,98.65,6017.650000000001,0
CUST-4868,  Male  ,48.0,08/05/2031,One year,Electronic check,40,110.9,4436.0,0
CUST-4869,F,51.0,08/06/2031,1 Year,Credit card,29,93.56,2713.2400000000002,1
CUST-4870,female,23.0,INVALID_DATE,1 Year,Electronic check,35,108.84,3809.4,1
CUST-4871,female,26.0,08/08/2031,One year,Electronic check,11,23.44,,0
CUST-4872,Female,46.0,09-Aug-2031,Two year,Bank transfer,11,29.99,329.89,1
CUST-4873,female,21.0,08/10/2031,month-to-month,Credit card,63,93.77,5907.509999999999,0
CUST-4874,female,33.0,INVALID_DATE,Month-to-month,Bank transfer,69,95.33,6577.7699999999995,0
CUST-4875,M,54.0,INVALID_DATE,month-to-month,Mailed check,56,80.53,4509.68,0
CUST-4876,M,32.0,13-Aug-2031,Month-to-month,Credit card,7,93.03,651.21,1
CUST-4877,  Male  ,25.0,14-Aug-2031,Two year,Electronic check,51,105.81,5396.31,0
CUST-4878,Female,48.0,INVALID_DATE,One year,Bank transfer,39,74.55,,0
CUST-4879,Male,65.0,INVALID_DATE,Two year,Bank transfer,42,114.73,4818.66,1
CUST-4880,Female,30.0,17-Aug-2031,One year,Credit card,53,89.42,4739.26,0
CUST-4881,Female,55.0,INVALID_DATE,1 Year,Bank transfer,21,67.2,1411.2,0
CUST-4882,F,,2031-08-19,Month-to-month,Credit card,30,62.15,1864.5,0
CUST-4883,  Male  ,39.0,08/20/2031,1 Year,Mailed check,1,95.02,95.02,1
CUST-4884,F,39.0,INVALID_DATE,One year,Credit card,24,83.05,1993.1999999999998,0
CUST-4885,Female,31.0,INVALID_DATE,Month-to-month,Credit card,6,101.74,610.4399999999999,0
CUST-4886,Female,51.0,INVALID_DATE,Month-to-month,Mailed check,6,98.1,588.5999999999999,1
CUST-4887,Female,22.0,2031-08-24,1 Year,Mailed check,69,72.42,4996.9800000000005,0
CUST-4888,female,42.0,08/25/2031,Month-to-month,Electronic check,62,114.57,7103.339999999999,0
CUST-4889,F,53.0,26-Aug-2031,One year,Bank transfer,35,90.43,3165.05,1
CUST-4890,Female,50.0,2031-08-27,One year,Mailed check,35,40.08,1402.8,0
CUST-4891,M,46.0,2031-08-28,1 Year, ,48,81.85,3928.7999999999997,0
CUST-4892,  Male  ,59.0,29-Aug-2031,Two year,Bank transfer,43,40.18,1727.74,0
CUST-4893,  Male  ,37.0,30-Aug-2031,One year,Bank transfer,35,75.88,,0
CUST-4894,M,22.0,INVALID_DATE,One year,Electronic check,5,98.99,494.95,0
CUST-4895,  Male  ,42.0,01-Sep-2031,Month-to-month,Electronic check,31,101.25,3138.75,0
CUST-4896,female,38.0,2031-09-02,Month-to-month,Credit card,31,85.08,2637.48,1
CUST-4897,female,15.0,INVALID_DATE,One year,Electronic check,8,98.33,786.64,1
CUST-4898,Male,26.0,04-Sep-2031,1 Year,Mailed check,6,67.22,,0
CUST-4899,Male,25.0,2031-09-05,Two year,Mailed check,53,75.07,3978.7099999999996,0
CUST-4900,Male,30.0,09/06/2031,Month-to-month,Bank transfer,44,107.96,4750.24,0
CUST-4901,  Male  ,36.0,07-Sep-2031,Month-to-month,Electronic check,49,69.31,3396.19,0
CUST-4902,female,36.0,2031-09-08,Two year,Credit card,8,55.09,440.72,0
CUST-4903,female,31.0,INVALID_DATE,Month-to-month,Credit card,64,99.7,6380.8,0
CUST-4904,female,,10-Sep-2031,1 Year,Credit card,4,25.05,100.2,0
CUST-4905,M,45.0,11-Sep-2031,Month-to-month,Credit card,32,115.84,3706.88,0
CUST-4906,female,41.0,INVALID_DATE,Month-to-month,Bank transfer,53,54.01,2862.5299999999997,0
CUST-4907,M,,INVALID_DATE,One year,Electronic check,67,82.96,5558.32,0
CUST-4908,Male,61.0,2031-09-14,1 Year,Electronic check,63,88.55,5578.65,0
CUST-4909,Male,42.0,INVALID_DATE,1 Year,Electronic check,60,33.71,,0
CUST-4910,  Male  ,36.0,2031-09-16,One year,Electronic check,33,102.29,3375.57,0
CUST-4911,Male,39.0,2031-09-17,month-to-month,Credit card,22,77.21,,0
CUST-4912,  Male  ,41.0,INVALID_DATE,Two year,Credit card,31,52.79,1636.49,0
CUST-4913,Female,47.0,19-Sep-2031,1 Year,Bank transfer,24,105.07,2521.68,1
CUST-4914,Female,39.0,INVALID_DATE,month-to-month,Bank transfer,3,82.51,247.53000000000003,0
CUST-4915,F,17.0,INVALID_DATE,Two year,Credit card,33,98.58,3253.14,0
CUST-4916,  Male  ,35.0,09/22/2031,1 Year,Mailed check,26,119.23,3099.98,1
CUST-4917,F,40.0,09/23/2031,Month-to-month,Electronic check,51,33.03,,0
CUST-4918,F,56.0,INVALID_DATE,1 Year,Bank transfer,30,94.96,2848.7999999999997,1
CUST-4919,Female,31.0,25-Sep-2031,Two year,Credit card,35,95.77,3351.95,0
CUST-4920,  Male  ,20.0,26-Sep-2031,month-to-month,Electronic check,25,107.47,2686.75,1
CUST-4921,Female,41.0,2031-09-27,Month-to-month,Electronic check,28,60.81,1702.68,0
CUST-4922,F,50.0,INVALID_DATE,Two year,Credit card,26,106.97,,1
CUST-4923,  Male  ,35.0,INVALID_DATE,Two year,Mailed check,8,83.99,671.92,0
CUST-4924,F,69.0,09/30/2031,1 Year,Mailed check,15,26.88,403.2,0
CUST-4925,female,66.0,10/01/2031,One year,Bank transfer,49,23.15,1134.35,0
CUST-4926,  Male  ,39.0,10/02/2031,One year,Credit card,8,68.15,545.2,0
CUST-4927,  Male  ,42.0,2031-10-03,Month-to-month,Bank transfer,55,98.58,5421.9,0
CUST-4928,F,56.0,INVALID_DATE,Two year,Mailed check,58,58.42,3388.36,0
CUST-4929,female,39.0,10/05/2031,month-to-month,Bank transfer,3,105.18,315.54,1
CUST-4930,M,30.0,INVALID_DATE,Month-to-month,Bank transfer,9,69.21,622.89,0
CUST-4931,Female,51.0,2031-10-07,Month-to-month,Mailed check,14,22.63,316.82,0
CUST-4932,F,46.0,08-Oct-2031,1 Year,Electronic check,20,117.37,2347.4,0
CUST-4933,  Male  ,30.0,2031-10-09,month-to-month,Electronic check,4,68.96,275.84,0
CUST-4934,Female,43.0,INVALID_DATE,Two year,Mailed check,24,85.01,2040.2400000000002,0
CUST-4935,Female,38.0,INVALID_DATE,Two year,Electronic check,28,39.93,,0
CUST-4936,Female,35.0,INVALID_DATE,Two year,Credit card,31,49.73,1541.6299999999999,0
CUST-4937,M,31.0,13-Oct-2031,Month-to-month,Electronic check,67,68.43,,0
CUST-4938,Male,41.0,INVALID_DATE,1 Year,Mailed check,64,105.62,6759.68,0
CUST-4939,F,37.0,10/15/2031,Month-to-month,Credit card,17,30.2,513.4,0
CUST-4940,Male,43.0,16-Oct-2031,One year,Bank transfer,6,98.03,588.1800000000001,0
CUST-4941,Male,50.0,17-Oct-2031,One year,Mailed check,60,77.94,4676.4,0
CUST-4942,Male,43.0,18-Oct-2031,Two year,Mailed check,11,69.97,769.67,0
CUST-4943,Female,43.0,2031-10-19,1 Year,Electronic check,38,107.66,4091.08,0
CUST-4944,female,34.0,2031-10-20,Two year,Credit card,34,31.81,1081.54,0
CUST-4945,Female,,2031-10-21,Two year,Mailed check,47,119.08,5596.76,1
CUST-4946,Female,30.0,22-Oct-2031,Month-to-month,Credit card,32,105.46,3374.72,0
CUST-4947,  Male  ,21.0,23-Oct-2031,Two year,Credit card,57,52.57,,0
CUST-4948,  Male  ,,INVALID_DATE,Two year,Electronic check,46,65.16,,0
CUST-4949,Male,52.0,25-Oct-2031,1 Year,Mailed check,35,22.5,787.5,0
CUST-4950,Female,,10/26/2031,1 Year,Credit card,22,72.76,,0
CUST-4951,Male,56.0,2031-10-27,1 Year,Credit card,16,74.77,1196.32,1
CUST-4952,  Male  ,24.0,INVALID_DATE,Two year, ,5,112.66,,1
CUST-4953,female,68.0,10/29/2031,1 Year,Electronic check,26,58.79,1528.54,0
CUST-4954,F,37.0,10/30/2031,1 Year,Mailed check,24,77.06,1849.44,0
CUST-4955,Male,19.0,10/31/2031,month-to-month,Credit card,67,94.06,6302.02,0
CUST-4956,female,66.0,01-Nov-2031,month-to-month,Electronic check,32,80.85,2587.2,0
CUST-4957,F,24.0,2031-11-02,One year,Mailed check,23,35.62,819.26,0
CUST-4958,M,35.0,11/03/2031,Month-to-month,Credit card,49,37.18,,0
CUST-4959,Male,38.0,INVALID_DATE,Month-to-month,Mailed check,62,33.83,2097.46,0
CUST-4960,Male,45.0,2031-11-05,1 Year,Mailed check,66,41.77,2756.82,0
CUST-4961,M,31.0,2031-11-06,One year,Electronic check,11,52.83,581.13,0
CUST-4962,M,52.0,07-Nov-2031,One year,Electronic check,18,93.97,1691.46,1
CUST-4963,Male,49.0,11/08/2031,month-to-month,Bank transfer,10,26.09,260.9,0
CUST-4964,M,40.0,INVALID_DATE,One year,Bank transfer,60,102.04,6122.400000000001,0
CUST-4965,Female,56.0,10-Nov-2031,Two year,Bank transfer,8,46.25,370.0,0
CUST-4966,F,39.0,2031-11-11,1 Year,Credit card,71,81.34,,0
CUST-4967,F,37.0,11/12/2031,Two year,Bank transfer,48,75.28,3613.44,0
CUST-4968,F,64.0,2031-11-13,Month-to-month,Mailed check,41,35.4,1451.3999999999999,0
CUST-4969,Female,44.0,2031-11-14,month-to-month,Electronic check,8,48.73,389.84,0
CUST-4970,M,28.0,15-Nov-2031,Two year, ,37,49.59,1834.8300000000002,0
CUST-4971,female,30.0,INVALID_DATE,1 Year,Electronic check,37,82.38,3048.06,0
CUST-4972,M,40.0,11/17/2031,Two year,Electronic check,64,98.85,6326.4,0
CUST-4973,Male,11.0,18-Nov-2031,Two year,Mailed check,59,119.63,7058.17,1
CUST-4974,  Male  ,32.0,INVALID_DATE,One year, ,45,29.59,1331.55,0
CUST-4975,F,39.0,20-Nov-2031,month-to-month,Credit card,16,113.87,1821.92,0
CUST-4976,M,38.0,INVALID_DATE,Month-to-month,Electronic check,26,76.15,1979.9,0
CUST-4977,female,25.0,2031-11-22,1 Year,Bank transfer,31,55.68,1726.08,1
CUST-4978,Male,35.0,11/23/2031,1 Year,Credit card,27,48.46,1308.42,0
CUST-4979,Female,54.0,11/24/2031,Month-to-month,Bank transfer,43,40.9,1758.7,1
CUST-4980,Female,52.0,11/25/2031,1 Year,Credit card,15,75.71,1135.6499999999999,0
CUST-4981,female,41.0,26-Nov-2031,One year,Electronic check,58,114.6,6646.799999999999,0
CUST-4982,Male,,27-Nov-2031,Two year,Mailed check,49,38.22,1872.78,0
CUST-4983,F,38.0,INVALID_DATE,One year,Mailed check,25,63.62,,1
CUST-4984,M,43.0,29-Nov-2031,One year,Electronic check,68,40.38,2745.84,0
CUST-4985,Male,,2031-11-30,One year,Mailed check,36,37.56,1352.16,0
CUST-4986,Female,44.0,INVALID_DATE,Month-to-month,Electronic check,47,9999.0,5013.49,0
CUST-4987,female,46.0,02-Dec-2031,month-to-month,Electronic check,59,46.2,,0
CUST-4988,female,25.0,12/03/2031,Month-to-month,Electronic check,52,44.8,2329.6,0
CUST-4989,M,36.0,2031-12-04,Month-to-month,Credit card,40,110.98,4439.2,1
CUST-4990,female,42.0,12/05/2031,One year,Mailed check,43,58.6,2519.8,0
CUST-4991,female,28.0,INVALID_DATE,month-to-month, ,56,20.87,,0
CUST-4992,Male,32.0,INVALID_DATE,Month-to-month,Bank transfer,3,92.12,276.36,0
CUST-4993,F,37.0,08-Dec-2031,month-to-month,Electronic check,71,71.7,5090.7,0
CUST-4994,M,38.0,INVALID_DATE,One year,Mailed check,12,97.41,1168.92,1
CUST-4995,Male,43.0,INVALID_DATE,Month-to-month,Bank transfer,65,77.03,5006.95,0
CUST-4996,F,30.0,12/11/2031,month-to-month,Electronic check,43,55.13,2370.59,1
CUST-4997,Male,52.0,INVALID_DATE,1 Year,Bank transfer,70,26.66,1866.2,0
CUST-4998,  Male  ,38.0,2031-12-13,Month-to-month,Credit card,46,106.59,4903.14,1
CUST-4999,Male,42.0,14-Dec-2031,Month-to-month,Credit card,60,40.71,,0
CUST-5000,female,36.0,INVALID_DATE,Month-to-month,Mailed check,61,117.13,7144.929999999999,0
CUST-5001,F,43.0,2031-12-16,month-to-month,Bank transfer,49,44.58,2184.42,0
CUST-5002,M,60.0,17-Dec-2031,Two year,Bank transfer,25,102.7,2567.5,1
CUST-5003,M,35.0,2031-12-18,Month-to-month,Credit card,3,98.87,296.61,1
CUST-5004,F,33.0,2031-12-19,1 Year,Credit card,68,66.27,4506.36,0
CUST-5005,female,30.0,INVALID_DATE,1 Year,Mailed check,63,60.17,3790.71,0
CUST-5006,Female,39.0,12/21/2031,One year,Electronic check,30,90.33,2709.9,0
CUST-5007,Male,39.0,22-Dec-2031,Two year,Mailed check,4,72.86,291.44,0
CUST-5008,female,41.0,INVALID_DATE,Two year,Credit card,71,83.2,5907.2,0
CUST-5009,  Male  ,46.0,INVALID_DATE,month-to-month,Mailed check,21,67.02,1407.4199999999998,0
CUST-5010,F,44.0,25-Dec-2031,One year,Electronic check,71,75.72,5376.12,0
CUST-5011,Male,40.0,26-Dec-2031,month-to-month,Credit card,1,38.92,$1200.50,0
CUST-5012,M,63.0,INVALID_DATE,One year,Electronic check,60,25.54,1532.3999999999999,0
CUST-5013,Female,48.0,2031-12-28,Two year,Mailed check,34,55.59,1890.0600000000002,1
CUST-5014,  Male  ,27.0,12/29/2031,month-to-month,Electronic check,3,66.59,199.77,1
CUST-5015,M,,12/30/2031,One year,Credit card,18,110.6,,1
CUST-5016,F,32.0,31-Dec-2031,Two year,Credit card,43,61.39,,1
CUST-5017,Male,,01-Jan-2032,Two year,Electronic check,41,63.39,2598.9900000000002,0
CUST-5018,F,31.0,2032-01-02,Month-to-month,Mailed check,24,87.48,2099.52,0
CUST-5019,Male,32.0,2032-01-03,month-to-month,Mailed check,24,40.68,976.3199999999999,0
CUST-5020,female,40.0,INVALID_DATE,Month-to-month,Mailed check,3,107.16,321.48,0
CUST-5021,Female,36.0,2032-01-05,Two year,Mailed check,59,62.76,3702.8399999999997,0
CUST-5022,female,15.0,01/06/2032,month-to-month,Bank transfer,58,113.08,6558.64,0
CUST-5023,female,53.0,2032-01-07,month-to-month,Bank transfer,24,47.13,1131.1200000000001,0
CUST-5024,F,50.0,2032-01-08,1 Year,Electronic check,66,66.56,4392.96,0
CUST-5025,Female,25.0,2032-01-09,One year,Bank transfer,40,97.82,3912.7999999999997,0
CUST-5026,Male,41.0,10-Jan-2032,1 Year,Bank transfer,71,75.59,5366.89,0
CUST-5027,Male,,2032-01-11,1 Year,Bank transfer,9,86.12,775.08,0
CUST-5028,  Male  ,33.0,12-Jan-2032,Two year,Electronic check,60,48.07,,0
CUST-5029,M,,01/13/2032,One year,Bank transfer,39,52.85,2061.15,0
CUST-5030,  Male  ,50.0,01/14/2032,1 Year,Mailed check,33,70.76,2335.0800000000004,0
CUST-5031,  Male  ,49.0,15-Jan-2032,1 Year,Mailed check,34,40.25,1368.5,0
CUST-5032,Male,43.0,16-Jan-2032,month-to-month,Electronic check,62,32.63,2023.0600000000002,0
CUST-5033,F,55.0,2032-01-17,Two year,Electronic check,61,104.38,6367.179999999999,0
CUST-5034,female,33.0,2032-01-18,1 Year,Electronic check,27,97.49,2632.23,0
CUST-5035,female,35.0,01/19/2032,One year,Credit card,17,113.21,1924.57,0
CUST-5036,female,9.0,01/20/2032,Month-to-month,Bank transfer,60,78.66,,0
CUST-5037,Female,39.0,01/21/2032,Month-to-month,Electronic check,42,62.03,2605.26,0
CUST-5038,Male,47.0,01/22/2032,Two year,Electronic check,47,30.3,1424.1000000000001,0
CUST-5039,F,43.0,INVALID_DATE,Month-to-month,Electronic check,53,105.05,5567.65,0
CUST-5040,Female,33.0,2032-01-24,month-to-month,Mailed check,21,65.63,1378.23,1
CUST-5041,M,50.0,2032-01-25,month-to-month,Electronic check,8,76.11,608.88,0
CUST-5042,F,39.0,INVALID_DATE,One year,Mailed check,58,51.35,2978.3,0
CUST-5043,  Male  ,49.0,01/27/2032,Two year,Mailed check,68,72.39,4922.52,0
CUST-5044,F,46.0,2032-01-28,Two year,Credit card,63,98.18,6185.34,0
CUST-5045,F,57.0,2032-01-29,Month-to-month,Electronic check,59,91.23,5382.570000000001,0
CUST-5046,female,44.0,30-Jan-2032,1 Year,Credit card,30,118.89,3566.7,0
CUST-5047,F,47.0,INVALID_DATE,1 Year,Electronic check,25,69.56,1739.0,0
CUST-5048,  Male  ,39.0,01-Feb-2032,1 Year,Bank transfer,56,72.97,,0
CUST-5049,  Male  ,34.0,INVALID_DATE,One year,Electronic check,34,25.27,859.18,0
CUST-5050,Male,46.0,INVALID_DATE,Two year, ,50,58.94,,0
CUST-5051,F,58.0,INVALID_DATE,Month-to-month,Electronic check,2,112.21,224.42,1
CUST-5052,female,33.0,02/05/2032,One year,Electronic check,53,55.05,,0
CUST-5053,F,,INVALID_DATE,month-to-month,Electronic check,41,96.61,3961.0099999999998,0
CUST-5054,M,40.0,02/07/2032,month-to-month,Electronic check,23,117.76,2708.48,0
CUST-5055,M,48.0,INVALID_DATE,month-to-month,Credit card,61,32.68,1993.48,0
CUST-5056,female,44.0,02/09/2032,Two year,Bank transfer,31,53.4,1655.3999999999999,1
CUST-5057,Male,,02/10/2032,month-to-month,Credit card,66,67.44,4451.04,0
CUST-5058,Male,64.0,02/11/2032,1 Year,Bank transfer,2,43.74,87.48,0
CUST-5059,  Male  ,32.0,2032-02-12,month-to-month,Credit card,69,21.24,1465.56,0
CUST-5060,  Male  ,47.0,13-Feb-2032,One year,Credit card,60,66.86,4011.6,0
CUST-5061,Female,44.0,14-Feb-2032,month-to-month,Electronic check,23,73.66,1694.1799999999998,0
CUST-5062,female,40.0,15-Feb-2032,1 Year,Credit card,57,82.54,4704.780000000001,0
CUST-5063,F,47.0,2032-02-16,month-to-month,Bank transfer,35,102.72,3595.2,1
CUST-5064,female,37.0,2032-02-17,Month-to-month,Mailed check,1,45.3,45.3,1
CUST-5065,Female,44.0,2032-02-18,1 Year,Bank transfer,48,26.1,1252.8000000000002,0
CUST-5066,  Male  ,24.0,INVALID_DATE,Two year,Credit card,49,28.98,1420.02,0
CUST-5067,female,34.0,INVALID_DATE,month-to-month,Mailed check,40,69.74,2789.6,0
CUST-5068,female,53.0,INVALID_DATE,One year,Electronic check,62,112.22,6957.64,0
CUST-5069,  Male  ,52.0,INVALID_DATE,month-to-month,Mailed check,15,118.22,1773.3,1
CUST-5070,Female,,INVALID_DATE,One year,Electronic check,30,40.51,,0
CUST-5071,  Male  ,35.0,24-Feb-2032,Month-to-month,Bank transfer,21,35.2,739.2,0
CUST-5072,Male,50.0,25-Feb-2032,Two year,Mailed check,8,55.35,442.8,0
CUST-5073,F,55.0,26-Feb-2032,1 Year,Mailed check,7,66.39,464.73,0
CUST-5074,  Male  ,35.0,27-Feb-2032,1 Year,Mailed check,34,100.81,3427.54,0
CUST-5075,Female,23.0,28-Feb-2032,Two year,Electronic check,64,97.46,6237.44,0
CUST-5076,M,45.0,2032-02-29,Month-to-month,Electronic check,42,112.27,4715.34,0
CUST-5077,Male,51.0,2032-03-01,Month-to-month,Bank transfer,53,105.81,5607.93,0
CUST-5078,M,,INVALID_DATE,month-to-month,Bank transfer,70,63.88,4471.6,0
CUST-5079,  Male  ,59.0,03-Mar-2032,Month-to-month,Credit card,10,21.9,219.0,0
CUST-5080,Male,59.0,INVALID_DATE,month-to-month,Electronic check,58,43.66,2532.2799999999997,0
CUST-5081,F,36.0,2032-03-05,One year,Bank transfer,4,81.01,324.04,1
CUST-5082,  Male  ,42.0,INVALID_DATE,Two year,Mailed check,8,70.15,561.2,0
CUST-5083,F,34.0,07-Mar-2032,One year,Mailed check,12,44.02,528.24,0
CUST-5084,female,28.0,08-Mar-2032,One year,Mailed check,25,33.16,828.9999999999999,0
CUST-5085,M,28.0,09-Mar-2032,One year,Bank transfer,27,41.6,1123.2,0
CUST-5086,Male,49.0,2032-03-10,One year,Mailed check,2,45.97,91.94,0
CUST-5087,F,44.0,INVALID_DATE,1 Year,Mailed check,55,106.73,5870.150000000001,0
CUST-5088,Female,51.0,03/12/2032,Month-to-month,Electronic check,58,91.03,5279.74,0
CUST-5089,F,70.0,03/13/2032,Two year,Electronic check,33,75.23,2482.59,0
CUST-5090,Female,46.0,03/14/2032,Two year,Bank transfer,49,22.09,1082.41,0
CUST-5091,  Male  ,31.0,03/15/2032,One year,Electronic check,5,102.12,510.6,1
CUST-5092,Male,52.0,03/16/2032,Two year,Credit card,47,75.25,3536.75,0
CUST-5093,F,30.0,2032-03-17,month-to-month,Bank transfer,24,82.73,1985.52,1
CUST-5094,F,61.0,18-Mar-2032,Two year,Credit card,44,26.56,1168.6399999999999,0
CUST-5095,Male,16.0,03/19/2032,One year,Credit card,68,101.49,6901.32,0
CUST-5096,F,33.0,03/20/2032,Two year,Bank transfer,14,103.2,1444.8,1
CUST-5097,Female,47.0,03/21/2032,Month-to-month,Electronic check,36,108.33,3899.88,0
CUST-5098,F,,INVALID_DATE,One year,Electronic check,51,72.81,3713.31,0
CUST-5099,M,32.0,23-Mar-2032,1 Year,Bank transfer,6,59.4,356.4,0
CUST-5100,  Male  ,30.0,03/24/2032,Month-to-month,Credit card,17,27.3,464.1,0
CUST-5101,female,42.0,2032-03-25,Two year,Bank transfer,51,39.39,2008.89,0
CUST-5102,Female,63.0,26-Mar-2032,1 Year,Bank transfer,52,42.56,2213.12,0
CUST-5103,M,,27-Mar-2032,Month-to-month,Mailed check,12,26.27,,0
CUST-5104,  Male  ,36.0,28-Mar-2032,month-to-month,Mailed check,1,35.44,35.44,0
CUST-5105,Male,43.0,INVALID_DATE,Month-to-month, ,11,108.68,1195.48,1
CUST-5106,Female,30.0,30-Mar-2032,1 Year,Electronic check,16,74.54,1192.64,1
CUST-5107,female,30.0,03/31/2032,month-to-month,Mailed check,9,96.45,868.0500000000001,0
CUST-5108,  Male  ,37.0,04/01/2032,Two year,Mailed check,8,47.5,380.0,1
CUST-5109,female,44.0,INVALID_DATE,One year,Credit card,25,33.46,836.5,0
CUST-5110,Male,38.0,2032-04-03,Two year,Bank transfer,40,57.33,2293.2,0
CUST-5111,Male,58.0,INVALID_DATE,One year,Mailed check,67,99.3,6653.099999999999,0
CUST-5112,Female,,INVALID_DATE,One year,Electronic check,23,49.73,1143.79,1
CUST-5113,F,45.0,04/06/2032,1 Year,Credit card,62,40.45,2507.9,0
CUST-5114,Male,52.0,07-Apr-2032,month-to-month,Mailed check,23,22.24,511.52,0
CUST-5115,  Male  ,45.0,INVALID_DATE,month-to-month,Credit card,44,82.4,3625.6000000000004,0
CUST-5116,F,35.0,2032-04-09,Month-to-month,Mailed check,56,63.58,3560.48,0
CUST-5117,M,37.0,04/10/2032,Two year,Mailed check,68,45.88,3119.84,0
CUST-5118,female,26.0,11-Apr-2032,1 Year,Credit card,23,71.98,1655.5400000000002,1
CUST-5119,F,,2032-04-12,Two year,Electronic check,9,90.06,810.54,0
CUST-5120,female,51.0,INVALID_DATE,Month-to-month,Electronic check,4,44.75,179.0,0
CUST-5121,F,9.0,2032-04-14,Month-to-month,Bank transfer,34,80.88,2749.92,0
CUST-5122,M,56.0,INVALID_DATE,1 Year,Mailed check,34,46.02,1564.68,0
CUST-5123,Male,22.0,INVALID_DATE,Month-to-month,Bank transfer,42,118.67,4984.14,0
CUST-5124,M,46.0,INVALID_DATE,1 Year,Credit card,3,93.24,279.71999999999997,1
CUST-5125,Male,14.0,INVALID_DATE,Month-to-month,Bank transfer,34,80.27,2729.18,1
CUST-5126,Male,35.0,INVALID_DATE,month-to-month,Credit card,43,37.23,1600.8899999999999,0
CUST-5127,female,56.0,04/20/2032,1 Year,Electronic check,67,78.64,5268.88,0
CUST-5128,  Male  ,57.0,INVALID_DATE,month-to-month,Credit card,37,100.05,3701.85,0
CUST-5129,M,44.0,22-Apr-2032,month-to-month,Credit card,12,93.71,1124.52,1
CUST-5130,F,49.0,INVALID_DATE,1 Year,Bank transfer,16,97.8,1564.8,1
CUST-5131,M,23.0,04/24/2032,Two year,Mailed check,62,51.78,3210.36,0
CUST-5132,female,46.0,2032-04-25,One year,Bank transfer,17,52.83,898.11,0
CUST-5133,Male,50.0,26-Apr-2032,Month-to-month,Electronic check,15,73.89,1108.35,1
CUST-5134,female,,2032-04-27,Month-to-month,Electronic check,26,47.87,1244.62,0
CUST-5135,Female,33.0,2032-04-28,Two year,Electronic check,45,31.3,1408.5,0
CUST-5136,Female,40.0,29-Apr-2032,One year,Mailed check,2,66.11,,0
CUST-5137,F,41.0,04/30/2032,Two year,Bank transfer,17,20.19,343.23,1
CUST-5138,female,48.0,INVALID_DATE,One year,Credit card,65,96.08,6245.2,0
CUST-5139,F,51.0,INVALID_DATE,1 Year,Credit card,30,94.97,2849.1,0
CUST-5140,F,53.0,INVALID_DATE,1 Year,Mailed check,68,75.19,5112.92,0
CUST-5141,Female,52.0,2032-05-04,month-to-month,Electronic check,44,94.76,4169.4400000000005,0
CUST-5142,F,22.0,05-May-2032,month-to-month,Mailed check,60,82.45,4947.0,0
CUST-5143,Female,9.0,INVALID_DATE,1 Year,Credit card,1,89.75,89.75,1
CUST-5144,Male,34.0,INVALID_DATE,month-to-month,Electronic check,19,26.47,,0
CUST-5145,female,40.0,05/08/2032,1 Year,Mailed check,33,108.13,3568.29,0
CUST-5146,F,33.0,05/09/2032,Two year,Credit card,36,84.39,3038.04,1
CUST-5147,Female,34.0,2032-05-10,Month-to-month,Credit card,24,81.06,1945.44,0
CUST-5148,M,,11-May-2032,1 Year,Mailed check,25,58.72,1468.0,0
CUST-5149,F,47.0,05/12/2032,1 Year,Credit card,11,22.81,250.91,0
CUST-5150,  Male  ,,13-May-2032,1 Year,Bank transfer,9,110.15,991.35,1
CUST-5151,Male,39.0,05/14/2032,month-to-month,Bank transfer,6,118.57,711.42,1
CUST-5152,Male,39.0,15-May-2032,month-to-month,Electronic check,58,100.78,5845.24,0
CUST-5153,M,47.0,16-May-2032,month-to-month,Bank transfer,29,111.5,3233.5,1
CUST-5154,Female,54.0,17-May-2032,month-to-month,Bank transfer,11,32.1,353.1,0
CUST-5155,F,60.0,2032-05-18,Two year,Mailed check,23,32.87,756.01,0
CUST-5156,Female,31.0,05/19/2032,1 Year,Electronic check,26,107.96,2806.96,0
CUST-5157,Male,,05/20/2032,Two year,Mailed check,1,25.75,25.75,1
CUST-5158,Female,37.0,INVALID_DATE,month-to-month,Mailed check,47,29.32,,0
CUST-5159,Male,21.0,INVALID_DATE,Two year,Bank transfer,41,101.68,4168.88,1
CUST-5160,Female,73.0,2032-05-23,1 Year,Bank transfer,23,75.7,1741.1000000000001,0
CUST-5161,M,30.0,05/24/2032,1 Year,Credit card,5,59.17,,1
CUST-5162,female,47.0,INVALID_DATE,month-to-month,Credit card,50,75.34,3767.0,0
CUST-5163,M,51.0,05/26/2032,1 Year,Electronic check,9,107.87,970.83,1
CUST-5164,M,44.0,INVALID_DATE,Two year,Bank transfer,4,95.71,382.84,1
CUST-5165,female,65.0,2032-05-28,One year,Credit card,71,89.16,6330.36,0
CUST-5166,female,38.0,INVALID_DATE,1 Year,Mailed check,65,117.69,7649.849999999999,0
CUST-5167,F,30.0,2032-05-30,Two year,Bank transfer,57,72.13,4111.41,0
CUST-5168,F,29.0,2032-05-31,Two year,Electronic check,25,20.63,515.75,1
CUST-5169,M,49.0,01-Jun-2032,Two year,Electronic check,58,62.9,3648.2,0
CUST-5170,M,38.0,2032-06-02,1 Year,Mailed check,6,29.66,177.96,1
CUST-5171,Male,29.0,03-Jun-2032,One year,Credit card,14,31.65,443.09999999999997,0
CUST-5172,Male,45.0,06/04/2032,month-to-month,Mailed check,63,45.49,Unknown,0
CUST-5173,F,,2032-06-05,month-to-month,Credit card,65,58.14,3779.1,0
CUST-5174,  Male  ,43.0,2032-06-06,1 Year,Bank transfer,52,68.16,3544.3199999999997,0
CUST-5175,  Male  ,51.0,2032-06-07,1 Year,Electronic check,65,36.98,2403.7,0
CUST-5176,F,41.0,INVALID_DATE,Month-to-month,Credit card,8,51.17,409.36,1
CUST-5177,Male,33.0,2032-06-09,One year,Mailed check,8,47.65,381.2,0
CUST-5178,Male,50.0,06/10/2032,Two year,Bank transfer,14,56.52,791.2800000000001,0
CUST-5179,  Male  ,29.0,11-Jun-2032,Two year,Credit card,24,30.8,739.2,0
CUST-5180,Female,26.0,06/12/2032,month-to-month,Bank transfer,64,59.73,3822.72,0
CUST-5181,Female,54.0,13-Jun-2032,1 Year,Bank transfer,25,75.44,1886.0,1
CUST-5182,Male,36.0,06/14/2032,One year,Mailed check,6,29.69,178.14000000000001,0
CUST-5183,Female,60.0,INVALID_DATE,month-to-month,Mailed check,1,72.08,72.08,1
CUST-5184,female,50.0,06/16/2032,One year,Bank transfer,33,95.59,3154.4700000000003,1
CUST-5185,F,35.0,06/17/2032,1 Year,Bank transfer,14,20.82,291.48,0
CUST-5186,F,46.0,2032-06-18,Two year, ,63,24.75,1559.25,0
CUST-5187,Male,70.0,INVALID_DATE,Month-to-month,Mailed check,56,66.65,,0
CUST-5188,M,49.0,INVALID_DATE,One year,Credit card,62,107.28,6651.36,0
CUST-5189,  Male  ,,2032-06-21,Two year,Electronic check,28,119.78,3353.84,0
CUST-5190,Male,33.0,22-Jun-2032,One year,Credit card,29,29.34,,0
CUST-5191,Female,62.0,06/23/2032,One year,Bank transfer,23,21.83,502.09,0
CUST-5192,  Male  ,56.0,2032-06-24,One year,Electronic check,44,42.88,1886.72,0
CUST-5193,M,33.0,INVALID_DATE,1 Year,Credit card,38,66.75,2536.5,0
CUST-5194,Female,63.0,06/26/2032,month-to-month,Electronic check,49,77.18,3781.82,0
CUST-5195,female,42.0,06/27/2032,One year,Mailed check,43,117.35,5046.05,1
CUST-5196,Female,30.0,28-Jun-2032,1 Year,Credit card,10,108.85,1088.5,1
CUST-5197,female,33.0,29-Jun-2032,Month-to-month,Credit card,27,76.21,2057.6699999999996,0
CUST-5198,  Male  ,51.0,06/30/2032,month-to-month,Mailed check,8,56.17,449.36,0
CUST-5199,female,,07/01/2032,1 Year,Credit card,68,52.13,,1
CUST-5200,  Male  ,27.0,07/02/2032,Month-to-month,Electronic check,30,77.26,2317.8,0
CUST-5201,  Male  ,35.0,03-Jul-2032,month-to-month,Mailed check,13,92.14,1197.82,0
CUST-5202,  Male  ,37.0,04-Jul-2032,1 Year,Electronic check,58,68.17,,0
CUST-5203,  Male  ,32.0,2032-07-05,Month-to-month,Credit card,3,50.44,151.32,0
CUST-5204,  Male  ,35.0,06-Jul-2032,1 Year,Credit card,5,81.32,406.59999999999997,1
CUST-5205,Female,51.0,INVALID_DATE,Month-to-month,Credit card,22,75.79,1667.38,0
CUST-5206,  Male  ,43.0,INVALID_DATE,One year,Credit card,58,62.74,Unknown,0
CUST-5207,Female,34.0,07/09/2032,One year,Electronic check,66,94.84,6259.4400000000005,0
CUST-5208,  Male  ,35.0,07/10/2032,month-to-month,Credit card,40,48.22,1928.8,0
CUST-5209,female,38.0,11-Jul-2032,Month-to-month,Mailed check,5,68.49,342.45,0
CUST-5210,  Male  ,39.0,INVALID_DATE,One year,Mailed check,16,114.03,1824.48,1
CUST-5211,M,39.0,2032-07-13,month-to-month,Bank transfer,15,92.28,1384.2,0
CUST-5212,  Male  ,51.0,14-Jul-2032,Two year,Mailed check,18,58.8,1058.3999999999999,0
CUST-5213,  Male  ,42.0,15-Jul-2032,One year,Bank transfer,47,74.62,3507.1400000000003,0
CUST-5214,female,43.0,INVALID_DATE,One year,Mailed check,4,60.55,242.2,0
CUST-5215,F,57.0,07/17/2032,1 Year,Mailed check,53,31.25,1656.25,0
CUST-5216,female,63.0,07/18/2032,Two year,Credit card,58,53.49,3102.42,1
CUST-5217,M,,INVALID_DATE,Month-to-month,Mailed check,58,106.04,,0
CUST-5218,F,21.0,INVALID_DATE,month-to-month,Credit card,59,66.12,3901.0800000000004,0
CUST-5219,Male,36.0,2032-07-21,Two year,Credit card,34,78.46,2667.64,0
CUST-5220,Male,49.0,INVALID_DATE,Month-to-month,Mailed check,30,38.14,1144.2,0
CUST-5221,M,45.0,07/23/2032,One year,Electronic check,54,55.62,,0
CUST-5222,female,53.0,INVALID_DATE,month-to-month,Credit card,68,112.92,7678.56,0
CUST-5223,Female,35.0,INVALID_DATE,month-to-month,Mailed check,68,51.42,3496.56,0
CUST-5224,M,17.0,2032-07-26,Two year,Electronic check,26,45.06,1171.56,0
CUST-5225,F,24.0,27-Jul-2032,1 Year,Mailed check,3,25.59,76.77,1
CUST-5226,F,47.0,2032-07-28,Month-to-month,Mailed check,57,29.72,1694.04,0
CUST-5227,  Male  ,53.0,INVALID_DATE,Two year,Electronic check,37,78.48,2903.76,0
CUST-5228,Male,17.0,30-Jul-2032,1 Year,Mailed check,38,86.0,3268.0,0
CUST-5229,F,57.0,INVALID_DATE,1 Year,Credit card,41,84.16,,0
CUST-5230,M,46.0,01-Aug-2032,1 Year,Bank transfer,4,73.98,295.92,1
CUST-5231,F,39.0,INVALID_DATE,month-to-month,Bank transfer,26,69.1,1796.6,0
CUST-5232,M,32.0,08/03/2032,Month-to-month,Mailed check,39,27.21,1061.19,0
CUST-5233,Female,59.0,04-Aug-2032,Month-to-month,Bank transfer,42,104.07,4370.94,0
CUST-5234,  Male  ,51.0,05-Aug-2032,Two year,Bank transfer,11,71.31,784.4100000000001,0
CUST-5235,Male,46.0,2032-08-06,One year,Bank transfer,11,33.19,365.09,0
CUST-5236,F,,08/07/2032,Two year,Credit card,54,33.58,1813.32,0
CUST-5237,M,59.0,08/08/2032,Month-to-month,Credit card,38,71.3,2709.4,1
CUST-5238,female,40.0,08/09/2032,month-to-month,Bank transfer,20,44.46,889.2,0
CUST-5239,Male,44.0,INVALID_DATE,Two year,Electronic check,26,112.2,2917.2000000000003,1
CUST-5240,Female,41.0,INVALID_DATE,One year,Electronic check,14,69.89,978.46,0
CUST-5241,M,,12-Aug-2032,Two year,Electronic check,50,117.84,5892.0,0
CUST-5242,  Male  ,44.0,INVALID_DATE,1 Year,Credit card,25,93.42,2335.5,1
CUST-5243,  Male  ,48.0,INVALID_DATE,One year,Credit card,55,101.07,5558.849999999999,0
CUST-5244,Female,35.0,15-Aug-2032,1 Year,Credit card,51,58.89,3003.39,0
CUST-5245,Female,43.0,2032-08-16,month-to-month,Credit card,10,33.4,334.0,0
CUST-5246,  Male  ,41.0,INVALID_DATE,Month-to-month, ,14,88.97,1245.58,1
CUST-5247,F,51.0,08/18/2032,Two year,Credit card,5,60.71,303.55,0
CUST-5248,F,36.0,08/19/2032,Two year,Bank transfer,57,114.89,6548.7300000000005,0
CUST-5249,M,43.0,INVALID_DATE,1 Year,Electronic check,22,39.36,865.92,0
CUST-5250,female,45.0,INVALID_DATE,1 Year,Bank transfer,29,82.65,2396.8500000000004,0
CUST-5251,M,36.0,22-Aug-2032,Month-to-month,Electronic check,7,106.61,746.27,0
CUST-5252,female,30.0,INVALID_DATE,Two year,Credit card,18,60.28,1085.04,1
CUST-5253,Female,32.0,2032-08-24,Month-to-month,Electronic check,31,115.37,3576.4700000000003,1
CUST-5254,Male,45.0,25-Aug-2032,1 Year,Electronic check,43,27.66,1189.38,0
CUST-5255,M,,08/26/2032,1 Year,Bank transfer,35,78.69,2754.15,0
CUST-5256,M,37.0,27-Aug-2032,One year,Electronic check,71,97.74,6939.54,0
CUST-5257,female,47.0,INVALID_DATE,1 Year,Mailed check,4,40.18,160.72,0
CUST-5258,Female,52.0,INVALID_DATE,1 Year,Electronic check,51,25.79,,0
CUST-5259,Female,54.0,2032-08-30,Month-to-month,Credit card,30,27.99,839.6999999999999,0
CUST-5260,female,33.0,2032-08-31,One year,Electronic check,53,51.92,2751.76,0
CUST-5261,Female,51.0,01-Sep-2032,One year,Mailed check,14,42.32,592.48,1
CUST-5262,  Male  ,65.0,09/02/2032,Two year, ,36,42.39,1526.04,0
CUST-5263,F,42.0,03-Sep-2032,month-to-month,Electronic check,12,65.85,790.1999999999999,1
CUST-5264,  Male  ,39.0,04-Sep-2032,Two year,Mailed check,34,28.49,968.66,0
CUST-5265,Male,37.0,2032-09-05,Two year,Credit card,26,119.55,3108.2999999999997,0
CUST-5266,M,27.0,06-Sep-2032,Two year,Credit card,6,89.58,537.48,1
CUST-5267,Male,50.0,2032-09-07,One year,Bank transfer,53,23.03,1220.5900000000001,0
CUST-5268,M,39.0,2032-09-08,Month-to-month,Credit card,15,89.19,1337.85,0
CUST-5269,F,38.0,09-Sep-2032,1 Year,Mailed check,19,99.18,1884.42,0
CUST-5270,Female,48.0,2032-09-10,One year, ,47,39.08,1836.76,0
CUST-5271,  Male  ,,INVALID_DATE,1 Year,Mailed check,61,104.03,,0
CUST-5272,female,33.0,INVALID_DATE,1 Year,Bank transfer,52,81.18,,0
CUST-5273,  Male  ,33.0,13-Sep-2032,month-to-month,Electronic check,18,102.09,1837.6200000000001,1
CUST-5274,F,33.0,09/14/2032,Two year,Mailed check,60,91.67,5500.2,0
CUST-5275,Male,65.0,09/15/2032,month-to-month,Bank transfer,47,90.46,4251.62,1
CUST-5276,female,58.0,INVALID_DATE,Two year, ,57,35.82,2041.74,0
CUST-5277,Female,48.0,2032-09-17,One year,Electronic check,33,51.58,1702.1399999999999,0
CUST-5278,F,35.0,09/18/2032,1 Year,Electronic check,32,72.32,2314.24,1
CUST-5279,female,37.0,09/19/2032,month-to-month,Credit card,4,31.25,125.0,1
CUST-5280,F,44.0,20-Sep-2032,One year,Credit card,41,67.85,2781.85,0
CUST-5281,F,67.0,21-Sep-2032,One year,Electronic check,19,64.53,1226.07,0
CUST-5282,Female,43.0,09/22/2032,Two year,Credit card,7,43.19,302.33,1
CUST-5283,M,,09/23/2032,1 Year,Electronic check,26,39.97,1039.22,0
CUST-5284,female,,INVALID_DATE,Two year,Credit card,51,44.74,,0
CUST-5285,Female,43.0,25-Sep-2032,Two year,Mailed check,56,80.51,4508.56,0
CUST-5286,F,23.0,26-Sep-2032,One year,Bank transfer,71,61.5,,0
CUST-5287,Female,34.0,09/27/2032,Two year,Electronic check,51,61.4,3131.4,0
CUST-5288,M,41.0,INVALID_DATE,Month-to-month,Electronic check,8,38.17,305.36,0
CUST-5289,  Male  ,36.0,2032-09-29,1 Year,Electronic check,13,98.74,,0
CUST-5290,female,32.0,30-Sep-2032,Two year,Mailed check,32,90.04,2881.28,0
CUST-5291,M,32.0,01-Oct-2032,Two year,Bank transfer,34,62.91,2138.94,0
CUST-5292,Male,37.0,10/02/2032,month-to-month,Credit card,18,34.22,615.96,0
CUST-5293,female,37.0,10/03/2032,1 Year,Credit card,55,91.47,5030.85,1
CUST-5294,M,40.0,2032-10-04,1 Year,Bank transfer,43,109.88,4724.84,1
CUST-5295,F,39.0,05-Oct-2032,Two year,Credit card,24,37.83,,1
CUST-5296,female,55.0,INVALID_DATE,Month-to-month,Electronic check,21,80.27,1685.6699999999998,0
CUST-5297,female,15.0,INVALID_DATE,month-to-month,Bank transfer,18,62.43,1123.74,0
CUST-5298,Female,43.0,10/08/2032,Month-to-month,Mailed check,14,28.77,402.78,0
CUST-5299,F,41.0,INVALID_DATE,Two year,Bank transfer,53,92.58,4906.74,0
CUST-5300,Male,38.0,INVALID_DATE,1 Year,Electronic check,19,27.11,515.09,0
CUST-5301,  Male  ,32.0,10/11/2032,1 Year,Bank transfer,57,90.22,5142.54,1
CUST-5302,M,,2032-10-12,Month-to-month,Mailed check,64,48.12,3079.68,0
CUST-5303,Female,20.0,2032-10-13,One year,Mailed check,2,76.57,153.14,0
CUST-5304,M,42.0,14-Oct-2032,Two year,Bank transfer,57,36.05,2054.85,0
CUST-5305,Male,45.0,10/15/2032,1 Year,Bank transfer,34,57.09,1941.0600000000002,0
CUST-5306,Male,32.0,10/16/2032,One year,Credit card,49,30.41,1490.09,0
CUST-5307,female,63.0,17-Oct-2032,1 Year,Credit card,54,66.73,3603.42,0
CUST-5308,Male,39.0,INVALID_DATE,1 Year,Electronic check,22,41.33,909.26,0
CUST-5309,M,41.0,2032-10-19,One year,Credit card,44,38.79,1706.76,0
CUST-5310,F,56.0,20-Oct-2032,Month-to-month,Electronic check,35,30.72,1075.2,0
CUST-5311,F,66.0,21-Oct-2032,Two year,Electronic check,29,96.54,2799.6600000000003,0
CUST-5312,female,27.0,22-Oct-2032,One year,Bank transfer,6,83.95,503.70000000000005,0
CUST-5313,  Male  ,,2032-10-23,One year,Credit card,37,35.69,1320.53,0
CUST-5314,M,39.0,INVALID_DATE,1 Year,Mailed check,58,67.24,3899.9199999999996,1
CUST-5315,M,31.0,2032-10-25,One year,Mailed check,64,86.09,5509.76,0
CUST-5316,Male,50.0,10/26/2032,Two year,Bank transfer,31,107.81,,0
CUST-5317,M,30.0,10/27/2032,Month-to-month,Mailed check,50,25.96,1298.0,0
CUST-5318,Female,55.0,28-Oct-2032,Month-to-month, ,60,56.24,3374.4,0
CUST-5319,  Male  ,47.0,10/29/2032,Month-to-month,Bank transfer,14,81.6,1142.3999999999999,0
CUST-5320,Male,54.0,2032-10-30,Two year,Mailed check,70,21.56,1509.1999999999998,0
CUST-5321,Female,30.0,10/31/2032,1 Year,Bank transfer,11,44.35,487.85,1
CUST-5322,female,,11/01/2032,Two year,Electronic check,27,94.49,2551.23,0
CUST-5323,F,51.0,INVALID_DATE,One year,Credit card,69,55.57,3834.33,0
CUST-5324,female,49.0,2032-11-03,month-to-month,Mailed check,38,28.45,1081.1,0
CUST-5325,F,37.0,11/04/2032,month-to-month,Bank transfer,62,82.66,5124.92,0
CUST-5326,female,38.0,2032-11-05,month-to-month,Mailed check,53,45.01,2385.5299999999997,0
CUST-5327,M,,11/06/2032,Month-to-month,Credit card,18,90.17,1623.06,0
CUST-5328,Female,38.0,INVALID_DATE,Two year,Mailed check,52,110.02,5721.04,0
CUST-5329,F,28.0,11/08/2032,Two year,Electronic check,24,72.79,1746.96,0
CUST-5330,Male,26.0,09-Nov-2032,Month-to-month,Bank transfer,7,79.91,559.37,0
CUST-5331,Female,52.0,INVALID_DATE,One year,Credit card,14,71.44,1000.16,1
CUST-5332,Male,38.0,11/11/2032,month-to-month,Electronic check,50,101.74,5087.0,0
CUST-5333,Female,54.0,12-Nov-2032,month-to-month,Mailed check,24,44.17,1060.08,1
CUST-5334,Female,47.0,11/13/2032,Month-to-month,Mailed check,13,60.15,781.9499999999999,1
CUST-5335,female,44.0,14-Nov-2032,month-to-month,Mailed check,19,109.5,2080.5,1
CUST-5336,F,31.0,INVALID_DATE,1 Year,Credit card,29,92.36,2678.44,0
CUST-5337,F,25.0,11/16/2032,Two year,Bank transfer,22,52.01,1144.22,1
CUST-5338,Female,35.0,2032-11-17,month-to-month,Credit card,2,103.26,206.52,0
CUST-5339,M,,11/18/2032,month-to-month,Electronic check,36,43.88,1579.68,0
CUST-5340,M,51.0,2032-11-19,1 Year,Bank transfer,38,83.42,3169.96,0
CUST-5341,Male,33.0,INVALID_DATE,One year,Credit card,18,115.65,2081.7000000000003,1
CUST-5342,Male,35.0,2032-11-21,One year,Mailed check,51,77.47,3950.97,0
CUST-5343,female,29.0,22-Nov-2032,1 Year,Electronic check,15,99.95,,1
CUST-5344,Female,21.0,2032-11-23,One year,Mailed check,52,93.54,4864.08,0
CUST-5345,Male,41.0,INVALID_DATE,Month-to-month,Credit card,17,106.57,1811.6899999999998,0
CUST-5346,Male,61.0,INVALID_DATE,1 Year,Electronic check,22,116.88,2571.3599999999997,1
CUST-5347,  Male  ,61.0,2032-11-26,Two year,Bank transfer,54,22.23,1200.42,0
CUST-5348,Female,47.0,27-Nov-2032,Two year,Bank transfer,52,22.79,,0
CUST-5349,female,,INVALID_DATE,Two year,Credit card,46,79.44,3654.24,0
CUST-5350,Male,23.0,11/29/2032,month-to-month,Credit card,4,115.42,461.68,0
CUST-5351,female,53.0,INVALID_DATE,1 Year,Bank transfer,7,68.57,479.98999999999995,0
CUST-5352,F,45.0,12/01/2032,1 Year,Bank transfer,10,103.98,,0
CUST-5353,female,36.0,2032-12-02,One year,Credit card,15,96.79,1451.8500000000001,0
CUST-5354,M,34.0,03-Dec-2032,1 Year,Bank transfer,26,69.83,1815.58,0
CUST-5355,M,47.0,12/04/2032,1 Year,Electronic check,40,71.32,2852.7999999999997,1
CUST-5356,female,30.0,05-Dec-2032,One year,Credit card,61,63.6,3879.6,0
CUST-5357,M,43.0,06-Dec-2032,1 Year,Electronic check,16,45.22,723.52,0
CUST-5358,F,25.0,2032-12-07,1 Year,Mailed check,18,105.87,1905.66,0
CUST-5359,Female,,INVALID_DATE,Month-to-month,Electronic check,2,40.96,81.92,0
CUST-5360,M,32.0,INVALID_DATE,One year,Credit card,54,110.69,5977.26,0
CUST-5361,M,48.0,INVALID_DATE,Month-to-month,Mailed check,18,55.97,1007.46,0
CUST-5362,female,26.0,11-Dec-2032,month-to-month,Bank transfer,54,22.65,1223.1,0
CUST-5363,F,38.0,INVALID_DATE,One year,Electronic check,38,36.84,1399.92,0
CUST-5364,Female,51.0,INVALID_DATE,1 Year,Electronic check,15,108.78,1631.7,0
CUST-5365,female,53.0,2032-12-14,1 Year,Credit card,64,32.84,2101.76,0
CUST-5366,female,49.0,INVALID_DATE,Month-to-month,Bank transfer,8,93.88,751.04,0
CUST-5367,  Male  ,,16-Dec-2032,Month-to-month,Credit card,46,38.28,1760.88,0
CUST-5368,F,32.0,2032-12-17,month-to-month,Bank transfer,39,69.89,2725.71,0
CUST-5369,Female,27.0,INVALID_DATE,month-to-month,Credit card,52,40.52,2107.04,0
CUST-5370,F,58.0,12/19/2032,1 Year,Bank transfer,8,53.32,426.56,1
CUST-5371,Female,41.0,INVALID_DATE,Two year,Mailed check,50,32.48,1623.9999999999998,0
CUST-5372,F,43.0,21-Dec-2032,month-to-month,Credit card,50,75.6,3779.9999999999995,0
CUST-5373,female,54.0,2032-12-22,1 Year,Mailed check,68,56.58,,0
CUST-5374,female,47.0,INVALID_DATE,month-to-month,Credit card,27,56.55,1526.85,0
CUST-5375,Male,38.0,12/24/2032,One year,Credit card,38,23.86,906.68,0
CUST-5376,M,49.0,INVALID_DATE,Month-to-month,Credit card,21,33.61,705.81,0
CUST-5377,  Male  ,33.0,2032-12-26,1 Year,Electronic check,45,90.75,4083.75,0
CUST-5378,F,21.0,2032-12-27,month-to-month,Credit card,58,49.23,2855.3399999999997,0
CUST-5379,  Male  ,57.0,2032-12-28,Month-to-month,Bank transfer,23,64.21,,0
CUST-5380,Male,34.0,2032-12-29,Two year,Electronic check,54,96.31,5200.74,0
CUST-5381,M,36.0,2032-12-30,month-to-month,Bank transfer,30,64.48,1934.4,0
CUST-5382,F,37.0,31-Dec-2032,1 Year,Bank transfer,16,42.56,,0
CUST-5383,Female,,01/01/2033,One year,Bank transfer,52,74.98,3898.96,1
CUST-5384,M,53.0,01/02/2033,Month-to-month,Bank transfer,41,100.12,4104.92,1
CUST-5385,female,44.0,01/03/2033,Month-to-month,Bank transfer,71,79.96,,1
CUST-5386,Male,36.0,04-Jan-2033,One year,Mailed check,24,62.02,1488.48,0
CUST-5387,M,25.0,2033-01-05,1 Year,Electronic check,20,32.56,651.2,0
CUST-5388,M,44.0,INVALID_DATE,Two year, ,27,44.87,1211.49,1
CUST-5389,female,11.0,07-Jan-2033,One year,Mailed check,2,114.61,229.22,1
CUST-5390,F,43.0,2033-01-08,Two year,Mailed check,60,97.18,5830.8,0
CUST-5391,Female,56.0,09-Jan-2033,1 Year,Bank transfer,51,28.76,,0
CUST-5392,female,41.0,INVALID_DATE,month-to-month,Credit card,1,20.55,20.55,1
CUST-5393,Female,54.0,INVALID_DATE,month-to-month,Bank transfer,6,37.54,225.24,0
CUST-5394,F,25.0,01/12/2033,1 Year,Mailed check,38,114.39,4346.82,1
CUST-5395,M,64.0,13-Jan-2033,Two year,Bank transfer,54,78.0,4212.0,0
CUST-5396,Female,53.0,INVALID_DATE,One year, ,60,103.87,6232.200000000001,0
CUST-5397,Male,46.0,2033-01-15,1 Year,Bank transfer,27,66.52,,0
CUST-5398,Male,33.0,01/16/2033,1 Year,Mailed check,62,102.66,6364.92,0
CUST-5399,female,31.0,INVALID_DATE,month-to-month,Bank transfer,63,23.39,1473.57,0
CUST-5400,F,39.0,01/18/2033,One year,Credit card,35,62.68,2193.8,0
CUST-5401,female,54.0,2033-01-19,month-to-month,Credit card,58,57.76,3350.08,0
CUST-5402,female,24.0,2033-01-20,Two year,Mailed check,61,118.15,,0
CUST-5403,  Male  ,40.0,21-Jan-2033,Two year,Credit card,36,50.05,1801.8,0
CUST-5404,female,49.0,2033-01-22,Month-to-month,Credit card,56,61.69,3454.64,0
CUST-5405,  Male  ,51.0,2033-01-23,1 Year,Electronic check,67,95.88,6423.96,0
CUST-5406,Male,49.0,2033-01-24,One year,Bank transfer,57,108.07,6159.99,1
CUST-5407,Male,23.0,01/25/2033,One year,Bank transfer,41,107.84,4421.4400000000005,1
CUST-5408,female,54.0,2033-01-26,month-to-month,Credit card,31,59.45,1842.95,0
CUST-5409,Male,41.0,01/27/2033,month-to-month,Credit card,3,114.86,344.58,1
CUST-5410,F,27.0,INVALID_DATE,One year,Mailed check,38,85.35,3243.2999999999997,0
CUST-5411,  Male  ,40.0,INVALID_DATE,month-to-month,Bank transfer,53,105.11,5570.83,0
CUST-5412,  Male  ,16.0,01/30/2033,Month-to-month,Electronic check,52,112.63,5856.76,0
CUST-5413,female,47.0,01/31/2033,1 Year,Electronic check,24,43.36,1040.6399999999999,0
CUST-5414,Male,38.0,2033-02-01,Month-to-month,Credit card,26,69.92,,0
CUST-5415,Female,25.0,2033-02-02,Two year,Mailed check,37,78.78,,0
CUST-5416,  Male  ,37.0,02/03/2033,One year,Mailed check,48,100.24,4811.5199999999995,0
CUST-5417,female,32.0,04-Feb-2033,Month-to-month, ,67,60.12,,1
CUST-5418,female,32.0,05-Feb-2033,Month-to-month,Credit card,41,41.04,1682.6399999999999,0
CUST-5419,F,13.0,06-Feb-2033,month-to-month,Credit card,49,94.32,4621.679999999999,0
CUST-5420,M,20.0,INVALID_DATE,month-to-month,Mailed check,28,79.23,2218.44,1
CUST-5421,M,37.0,2033-02-08,month-to-month,Electronic check,32,109.83,3514.56,1
CUST-5422,  Male  ,35.0,02/09/2033,Two year,Electronic check,71,85.5,6070.5,0
CUST-5423,F,52.0,INVALID_DATE,Month-to-month,Bank transfer,71,21.68,1539.28,0
CUST-5424,F,32.0,INVALID_DATE,1 Year,Credit card,32,116.67,3733.44,0
CUST-5425,F,34.0,2033-02-12,month-to-month, ,38,79.31,,0
CUST-5426,  Male  ,34.0,02/13/2033,Two year, ,20,79.59,1591.8000000000002,1
CUST-5427,M,38.0,14-Feb-2033,Two year,Credit card,8,110.93,887.44,1
CUST-5428,F,41.0,2033-02-15,month-to-month,Credit card,68,86.38,5873.84,0
CUST-5429,Male,35.0,INVALID_DATE,One year,Mailed check,26,67.93,1766.1800000000003,0
CUST-5430,female,47.0,INVALID_DATE,Month-to-month,Bank transfer,70,30.73,2151.1,0
CUST-5431,female,68.0,INVALID_DATE,month-to-month,Bank transfer,48,116.22,,0
CUST-5432,Female,30.0,INVALID_DATE,1 Year,Bank transfer,69,27.85,1921.65,0
CUST-5433,Female,45.0,20-Feb-2033,Month-to-month,Mailed check,46,37.03,1703.38,0
CUST-5434,  Male  ,40.0,02/21/2033,Two year,Bank transfer,58,101.95,5913.1,1
CUST-5435,  Male  ,53.0,22-Feb-2033,1 Year,Bank transfer,70,69.04,4832.8,0
CUST-5436,female,42.0,INVALID_DATE,Month-to-month,Electronic check,67,37.83,2534.6099999999997,0
CUST-5437,Male,31.0,02/24/2033,1 Year,Electronic check,29,48.62,1409.98,0
CUST-5438,M,26.0,2033-02-25,Two year,Bank transfer,10,119.4,1194.0,1
CUST-5439,M,47.0,2033-02-26,month-to-month,Mailed check,71,78.4,5566.400000000001,0
CUST-5440,  Male  ,27.0,27-Feb-2033,1 Year,Mailed check,65,60.16,3910.3999999999996,0
CUST-5441,Male,54.0,2033-02-28,month-to-month,Mailed check,65,107.62,6995.3,0
CUST-5442,  Male  ,47.0,INVALID_DATE,Two year,Credit card,17,67.97,1155.49,1
CUST-5443,M,41.0,03/02/2033,Two year,Credit card,22,50.79,1117.3799999999999,0
CUST-5444,  Male  ,,03/03/2033,1 Year,Mailed check,14,36.42,509.88,0
CUST-5445,F,48.0,04-Mar-2033,1 Year,Electronic check,6,94.45,566.7,1
CUST-5446,  Male  ,59.0,03/05/2033,Two year,Credit card,30,79.62,,0
CUST-5447,female,,2033-03-06,1 Year,Mailed check,47,29.24,,0
CUST-5448,  Male  ,31.0,07-Mar-2033,1 Year,Credit card,20,79.16,1583.1999999999998,0
CUST-5449,female,39.0,INVALID_DATE,1 Year,Credit card,16,35.95,575.2,0
CUST-5450,Male,46.0,09-Mar-2033,1 Year,Credit card,68,118.17,8035.56,0
CUST-5451,M,34.0,2033-03-10,Month-to-month,Credit card,34,45.97,1562.98,0
CUST-5452,Female,51.0,2033-03-11,Two year,Mailed check,1,89.6,89.6,0
CUST-5453,Female,63.0,2033-03-12,Two year,Credit card,48,85.6,4108.799999999999,0
CUST-5454,M,44.0,13-Mar-2033,One year,Bank transfer,8,89.14,713.12,1
CUST-5455,Female,,14-Mar-2033,month-to-month,Mailed check,22,63.0,,0
CUST-5456,  Male  ,45.0,03/15/2033,One year,Mailed check,68,27.43,1865.24,0
CUST-5457,Male,54.0,16-Mar-2033,1 Year,Mailed check,34,118.0,4012.0,0
CUST-5458,Male,42.0,INVALID_DATE,1 Year,Credit card,60,39.15,2349.0,0
CUST-5459,M,46.0,18-Mar-2033,Month-to-month,Mailed check,45,96.97,4363.65,0
CUST-5460,Female,48.0,03/19/2033,Month-to-month,Electronic check,37,33.76,1249.12,0
CUST-5461,  Male  ,29.0,INVALID_DATE,Month-to-month,Bank transfer,23,48.12,1106.76,0
CUST-5462,Male,46.0,INVALID_DATE,Month-to-month, ,24,75.99,1823.7599999999998,0
CUST-5463,Male,24.0,22-Mar-2033,Month-to-month,Bank transfer,13,61.35,797.5500000000001,1
CUST-5464,F,32.0,03/23/2033,Month-to-month,Bank transfer,69,115.83,7992.2699999999995,1
CUST-5465,F,54.0,03/24/2033,Month-to-month,Credit card,60,104.77,6286.2,1
CUST-5466,Male,50.0,INVALID_DATE,Month-to-month,Bank transfer,38,112.18,4262.84,0
CUST-5467,M,37.0,INVALID_DATE,Month-to-month,Bank transfer,48,84.07,4035.3599999999997,0
CUST-5468,female,,03/27/2033,Two year,Electronic check,26,41.89,1089.14,0
CUST-5469,female,24.0,2033-03-28,Month-to-month,Bank transfer,1,71.85,71.85,0
CUST-5470,  Male  ,,2033-03-29,month-to-month,Mailed check,4,96.55,386.2,1
CUST-5471,Male,43.0,30-Mar-2033,Month-to-month,Mailed check,67,26.47,1773.49,0
CUST-5472,Male,6.0,03/31/2033,1 Year,Bank transfer,13,106.31,1382.03,1
CUST-5473,Male,38.0,INVALID_DATE,1 Year,Mailed check,39,83.14,3242.46,0
CUST-5474,M,27.0,2033-04-02,Month-to-month,Credit card,31,92.36,2863.16,0
CUST-5475,F,27.0,INVALID_DATE,Month-to-month,Mailed check,24,89.43,2146.32,0
CUST-5476,Male,37.0,INVALID_DATE,1 Year,Credit card,5,104.78,$1200.50,1
CUST-5477,Male,18.0,04/05/2033,month-to-month,Bank transfer,49,28.75,1408.75,0
CUST-5478,Female,30.0,INVALID_DATE,One year,Credit card,11,57.7,634.7,0
CUST-5479,M,18.0,04/07/2033,Two year,Credit card,24,70.26,1686.2400000000002,0
CUST-5480,  Male  ,,INVALID_DATE,1 Year,Bank transfer,45,74.66,3359.7,0
CUST-5481,Male,41.0,2033-04-09,Month-to-month,Bank transfer,34,114.26,3884.84,1
CUST-5482,Female,36.0,04/10/2033,Two year,Credit card,11,24.25,,1
CUST-5483,female,52.0,INVALID_DATE,Month-to-month,Electronic check,57,106.64,6078.4800000000005,1
CUST-5484,  Male  ,36.0,12-Apr-2033,One year,Bank transfer,29,75.19,2180.5099999999998,0
CUST-5485,Male,40.0,13-Apr-2033,One year,Bank transfer,22,75.46,1660.12,1
CUST-5486,Male,29.0,14-Apr-2033,1 Year,Electronic check,33,52.03,1716.99,0
CUST-5487,Female,,15-Apr-2033,Two year,Mailed check,49,84.36,Unknown,0
CUST-5488,M,38.0,2033-04-16,Two year,Electronic check,23,84.64,1946.72,0
CUST-5489,Male,37.0,2033-04-17,One year,Mailed check,69,38.93,2686.17,0
CUST-5490,female,61.0,18-Apr-2033,Month-to-month,Electronic check,29,87.7,2543.3,0
CUST-5491,Male,48.0,INVALID_DATE,1 Year,Credit card,6,46.67,280.02,0
CUST-5492,female,35.0,2033-04-20,month-to-month,Bank transfer,52,88.88,4621.76,0
CUST-5493,  Male  ,42.0,21-Apr-2033,One year,Electronic check,14,81.19,1136.6599999999999,1
CUST-5494,  Male  ,51.0,2033-04-22,One year,Bank transfer,17,91.6,1557.1999999999998,0
CUST-5495,F,46.0,2033-04-23,1 Year,Mailed check,28,21.97,615.16,0
CUST-5496,F,60.0,INVALID_DATE,Month-to-month,Credit card,9,32.54,292.86,1
CUST-5497,female,31.0,INVALID_DATE,Two year,Bank transfer,66,104.02,6865.32,0
CUST-5498,M,52.0,04/26/2033,One year,Electronic check,4,58.07,,0
CUST-5499,Male,35.0,INVALID_DATE,1 Year,Electronic check,20,103.67,2073.4,1
CUST-5500,Male,42.0,28-Apr-2033,1 Year,Credit card,41,26.27,1077.07,0
CUST-5501,F,33.0,04/29/2033,1 Year,Mailed check,36,96.94,3489.84,0
CUST-5502,female,38.0,30-Apr-2033,Two year,Credit card,6,28.38,170.28,0
CUST-5503,Male,43.0,INVALID_DATE,One year,Credit card,65,66.83,4343.95,0
CUST-5504,Male,47.0,INVALID_DATE,1 Year,Bank transfer,50,113.76,5688.0,0
CUST-5505,M,41.0,2033-05-03,Two year,Mailed check,64,27.77,1777.28,0
CUST-5506,Female,10.0,04-May-2033,Month-to-month,Credit card,3,55.07,165.21,0
CUST-5507,F,39.0,05/05/2033,month-to-month,Bank transfer,37,71.83,2657.71,0
CUST-5508,F,58.0,INVALID_DATE,One year,Bank transfer,3,109.95,329.85,1
CUST-5509,Female,39.0,05/07/2033,Two year,Mailed check,33,53.26,1757.58,0
CUST-5510,Male,58.0,INVALID_DATE,month-to-month,Mailed check,59,100.7,5941.3,0
CUST-5511,M,39.0,INVALID_DATE,month-to-month,Bank transfer,15,91.82,1377.3,0
CUST-5512,M,21.0,2033-05-10,Two year,Mailed check,56,50.71,2839.76,0
CUST-5513,F,35.0,05/11/2033,Two year,Bank transfer,61,54.08,3298.88,0
CUST-5514,M,33.0,INVALID_DATE,Two year,Mailed check,68,39.1,2658.8,0
CUST-5515,  Male  ,37.0,INVALID_DATE,1 Year,Mailed check,71,89.3,6340.3,0
CUST-5516,Female,26.0,2033-05-14,Month-to-month,Mailed check,68,76.31,5189.08,0
CUST-5517,Male,40.0,INVALID_DATE,1 Year,Electronic check,62,35.5,2201.0,0
CUST-5518,  Male  ,36.0,2033-05-16,month-to-month,Mailed check,67,82.01,5494.67,0
CUST-5519,Female,55.0,2033-05-17,month-to-month,Electronic check,23,69.86,1606.78,0
CUST-5520,female,25.0,2033-05-18,month-to-month,Bank transfer,14,29.26,409.64000000000004,0
CUST-5521,F,43.0,INVALID_DATE,Two year,Credit card,6,115.37,692.22,0
CUST-5522,M,,2033-05-20,One year,Credit card,33,103.48,3414.84,1
CUST-5523,female,49.0,05/21/2033,1 Year,Credit card,9,27.1,243.9,0
CUST-5524,M,36.0,05/22/2033,One year,Bank transfer,12,113.13,1357.56,1
CUST-5525,  Male  ,43.0,05/23/2033,Month-to-month,Mailed check,51,111.67,5695.17,0
CUST-5526,Male,,05/24/2033,Month-to-month,Electronic check,3,24.22,72.66,0
CUST-5527,Male,20.0,2033-05-25,1 Year,Bank transfer,56,40.15,2248.4,0
CUST-5528,Male,36.0,26-May-2033,month-to-month,Credit card,46,90.24,4151.04,0
CUST-5529,M,40.0,INVALID_DATE,Month-to-month,Credit card,36,113.46,4084.56,1
CUST-5530,female,,INVALID_DATE,One year,Credit card,13,102.31,1330.03,1
CUST-5531,Male,41.0,29-May-2033,One year,Credit card,13,48.19,626.47,0
CUST-5532,female,45.0,30-May-2033,Two year,Electronic check,58,23.34,1353.72,0
CUST-5533,M,63.0,INVALID_DATE,month-to-month,Credit card,34,67.29,2287.86,0
CUST-5534,  Male  ,33.0,INVALID_DATE,Two year,Electronic check,43,29.2,1255.6,0
CUST-5535,female,45.0,02-Jun-2033,1 Year,Credit card,28,44.53,1246.8400000000001,1
CUST-5536,  Male  ,56.0,06/03/2033,Month-to-month,Bank transfer,56,84.01,4704.56,1
CUST-5537,M,18.0,2033-06-04,Two year,Electronic check,47,69.5,3266.5,0
CUST-5538,M,43.0,INVALID_DATE,Two year,Electronic check,35,57.67,2018.45,0
CUST-5539,F,20.0,INVALID_DATE,1 Year,Bank transfer,19,113.0,,1
CUST-5540,M,66.0,INVALID_DATE,One year, ,51,39.3,$1200.50,0
CUST-5541,M,46.0,06/08/2033,One year,Credit card,20,68.75,1375.0,0
CUST-5542,Female,45.0,06/09/2033,1 Year,Mailed check,29,77.35,2243.1499999999996,0
CUST-5543,Male,18.0,INVALID_DATE,One year,Mailed check,65,52.19,,0
CUST-5544,F,34.0,06/11/2033,1 Year, ,38,90.53,3440.14,0
CUST-5545,F,34.0,INVALID_DATE,One year,Mailed check,49,106.73,5229.77,0
CUST-5546,F,61.0,2033-06-13,1 Year,Bank transfer,28,74.15,2076.2000000000003,0
CUST-5547,Female,49.0,06/14/2033,One year,Bank transfer,33,98.13,3238.29,1
CUST-5548,  Male  ,20.0,2033-06-15,Two year,Bank transfer,13,26.1,339.3,0
CUST-5549,M,46.0,16-Jun-2033,Two year,Electronic check,44,35.38,1556.72,0
CUST-5550,Male,22.0,INVALID_DATE,One year,Bank transfer,52,66.2,3442.4,0
CUST-5551,female,20.0,06/18/2033,1 Year,Electronic check,41,112.1,,0
CUST-5552,  Male  ,45.0,2033-06-19,Two year,Electronic check,49,73.16,3584.8399999999997,0
CUST-5553,M,49.0,06/20/2033,Month-to-month,Bank transfer,7,63.23,442.60999999999996,0
CUST-5554,Female,,21-Jun-2033,One year,Bank transfer,36,80.01,2880.36,0
CUST-5555,M,63.0,2033-06-22,Month-to-month,Electronic check,26,32.45,843.7,0
CUST-5556,M,44.0,23-Jun-2033,Month-to-month,Bank transfer,27,85.37,2304.9900000000002,1
CUST-5557,Female,42.0,24-Jun-2033,month-to-month,Mailed check,24,29.4,705.5999999999999,0
CUST-5558,F,25.0,2033-06-25,Month-to-month,Electronic check,71,77.68,5515.280000000001,0
CUST-5559,F,50.0,06/26/2033,Month-to-month,Credit card,33,91.44,3017.52,0
CUST-5560,Male,,2033-06-27,month-to-month,Electronic check,18,61.15,1100.7,0
CUST-5561,Male,64.0,28-Jun-2033,month-to-month,Bank transfer,5,111.09,555.45,1
CUST-5562,F,50.0,INVALID_DATE,month-to-month,Bank transfer,1,35.2,35.2,0
CUST-5563,  Male  ,73.0,2033-06-30,1 Year,Electronic check,71,37.1,2634.1,0
CUST-5564,female,45.0,INVALID_DATE,month-to-month,Electronic check,3,71.69,215.07,1
CUST-5565,M,51.0,07/02/2033,1 Year,Credit card,36,113.17,4074.12,0
CUST-5566,female,37.0,2033-07-03,One year,Credit card,35,59.07,,0
CUST-5567,M,,INVALID_DATE,1 Year,Electronic check,51,112.64,5744.64,0
CUST-5568,F,27.0,05-Jul-2033,One year,Bank transfer,12,89.35,1072.1999999999998,0
CUST-5569,Male,23.0,07/06/2033,month-to-month,Electronic check,15,98.26,1473.9,0
CUST-5570,  Male  ,42.0,INVALID_DATE,month-to-month,Mailed check,4,113.79,455.16,1
CUST-5571,Male,,07/08/2033,One year,Mailed check,56,77.23,,0
CUST-5572,female,27.0,2033-07-09,Two year,Bank transfer,16,84.17,1346.72,0
CUST-5573,Male,29.0,INVALID_DATE,1 Year,Electronic check,6,77.9,467.40000000000003,0
CUST-5574,F,40.0,2033-07-11,Month-to-month,Electronic check,63,98.49,6204.87,1
CUST-5575,  Male  ,,2033-07-12,month-to-month,Mailed check,23,47.34,1088.8200000000002,0
CUST-5576,female,44.0,13-Jul-2033,1 Year,Electronic check,44,98.8,4347.2,0
CUST-5577,  Male  ,27.0,INVALID_DATE,1 Year,Bank transfer,1,91.35,91.35,1
CUST-5578,M,43.0,INVALID_DATE,month-to-month,Bank transfer,57,80.21,4571.969999999999,0
CUST-5579,Male,,INVALID_DATE,One year,Credit card,27,23.88,644.76,0
CUST-5580,  Male  ,26.0,07/17/2033,month-to-month,Bank transfer,25,97.45,2436.25,0
CUST-5581,Female,12.0,07/18/2033,1 Year,Electronic check,62,33.24,2060.88,0
CUST-5582,Male,38.0,07/19/2033,Two year,Electronic check,18,116.2,2091.6,0
CUST-5583,M,57.0,07/20/2033,One year,Mailed check,30,28.15,844.5,0
CUST-5584,  Male  ,57.0,INVALID_DATE,month-to-month,Mailed check,30,92.03,2760.9,0
CUST-5585,female,,INVALID_DATE,Month-to-month,Bank transfer,47,56.04,,0
CUST-5586,M,,07/23/2033,month-to-month,Credit card,22,93.57,2058.54,1
CUST-5587,Female,50.0,24-Jul-2033,1 Year,Electronic check,42,71.9,3019.8,0
CUST-5588,  Male  ,,INVALID_DATE,1 Year,Credit card,34,82.95,2820.3,1
CUST-5589,F,35.0,07/26/2033,Month-to-month,Electronic check,63,27.54,1735.02,0
CUST-5590,Male,54.0,2033-07-27,One year,Bank transfer,4,116.65,466.6,0
CUST-5591,female,47.0,28-Jul-2033,1 Year,Bank transfer,31,20.38,631.78,1
CUST-5592,F,,INVALID_DATE,One year,Mailed check,51,114.12,5820.12,0
CUST-5593,  Male  ,23.0,30-Jul-2033,One year,Credit card,50,76.83,3841.5,0
CUST-5594,  Male  ,24.0,07/31/2033,month-to-month,Mailed check,14,45.83,641.62,0
CUST-5595,M,26.0,2033-08-01,One year,Bank transfer,8,83.77,670.16,1
CUST-5596,  Male  ,37.0,2033-08-02,1 Year,Credit card,69,87.29,,0
CUST-5597,female,,08/03/2033,1 Year,Electronic check,8,93.03,744.24,0
CUST-5598,F,33.0,04-Aug-2033,Two year,Mailed check,11,21.64,238.04000000000002,0
CUST-5599,female,33.0,INVALID_DATE,One year,Bank transfer,29,118.28,3430.12,0
CUST-5600,Female,45.0,08/06/2033,Two year,Electronic check,55,81.79,4498.450000000001,1
CUST-5601,Female,50.0,07-Aug-2033,month-to-month,Bank transfer,39,57.75,2252.25,0
CUST-5602,Male,13.0,08/08/2033,Two year,Electronic check,13,77.07,1001.9099999999999,0
CUST-5603,Male,52.0,2033-08-09,One year,Mailed check,64,37.84,2421.76,0
CUST-5604,Female,32.0,INVALID_DATE,1 Year,Electronic check,49,44.73,2191.77,0
CUST-5605,  Male  ,39.0,08/11/2033,month-to-month,Credit card,19,28.58,543.02,0
CUST-5606,female,57.0,2033-08-12,One year,Electronic check,67,107.92,,1
CUST-5607,Female,37.0,08/13/2033,month-to-month,Bank transfer,52,45.16,2348.3199999999997,0
CUST-5608,Male,22.0,2033-08-14,Month-to-month,Electronic check,71,93.97,6671.87,0
CUST-5609,Female,22.0,2033-08-15,One year,Mailed check,20,47.42,948.4000000000001,1
CUST-5610,  Male  ,40.0,INVALID_DATE,Month-to-month,Bank transfer,54,34.6,,0
CUST-5611,Female,36.0,2033-08-17,Two year,Bank transfer,5,30.81,,0
CUST-5612,female,41.0,INVALID_DATE,One year,Bank transfer,62,106.02,6573.24,0
CUST-5613,F,35.0,INVALID_DATE,Month-to-month,Bank transfer,17,31.97,543.49,0
CUST-5614,  Male  ,55.0,2033-08-20,1 Year,Credit card,53,28.71,1521.63,0
CUST-5615,Male,40.0,2033-08-21,Two year,Bank transfer,37,20.94,774.7800000000001,0
CUST-5616,female,19.0,INVALID_DATE,One year,Bank transfer,19,56.64,1076.16,0
CUST-5617,Female,50.0,08/23/2033,One year,Bank transfer,10,114.27,1142.7,1
CUST-5618,Female,63.0,08/24/2033,1 Year,Mailed check,44,110.86,4877.84,0
CUST-5619,F,42.0,08/25/2033,1 Year,Mailed check,49,31.51,1543.99,0
CUST-5620,Male,,26-Aug-2033,Month-to-month,Bank transfer,37,21.25,786.25,0
CUST-5621,Male,31.0,2033-08-27,Month-to-month,Credit card,58,95.1,5515.799999999999,0
CUST-5622,M,37.0,INVALID_DATE,Month-to-month,Electronic check,15,50.65,759.75,1
CUST-5623,Male,46.0,29-Aug-2033,month-to-month,Credit card,20,103.47,2069.4,1
CUST-5624,F,54.0,2033-08-30,Two year,Bank transfer,55,41.54,2284.7,0
CUST-5625,M,45.0,INVALID_DATE,One year,Bank transfer,13,69.22,899.86,0
CUST-5626,M,62.0,2033-09-01,Two year,Credit card,20,23.29,465.79999999999995,0
CUST-5627,Female,41.0,09/02/2033,1 Year,Bank transfer,43,109.47,4707.21,0
CUST-5628,Female,27.0,03-Sep-2033,Two year,Electronic check,41,37.8,1549.8,0
CUST-5629,Male,27.0,INVALID_DATE,Two year,Mailed check,48,49.47,2374.56,0
CUST-5630,M,55.0,2033-09-05,Month-to-month,Electronic check,56,67.97,3806.3199999999997,0
CUST-5631,Female,52.0,INVALID_DATE,1 Year,Electronic check,68,47.13,3204.84,0
CUST-5632,F,20.0,INVALID_DATE,Two year,Electronic check,44,24.02,1056.8799999999999,0
CUST-5633,Female,37.0,INVALID_DATE,One year,Credit card,47,22.91,1076.77,0
CUST-5634,  Male  ,38.0,09/09/2033,Month-to-month,Credit card,50,115.52,5776.0,1
CUST-5635,  Male  ,31.0,INVALID_DATE,Two year,Electronic check,32,52.55,1681.6,0
CUST-5636,Female,23.0,11-Sep-2033,1 Year,Credit card,54,53.44,,0
CUST-5637,M,31.0,12-Sep-2033,One year,Bank transfer,39,112.29,4379.31,0
CUST-5638,M,29.0,2033-09-13,1 Year,Mailed check,58,103.62,,0
CUST-5639,female,23.0,2033-09-14,1 Year,Credit card,61,88.69,,0
CUST-5640,  Male  ,50.0,INVALID_DATE,1 Year,Credit card,19,85.85,1631.1499999999999,0
CUST-5641,F,43.0,09/16/2033,month-to-month,Electronic check,69,100.11,6907.59,0
CUST-5642,M,34.0,17-Sep-2033,One year,Mailed check,22,36.89,811.58,0
CUST-5643,Male,15.0,INVALID_DATE,1 Year,Bank transfer,35,86.43,3025.05,0
CUST-5644,  Male  ,36.0,19-Sep-2033,month-to-month,Bank transfer,10,29.84,298.4,0
CUST-5645,F,46.0,2033-09-20,Month-to-month,Mailed check,15,32.65,489.75,0
CUST-5646,F,31.0,09/21/2033,month-to-month,Bank transfer,2,44.28,88.56,1
CUST-5647,M,26.0,22-Sep-2033,Month-to-month,Mailed check,22,90.98,2001.5600000000002,1
CUST-5648,F,39.0,2033-09-23,month-to-month,Electronic check,12,109.25,1311.0,1
CUST-5649,M,44.0,24-Sep-2033,1 Year,Bank transfer,62,89.08,5522.96,0
CUST-5650,Female,16.0,INVALID_DATE,month-to-month,Bank transfer,45,61.66,2774.7,1
CUST-5651,  Male  ,56.0,26-Sep-2033,month-to-month,Mailed check,58,71.37,4139.46,0
CUST-5652,female,25.0,27-Sep-2033,1 Year, ,20,91.23,,0
CUST-5653,Female,35.0,INVALID_DATE,Month-to-month,Credit card,51,81.33,4147.83,0
CUST-5654,  Male  ,54.0,09/29/2033,1 Year,Electronic check,7,72.95,510.65000000000003,1
CUST-5655,M,42.0,09/30/2033,One year,Bank transfer,24,43.68,1048.32,0
CUST-5656,  Male  ,53.0,INVALID_DATE,month-to-month,Bank transfer,67,81.7,5473.900000000001,0
CUST-5657,M,59.0,10/02/2033,One year,Bank transfer,70,21.87,1530.9,0
CUST-5658,Female,22.0,10/03/2033,1 Year,Mailed check,53,76.01,4028.53,0
CUST-5659,Male,51.0,INVALID_DATE,1 Year,Electronic check,34,102.07,3470.3799999999997,0
CUST-5660,Male,,05-Oct-2033,Two year,Electronic check,33,37.98,,1
CUST-5661,  Male  ,35.0,10/06/2033,One year,Bank transfer,23,31.42,722.6600000000001,0
CUST-5662,Male,36.0,2033-10-07,Two year,Bank transfer,58,117.02,6787.16,0
CUST-5663,M,17.0,2033-10-08,One year,Mailed check,68,104.35,7095.799999999999,0
CUST-5664,F,49.0,INVALID_DATE,Two year,Electronic check,69,50.2,3463.8,0
CUST-5665,M,10.0,2033-10-10,Two year,Credit card,40,40.86,1634.4,0
CUST-5666,F,52.0,2033-10-11,One year,Bank transfer,47,53.4,2509.7999999999997,0
CUST-5667,Female,23.0,INVALID_DATE,1 Year,Credit card,43,63.12,,0
CUST-5668,female,57.0,2033-10-13,Month-to-month,Credit card,61,102.11,6228.71,0
CUST-5669,F,45.0,2033-10-14,1 Year,Electronic check,42,43.92,1844.64,0
CUST-5670,Male,52.0,15-Oct-2033,Month-to-month,Credit card,62,92.08,5708.96,0
CUST-5671,M,30.0,INVALID_DATE,One year,Bank transfer,67,112.93,7566.31,1
CUST-5672,Female,24.0,10/17/2033,month-to-month,Bank transfer,55,57.95,3187.25,0
CUST-5673,Male,19.0,INVALID_DATE,1 Year,Mailed check,49,22.6,1107.4,0
CUST-5674,Female,53.0,2033-10-19,Two year, ,49,102.76,5035.240000000001,0
CUST-5675,female,48.0,2033-10-20,1 Year,Electronic check,33,90.84,2997.7200000000003,0
CUST-5676,M,48.0,10/21/2033,One year,Credit card,28,34.91,977.4799999999999,0
CUST-5677,  Male  ,43.0,10/22/2033,month-to-month,Bank transfer,57,79.69,4542.33,1
CUST-5678,M,,23-Oct-2033,month-to-month,Bank transfer,41,102.48,4201.68,0
CUST-5679,female,37.0,2033-10-24,1 Year,Mailed check,4,38.1,152.4,1
CUST-5680,M,44.0,2033-10-25,1 Year,Credit card,20,42.29,,0
CUST-5681,  Male  ,30.0,2033-10-26,1 Year,Bank transfer,35,40.18,1406.3,0
CUST-5682,F,36.0,27-Oct-2033,One year,Electronic check,53,119.75,6346.75,0
CUST-5683,Female,77.0,INVALID_DATE,Month-to-month,Mailed check,39,42.95,1675.0500000000002,0
CUST-5684,  Male  ,40.0,10/29/2033,Month-to-month,Electronic check,53,46.69,2474.5699999999997,0
CUST-5685,Male,16.0,30-Oct-2033,Two year,Mailed check,10,24.79,,0
CUST-5686,female,35.0,31-Oct-2033,One year,Electronic check,65,118.33,7691.45,0
CUST-5687,F,27.0,2033-11-01,month-to-month,Credit card,1,44.68,44.68,0
CUST-5688,Male,42.0,11/02/2033,Two year,Bank transfer,53,92.52,4903.5599999999995,0
CUST-5689,Male,29.0,INVALID_DATE,month-to-month,Electronic check,46,22.64,1041.44,0
CUST-5690,female,37.0,2033-11-04,month-to-month,Credit card,26,98.34,2556.84,0
CUST-5691,F,31.0,05-Nov-2033,1 Year,Electronic check,2,95.06,190.12,0
CUST-5692,Male,42.0,06-Nov-2033,month-to-month, ,28,28.42,795.76,0
CUST-5693,Male,32.0,11/07/2033,month-to-month,Mailed check,27,32.26,871.02,1
CUST-5694,F,44.0,11/08/2033,One year,Credit card,28,49.51,1386.28,1
CUST-5695,M,63.0,11/09/2033,1 Year,Electronic check,31,55.47,1719.57,1
CUST-5696,Male,26.0,2033-11-10,1 Year,Bank transfer,47,98.35,4622.45,0
CUST-5697,Female,49.0,11-Nov-2033,Two year,Mailed check,7,26.12,182.84,0
CUST-5698,F,11.0,11/12/2033,1 Year,Mailed check,48,85.02,4080.96,0
CUST-5699,Male,,INVALID_DATE,Month-to-month,Credit card,26,42.85,1114.1000000000001,1
CUST-5700,female,43.0,11/14/2033,One year,Electronic check,55,58.25,3203.75,0
CUST-5701,  Male  ,31.0,11/15/2033,Two year,Credit card,7,20.22,141.54,0
CUST-5702,Female,19.0,2033-11-16,Month-to-month,Mailed check,57,49.11,2799.27,0
CUST-5703,  Male  ,40.0,2033-11-17,month-to-month,Bank transfer,58,37.13,2153.54,0
CUST-5704,  Male  ,58.0,2033-11-18,Month-to-month,Credit card,1,70.4,70.4,1
CUST-5705,Male,,2033-11-19,Two year,Electronic check,29,35.82,1038.78,0
CUST-5706,Female,47.0,11/20/2033,1 Year,Credit card,22,103.58,2278.7599999999998,0
CUST-5707,Female,54.0,21-Nov-2033,One year,Credit card,40,108.29,4331.6,0
CUST-5708,M,70.0,INVALID_DATE,Two year,Credit card,62,104.53,6480.86,0
CUST-5709,  Male  ,,INVALID_DATE,Month-to-month,Bank transfer,14,118.18,1654.52,1
CUST-5710,Female,29.0,24-Nov-2033,Month-to-month,Electronic check,2,111.46,222.92,1
CUST-5711,M,36.0,INVALID_DATE,Two year,Electronic check,35,47.98,1679.3,0
CUST-5712,F,47.0,11/26/2033,Two year,Mailed check,71,51.45,,0
CUST-5713,M,12.0,27-Nov-2033,Two year,Mailed check,67,73.27,4909.09,0
CUST-5714,female,48.0,2033-11-28,1 Year,Credit card,22,58.5,,0
CUST-5715,Male,42.0,2033-11-29,Two year,Mailed check,18,116.99,2105.8199999999997,1
CUST-5716,F,34.0,2033-11-30,month-to-month,Electronic check,46,53.95,2481.7000000000003,0
CUST-5717,F,45.0,12/01/2033,One year,Credit card,63,94.01,5922.63,0
CUST-5718,female,51.0,2033-12-02,One year,Mailed check,36,77.54,2791.44,0
CUST-5719,M,52.0,2033-12-03,month-to-month,Bank transfer,46,115.65,5319.900000000001,0
CUST-5720,Male,40.0,2033-12-04,Month-to-month,Mailed check,37,94.45,,0
CUST-5721,M,44.0,INVALID_DATE,Month-to-month,Bank transfer,18,50.36,906.48,0
CUST-5722,Female,43.0,06-Dec-2033,Month-to-month,Mailed check,43,39.71,1707.53,0
CUST-5723,M,55.0,INVALID_DATE,Month-to-month,Electronic check,29,105.46,3058.3399999999997,0
CUST-5724,F,45.0,12/08/2033,1 Year,Mailed check,18,111.1,,1
CUST-5725,Male,,12/09/2033,month-to-month,Bank transfer,15,103.11,1546.65,1
CUST-5726,M,51.0,12/10/2033,One year,Bank transfer,59,93.74,5530.66,0
CUST-5727,Male,64.0,INVALID_DATE,month-to-month,Mailed check,28,52.17,1460.76,0
CUST-5728,Male,33.0,12-Dec-2033,One year, ,53,70.54,3738.6200000000003,0
CUST-5729,Female,60.0,2033-12-13,Month-to-month,Bank transfer,15,111.57,1673.55,1
CUST-5730,Female,70.0,12/14/2033,1 Year,Electronic check,43,33.49,1440.0700000000002,0
CUST-5731,F,34.0,12/15/2033,Two year,Mailed check,33,69.49,2293.1699999999996,1
CUST-5732,female,37.0,INVALID_DATE,Two year,Bank transfer,2,55.55,111.1,1
CUST-5733,Male,35.0,2033-12-17,Month-to-month, ,59,87.75,5177.25,0
CUST-5734,female,48.0,2033-12-18,Month-to-month,Mailed check,8,83.41,,1
CUST-5735,F,18.0,INVALID_DATE,month-to-month,Credit card,33,76.01,2508.3300000000004,0
CUST-5736,Male,34.0,INVALID_DATE,1 Year,Mailed check,35,47.96,1678.6000000000001,0
CUST-5737,Male,37.0,INVALID_DATE,1 Year,Mailed check,18,35.96,647.28,1
CUST-5738,  Male  ,36.0,22-Dec-2033,month-to-month,Mailed check,21,98.43,2067.03,0
CUST-5739,female,36.0,12/23/2033,1 Year,Electronic check,64,119.17,7626.88,0
CUST-5740,M,34.0,12/24/2033,1 Year,Mailed check,28,36.91,1033.48,0
CUST-5741,Female,49.0,12/25/2033,Two year,Electronic check,45,27.58,1241.1,0
CUST-5742,M,46.0,26-Dec-2033,1 Year,Mailed check,20,94.57,1891.3999999999999,0
CUST-5743,female,60.0,INVALID_DATE,Month-to-month,Credit card,4,54.39,,0
CUST-5744,Female,49.0,12/28/2033,Two year,Credit card,36,41.3,,1
CUST-5745,M,27.0,12/29/2033,Month-to-month,Bank transfer,52,72.51,3770.5200000000004,0
CUST-5746,  Male  ,38.0,12/30/2033,Month-to-month, ,39,87.52,3413.2799999999997,1
CUST-5747,Female,37.0,31-Dec-2033,month-to-month,Credit card,71,41.48,2945.08,0
CUST-5748,Male,43.0,INVALID_DATE,1 Year,Credit card,12,119.45,1433.4,1
CUST-5749,M,53.0,01/02/2034,1 Year,Mailed check,55,52.82,2905.1,0
CUST-5750,Female,42.0,01/03/2034,1 Year,Bank transfer,48,51.5,2472.0,0
CUST-5751,  Male  ,42.0,04-Jan-2034,1 Year,Electronic check,9,62.3,560.6999999999999,1
CUST-5752,Female,40.0,INVALID_DATE,Two year,Credit card,12,94.5,1134.0,1
CUST-5753,Female,50.0,INVALID_DATE,One year,Credit card,69,107.33,7405.7699999999995,0
CUST-5754,  Male  ,33.0,01/07/2034,Month-to-month,Electronic check,57,52.4,2986.7999999999997,0
CUST-5755,M,23.0,2034-01-08,One year, ,28,31.87,892.36,0
CUST-5756,F,48.0,09-Jan-2034,One year,Electronic check,17,45.61,775.37,0
CUST-5757,M,45.0,2034-01-10,One year,Electronic check,22,28.43,625.46,0
CUST-5758,female,,2034-01-11,Two year,Bank transfer,35,83.03,2906.05,0
CUST-5759,  Male  ,11.0,01/12/2034,One year,Electronic check,59,94.07,5550.129999999999,0
CUST-5760,M,39.0,01/13/2034,Two year,Electronic check,19,62.93,1195.67,0
CUST-5761,Female,41.0,01/14/2034,month-to-month,Electronic check,50,115.28,5764.0,1
CUST-5762,  Male  ,22.0,15-Jan-2034,month-to-month,Electronic check,26,92.75,2411.5,1
CUST-5763,Male,39.0,16-Jan-2034,month-to-month,Credit card,60,57.97,3478.2,0
CUST-5764,M,54.0,17-Jan-2034,Two year,Electronic check,44,30.22,1329.6799999999998,0
CUST-5765,  Male  ,65.0,2034-01-18,Two year,Credit card,56,69.37,3884.7200000000003,0
CUST-5766,M,52.0,19-Jan-2034,Month-to-month,Mailed check,43,70.38,3026.3399999999997,0
CUST-5767,  Male  ,36.0,INVALID_DATE,One year,Mailed check,23,75.06,1726.38,1
CUST-5768,Female,55.0,21-Jan-2034,1 Year,Electronic check,22,88.24,1941.28,0
CUST-5769,Male,51.0,01/22/2034,1 Year,Bank transfer,47,46.44,2182.68,0
CUST-5770,Male,34.0,2034-01-23,One year,Bank transfer,55,20.25,1113.75,0
CUST-5771,female,33.0,24-Jan-2034,1 Year,Credit card,11,101.28,1114.08,0
CUST-5772,  Male  ,38.0,01/25/2034,1 Year,Credit card,55,102.35,5629.25,0
CUST-5773,M,27.0,01/26/2034,1 Year,Mailed check,26,111.16,2890.16,1
CUST-5774,Male,36.0,INVALID_DATE,Two year,Credit card,1,116.9,116.9,1
CUST-5775,Male,46.0,INVALID_DATE,Two year,Bank transfer,62,35.92,2227.04,1
CUST-5776,F,52.0,29-Jan-2034,Two year,Mailed check,21,55.39,1163.19,0
CUST-5777,F,35.0,2034-01-30,One year,Electronic check,8,105.14,841.12,1
CUST-5778,Male,57.0,2034-01-31,month-to-month,Credit card,20,113.4,2268.0,1
CUST-5779,  Male  ,48.0,01-Feb-2034,1 Year,Electronic check,45,21.45,965.25,0
CUST-5780,female,48.0,02-Feb-2034,Month-to-month,Credit card,65,58.75,3818.75,0
CUST-5781,Male,29.0,03-Feb-2034,Two year,Bank transfer,60,31.34,1880.4,0
CUST-5782,Female,62.0,2034-02-04,Month-to-month,Credit card,67,98.85,6622.95,1
CUST-5783,M,47.0,INVALID_DATE,1 Year,Bank transfer,56,94.71,5303.759999999999,0
CUST-5784,female,36.0,2034-02-06,month-to-month,Bank transfer,31,95.43,2958.3300000000004,1
CUST-5785,Female,34.0,02/07/2034,Month-to-month,Electronic check,22,59.02,1298.44,0
CUST-5786,female,36.0,INVALID_DATE,1 Year,Credit card,62,60.62,3758.44,0
CUST-5787,Female,28.0,02/09/2034,1 Year,Electronic check,56,46.19,,0
CUST-5788,M,,2034-02-10,Two year,Bank transfer,8,56.09,448.72,0
CUST-5789,M,29.0,02/11/2034,month-to-month,Bank transfer,62,118.31,7335.22,0
CUST-5790,F,,2034-02-12,1 Year,Bank transfer,24,24.66,591.84,0
CUST-5791,  Male  ,35.0,INVALID_DATE,month-to-month,Bank transfer,22,52.4,1152.8,0
CUST-5792,Female,48.0,INVALID_DATE,Two year,Mailed check,15,98.99,,0
CUST-5793,F,50.0,INVALID_DATE,Month-to-month,Bank transfer,28,58.23,1630.4399999999998,1
CUST-5794,Female,32.0,02/16/2034,One year,Credit card,22,115.0,2530.0,1
CUST-5795,F,,17-Feb-2034,One year,Bank transfer,31,53.21,1649.51,0
CUST-5796,M,23.0,INVALID_DATE,One year,Mailed check,62,104.98,6508.76,0
CUST-5797,female,60.0,2034-02-19,month-to-month,Credit card,69,101.51,7004.1900000000005,0
CUST-5798,F,53.0,02/20/2034,One year,Mailed check,39,20.92,815.8800000000001,0
CUST-5799,Female,,INVALID_DATE,Month-to-month,Mailed check,40,60.3,2412.0,0
CUST-5800,Female,30.0,22-Feb-2034,1 Year,Credit card,69,48.06,,0
CUST-5801,  Male  ,38.0,INVALID_DATE,month-to-month,Mailed check,55,67.96,3737.7999999999997,0
CUST-5802,M,40.0,02/24/2034,Month-to-month,Bank transfer,71,66.28,4705.88,0
CUST-5803,Female,32.0,02/25/2034,month-to-month,Electronic check,64,110.55,7075.2,0
CUST-5804,Male,26.0,26-Feb-2034,month-to-month,Electronic check,8,38.36,306.88,0
CUST-5805,female,45.0,27-Feb-2034,month-to-month,Electronic check,71,38.22,,0
CUST-5806,F,61.0,2034-02-28,Two year,Credit card,44,30.81,1355.6399999999999,0
CUST-5807,  Male  ,41.0,INVALID_DATE,1 Year,Credit card,38,93.87,3567.0600000000004,0
CUST-5808,female,36.0,03/02/2034,One year,Credit card,21,111.79,2347.59,1
CUST-5809,M,35.0,03-Mar-2034,Two year,Electronic check,4,56.85,227.4,1
CUST-5810,  Male  ,27.0,03/04/2034,1 Year,Electronic check,32,26.18,837.76,0
CUST-5811,F,32.0,05-Mar-2034,One year,Credit card,55,35.6,1958.0,0
CUST-5812,F,54.0,2034-03-06,Two year,Electronic check,60,30.24,1814.3999999999999,0
CUST-5813,Male,15.0,INVALID_DATE,Two year, ,59,79.23,4674.570000000001,0
CUST-5814,M,41.0,08-Mar-2034,Month-to-month,Mailed check,67,48.23,3231.41,0
CUST-5815,  Male  ,40.0,03/09/2034,Two year,Electronic check,5,109.74,548.6999999999999,1
CUST-5816,  Male  ,41.0,03/10/2034,month-to-month,Credit card,37,36.23,1340.51,0
CUST-5817,Female,49.0,2034-03-11,Two year,Bank transfer,27,113.02,3051.54,1
CUST-5818,Male,41.0,2034-03-12,month-to-month,Bank transfer,13,53.27,,0
CUST-5819,Male,35.0,13-Mar-2034,1 Year,Electronic check,6,106.73,640.38,0
CUST-5820,  Male  ,32.0,INVALID_DATE,1 Year,Bank transfer,65,114.9,,1
CUST-5821,  Male  ,56.0,15-Mar-2034,month-to-month,Credit card,30,118.64,3559.2,0
CUST-5822,female,52.0,03/16/2034,Month-to-month,Mailed check,52,100.36,5218.72,0
CUST-5823,female,75.0,17-Mar-2034,Month-to-month,Mailed check,41,30.17,1236.97,0
CUST-5824,female,37.0,2034-03-18,1 Year,Credit card,15,25.54,383.09999999999997,0
CUST-5825,Male,32.0,19-Mar-2034,Two year,Bank transfer,5,93.97,469.85,0
CUST-5826,Female,45.0,2034-03-20,1 Year,Electronic check,15,109.7,1645.5,1
CUST-5827,F,45.0,03/21/2034,1 Year,Mailed check,1,36.61,36.61,0
CUST-5828,female,48.0,INVALID_DATE,month-to-month,Bank transfer,15,114.11,1711.65,0
CUST-5829,Female,50.0,23-Mar-2034,Month-to-month,Bank transfer,60,81.02,4861.2,0
CUST-5830,M,48.0,2034-03-24,month-to-month,Mailed check,48,32.4,1555.1999999999998,0
CUST-5831,female,,25-Mar-2034,1 Year,Mailed check,54,36.7,1981.8000000000002,0
CUST-5832,F,54.0,2034-03-26,One year,Electronic check,55,26.6,1463.0,0
CUST-5833,M,55.0,2034-03-27,Two year,Credit card,27,34.32,926.64,0
CUST-5834,M,13.0,2034-03-28,1 Year,Bank transfer,30,93.21,2796.2999999999997,1
CUST-5835,F,43.0,29-Mar-2034,month-to-month,Electronic check,60,41.88,2512.8,0
CUST-5836,female,,2034-03-30,One year,Mailed check,66,76.17,5027.22,0
CUST-5837,Male,53.0,31-Mar-2034,One year,Credit card,46,92.11,4237.06,0
CUST-5838,F,13.0,2034-04-01,1 Year,Credit card,52,109.53,5695.56,0
CUST-5839,F,,INVALID_DATE,Month-to-month,Bank transfer,35,78.99,2764.6499999999996,1
CUST-5840,F,30.0,2034-04-03,One year,Credit card,42,76.97,3232.74,0
CUST-5841,M,27.0,04-Apr-2034,Two year,Mailed check,56,111.28,6231.68,0
CUST-5842,Female,44.0,05-Apr-2034,month-to-month, ,45,49.49,2227.05,0
CUST-5843,Male,36.0,06-Apr-2034,month-to-month,Mailed check,52,40.37,,0
CUST-5844,female,61.0,04/07/2034,month-to-month,Electronic check,23,107.28,2467.44,0
CUST-5845,female,56.0,INVALID_DATE,1 Year,Mailed check,29,27.45,796.05,0
CUST-5846,Female,34.0,INVALID_DATE,month-to-month,Electronic check,29,38.97,1130.1299999999999,0
CUST-5847,F,53.0,INVALID_DATE,month-to-month,Mailed check,57,61.13,3484.4100000000003,0
CUST-5848,Male,33.0,04/11/2034,Two year,Mailed check,19,56.13,1066.47,1
CUST-5849,female,33.0,04/12/2034,Month-to-month,Credit card,8,90.61,724.88,0
CUST-5850,  Male  ,49.0,INVALID_DATE,1 Year,Bank transfer,50,29.18,1459.0,0
CUST-5851,female,,2034-04-14,1 Year,Mailed check,7,67.72,474.03999999999996,0
CUST-5852,F,35.0,2034-04-15,month-to-month,Credit card,11,100.86,1109.46,1
CUST-5853,  Male  ,36.0,INVALID_DATE,Two year,Credit card,67,88.33,5918.11,0
CUST-5854,Female,44.0,2034-04-17,One year,Bank transfer,66,83.16,5488.5599999999995,0
CUST-5855,Male,29.0,18-Apr-2034,month-to-month,Credit card,28,43.94,1230.32,0
CUST-5856,Female,59.0,04/19/2034,month-to-month,Credit card,56,59.36,3324.16,0
CUST-5857,Female,29.0,INVALID_DATE,1 Year,Bank transfer,28,38.07,1065.96,0
CUST-5858,Male,32.0,2034-04-21,1 Year, ,40,70.89,2835.6,0
CUST-5859,Male,61.0,INVALID_DATE,month-to-month,Bank transfer,2,78.42,156.84,0
CUST-5860,female,43.0,INVALID_DATE,1 Year,Bank transfer,61,83.12,5070.320000000001,0
CUST-5861,female,63.0,24-Apr-2034,Two year,Mailed check,25,107.6,2690.0,1
CUST-5862,Male,37.0,04/25/2034,One year,Mailed check,54,26.18,1413.72,0
CUST-5863,  Male  ,70.0,04/26/2034,One year,Electronic check,17,58.83,1000.11,0
CUST-5864,M,47.0,INVALID_DATE,One year,Bank transfer,48,79.1,3796.7999999999997,0
CUST-5865,female,31.0,28-Apr-2034,month-to-month,Bank transfer,12,77.01,924.1200000000001,1
CUST-5866,M,,2034-04-29,month-to-month,Electronic check,61,22.17,1352.3700000000001,0
CUST-5867,  Male  ,23.0,04/30/2034,month-to-month,Mailed check,2,38.93,77.86,0
CUST-5868,Male,24.0,INVALID_DATE,Two year,Bank transfer,65,104.57,6797.049999999999,0
CUST-5869,  Male  ,32.0,2034-05-02,One year,Electronic check,52,71.54,3720.0800000000004,0
CUST-5870,female,28.0,INVALID_DATE,1 Year,Mailed check,34,61.36,2086.24,0
CUST-5871,Female,9.0,2034-05-04,1 Year,Credit card,45,110.02,4950.9,0
CUST-5872,Male,50.0,2034-05-05,Month-to-month,Electronic check,1,27.5,27.5,0
CUST-5873,F,49.0,2034-05-06,Month-to-month,Electronic check,52,112.23,5835.96,0
CUST-5874,M,44.0,2034-05-07,1 Year,Bank transfer,67,22.78,1526.26,0
CUST-5875,  Male  ,26.0,2034-05-08,One year,Credit card,56,76.27,,0
CUST-5876,Male,60.0,2034-05-09,month-to-month,Mailed check,58,75.51,4379.58,0
CUST-5877,  Male  ,38.0,10-May-2034,1 Year,Credit card,50,83.91,4195.5,0
CUST-5878,Male,,2034-05-11,1 Year,Bank transfer,25,22.96,,0
CUST-5879,female,43.0,2034-05-12,Month-to-month,Bank transfer,12,73.05,876.5999999999999,1
CUST-5880,female,42.0,05/13/2034,One year,Mailed check,65,31.36,2038.3999999999999,0
CUST-5881,female,10.0,05/14/2034,1 Year,Mailed check,56,35.6,,0
CUST-5882,  Male  ,40.0,2034-05-15,month-to-month,Mailed check,50,41.54,2077.0,0
CUST-5883,F,41.0,INVALID_DATE,month-to-month,Bank transfer,28,81.32,2276.96,1
CUST-5884,female,35.0,05/17/2034,Two year,Mailed check,3,59.01,177.03,1
CUST-5885,Male,24.0,18-May-2034,month-to-month,Mailed check,38,28.53,1084.14,0
CUST-5886,female,24.0,19-May-2034,1 Year,Mailed check,64,48.9,3129.6,0
CUST-5887,Female,46.0,20-May-2034,1 Year,Electronic check,54,27.66,1493.64,0
CUST-5888,female,49.0,05/21/2034,month-to-month,Mailed check,36,86.41,3110.7599999999998,0
CUST-5889,  Male  ,35.0,22-May-2034,Month-to-month,Bank transfer,44,75.75,3333.0,0
CUST-5890,F,45.0,23-May-2034,One year,Electronic check,44,60.77,2673.88,0
CUST-5891,Female,35.0,INVALID_DATE,1 Year,Bank transfer,69,112.77,7781.13,0
CUST-5892,  Male  ,30.0,INVALID_DATE,month-to-month,Credit card,53,71.87,3809.11,0
CUST-5893,  Male  ,43.0,05/26/2034,month-to-month,Electronic check,13,108.75,1413.75,0
CUST-5894,  Male  ,26.0,2034-05-27,1 Year,Mailed check,44,77.91,3428.04,0
CUST-5895,Male,,INVALID_DATE,Two year,Electronic check,4,57.68,230.72,1
CUST-5896,  Male  ,23.0,2034-05-29,One year,Bank transfer,70,73.9,5173.0,0
CUST-5897,Male,,INVALID_DATE,1 Year,Electronic check,51,35.19,1794.6899999999998,0
CUST-5898,  Male  ,42.0,INVALID_DATE,month-to-month,Credit card,70,87.48,6123.6,0
CUST-5899,M,41.0,INVALID_DATE,Two year,Mailed check,11,118.21,1300.31,1
CUST-5900,Female,58.0,INVALID_DATE,1 Year,Mailed check,54,44.74,2415.96,0
CUST-5901,M,8.0,2034-06-03,One year,Credit card,62,52.32,,0
CUST-5902,  Male  ,45.0,06/04/2034,Two year,Bank transfer,59,60.61,3575.99,0
CUST-5903,Female,37.0,2034-06-05,month-to-month,Electronic check,61,68.35,4169.349999999999,0
CUST-5904,Female,,06-Jun-2034,Month-to-month,Bank transfer,40,91.91,3676.3999999999996,0
CUST-5905,F,41.0,2034-06-07,One year,Bank transfer,4,33.67,134.68,0
CUST-5906,M,39.0,08-Jun-2034,Two year,Bank transfer,27,50.25,,0
CUST-5907,F,26.0,2034-06-09,1 Year,Mailed check,16,73.87,1181.92,1
CUST-5908,Female,32.0,2034-06-10,1 Year,Electronic check,7,78.96,552.7199999999999,0
CUST-5909,Male,78.0,INVALID_DATE,Two year,Mailed check,11,73.66,810.26,1
CUST-5910,Female,47.0,2034-06-12,1 Year,Mailed check,64,63.55,4067.2,1
CUST-5911,F,53.0,INVALID_DATE,Two year,Mailed check,52,91.15,4739.8,0
CUST-5912,M,36.0,06/14/2034,One year,Electronic check,6,40.45,242.70000000000002,0
CUST-5913,  Male  ,30.0,2034-06-15,1 Year,Credit card,48,48.27,2316.96,0
CUST-5914,  Male  ,49.0,INVALID_DATE,One year,Mailed check,69,64.45,4447.05,1
CUST-5915,M,17.0,17-Jun-2034,month-to-month,Mailed check,6,89.55,537.3,1
CUST-5916,  Male  ,32.0,INVALID_DATE,month-to-month,Mailed check,61,28.24,1722.6399999999999,0
CUST-5917,  Male  ,36.0,19-Jun-2034,month-to-month,Electronic check,66,31.57,2083.62,0
CUST-5918,F,51.0,2034-06-20,month-to-month,Electronic check,53,98.24,5206.719999999999,0
CUST-5919,M,45.0,06/21/2034,1 Year,Bank transfer,28,46.1,1290.8,1
CUST-5920,female,34.0,2034-06-22,Two year,Mailed check,5,116.35,581.75,1
CUST-5921,Male,44.0,2034-06-23,1 Year,Mailed check,58,116.14,6736.12,0
CUST-5922,Male,36.0,INVALID_DATE,1 Year,Electronic check,24,88.59,2126.16,1
CUST-5923,  Male  ,53.0,25-Jun-2034,One year,Electronic check,31,91.69,2842.39,0
CUST-5924,Male,43.0,06/26/2034,Two year,Mailed check,41,85.1,3489.1,0
CUST-5925,M,61.0,27-Jun-2034,Month-to-month,Credit card,68,37.73,2565.64,0
CUST-5926,M,37.0,06/28/2034,Month-to-month,Bank transfer,46,70.05,3222.2999999999997,0
CUST-5927,Female,55.0,2034-06-29,Two year,Bank transfer,10,99.3,993.0,1
CUST-5928,Female,41.0,INVALID_DATE,Month-to-month,Mailed check,37,97.47,3606.39,0
CUST-5929,Male,32.0,01-Jul-2034,Two year,Bank transfer,21,109.88,2307.48,0
CUST-5930,female,,2034-07-02,One year, ,21,110.08,2311.68,1
CUST-5931,Female,56.0,2034-07-03,One year,Mailed check,10,46.15,461.5,0
CUST-5932,Female,43.0,INVALID_DATE,1 Year,Bank transfer,24,92.17,2212.08,0
CUST-5933,M,49.0,05-Jul-2034,Month-to-month,Electronic check,12,85.13,1021.56,0
CUST-5934,female,27.0,2034-07-06,Two year,Mailed check,20,108.58,2171.6,0
CUST-5935,  Male  ,,INVALID_DATE,One year,Electronic check,70,38.35,2684.5,0
CUST-5936,Male,53.0,07/08/2034,1 Year,Mailed check,8,93.98,751.84,0
CUST-5937,Female,40.0,2034-07-09,Month-to-month,Electronic check,5,62.33,311.65,1
CUST-5938,female,,07/10/2034,Month-to-month,Bank transfer,54,59.45,3210.3,0
CUST-5939,female,37.0,2034-07-11,Month-to-month, ,36,23.58,848.8799999999999,0
CUST-5940,Male,42.0,INVALID_DATE,One year,Electronic check,38,116.15,4413.7,0
CUST-5941,female,37.0,07/13/2034,One year,Electronic check,3,87.58,262.74,1
CUST-5942,female,16.0,INVALID_DATE,Month-to-month,Credit card,36,79.07,2846.5199999999995,0
CUST-5943,female,57.0,15-Jul-2034,One year,Credit card,22,45.12,992.64,1
CUST-5944,Female,39.0,2034-07-16,Month-to-month,Electronic check,8,85.84,686.72,1
CUST-5945,Male,62.0,17-Jul-2034,month-to-month,Electronic check,61,114.56,6988.16,1
CUST-5946,female,19.0,18-Jul-2034,One year,Electronic check,7,36.33,254.31,1
CUST-5947,female,19.0,07/19/2034,Two year,Mailed check,68,118.38,8049.84,0
CUST-5948,Female,37.0,2034-07-20,One year,Electronic check,62,62.74,3889.88,0
CUST-5949,Male,52.0,21-Jul-2034,Month-to-month,Electronic check,19,117.82,2238.58,0
CUST-5950,M,25.0,2034-07-22,Two year,Credit card,47,83.39,3919.33,0
CUST-5951,Female,25.0,INVALID_DATE,1 Year,Credit card,24,52.41,1257.84,0
CUST-5952,Male,44.0,07/24/2034,Two year,Mailed check,6,57.44,344.64,0
CUST-5953,female,,25-Jul-2034,Two year,Mailed check,8,49.06,392.48,0
CUST-5954,Male,47.0,INVALID_DATE,One year,Bank transfer,25,53.48,1337.0,0
CUST-5955,Male,36.0,INVALID_DATE,Two year,Electronic check,41,84.65,3470.65,0
CUST-5956,  Male  ,45.0,07/28/2034,Two year,Electronic check,58,21.66,1256.28,0
CUST-5957,Male,56.0,INVALID_DATE,Month-to-month, ,60,116.76,7005.6,0
CUST-5958,M,25.0,INVALID_DATE,One year,Bank transfer,3,96.85,290.54999999999995,1
CUST-5959,Male,54.0,31-Jul-2034,Month-to-month,Electronic check,9,114.1,1026.8999999999999,1
CUST-5960,M,20.0,INVALID_DATE,One year,Bank transfer,52,91.75,4771.0,0
CUST-5961,female,47.0,08/02/2034,1 Year,Mailed check,58,68.1,3949.7999999999997,0
CUST-5962,M,57.0,INVALID_DATE,Two year, ,60,38.97,2338.2,0
CUST-5963,female,34.0,2034-08-04,One year,Electronic check,49,71.63,3509.87,1
CUST-5964,female,48.0,INVALID_DATE,Two year,Mailed check,5,91.17,455.85,0
CUST-5965,M,34.0,INVALID_DATE,Two year,Electronic check,62,105.42,6536.04,0
CUST-5966,Female,47.0,INVALID_DATE,month-to-month,Mailed check,32,52.41,1677.12,0
CUST-5967,F,13.0,INVALID_DATE,Month-to-month,Mailed check,27,71.05,1918.35,0
CUST-5968,Male,42.0,09-Aug-2034,One year,Bank transfer,24,82.0,1968.0,0
CUST-5969,  Male  ,45.0,10-Aug-2034,1 Year,Credit card,38,78.86,2996.68,0
CUST-5970,F,,2034-08-11,month-to-month,Credit card,67,25.24,1691.08,0
CUST-5971,Male,51.0,12-Aug-2034,Month-to-month,Mailed check,16,68.34,,0
CUST-5972,Male,38.0,08/13/2034,1 Year,Bank transfer,15,100.9,1513.5,1
CUST-5973,female,43.0,14-Aug-2034,1 Year,Mailed check,25,100.23,2505.75,0
CUST-5974,Male,23.0,15-Aug-2034,Two year,Bank transfer,4,70.71,282.84,0
CUST-5975,  Male  ,60.0,16-Aug-2034,Month-to-month,Bank transfer,32,115.24,3687.68,1
CUST-5976,Male,48.0,08/17/2034,month-to-month,Credit card,45,102.62,4617.900000000001,1
CUST-5977,M,18.0,2034-08-18,One year,Credit card,56,93.73,5248.88,0
CUST-5978,F,43.0,INVALID_DATE,One year,Bank transfer,35,71.56,,0
CUST-5979,M,44.0,08/20/2034,month-to-month,Credit card,53,79.07,4190.71,0
CUST-5980,  Male  ,31.0,08/21/2034,Two year,Bank transfer,30,42.32,1269.6,0
CUST-5981,Male,41.0,22-Aug-2034,Two year,Electronic check,49,73.24,3588.7599999999998,0
CUST-5982,  Male  ,30.0,23-Aug-2034,1 Year,Mailed check,52,72.6,3775.2,0
CUST-5983,female,23.0,2034-08-24,Month-to-month,Credit card,2,40.28,80.56,0
CUST-5984,M,33.0,25-Aug-2034,1 Year,Mailed check,59,115.11,6791.49,0
CUST-5985,M,42.0,08/26/2034,One year, ,37,44.48,,0
CUST-5986,Female,51.0,27-Aug-2034,month-to-month,Mailed check,29,30.42,882.1800000000001,0
CUST-5987,Male,41.0,28-Aug-2034,Month-to-month,Mailed check,30,66.7,2001.0,0
CUST-5988,female,51.0,2034-08-29,month-to-month,Credit card,22,88.61,1949.42,0
CUST-5989,M,48.0,08/30/2034,Month-to-month,Credit card,19,39.52,750.8800000000001,0
CUST-5990,M,28.0,08/31/2034,One year,Credit card,67,38.29,2565.43,0
CUST-5991,female,48.0,INVALID_DATE,One year,Credit card,18,46.15,830.6999999999999,0
CUST-5992,  Male  ,,INVALID_DATE,Month-to-month,Bank transfer,65,50.27,3267.55,0
CUST-5993,  Male  ,61.0,2034-09-03,Two year,Credit card,5,44.62,223.1,0
CUST-5994,Male,45.0,09/04/2034,Month-to-month, ,11,67.07,737.77,1
CUST-5995,Female,25.0,09/05/2034,One year,Credit card,58,21.83,,0
CUST-5996,M,33.0,06-Sep-2034,month-to-month,Electronic check,18,28.75,,0
CUST-5997,Female,18.0,2034-09-07,1 Year,Mailed check,56,92.94,5204.639999999999,0
CUST-5998,  Male  ,46.0,2034-09-08,month-to-month,Credit card,22,61.23,1347.06,0
CUST-5999,  Male  ,60.0,INVALID_DATE,One year,Credit card,56,56.03,3137.6800000000003,0
CUST-6000,F,11.0,INVALID_DATE,month-to-month,Mailed check,66,21.04,1388.6399999999999,0
CUST-6001,Male,60.0,11-Sep-2034,Two year,Mailed check,23,49.82,1145.86,0
CUST-6002,F,46.0,INVALID_DATE,Two year,Bank transfer,16,102.12,1633.92,1
CUST-6003,F,27.0,2034-09-13,Month-to-month,Mailed check,44,54.04,2377.7599999999998,0
CUST-6004,F,43.0,2034-09-14,month-to-month,Mailed check,68,116.37,7913.16,0
CUST-6005,Male,27.0,INVALID_DATE,month-to-month,Electronic check,14,59.0,826.0,0
CUST-6006,Male,45.0,16-Sep-2034,One year,Bank transfer,9,66.41,597.6899999999999,0
CUST-6007,female,41.0,17-Sep-2034,Month-to-month,Electronic check,16,100.19,1603.04,1
CUST-6008,Female,44.0,INVALID_DATE,Month-to-month,Mailed check,13,118.3,1537.8999999999999,0
CUST-6009,Female,29.0,09/19/2034,month-to-month,Credit card,36,57.16,2057.7599999999998,0
CUST-6010,female,31.0,09/20/2034,1 Year,Bank transfer,44,31.99,,0
CUST-6011,female,46.0,INVALID_DATE,month-to-month,Mailed check,14,72.31,1012.34,1
CUST-6012,  Male  ,34.0,22-Sep-2034,month-to-month,Mailed check,17,79.18,1346.0600000000002,0
CUST-6013,F,42.0,INVALID_DATE,month-to-month,Credit card,65,115.95,7536.75,0
CUST-6014,female,45.0,INVALID_DATE,Two year,Credit card,54,61.39,,0
CUST-6015,M,37.0,2034-09-25,Month-to-month,Credit card,2,29.08,58.16,1
CUST-6016,Female,54.0,26-Sep-2034,Two year, ,17,85.09,,0
CUST-6017,female,38.0,27-Sep-2034,1 Year,Electronic check,23,22.11,508.53,0
CUST-6018,M,37.0,28-Sep-2034,One year,Bank transfer,1,62.54,62.54,1
CUST-6019,M,32.0,INVALID_DATE,1 Year,Credit card,12,60.96,731.52,1
CUST-6020,M,52.0,09/30/2034,Month-to-month,Bank transfer,13,45.48,591.24,1
CUST-6021,  Male  ,32.0,INVALID_DATE,One year,Credit card,12,116.43,,1
CUST-6022,  Male  ,55.0,02-Oct-2034,1 Year,Electronic check,57,60.34,3439.38,0
CUST-6023,M,42.0,2034-10-03,Month-to-month,Bank transfer,18,109.47,1970.46,0
CUST-6024,  Male  ,,04-Oct-2034,1 Year,Electronic check,15,71.51,1072.65,1
CUST-6025,F,32.0,05-Oct-2034,One year,Electronic check,39,102.05,,1
CUST-6026,M,55.0,06-Oct-2034,One year,Credit card,69,65.14,4494.66,0
CUST-6027,F,46.0,INVALID_DATE,1 Year,Bank transfer,33,119.15,3931.9500000000003,1
CUST-6028,F,34.0,10/08/2034,Two year,Bank transfer,48,84.0,4032.0,1
CUST-6029,M,46.0,2034-10-09,1 Year,Electronic check,5,35.59,177.95000000000002,1
CUST-6030,Female,46.0,2034-10-10,1 Year,Credit card,8,20.64,165.12,0
CUST-6031,M,36.0,10/11/2034,1 Year,Electronic check,19,112.89,2144.91,0
CUST-6032,M,45.0,10/12/2034,Two year,Electronic check,52,88.68,4611.360000000001,0
CUST-6033,  Male  ,54.0,10/13/2034,month-to-month,Electronic check,12,30.63,367.56,0
CUST-6034,M,46.0,2034-10-14,One year,Electronic check,8,94.35,754.8,0
CUST-6035,Female,35.0,2034-10-15,Month-to-month,Bank transfer,55,42.71,2349.05,1
CUST-6036,  Male  ,34.0,16-Oct-2034,One year,Mailed check,34,100.92,3431.28,0
CUST-6037,Male,39.0,INVALID_DATE,One year,Bank transfer,65,80.99,5264.349999999999,0
CUST-6038,Male,53.0,INVALID_DATE,month-to-month,Credit card,47,32.37,1521.3899999999999,0
CUST-6039,F,31.0,INVALID_DATE,One year,Mailed check,35,27.09,948.15,0
CUST-6040,F,,2034-10-20,One year,Electronic check,32,66.61,2131.52,0
CUST-6041,Female,,10/21/2034,Two year,Bank transfer,51,113.69,5798.19,0
CUST-6042,female,47.0,2034-10-22,Two year,Mailed check,6,76.46,458.76,1
CUST-6043,Male,49.0,2034-10-23,Two year,Electronic check,9,95.91,863.1899999999999,1
CUST-6044,F,,2034-10-24,Two year,Bank transfer,40,66.95,2678.0,0
CUST-6045,Male,51.0,2034-10-25,Two year,Mailed check,48,58.41,,0
CUST-6046,Female,35.0,INVALID_DATE,Month-to-month,Bank transfer,26,102.22,2657.72,0
CUST-6047,Female,22.0,27-Oct-2034,month-to-month,Mailed check,37,66.34,2454.58,0
CUST-6048,female,46.0,10/28/2034,1 Year,Credit card,52,34.15,1775.8,0
CUST-6049,female,36.0,2034-10-29,Two year, ,12,47.45,569.4000000000001,1
CUST-6050,  Male  ,44.0,10/30/2034,month-to-month,Bank transfer,38,76.14,2893.32,0
CUST-6051,Female,31.0,10/31/2034,1 Year,Mailed check,68,60.26,4097.68,0
CUST-6052,F,38.0,2034-11-01,One year,Credit card,16,56.64,906.24,0
CUST-6053,Male,20.0,02-Nov-2034,One year,Bank transfer,61,86.88,5299.679999999999,0
CUST-6054,M,27.0,03-Nov-2034,month-to-month,Credit card,24,83.63,2007.12,0
CUST-6055,female,26.0,INVALID_DATE,Month-to-month,Credit card,17,51.4,873.8,0
CUST-6056,M,50.0,INVALID_DATE,Month-to-month,Bank transfer,4,55.94,223.76,0
CUST-6057,F,,06-Nov-2034,month-to-month,Electronic check,50,95.21,4760.5,0
CUST-6058,female,57.0,2034-11-07,Month-to-month,Mailed check,3,112.13,336.39,1
CUST-6059,M,30.0,INVALID_DATE,Month-to-month,Bank transfer,8,52.42,419.36,0
CUST-6060,F,,2034-11-09,One year,Credit card,12,49.19,590.28,1
CUST-6061,Male,17.0,2034-11-10,Month-to-month,Mailed check,35,46.53,1628.55,0
CUST-6062,F,45.0,2034-11-11,Month-to-month,Bank transfer,66,34.15,2253.9,0
CUST-6063,  Male  ,40.0,2034-11-12,month-to-month,Mailed check,53,57.72,3059.16,0
CUST-6064,female,25.0,11/13/2034,Month-to-month,Mailed check,33,71.6,2362.7999999999997,0
CUST-6065,Female,33.0,11/14/2034,Two year,Credit card,18,73.74,1327.32,0
CUST-6066,Male,37.0,2034-11-15,Two year,Electronic check,58,89.1,5167.799999999999,0
CUST-6067,M,43.0,16-Nov-2034,month-to-month,Electronic check,45,25.26,1136.7,0
CUST-6068,female,29.0,11/17/2034,Two year,Mailed check,15,76.14,1142.1,0
CUST-6069,Female,45.0,2034-11-18,One year,Credit card,15,45.5,682.5,0
CUST-6070,F,41.0,2034-11-19,month-to-month,Credit card,45,43.91,1975.9499999999998,0
CUST-6071,Female,49.0,INVALID_DATE,Month-to-month,Bank transfer,68,98.97,6729.96,0
CUST-6072,female,30.0,INVALID_DATE,Two year,Mailed check,69,35.35,2439.15,0
CUST-6073,female,35.0,INVALID_DATE,One year, ,67,52.91,3544.97,0
CUST-6074,  Male  ,57.0,11/23/2034,month-to-month,Credit card,62,83.76,5193.12,0
CUST-6075,  Male  ,29.0,11/24/2034,month-to-month,Mailed check,44,84.29,3708.76,0
CUST-6076,Female,23.0,INVALID_DATE,Month-to-month,Electronic check,20,24.81,496.2,0
CUST-6077,F,,INVALID_DATE,1 Year,Electronic check,39,27.26,1063.14,1
CUST-6078,Female,19.0,2034-11-27,Two year,Bank transfer,39,85.54,3336.0600000000004,0
CUST-6079,female,60.0,28-Nov-2034,One year,Mailed check,1,115.32,,1
CUST-6080,female,37.0,INVALID_DATE,month-to-month,Credit card,67,119.85,8029.95,0
CUST-6081,M,37.0,2034-11-30,Two year,Bank transfer,47,118.71,5579.37,0
CUST-6082,  Male  ,49.0,12/01/2034,One year,Electronic check,54,55.16,2978.64,0
CUST-6083,M,31.0,INVALID_DATE,One year,Credit card,20,44.18,883.6,0
CUST-6084,Male,37.0,12/03/2034,month-to-month,Mailed check,9,29.86,268.74,1
CUST-6085,female,31.0,2034-12-04,Two year, ,28,52.58,1472.24,0
CUST-6086,M,19.0,INVALID_DATE,One year,Credit card,64,47.69,3052.16,0
CUST-6087,Female,41.0,12/06/2034,month-to-month,Electronic check,35,77.68,2718.8,0
CUST-6088,  Male  ,52.0,2034-12-07,Two year,Mailed check,40,56.88,2275.2000000000003,1
CUST-6089,  Male  ,,INVALID_DATE,Two year,Bank transfer,2,43.15,86.3,0
CUST-6090,F,,09-Dec-2034,month-to-month,Credit card,3,81.25,243.75,0
CUST-6091,Female,27.0,10-Dec-2034,Two year,Credit card,14,52.31,732.34,0
CUST-6092,F,31.0,INVALID_DATE,1 Year,Mailed check,68,55.36,3764.48,0
CUST-6093,M,24.0,INVALID_DATE,One year,Electronic check,47,79.84,3752.48,0
CUST-6094,Male,44.0,2034-12-13,One year,Electronic check,54,31.82,1718.28,0
CUST-6095,Female,36.0,12/14/2034,Two year,Electronic check,58,97.42,5650.36,0
CUST-6096,Female,36.0,12/15/2034,month-to-month,Credit card,62,116.54,7225.4800000000005,0
CUST-6097,Female,48.0,INVALID_DATE,Month-to-month,Credit card,51,69.08,3523.08,1
CUST-6098,F,34.0,17-Dec-2034,Two year,Electronic check,48,75.99,3647.5199999999995,0
CUST-6099,M,,12/18/2034,Month-to-month,Credit card,27,58.46,,0
CUST-6100,Female,,INVALID_DATE,Two year,Bank transfer,55,115.67,6361.85,0
CUST-6101,Female,36.0,12/20/2034,Month-to-month,Mailed check,49,33.29,1631.21,0
CUST-6102,  Male  ,21.0,2034-12-21,Two year,Mailed check,24,101.35,2432.3999999999996,1
CUST-6103,Male,48.0,INVALID_DATE,month-to-month,Credit card,10,85.04,850.4000000000001,1
CUST-6104,  Male  ,,23-Dec-2034,Month-to-month,Bank transfer,7,99.15,694.0500000000001,1
CUST-6105,  Male  ,44.0,24-Dec-2034,1 Year,Bank transfer,17,115.05,1955.85,1
CUST-6106,Male,44.0,2034-12-25,month-to-month,Electronic check,22,69.62,1531.64,0
CUST-6107,M,34.0,2034-12-26,Two year,Mailed check,59,48.83,2880.97,0
CUST-6108,  Male  ,38.0,27-Dec-2034,Month-to-month,Mailed check,44,97.95,4309.8,0
CUST-6109,M,,28-Dec-2034,One year,Mailed check,11,104.46,1149.06,0
CUST-6110,  Male  ,55.0,2034-12-29,month-to-month,Credit card,42,88.63,3722.46,0
CUST-6111,female,37.0,30-Dec-2034,Month-to-month,Bank transfer,23,104.9,2412.7000000000003,0
CUST-6112,Male,33.0,31-Dec-2034,month-to-month,Electronic check,60,93.03,5581.8,0
CUST-6113,  Male  ,,01/01/2035,Month-to-month,Credit card,62,115.75,7176.5,1
CUST-6114,female,55.0,02-Jan-2035,One year,Electronic check,54,77.07,4161.78,0
CUST-6115,F,43.0,2035-01-03,1 Year,Credit card,13,58.05,754.65,0
CUST-6116,female,38.0,01/04/2035,One year,Mailed check,68,88.05,5987.4,1
CUST-6117,Female,,01/05/2035,Two year,Electronic check,27,26.91,726.57,0
CUST-6118,  Male  ,39.0,06-Jan-2035,month-to-month,Bank transfer,40,69.84,2793.6000000000004,1
CUST-6119,female,30.0,01/07/2035,1 Year,Bank transfer,10,97.34,973.4000000000001,1
CUST-6120,M,46.0,INVALID_DATE,month-to-month,Credit card,15,36.9,553.5,0
CUST-6121,F,60.0,2035-01-09,Month-to-month,Mailed check,45,60.04,2701.8,0
CUST-6122,  Male  ,47.0,2035-01-10,Two year,Credit card,53,55.03,2916.59,0
CUST-6123,Female,,11-Jan-2035,Two year,Electronic check,7,53.5,374.5,0
CUST-6124,female,45.0,12-Jan-2035,month-to-month,Bank transfer,30,85.06,2551.8,0
CUST-6125,F,42.0,2035-01-13,Two year,Bank transfer,30,69.75,2092.5,0
CUST-6126,  Male  ,45.0,2035-01-14,month-to-month, ,27,99.73,2692.71,1
CUST-6127,F,30.0,15-Jan-2035,Month-to-month,Bank transfer,49,25.78,1263.22,0
CUST-6128,Female,40.0,2035-01-16,Month-to-month,Electronic check,57,65.39,3727.23,0
CUST-6129,female,51.0,17-Jan-2035,month-to-month,Bank transfer,64,21.4,1369.6,0
CUST-6130,F,27.0,01/18/2035,One year,Credit card,63,42.09,2651.67,0
CUST-6131,F,35.0,INVALID_DATE,One year,Bank transfer,48,97.54,4681.92,1
CUST-6132,Male,37.0,INVALID_DATE,Month-to-month,Electronic check,41,30.61,1255.01,0
CUST-6133,F,52.0,INVALID_DATE,1 Year,Mailed check,30,30.56,916.8,0
CUST-6134,Male,54.0,01/22/2035,One year,Mailed check,3,60.14,180.42000000000002,0
CUST-6135,female,17.0,23-Jan-2035,month-to-month,Bank transfer,37,97.69,3614.5299999999997,0
CUST-6136,  Male  ,52.0,24-Jan-2035,Month-to-month,Mailed check,30,83.8,2514.0,0
CUST-6137,  Male  ,54.0,25-Jan-2035,Two year,Electronic check,54,98.18,5301.72,0
CUST-6138,female,,2035-01-26,Two year,Bank transfer,7,24.95,,0
CUST-6139,female,34.0,INVALID_DATE,One year,Electronic check,8,76.37,,0
CUST-6140,M,37.0,28-Jan-2035,1 Year,Mailed check,63,65.33,4115.79,0
CUST-6141,female,21.0,29-Jan-2035,One year,Mailed check,63,109.6,6904.799999999999,0
CUST-6142,F,15.0,01/30/2035,1 Year,Bank transfer,64,93.73,5998.72,0
CUST-6143,  Male  ,,31-Jan-2035,One year,Mailed check,30,62.43,1872.9,0
CUST-6144,Female,41.0,INVALID_DATE,Two year,Bank transfer,10,75.38,753.8,0
CUST-6145,  Male  ,42.0,02-Feb-2035,1 Year,Bank transfer,69,62.48,4311.12,0
CUST-6146,Male,50.0,02/03/2035,Two year, ,49,64.11,,0
CUST-6147,  Male  ,77.0,INVALID_DATE,month-to-month,Credit card,39,83.41,,0
CUST-6148,M,35.0,2035-02-05,month-to-month,Credit card,34,41.65,1416.1,0
CUST-6149,female,27.0,06-Feb-2035,Month-to-month,Electronic check,10,53.32,533.2,0
CUST-6150,female,47.0,07-Feb-2035,Two year,Mailed check,9,47.92,431.28000000000003,0
CUST-6151,  Male  ,43.0,08-Feb-2035,Two year,Mailed check,60,100.08,6004.8,0
CUST-6152,Female,33.0,09-Feb-2035,Month-to-month,Credit card,5,114.19,570.95,1
CUST-6153,Female,51.0,02/10/2035,month-to-month,Bank transfer,35,61.43,2150.05,0
CUST-6154,M,,02/11/2035,month-to-month,Bank transfer,11,27.71,304.81,0
CUST-6155,Male,38.0,INVALID_DATE,1 Year,Bank transfer,42,29.36,1233.12,0
CUST-6156,  Male  ,39.0,02/13/2035,1 Year,Bank transfer,20,59.96,1199.2,0
CUST-6157,female,29.0,14-Feb-2035,month-to-month,Electronic check,51,59.5,3034.5,0
CUST-6158,  Male  ,19.0,INVALID_DATE,One year,Mailed check,1,34.62,34.62,0
CUST-6159,M,43.0,2035-02-16,Two year,Credit card,11,100.71,1107.81,1
CUST-6160,F,56.0,INVALID_DATE,1 Year,Electronic check,61,70.01,4270.610000000001,0
CUST-6161,F,52.0,18-Feb-2035,One year,Mailed check,39,30.91,1205.49,0
CUST-6162,M,52.0,19-Feb-2035,1 Year,Electronic check,48,29.87,1433.76,0
CUST-6163,female,30.0,2035-02-20,Month-to-month,Bank transfer,28,64.6,1808.7999999999997,0
CUST-6164,M,,21-Feb-2035,Two year,Electronic check,36,31.68,1140.48,0
CUST-6165,female,23.0,INVALID_DATE,1 Year,Electronic check,70,76.12,5328.400000000001,0
CUST-6166,Female,42.0,02/23/2035,month-to-month,Bank transfer,62,58.5,3627.0,0
CUST-6167,M,57.0,02/24/2035,Month-to-month,Bank transfer,70,111.97,7837.9,1
CUST-6168,female,57.0,INVALID_DATE,Month-to-month,Credit card,10,61.89,618.9,0
CUST-6169,M,64.0,INVALID_DATE,month-to-month,Credit card,5,81.44,407.2,0
CUST-6170,M,52.0,INVALID_DATE,Month-to-month,Mailed check,28,101.14,2831.92,0
CUST-6171,female,46.0,2035-02-28,Two year,Credit card,59,50.29,2967.11,0
CUST-6172,female,50.0,03/01/2035,1 Year,Credit card,9,71.19,640.71,1
CUST-6173,Male,48.0,2035-03-02,Month-to-month,Mailed check,39,32.09,1251.5100000000002,0
CUST-6174,M,30.0,2035-03-03,Two year,Electronic check,62,63.28,3923.36,0
CUST-6175,F,22.0,04-Mar-2035,month-to-month,Electronic check,38,57.58,,1
CUST-6176,M,51.0,03/05/2035,1 Year,Electronic check,24,62.82,,0
CUST-6177,M,65.0,2035-03-06,month-to-month,Bank transfer,64,30.74,1967.36,0
CUST-6178,female,51.0,INVALID_DATE,1 Year,Mailed check,43,59.84,2573.1200000000003,0
CUST-6179,M,17.0,INVALID_DATE,Month-to-month,Electronic check,16,107.03,,0
CUST-6180,  Male  ,34.0,INVALID_DATE,Month-to-month,Credit card,66,113.71,7504.86,0
CUST-6181,M,38.0,10-Mar-2035,1 Year,Credit card,66,44.17,2915.2200000000003,0
CUST-6182,  Male  ,18.0,2035-03-11,Two year, ,69,50.05,3453.45,0
CUST-6183,F,23.0,03/12/2035,Two year,Mailed check,46,20.96,964.1600000000001,0
CUST-6184,female,40.0,03/13/2035,Two year,Mailed check,21,31.56,662.76,0
CUST-6185,M,43.0,14-Mar-2035,One year,Credit card,60,54.51,,0
CUST-6186,  Male  ,28.0,INVALID_DATE,Two year,Bank transfer,10,88.51,885.1,0
CUST-6187,  Male  ,23.0,INVALID_DATE,Month-to-month,Bank transfer,18,49.22,,0
CUST-6188,  Male  ,54.0,2035-03-17,One year,Electronic check,41,27.54,,0
CUST-6189,Female,35.0,03/18/2035,Two year, ,36,93.09,3351.2400000000002,0
CUST-6190,Male,37.0,03/19/2035,Month-to-month,Electronic check,66,66.68,4400.88,0
CUST-6191,F,33.0,INVALID_DATE,One year,Electronic check,46,71.92,3308.32,1
CUST-6192,M,31.0,INVALID_DATE,Month-to-month,Electronic check,23,52.6,1209.8,0
CUST-6193,Female,56.0,03/22/2035,1 Year, ,39,81.3,3170.7,0
CUST-6194,M,29.0,03/23/2035,Month-to-month,Mailed check,4,109.08,436.32,0
CUST-6195,M,42.0,03/24/2035,One year,Bank transfer,41,75.38,3090.58,0
CUST-6196,female,40.0,2035-03-25,Two year,Bank transfer,3,78.75,236.25,1
CUST-6197,female,17.0,2035-03-26,One year,Mailed check,53,57.36,3040.08,0
CUST-6198,female,43.0,INVALID_DATE,Two year,Bank transfer,36,28.26,1017.36,0
CUST-6199,Female,21.0,28-Mar-2035,Two year,Credit card,49,62.85,3079.65,0
CUST-6200,M,48.0,INVALID_DATE,month-to-month,Bank transfer,27,112.46,3036.4199999999996,1
CUST-6201,Male,26.0,03/30/2035,1 Year,Credit card,53,88.02,4665.0599999999995,0
CUST-6202,F,46.0,31-Mar-2035,month-to-month,Credit card,49,69.02,3381.98,0
CUST-6203,female,,2035-04-01,One year,Electronic check,1,82.09,82.09,0
CUST-6204,female,32.0,INVALID_DATE,month-to-month,Bank transfer,46,75.85,3489.1,0
CUST-6205,M,43.0,2035-04-03,Two year,Credit card,62,111.24,6896.88,1
CUST-6206,M,22.0,04-Apr-2035,One year,Bank transfer,66,42.38,2797.0800000000004,0
CUST-6207,Female,39.0,2035-04-05,month-to-month,Bank transfer,22,108.87,2395.1400000000003,1
CUST-6208,Female,49.0,04/06/2035,Month-to-month,Mailed check,39,88.85,3465.1499999999996,0
CUST-6209,female,53.0,04/07/2035,1 Year,Mailed check,44,32.77,1441.88,0
CUST-6210,M,34.0,2035-04-08,Month-to-month,Electronic check,2,57.19,114.38,0
CUST-6211,Male,36.0,INVALID_DATE,One year,Bank transfer,59,63.63,3754.17,0
CUST-6212,F,22.0,04/10/2035,month-to-month,Mailed check,28,28.29,792.12,0
CUST-6213,M,31.0,11-Apr-2035,Two year,Credit card,67,75.42,,0
CUST-6214,M,21.0,INVALID_DATE,month-to-month,Credit card,14,45.94,,0
CUST-6215,  Male  ,45.0,2035-04-13,One year,Electronic check,16,65.81,1052.96,0
CUST-6216,Female,50.0,14-Apr-2035,One year,Credit card,51,63.88,3257.88,0
CUST-6217,F,35.0,2035-04-15,One year,Bank transfer,28,72.17,2020.76,0
CUST-6218,female,27.0,INVALID_DATE,One year,Credit card,53,104.62,5544.860000000001,0
CUST-6219,M,44.0,04/17/2035,month-to-month,Electronic check,52,98.08,5100.16,0
CUST-6220,female,30.0,04/18/2035,Month-to-month,Electronic check,25,107.3,2682.5,1
CUST-6221,M,,04/19/2035,Two year,Credit card,57,77.23,,0
CUST-6222,female,63.0,04/20/2035,Two year,Bank transfer,9,81.58,734.22,1
CUST-6223,F,29.0,21-Apr-2035,1 Year,Mailed check,11,63.05,693.55,1
CUST-6224,Female,31.0,22-Apr-2035,One year,Bank transfer,45,91.72,4127.4,0
CUST-6225,F,22.0,INVALID_DATE,One year,Bank transfer,2,40.49,80.98,0
CUST-6226,  Male  ,42.0,INVALID_DATE,One year,Bank transfer,54,67.52,3646.08,0
CUST-6227,Male,41.0,INVALID_DATE,Month-to-month,Credit card,34,91.42,3108.28,0
CUST-6228,Female,37.0,2035-04-26,One year,Mailed check,42,97.79,4107.18,0
CUST-6229,F,40.0,04/27/2035,1 Year,Bank transfer,69,44.79,3090.5099999999998,0
CUST-6230,  Male  ,27.0,04/28/2035,1 Year,Mailed check,11,38.15,419.65,0
CUST-6231,Male,20.0,INVALID_DATE,Month-to-month,Electronic check,29,48.85,1416.65,0
CUST-6232,  Male  ,31.0,INVALID_DATE,One year,Mailed check,5,112.02,560.1,0
CUST-6233,M,17.0,01-May-2035,month-to-month,Credit card,20,32.91,658.1999999999999,0
CUST-6234,M,29.0,05/02/2035,month-to-month,Electronic check,39,115.31,4497.09,0
CUST-6235,female,44.0,05/03/2035,Two year,Electronic check,32,119.48,,0
CUST-6236,Female,41.0,05/04/2035,Month-to-month,Bank transfer,29,98.34,2851.86,1
CUST-6237,M,19.0,05-May-2035,month-to-month,Mailed check,66,96.04,6338.64,0
CUST-6238,  Male  ,53.0,INVALID_DATE,Two year,Electronic check,1,115.33,115.33,1
CUST-6239,Female,38.0,07-May-2035,1 Year,Electronic check,1,49.05,49.05,0
CUST-6240,M,24.0,INVALID_DATE,Two year,Mailed check,4,32.9,,1
CUST-6241,female,36.0,INVALID_DATE,One year,Mailed check,15,102.31,1534.65,1
CUST-6242,F,33.0,INVALID_DATE,One year, ,47,37.09,1743.2300000000002,0
CUST-6243,female,30.0,INVALID_DATE,1 Year,Electronic check,30,24.54,736.1999999999999,0
CUST-6244,Male,50.0,05/12/2035,Month-to-month,Mailed check,6,39.65,237.89999999999998,0
CUST-6245,M,27.0,13-May-2035,One year,Credit card,1,63.79,63.79,1
CUST-6246,Male,42.0,05/14/2035,One year,Mailed check,71,69.51,4935.21,0
CUST-6247,Male,24.0,2035-05-15,Two year,Credit card,62,26.25,1627.5,0
CUST-6248,  Male  ,40.0,05/16/2035,Two year,Electronic check,64,64.34,4117.76,0
CUST-6249,Female,,INVALID_DATE,Two year,Bank transfer,5,80.43,402.15000000000003,1
CUST-6250,  Male  ,43.0,INVALID_DATE,month-to-month,Mailed check,54,113.18,6111.72,0
CUST-6251,M,41.0,INVALID_DATE,1 Year,Electronic check,49,42.73,2093.77,0
CUST-6252,Male,37.0,05/20/2035,Month-to-month,Electronic check,7,41.1,287.7,0
CUST-6253,F,27.0,INVALID_DATE,Two year,Bank transfer,3,58.94,176.82,1
CUST-6254,Male,27.0,2035-05-22,Month-to-month,Mailed check,61,118.37,7220.570000000001,0
CUST-6255,F,44.0,05/23/2035,Two year,Electronic check,41,53.62,,0
CUST-6256,  Male  ,25.0,05/24/2035,One year,Credit card,21,24.39,512.19,0
CUST-6257,  Male  ,22.0,2035-05-25,Month-to-month,Bank transfer,32,46.56,1489.92,0
CUST-6258,Female,57.0,05/26/2035,month-to-month,Credit card,12,75.83,909.96,0
CUST-6259,Male,37.0,INVALID_DATE,Two year, ,7,61.25,428.75,0
CUST-6260,female,48.0,INVALID_DATE,1 Year,Credit card,51,97.42,4968.42,0
CUST-6261,  Male  ,50.0,2035-05-29,One year,Bank transfer,45,80.73,3632.8500000000004,0
CUST-6262,  Male  ,41.0,2035-05-30,Two year,Electronic check,65,75.95,4936.75,0
CUST-6263,Female,35.0,05/31/2035,Month-to-month,Bank transfer,60,52.3,3138.0,0
CUST-6264,F,36.0,06/01/2035,Two year,Electronic check,45,75.18,,0
CUST-6265,Female,59.0,06/02/2035,One year,Electronic check,34,81.56,2773.04,0
CUST-6266,Male,33.0,INVALID_DATE,1 Year,Credit card,11,37.92,417.12,0
CUST-6267,M,42.0,2035-06-04,1 Year,Bank transfer,33,93.59,3088.4700000000003,1
CUST-6268,M,48.0,INVALID_DATE,1 Year,Bank transfer,8,59.29,474.32,0
CUST-6269,F,43.0,2035-06-06,One year,Electronic check,45,94.23,4240.35,0
CUST-6270,  Male  ,53.0,07-Jun-2035,Two year,Bank transfer,34,37.77,1284.18,0
CUST-6271,F,35.0,2035-06-08,One year,Mailed check,45,85.65,3854.2500000000005,0
CUST-6272,  Male  ,,09-Jun-2035,One year,Mailed check,65,22.69,1474.8500000000001,0
CUST-6273,  Male  ,18.0,2035-06-10,Two year,Credit card,52,35.9,1866.8,0
CUST-6274,M,56.0,INVALID_DATE,month-to-month,Credit card,10,109.11,1091.1,0
CUST-6275,F,53.0,06/12/2035,1 Year,Bank transfer,43,66.15,2844.4500000000003,0
CUST-6276,Female,36.0,06/13/2035,Month-to-month,Credit card,70,70.79,4955.3,0
CUST-6277,  Male  ,45.0,06/14/2035,Month-to-month,Bank transfer,11,110.76,$1200.50,1
CUST-6278,female,51.0,15-Jun-2035,Two year,Credit card,36,68.49,2465.64,0
CUST-6279,female,28.0,06/16/2035,Month-to-month,Mailed check,18,85.46,1538.28,1
CUST-6280,Female,38.0,INVALID_DATE,month-to-month,Electronic check,63,42.2,2658.6000000000004,0
CUST-6281,female,24.0,INVALID_DATE,One year,Electronic check,5,28.16,140.8,0
CUST-6282,Male,54.0,2035-06-19,1 Year,Mailed check,31,55.34,1715.5400000000002,0
CUST-6283,  Male  ,50.0,06/20/2035,Month-to-month,Electronic check,16,99.87,1597.92,1
CUST-6284,Female,37.0,INVALID_DATE,Month-to-month,Bank transfer,66,64.68,4268.88,0
CUST-6285,F,35.0,06/22/2035,Two year,Bank transfer,9,36.82,331.38,0
CUST-6286,  Male  ,38.0,2035-06-23,Two year,Mailed check,2,74.51,149.02,0
CUST-6287,Female,29.0,24-Jun-2035,One year,Mailed check,37,46.38,1716.0600000000002,0
CUST-6288,M,,INVALID_DATE,1 Year,Mailed check,59,114.67,6765.53,0
CUST-6289,F,28.0,INVALID_DATE,Month-to-month,Mailed check,58,77.74,4508.92,0
CUST-6290,M,51.0,06/27/2035,One year,Electronic check,8,118.3,946.4,0
CUST-6291,  Male  ,54.0,28-Jun-2035,1 Year,Electronic check,52,24.31,1264.12,1
CUST-6292,F,51.0,INVALID_DATE,One year,Electronic check,69,21.16,1460.04,0
CUST-6293,female,26.0,30-Jun-2035,Month-to-month,Bank transfer,52,67.71,3520.9199999999996,0
CUST-6294,Female,37.0,07/01/2035,Two year, ,34,106.2,3610.8,1
CUST-6295,  Male  ,47.0,2035-07-02,Two year,Bank transfer,48,72.44,3477.12,0
CUST-6296,Male,49.0,INVALID_DATE,Two year,Credit card,24,107.62,2582.88,1
CUST-6297,F,18.0,04-Jul-2035,month-to-month,Mailed check,13,33.06,429.78000000000003,0
CUST-6298,F,49.0,2035-07-05,One year,Mailed check,50,89.93,4496.5,0
CUST-6299,  Male  ,25.0,06-Jul-2035,Month-to-month,Electronic check,65,85.99,,0
CUST-6300,  Male  ,38.0,07/07/2035,One year,Electronic check,71,74.5,5289.5,0
CUST-6301,M,55.0,2035-07-08,Two year,Credit card,4,60.51,242.04,0
CUST-6302,female,53.0,INVALID_DATE,One year,Credit card,64,84.71,5421.44,0
CUST-6303,M,56.0,INVALID_DATE,1 Year,Electronic check,39,75.01,2925.3900000000003,0
CUST-6304,M,27.0,2035-07-11,One year,Mailed check,63,47.26,2977.3799999999997,0
CUST-6305,female,30.0,12-Jul-2035,month-to-month,Electronic check,58,30.46,1766.68,0
CUST-6306,Male,33.0,2035-07-13,month-to-month,Mailed check,16,58.66,938.56,0
CUST-6307,M,38.0,07/14/2035,Two year,Mailed check,62,71.24,4416.88,0
CUST-6308,M,43.0,INVALID_DATE,Month-to-month,Bank transfer,10,70.85,708.5,0
CUST-6309,F,55.0,2035-07-16,1 Year,Bank transfer,62,62.56,3878.7200000000003,0
CUST-6310,female,29.0,INVALID_DATE,Month-to-month,Credit card,33,52.74,1740.42,0
CUST-6311,Female,32.0,2035-07-18,Month-to-month,Mailed check,71,55.05,3908.5499999999997,0
CUST-6312,Male,57.0,19-Jul-2035,1 Year,Electronic check,42,46.58,1956.36,0
CUST-6313,Male,26.0,INVALID_DATE,month-to-month,Mailed check,44,77.99,3431.56,0
CUST-6314,female,49.0,2035-07-21,Two year, ,46,104.99,4829.54,1
CUST-6315,  Male  ,39.0,2035-07-22,One year,Mailed check,31,107.97,3347.07,0
CUST-6316,  Male  ,45.0,07/23/2035,month-to-month,Mailed check,5,119.37,596.85,1
CUST-6317,F,30.0,INVALID_DATE,Two year, ,18,28.88,519.84,0
CUST-6318,F,48.0,2035-07-25,month-to-month,Mailed check,6,41.43,248.57999999999998,0
CUST-6319,female,32.0,07/26/2035,1 Year,Bank transfer,50,93.02,4651.0,0
CUST-6320,F,23.0,2035-07-27,Month-to-month,Credit card,28,84.52,2366.56,0
CUST-6321,Male,46.0,INVALID_DATE,1 Year,Bank transfer,24,33.39,801.36,0
CUST-6322,Male,10.0,2035-07-29,One year,Credit card,69,83.1,,0
CUST-6323,Female,33.0,INVALID_DATE,1 Year,Mailed check,28,60.65,1698.2,0
CUST-6324,  Male  ,43.0,INVALID_DATE,Month-to-month,Bank transfer,58,115.69,6710.0199999999995,0
CUST-6325,female,49.0,08/01/2035,month-to-month,Bank transfer,67,105.52,7069.84,0
CUST-6326,M,55.0,2035-08-02,Two year,Electronic check,18,27.32,491.76,0
CUST-6327,  Male  ,61.0,INVALID_DATE,One year,Bank transfer,4,29.0,116.0,0
CUST-6328,M,58.0,2035-08-04,month-to-month,Bank transfer,49,61.71,3023.79,0
CUST-6329,Female,42.0,05-Aug-2035,Two year,Mailed check,32,20.84,666.88,0
CUST-6330,Female,54.0,06-Aug-2035,Month-to-month,Bank transfer,66,29.44,1943.0400000000002,0
CUST-6331,F,42.0,2035-08-07,1 Year,Bank transfer,58,113.26,6569.08,0
CUST-6332,Female,48.0,08/08/2035,month-to-month, ,11,99.24,1091.6399999999999,0
CUST-6333,Female,33.0,09-Aug-2035,Two year,Mailed check,65,87.27,5672.55,0
CUST-6334,M,46.0,INVALID_DATE,Two year,Credit card,17,103.02,1751.34,1
CUST-6335,F,34.0,2035-08-11,1 Year,Mailed check,66,45.01,2970.66,0
CUST-6336,Female,38.0,INVALID_DATE,month-to-month,Bank transfer,4,92.56,370.24,0
CUST-6337,  Male  ,46.0,INVALID_DATE,month-to-month,Credit card,32,81.56,2609.92,0
CUST-6338,Female,65.0,14-Aug-2035,Month-to-month,Mailed check,71,104.86,7445.06,0
CUST-6339,F,45.0,INVALID_DATE,month-to-month,Mailed check,29,48.27,1399.8300000000002,0
CUST-6340,female,40.0,2035-08-16,1 Year,Credit card,61,96.37,5878.570000000001,0
CUST-6341,F,30.0,08/17/2035,month-to-month,Electronic check,60,105.27,6316.2,1
CUST-6342,M,51.0,18-Aug-2035,Month-to-month,Bank transfer,58,74.9,4344.200000000001,0
CUST-6343,female,36.0,19-Aug-2035,Two year,Electronic check,53,61.38,3253.1400000000003,0
CUST-6344,  Male  ,44.0,2035-08-20,month-to-month,Bank transfer,5,114.87,574.35,1
CUST-6345,Male,,08/21/2035,1 Year,Bank transfer,61,36.9,,0
CUST-6346,F,,08/22/2035,month-to-month,Electronic check,21,23.63,496.22999999999996,0
CUST-6347,M,50.0,INVALID_DATE,One year,Electronic check,58,37.91,2198.7799999999997,0
CUST-6348,  Male  ,25.0,08/24/2035,Month-to-month,Bank transfer,14,88.35,1236.8999999999999,0
CUST-6349,female,,2035-08-25,Two year,Credit card,54,98.89,5340.06,0
CUST-6350,  Male  ,48.0,08/26/2035,One year,Credit card,41,91.68,3758.88,1
CUST-6351,F,41.0,08/27/2035,1 Year,Electronic check,16,61.99,991.84,0
CUST-6352,Female,,INVALID_DATE,month-to-month,Electronic check,51,116.76,,0
CUST-6353,F,61.0,INVALID_DATE,Month-to-month,Mailed check,1,64.43,64.43,0
CUST-6354,Male,33.0,2035-08-30,month-to-month,Credit card,40,118.13,,1
CUST-6355,F,55.0,08/31/2035,month-to-month,Credit card,18,111.81,2012.58,1
CUST-6356,female,33.0,09/01/2035,month-to-month,Bank transfer,34,60.71,,0
CUST-6357,female,59.0,02-Sep-2035,month-to-month, ,61,36.1,2202.1,0
CUST-6358,F,49.0,09/03/2035,Month-to-month,Bank transfer,21,28.98,608.58,1
CUST-6359,female,22.0,04-Sep-2035,One year,Mailed check,1,73.15,73.15,1
CUST-6360,Female,35.0,INVALID_DATE,1 Year,Credit card,27,96.32,2600.64,1
CUST-6361,  Male  ,63.0,INVALID_DATE,One year,Bank transfer,51,37.6,1917.6000000000001,0
CUST-6362,F,61.0,INVALID_DATE,Month-to-month, ,11,51.82,570.02,0
CUST-6363,Female,47.0,08-Sep-2035,1 Year,Bank transfer,14,83.05,1162.7,0
CUST-6364,  Male  ,44.0,09-Sep-2035,Two year,Mailed check,55,66.09,3634.9500000000003,0
CUST-6365,  Male  ,,10-Sep-2035,One year,Electronic check,27,80.39,2170.53,0
CUST-6366,Female,45.0,09/11/2035,Month-to-month, ,22,87.64,1928.08,0
CUST-6367,M,38.0,INVALID_DATE,Month-to-month,Electronic check,21,58.07,1219.47,0
CUST-6368,F,55.0,13-Sep-2035,Month-to-month,Mailed check,24,98.6,2366.3999999999996,1
CUST-6369,  Male  ,47.0,INVALID_DATE,1 Year,Bank transfer,19,90.29,1715.5100000000002,1
CUST-6370,  Male  ,28.0,15-Sep-2035,month-to-month,Mailed check,24,88.76,2130.2400000000002,0
CUST-6371,female,48.0,16-Sep-2035,Two year,Mailed check,26,34.95,908.7,1
CUST-6372,  Male  ,42.0,INVALID_DATE,1 Year,Electronic check,25,67.42,1685.5,0
CUST-6373,Female,36.0,09/18/2035,1 Year, ,45,77.72,3497.4,0
CUST-6374,  Male  ,63.0,2035-09-19,One year,Credit card,29,42.64,,0
CUST-6375,M,41.0,20-Sep-2035,Two year,Mailed check,11,95.86,1054.46,1
CUST-6376,F,17.0,INVALID_DATE,Month-to-month,Electronic check,24,32.11,770.64,0
CUST-6377,F,37.0,INVALID_DATE,1 Year, ,24,34.99,839.76,0
CUST-6378,  Male  ,52.0,23-Sep-2035,Two year,Electronic check,12,61.33,735.96,0
CUST-6379,Male,29.0,INVALID_DATE,One year,Electronic check,7,33.53,234.71,1
CUST-6380,Male,52.0,2035-09-25,month-to-month,Electronic check,40,21.16,846.4,0
CUST-6381,Female,28.0,09/26/2035,Two year,Mailed check,70,61.14,4279.8,0
CUST-6382,Male,56.0,27-Sep-2035,Month-to-month,Credit card,23,84.86,1951.78,0
CUST-6383,Female,33.0,INVALID_DATE,1 Year,Mailed check,71,69.51,,0
CUST-6384,female,36.0,INVALID_DATE,month-to-month,Mailed check,38,25.22,958.3599999999999,0
CUST-6385,Female,35.0,INVALID_DATE,One year,Bank transfer,31,43.25,1340.75,0
CUST-6386,Male,47.0,10/01/2035,Month-to-month, ,29,72.43,2100.4700000000003,0
CUST-6387,  Male  ,62.0,INVALID_DATE,month-to-month,Bank transfer,44,93.81,$1200.50,0
CUST-6388,female,40.0,03-Oct-2035,One year,Electronic check,28,99.39,2782.92,0
CUST-6389,Male,40.0,10/04/2035,Month-to-month,Credit card,68,71.94,4891.92,1
CUST-6390,Female,33.0,10/05/2035,1 Year,Credit card,21,84.61,1776.81,0
CUST-6391,M,20.0,06-Oct-2035,One year,Mailed check,9,110.34,993.0600000000001,1
CUST-6392,F,34.0,INVALID_DATE,month-to-month,Electronic check,49,26.52,1299.48,0
CUST-6393,Male,25.0,08-Oct-2035,Month-to-month,Mailed check,37,29.92,1107.04,0
CUST-6394,Female,17.0,10/09/2035,Two year,Bank transfer,21,65.79,1381.5900000000001,0
CUST-6395,female,39.0,INVALID_DATE,Month-to-month,Electronic check,60,80.97,4858.2,0
CUST-6396,Male,33.0,11-Oct-2035,month-to-month,Mailed check,23,20.46,470.58000000000004,0
CUST-6397,Male,57.0,2035-10-12,month-to-month,Mailed check,10,65.25,652.5,0
CUST-6398,F,30.0,10/13/2035,Two year,Mailed check,70,37.28,2609.6,0
CUST-6399,Female,48.0,INVALID_DATE,month-to-month,Electronic check,21,84.51,1774.71,1
CUST-6400,M,48.0,2035-10-15,Month-to-month,Bank transfer,29,46.77,,0
CUST-6401,female,56.0,16-Oct-2035,One year,Credit card,59,110.19,6501.21,1
CUST-6402,Female,38.0,INVALID_DATE,Month-to-month,Mailed check,40,26.38,1055.2,0
CUST-6403,female,56.0,INVALID_DATE,month-to-month,Electronic check,21,100.92,2119.32,1
CUST-6404,Male,47.0,2035-10-19,Two year,Credit card,63,59.23,3731.49,0
CUST-6405,F,54.0,2035-10-20,Two year,Mailed check,46,105.72,4863.12,0
CUST-6406,F,69.0,10/21/2035,1 Year,Electronic check,5,101.51,507.55,1
CUST-6407,  Male  ,39.0,2035-10-22,Two year,Bank transfer,15,43.93,,0
CUST-6408,M,,INVALID_DATE,Two year,Mailed check,40,25.06,1002.4,1
CUST-6409,F,36.0,INVALID_DATE,month-to-month,Electronic check,4,89.55,358.2,1
CUST-6410,Male,59.0,25-Oct-2035,One year,Mailed check,24,40.44,970.56,1
CUST-6411,M,71.0,10/26/2035,One year,Electronic check,42,113.05,4748.099999999999,0
CUST-6412,Female,49.0,27-Oct-2035,month-to-month,Bank transfer,26,26.72,694.72,0
CUST-6413,F,21.0,INVALID_DATE,Two year,Bank transfer,66,52.4,3458.4,0
CUST-6414,M,29.0,29-Oct-2035,Month-to-month,Electronic check,8,21.26,170.08,0
CUST-6415,Male,54.0,2035-10-30,One year,Credit card,66,51.7,3412.2000000000003,0
CUST-6416,  Male  ,26.0,31-Oct-2035,month-to-month,Bank transfer,20,74.13,1482.6,0
CUST-6417,female,,INVALID_DATE,Month-to-month, ,66,85.49,5642.339999999999,0
CUST-6418,female,32.0,2035-11-02,Two year,Bank transfer,68,92.64,6299.52,0
CUST-6419,Male,39.0,INVALID_DATE,month-to-month,Mailed check,55,103.35,5684.25,0
CUST-6420,Male,43.0,11/04/2035,One year,Bank transfer,39,31.08,1212.12,0
CUST-6421,female,17.0,11/05/2035,Month-to-month,Bank transfer,50,96.19,4809.5,0
CUST-6422,  Male  ,22.0,2035-11-06,Month-to-month,Mailed check,20,47.84,,0
CUST-6423,M,22.0,11/07/2035,One year,Bank transfer,70,33.82,2367.4,0
CUST-6424,female,23.0,11/08/2035,Month-to-month,Mailed check,28,46.57,1303.96,1
CUST-6425,Male,40.0,11/09/2035,One year,Mailed check,43,105.8,4549.4,1
CUST-6426,F,42.0,11/10/2035,month-to-month,Bank transfer,66,82.74,5460.839999999999,0
CUST-6427,Female,52.0,INVALID_DATE,1 Year,Bank transfer,28,79.74,2232.72,0
CUST-6428,  Male  ,,2035-11-12,Two year,Mailed check,23,78.46,1804.58,1
CUST-6429,  Male  ,33.0,2035-11-13,month-to-month,Electronic check,35,60.86,2130.1,0
CUST-6430,F,43.0,INVALID_DATE,Two year,Bank transfer,22,61.7,1357.4,0
CUST-6431,F,53.0,15-Nov-2035,Two year,Credit card,5,34.83,174.14999999999998,0
CUST-6432,Male,37.0,16-Nov-2035,One year,Bank transfer,60,53.26,,0
CUST-6433,female,36.0,11/17/2035,1 Year,Electronic check,41,71.2,2919.2000000000003,0
CUST-6434,M,29.0,2035-11-18,Two year,Electronic check,29,80.6,2337.3999999999996,0
CUST-6435,  Male  ,30.0,2035-11-19,Two year,Bank transfer,35,27.16,950.6,0
CUST-6436,  Male  ,48.0,2035-11-20,month-to-month,Bank transfer,68,53.38,,0
CUST-6437,F,40.0,21-Nov-2035,1 Year,Credit card,45,53.94,2427.2999999999997,0
CUST-6438,female,64.0,11/22/2035,1 Year,Bank transfer,9,71.51,643.59,0
CUST-6439,  Male  ,32.0,2035-11-23,Two year,Electronic check,51,91.0,4641.0,1
CUST-6440,M,49.0,24-Nov-2035,1 Year, ,14,83.52,1169.28,0
CUST-6441,F,,INVALID_DATE,month-to-month,Bank transfer,69,77.09,5319.21,0
CUST-6442,M,39.0,2035-11-26,One year,Credit card,56,49.14,2751.84,0
CUST-6443,female,35.0,INVALID_DATE,Two year,Credit card,11,103.91,1143.01,0
CUST-6444,  Male  ,47.0,2035-11-28,Month-to-month, ,30,98.53,2955.9,0
CUST-6445,Female,,29-Nov-2035,Two year,Electronic check,39,38.36,1496.04,0
CUST-6446,  Male  ,42.0,30-Nov-2035,Two year,Mailed check,24,85.51,,0
CUST-6447,female,,2035-12-01,One year,Electronic check,58,110.67,6418.86,0
CUST-6448,  Male  ,40.0,12/02/2035,Month-to-month,Mailed check,30,63.56,1906.8000000000002,0
CUST-6449,  Male  ,20.0,12/03/2035,Month-to-month,Electronic check,24,112.48,,1
CUST-6450,Male,41.0,04-Dec-2035,Month-to-month,Electronic check,67,22.2,1487.3999999999999,0
CUST-6451,  Male  ,37.0,INVALID_DATE,One year,Mailed check,29,71.62,2076.98,1
CUST-6452,  Male  ,,INVALID_DATE,1 Year,Mailed check,42,45.63,1916.46,0
CUST-6453,M,48.0,2035-12-07,Month-to-month,Mailed check,62,46.22,2865.64,0
CUST-6454,Female,42.0,INVALID_DATE,1 Year,Credit card,27,107.75,2909.25,0
CUST-6455,M,46.0,INVALID_DATE,month-to-month, ,29,51.15,1483.35,1
CUST-6456,M,28.0,INVALID_DATE,One year,Credit card,66,22.33,1473.78,0
CUST-6457,F,33.0,11-Dec-2035,1 Year,Credit card,57,73.97,4216.29,0
CUST-6458,Male,,2035-12-12,Month-to-month,Mailed check,61,117.09,7142.49,0
CUST-6459,M,45.0,2035-12-13,Month-to-month,Mailed check,29,27.91,809.39,0
CUST-6460,female,35.0,2035-12-14,1 Year,Mailed check,57,48.63,,1
CUST-6461,female,34.0,15-Dec-2035,1 Year,Electronic check,55,66.95,3682.25,0
CUST-6462,  Male  ,27.0,16-Dec-2035,month-to-month,Electronic check,44,103.05,4534.2,0
CUST-6463,F,40.0,17-Dec-2035,One year,Mailed check,28,46.89,1312.92,0
CUST-6464,Male,42.0,18-Dec-2035,Two year,Bank transfer,37,54.37,2011.6899999999998,0
CUST-6465,Male,45.0,12/19/2035,month-to-month,Mailed check,23,58.45,1344.3500000000001,0
CUST-6466,  Male  ,32.0,INVALID_DATE,month-to-month,Bank transfer,69,57.96,,0
CUST-6467,female,44.0,2035-12-21,month-to-month,Electronic check,58,40.03,,0
CUST-6468,Female,28.0,22-Dec-2035,Month-to-month,Electronic check,32,111.57,3570.24,0
CUST-6469,F,37.0,2035-12-23,1 Year,Bank transfer,69,99.29,6851.01,0
CUST-6470,  Male  ,44.0,12/24/2035,One year, ,36,117.56,4232.16,1
CUST-6471,F,37.0,25-Dec-2035,Month-to-month,Mailed check,32,57.1,1827.2,0
CUST-6472,female,21.0,12/26/2035,month-to-month,Bank transfer,59,24.53,1447.27,0
CUST-6473,female,23.0,27-Dec-2035,One year, ,60,31.55,1893.0,0
CUST-6474,Female,43.0,2035-12-28,Month-to-month,Credit card,27,55.75,1505.25,0
CUST-6475,Female,47.0,INVALID_DATE,Two year,Electronic check,24,111.11,2666.64,1
CUST-6476,Male,,12/30/2035,month-to-month,Bank transfer,67,118.11,7913.37,0
CUST-6477,F,47.0,INVALID_DATE,Month-to-month,Bank transfer,36,102.2,3679.2000000000003,0
CUST-6478,F,37.0,01/01/2036,Month-to-month,Bank transfer,14,43.84,613.76,0
CUST-6479,female,49.0,02-Jan-2036,month-to-month,Electronic check,68,85.97,5845.96,0
CUST-6480,Male,44.0,INVALID_DATE,Two year,Bank transfer,44,79.66,3505.04,0
CUST-6481,  Male  ,32.0,2036-01-04,1 Year,Bank transfer,48,102.33,,0
CUST-6482,F,46.0,2036-01-05,Two year,Mailed check,32,70.97,2271.04,1
CUST-6483,Male,44.0,INVALID_DATE,month-to-month,Mailed check,17,51.81,880.77,0
CUST-6484,Male,60.0,2036-01-07,1 Year, ,57,21.93,1250.01,0
CUST-6485,female,57.0,2036-01-08,Month-to-month,Bank transfer,39,99.5,3880.5,0
CUST-6486,Male,39.0,09-Jan-2036,Two year,Electronic check,32,73.02,2336.64,1
CUST-6487,Female,35.0,INVALID_DATE,Two year,Credit card,68,73.42,,0
CUST-6488,Female,59.0,INVALID_DATE,1 Year, ,2,115.71,231.42,1
CUST-6489,M,47.0,01/12/2036,Month-to-month,Credit card,42,68.62,2882.04,0
CUST-6490,female,38.0,13-Jan-2036,Two year,Bank transfer,38,51.58,1960.04,0
CUST-6491,  Male  ,16.0,2036-01-14,1 Year,Credit card,55,53.98,2968.8999999999996,0
CUST-6492,M,31.0,01/15/2036,Two year,Electronic check,55,21.17,1164.3500000000001,0
CUST-6493,Female,30.0,INVALID_DATE,Month-to-month,Mailed check,34,32.24,1096.16,0
CUST-6494,M,38.0,01/17/2036,Month-to-month,Mailed check,46,24.38,1121.48,0
CUST-6495,female,47.0,INVALID_DATE,One year,Bank transfer,43,44.33,1906.1899999999998,0
CUST-6496,female,49.0,2036-01-19,1 Year,Electronic check,2,26.47,52.94,0
CUST-6497,Male,58.0,20-Jan-2036,month-to-month,Electronic check,36,53.11,1911.96,0
CUST-6498,F,51.0,21-Jan-2036,Two year,Electronic check,70,32.61,2282.7,0
CUST-6499,Male,,2036-01-22,Month-to-month,Bank transfer,36,111.79,,1
CUST-6500,female,52.0,01/23/2036,Two year,Electronic check,22,113.84,2504.48,1
CUST-6501,Female,61.0,01/24/2036,Two year,Mailed check,69,80.35,5544.15,0
CUST-6502,  Male  ,60.0,25-Jan-2036,month-to-month,Electronic check,38,100.55,,0
CUST-6503,Female,25.0,01/26/2036,Month-to-month,Electronic check,54,87.72,4736.88,0
CUST-6504,Male,38.0,2036-01-27,One year, ,22,101.11,2224.42,1
CUST-6505,  Male  ,52.0,INVALID_DATE,1 Year,Credit card,31,83.98,2603.38,0
CUST-6506,female,26.0,01/29/2036,Two year,Credit card,53,63.02,,0
CUST-6507,Female,,30-Jan-2036,month-to-month,Bank transfer,59,107.38,6335.42,0
CUST-6508,female,44.0,31-Jan-2036,month-to-month,Bank transfer,49,63.81,3126.69,0
CUST-6509,  Male  ,32.0,2036-02-01,1 Year,Bank transfer,27,59.62,1609.74,0
CUST-6510,  Male  ,20.0,02-Feb-2036,1 Year,Bank transfer,57,82.44,4699.08,0
CUST-6511,Female,55.0,2036-02-03,Month-to-month,Electronic check,6,113.79,682.74,0
CUST-6512,female,42.0,02/04/2036,Two year,Electronic check,46,64.22,,0
CUST-6513,M,34.0,02/05/2036,Two year,Credit card,25,77.49,1937.2499999999998,1
CUST-6514,female,28.0,02/06/2036,1 Year,Bank transfer,9,69.23,623.07,1
CUST-6515,  Male  ,42.0,2036-02-07,One year,Bank transfer,64,110.97,7102.08,0
CUST-6516,female,46.0,08-Feb-2036,Two year,Electronic check,31,87.67,2717.77,0
CUST-6517,Male,44.0,2036-02-09,month-to-month,Bank transfer,19,61.96,1177.24,0
CUST-6518,M,22.0,02/10/2036,1 Year,Mailed check,65,80.69,5244.849999999999,0
CUST-6519,F,46.0,02/11/2036,Two year,Electronic check,17,35.61,605.37,0
CUST-6520,Male,48.0,02/12/2036,Month-to-month,Mailed check,34,54.19,1842.46,0
CUST-6521,F,36.0,02/13/2036,1 Year,Electronic check,36,93.62,3370.32,0
CUST-6522,Female,52.0,02/14/2036,month-to-month,Electronic check,13,76.24,991.1199999999999,1
CUST-6523,F,30.0,2036-02-15,Month-to-month,Electronic check,59,51.43,3034.37,0
CUST-6524,female,55.0,02/16/2036,1 Year,Credit card,21,56.23,1180.83,0
CUST-6525,F,42.0,2036-02-17,1 Year,Credit card,65,100.98,6563.7,0
CUST-6526,  Male  ,34.0,2036-02-18,Two year,Electronic check,6,74.09,444.54,1
CUST-6527,Male,36.0,02/19/2036,Month-to-month,Electronic check,11,43.88,482.68,1
CUST-6528,Male,52.0,02/20/2036,1 Year,Electronic check,22,49.68,1092.96,0
CUST-6529,F,43.0,INVALID_DATE,month-to-month,Electronic check,11,66.79,734.69,1
CUST-6530,Male,48.0,02/22/2036,Month-to-month,Bank transfer,37,96.28,3562.36,0
CUST-6531,  Male  ,53.0,2036-02-23,Two year, ,26,119.74,3113.24,0
CUST-6532,Male,34.0,24-Feb-2036,One year,Bank transfer,57,38.58,2199.06,0
CUST-6533,F,42.0,2036-02-25,1 Year, ,26,95.49,2482.74,0
CUST-6534,M,37.0,02/26/2036,One year,Mailed check,21,81.72,,1
CUST-6535,M,52.0,2036-02-27,1 Year,Electronic check,57,73.12,4167.84,0
CUST-6536,Female,35.0,28-Feb-2036,Two year,Bank transfer,26,116.65,3032.9,1
CUST-6537,Male,,29-Feb-2036,Two year,Bank transfer,15,52.28,784.2,1
CUST-6538,F,68.0,01-Mar-2036,Two year,Bank transfer,63,37.7,2375.1000000000004,0
CUST-6539,Male,55.0,2036-03-02,Two year,Electronic check,35,107.76,3771.6000000000004,1
CUST-6540,female,28.0,03-Mar-2036,Month-to-month,Electronic check,11,26.87,295.57,0
CUST-6541,  Male  ,51.0,04-Mar-2036,Month-to-month,Mailed check,68,101.71,6916.28,0
CUST-6542,Male,48.0,2036-03-05,1 Year,Credit card,50,78.92,3946.0,0
CUST-6543,Male,27.0,03/06/2036,Month-to-month,Mailed check,29,36.4,1055.6,0
CUST-6544,M,39.0,07-Mar-2036,1 Year,Electronic check,64,42.74,2735.36,0
CUST-6545,  Male  ,29.0,INVALID_DATE,Month-to-month,Mailed check,41,35.58,1458.78,0
CUST-6546,F,11.0,INVALID_DATE,Month-to-month,Bank transfer,26,91.83,2387.58,1
CUST-6547,Male,38.0,2036-03-10,Month-to-month,Mailed check,28,34.73,972.4399999999999,0
CUST-6548,M,34.0,11-Mar-2036,month-to-month,Bank transfer,48,88.14,4230.72,0
CUST-6549,Female,27.0,2036-03-12,Two year,Mailed check,66,32.82,2166.12,0
CUST-6550,  Male  ,40.0,03/13/2036,month-to-month, ,23,100.23,2305.29,0
CUST-6551,M,15.0,2036-03-14,Month-to-month, ,39,111.95,4366.05,1
CUST-6552,M,40.0,2036-03-15,Month-to-month,Credit card,69,75.93,5239.17,0
CUST-6553,M,40.0,INVALID_DATE,month-to-month,Mailed check,21,116.62,2449.02,1
CUST-6554,Male,48.0,17-Mar-2036,1 Year,Electronic check,49,59.04,2892.96,0
CUST-6555,Male,21.0,2036-03-18,Two year,Electronic check,36,44.46,1600.56,0
CUST-6556,Female,66.0,INVALID_DATE,1 Year,Bank transfer,37,37.73,1396.01,0
CUST-6557,female,61.0,03/20/2036,Two year,Electronic check,42,67.9,2851.8,1
CUST-6558,female,31.0,2036-03-21,One year,Bank transfer,62,33.07,2050.34,0
CUST-6559,female,58.0,2036-03-22,Two year,Credit card,6,107.58,645.48,1
CUST-6560,  Male  ,50.0,2036-03-23,1 Year,Electronic check,8,98.48,787.84,0
CUST-6561,  Male  ,35.0,03/24/2036,Two year,Electronic check,69,76.21,5258.49,0
CUST-6562,Female,33.0,INVALID_DATE,One year,Bank transfer,40,92.15,,0
CUST-6563,  Male  ,34.0,03/26/2036,One year,Credit card,10,25.0,250.0,1
CUST-6564,female,74.0,2036-03-27,Month-to-month,Credit card,31,40.35,1250.8500000000001,0
CUST-6565,female,56.0,INVALID_DATE,One year,Mailed check,30,82.12,2463.6000000000004,0
CUST-6566,M,38.0,2036-03-29,month-to-month,Bank transfer,51,67.75,3455.25,0
CUST-6567,  Male  ,39.0,INVALID_DATE,1 Year,Bank transfer,36,80.46,2896.56,0
CUST-6568,Male,50.0,2036-03-31,month-to-month,Credit card,61,28.9,1762.8999999999999,0
CUST-6569,Male,50.0,INVALID_DATE,month-to-month,Bank transfer,27,85.24,2301.48,0
CUST-6570,M,29.0,02-Apr-2036,1 Year,Electronic check,35,100.36,3512.6,0
CUST-6571,M,44.0,04/03/2036,month-to-month,Electronic check,60,74.63,4477.799999999999,0
CUST-6572,M,33.0,2036-04-04,month-to-month,Electronic check,32,55.74,1783.68,0
CUST-6573,Male,42.0,INVALID_DATE,month-to-month,Bank transfer,4,37.46,149.84,0
CUST-6574,female,39.0,2036-04-06,One year,Mailed check,27,46.54,1256.58,0
CUST-6575,M,52.0,INVALID_DATE,1 Year,Mailed check,47,72.25,3395.75,0
CUST-6576,Female,37.0,04/08/2036,1 Year,Credit card,6,45.55,273.29999999999995,0
CUST-6577,M,41.0,09-Apr-2036,1 Year,Bank transfer,26,97.79,2542.54,0
CUST-6578,F,17.0,2036-04-10,month-to-month,Credit card,24,33.17,796.08,1
CUST-6579,M,44.0,INVALID_DATE,One year,Bank transfer,71,71.64,5086.44,0
CUST-6580,Male,31.0,04/12/2036,1 Year,Mailed check,44,69.6,3062.3999999999996,0
CUST-6581,  Male  ,,13-Apr-2036,Two year,Electronic check,14,33.89,474.46000000000004,0
CUST-6582,M,54.0,04/14/2036,1 Year,Bank transfer,13,119.5,1553.5,1
CUST-6583,  Male  ,39.0,04/15/2036,Month-to-month,Mailed check,26,102.31,2660.06,0
CUST-6584,F,,2036-04-16,Two year,Mailed check,43,58.65,2521.95,0
CUST-6585,Female,31.0,04/17/2036,1 Year,Mailed check,43,88.49,3805.0699999999997,0
CUST-6586,  Male  ,40.0,2036-04-18,month-to-month, ,66,91.66,6049.5599999999995,0
CUST-6587,female,40.0,19-Apr-2036,1 Year,Mailed check,28,85.11,2383.08,0
CUST-6588,M,34.0,2036-04-20,One year,Credit card,1,63.25,63.25,0
CUST-6589,F,-0.0,04/21/2036,One year,Mailed check,12,108.51,1302.1200000000001,0
CUST-6590,F,33.0,04/22/2036,1 Year,Mailed check,50,97.16,,0
CUST-6591,  Male  ,53.0,INVALID_DATE,month-to-month,Bank transfer,53,74.2,3932.6000000000004,0
CUST-6592,Female,57.0,04/24/2036,month-to-month,Bank transfer,60,20.26,1215.6000000000001,0
CUST-6593,Male,33.0,2036-04-25,month-to-month,Bank transfer,55,42.34,2328.7000000000003,0
CUST-6594,M,,26-Apr-2036,1 Year,Mailed check,35,70.88,2480.7999999999997,0
CUST-6595,F,21.0,INVALID_DATE,1 Year,Mailed check,61,109.89,6703.29,0
CUST-6596,Female,30.0,28-Apr-2036,Month-to-month,Credit card,26,82.86,2154.36,0
CUST-6597,female,51.0,04/29/2036,One year,Electronic check,31,61.79,1915.49,0
CUST-6598,F,49.0,INVALID_DATE,Two year,Mailed check,57,24.79,1413.03,0
CUST-6599,Female,40.0,2036-05-01,Two year,Electronic check,12,79.73,,1
CUST-6600,Male,27.0,05/02/2036,One year,Mailed check,5,55.08,275.4,0
CUST-6601,Male,27.0,2036-05-03,Month-to-month,Electronic check,7,73.74,516.18,0
CUST-6602,F,31.0,04-May-2036,One year,Bank transfer,16,96.64,1546.24,0
CUST-6603,F,27.0,INVALID_DATE,Month-to-month,Mailed check,52,100.37,5219.24,0
CUST-6604,  Male  ,42.0,2036-05-06,Month-to-month,Credit card,21,106.43,2235.03,0
CUST-6605,M,,2036-05-07,month-to-month,Electronic check,27,83.6,2257.2,0
CUST-6606,Female,26.0,05/08/2036,One year,Bank transfer,23,110.56,2542.88,0
CUST-6607,F,36.0,2036-05-09,Two year,Credit card,25,89.06,2226.5,0
CUST-6608,M,8.0,INVALID_DATE,1 Year,Bank transfer,11,98.39,1082.29,1
CUST-6609,  Male  ,44.0,11-May-2036,1 Year,Mailed check,63,88.55,5578.65,0
CUST-6610,M,49.0,12-May-2036,One year,Credit card,57,107.19,6109.83,1
CUST-6611,F,29.0,INVALID_DATE,1 Year,Electronic check,54,42.29,,0
CUST-6612,Male,31.0,INVALID_DATE,Month-to-month,Electronic check,10,95.99,959.9,1
CUST-6613,Female,43.0,15-May-2036,1 Year,Credit card,50,31.72,1586.0,0
CUST-6614,Female,41.0,05/16/2036,Month-to-month,Electronic check,1,29.2,,1
CUST-6615,Male,49.0,2036-05-17,Month-to-month,Bank transfer,70,69.16,4841.2,0
CUST-6616,F,31.0,2036-05-18,Two year,Credit card,30,50.02,,0
CUST-6617,Female,32.0,05/19/2036,1 Year,Electronic check,55,76.34,4198.7,0
CUST-6618,F,37.0,20-May-2036,Two year,Bank transfer,6,87.77,526.62,0
CUST-6619,  Male  ,27.0,21-May-2036,1 Year,Electronic check,24,42.66,1023.8399999999999,0
CUST-6620,F,37.0,05/22/2036,Month-to-month,Bank transfer,5,89.99,449.95,1
CUST-6621,M,27.0,05/23/2036,1 Year,Mailed check,7,119.55,836.85,1
CUST-6622,Male,45.0,INVALID_DATE,Two year,Bank transfer,3,96.0,,0
CUST-6623,F,29.0,INVALID_DATE,month-to-month,Electronic check,13,37.38,485.94000000000005,0
CUST-6624,  Male  ,43.0,26-May-2036,Two year,Bank transfer,54,83.37,4501.9800000000005,0
CUST-6625,female,57.0,27-May-2036,month-to-month, ,63,20.95,1319.85,0
CUST-6626,Male,45.0,2036-05-28,One year,Credit card,6,66.97,401.82,1
CUST-6627,Female,42.0,29-May-2036,Two year,Credit card,47,73.33,3446.5099999999998,0
CUST-6628,M,24.0,30-May-2036,1 Year,Mailed check,55,117.24,6448.2,1
CUST-6629,Female,57.0,2036-05-31,month-to-month,Bank transfer,49,93.72,4592.28,0
CUST-6630,  Male  ,53.0,INVALID_DATE,1 Year,Mailed check,57,90.6,5164.2,0
CUST-6631,  Male  ,,06/02/2036,month-to-month,Credit card,3,73.24,219.71999999999997,1
CUST-6632,Female,35.0,2036-06-03,Two year,Bank transfer,22,71.32,1569.04,1
CUST-6633,Male,30.0,2036-06-04,Two year, ,35,119.21,4172.349999999999,0
CUST-6634,Female,61.0,05-Jun-2036,1 Year, ,28,22.13,619.64,0
CUST-6635,F,49.0,06/06/2036,Two year,Mailed check,42,50.32,2113.44,0
CUST-6636,Female,31.0,07-Jun-2036,1 Year,Bank transfer,12,33.38,400.56000000000006,1
CUST-6637,M,53.0,06/08/2036,Month-to-month,Bank transfer,1,51.5,51.5,1
CUST-6638,M,56.0,2036-06-09,month-to-month,Bank transfer,23,66.36,,1
CUST-6639,female,,06/10/2036,1 Year,Mailed check,28,54.19,1517.32,0
CUST-6640,M,36.0,11-Jun-2036,month-to-month,Electronic check,69,116.27,8022.63,0
CUST-6641,Female,28.0,06/12/2036,Month-to-month,Credit card,36,88.06,3170.16,0
CUST-6642,M,48.0,06/13/2036,month-to-month,Credit card,54,92.8,5011.2,1
CUST-6643,Male,35.0,06/14/2036,1 Year,Mailed check,47,94.23,4428.81,0
CUST-6644,M,34.0,15-Jun-2036,Two year,Bank transfer,56,109.92,,0
CUST-6645,F,40.0,2036-06-16,month-to-month,Credit card,10,96.8,Unknown,1
CUST-6646,Male,30.0,INVALID_DATE,month-to-month,Credit card,5,21.62,108.10000000000001,0
CUST-6647,female,58.0,2036-06-18,Month-to-month,Credit card,14,46.14,645.96,0
CUST-6648,F,52.0,06/19/2036,One year,Credit card,24,118.91,2853.84,1
CUST-6649,Female,41.0,INVALID_DATE,Two year,Bank transfer,63,85.21,,0
CUST-6650,Female,30.0,06/21/2036,1 Year,Mailed check,28,26.81,750.68,0
CUST-6651,Female,30.0,06/22/2036,Month-to-month,Bank transfer,21,66.66,1399.86,0
CUST-6652,F,30.0,2036-06-23,1 Year,Bank transfer,20,118.08,2361.6,1
CUST-6653,F,25.0,24-Jun-2036,1 Year,Credit card,62,119.28,7395.36,0
CUST-6654,F,44.0,06/25/2036,month-to-month,Credit card,51,63.24,3225.2400000000002,0
CUST-6655,Male,32.0,06/26/2036,Month-to-month,Bank transfer,40,109.31,4372.4,0
CUST-6656,  Male  ,32.0,06/27/2036,Month-to-month,Bank transfer,65,79.2,5148.0,0
CUST-6657,Male,30.0,2036-06-28,Two year,Bank transfer,28,70.94,1986.32,0
CUST-6658,Female,52.0,INVALID_DATE,One year,Electronic check,54,61.19,3304.2599999999998,0
CUST-6659,  Male  ,31.0,2036-06-30,1 Year, ,2,109.21,218.42,1
CUST-6660,M,55.0,INVALID_DATE,Two year,Mailed check,14,82.11,1149.54,0
CUST-6661,Female,37.0,02-Jul-2036,Two year, ,14,53.38,747.32,0
CUST-6662,female,25.0,07/03/2036,1 Year,Mailed check,44,69.19,,0
CUST-6663,Male,46.0,07/04/2036,month-to-month,Electronic check,40,64.41,,0
CUST-6664,F,51.0,2036-07-05,month-to-month,Electronic check,34,65.12,2214.08,0
CUST-6665,Male,30.0,2036-07-06,1 Year,Mailed check,65,51.16,3325.3999999999996,0
CUST-6666,F,41.0,INVALID_DATE,Month-to-month,Mailed check,18,83.3,1499.3999999999999,0
CUST-6667,  Male  ,44.0,07/08/2036,One year,Mailed check,34,25.22,,0
CUST-6668,female,,INVALID_DATE,month-to-month,Bank transfer,49,108.62,5322.38,1
CUST-6669,  Male  ,35.0,07/10/2036,One year, ,55,61.54,3384.7,0
CUST-6670,female,51.0,07/11/2036,Two year,Electronic check,62,100.09,6205.58,0
CUST-6671,Male,37.0,2036-07-12,Two year, ,70,92.95,6506.5,0
CUST-6672,F,33.0,07/13/2036,1 Year,Bank transfer,24,67.19,,0
CUST-6673,  Male  ,19.0,14-Jul-2036,1 Year,Electronic check,48,39.87,1913.7599999999998,0
CUST-6674,female,19.0,2036-07-15,1 Year,Mailed check,39,76.22,2972.58,0
CUST-6675,Female,43.0,16-Jul-2036,month-to-month,Electronic check,48,114.81,5510.88,0
CUST-6676,Female,39.0,17-Jul-2036,One year,Bank transfer,70,38.58,2700.6,0
CUST-6677,  Male  ,51.0,INVALID_DATE,Two year,Credit card,9,45.6,410.40000000000003,0
CUST-6678,F,54.0,INVALID_DATE,One year, ,29,119.3,,1
CUST-6679,  Male  ,37.0,INVALID_DATE,month-to-month,Electronic check,68,109.26,7429.68,0
CUST-6680,Male,51.0,2036-07-21,One year,Mailed check,60,74.95,4497.0,0
CUST-6681,female,33.0,07/22/2036,One year,Credit card,26,89.47,2326.22,1
CUST-6682,Male,38.0,23-Jul-2036,1 Year,Electronic check,38,64.31,2443.78,0
CUST-6683,Female,38.0,INVALID_DATE,One year,Mailed check,62,60.41,3745.4199999999996,0
CUST-6684,female,59.0,INVALID_DATE,One year,Bank transfer,26,64.32,1672.3199999999997,0
CUST-6685,  Male  ,25.0,07/26/2036,One year,Bank transfer,14,61.44,860.16,0
CUST-6686,Male,41.0,INVALID_DATE,Month-to-month,Credit card,49,87.56,,0
CUST-6687,M,32.0,28-Jul-2036,Two year,Credit card,43,53.05,2281.15,0
CUST-6688,F,36.0,2036-07-29,Two year,Credit card,8,37.08,296.64,0
CUST-6689,F,36.0,INVALID_DATE,One year,Electronic check,40,90.66,3626.3999999999996,1
CUST-6690,M,41.0,07/31/2036,1 Year,Credit card,25,23.13,578.25,0
CUST-6691,Female,56.0,01-Aug-2036,1 Year,Electronic check,63,91.88,5788.44,0
CUST-6692,female,63.0,02-Aug-2036,1 Year,Mailed check,4,46.32,185.28,0
CUST-6693,F,48.0,2036-08-03,Two year,Bank transfer,15,39.03,585.45,1
CUST-6694,M,28.0,04-Aug-2036,month-to-month,Mailed check,16,57.9,926.4,0
CUST-6695,  Male  ,38.0,2036-08-05,One year,Bank transfer,54,31.75,,0
CUST-6696,M,43.0,06-Aug-2036,Two year,Credit card,11,58.45,642.95,0
CUST-6697,Female,35.0,08/07/2036,1 Year,Mailed check,28,30.23,846.44,0
CUST-6698,Female,37.0,2036-08-08,Two year,Mailed check,7,68.35,478.44999999999993,0
CUST-6699,Male,39.0,09-Aug-2036,Two year,Credit card,38,37.62,1429.56,0
CUST-6700,F,49.0,10-Aug-2036,Two year,Mailed check,24,33.0,792.0,0
CUST-6701,Male,,INVALID_DATE,1 Year,Electronic check,68,77.91,5297.88,0
CUST-6702,M,33.0,08/12/2036,month-to-month,Bank transfer,37,82.52,3053.24,0
CUST-6703,female,47.0,INVALID_DATE,Month-to-month,Credit card,35,20.55,719.25,0
CUST-6704,female,61.0,INVALID_DATE,One year,Electronic check,6,58.77,,1
CUST-6705,Female,22.0,15-Aug-2036,One year,Electronic check,33,27.8,917.4,0
CUST-6706,female,35.0,2036-08-16,Two year,Credit card,54,93.86,5068.44,0
CUST-6707,female,34.0,17-Aug-2036,month-to-month,Mailed check,14,88.15,1234.1000000000001,1
CUST-6708,female,,18-Aug-2036,1 Year,Bank transfer,19,24.97,474.42999999999995,0
CUST-6709,M,18.0,08/19/2036,Month-to-month,Electronic check,11,114.13,1255.4299999999998,0
CUST-6710,female,56.0,08/20/2036,Month-to-month,Mailed check,71,116.0,8236.0,0
CUST-6711,  Male  ,41.0,21-Aug-2036,Two year,Credit card,45,53.47,,0
CUST-6712,female,,08/22/2036,Two year, ,60,33.06,1983.6000000000001,0
CUST-6713,female,42.0,INVALID_DATE,1 Year,Bank transfer,58,31.43,1822.94,0
CUST-6714,Male,34.0,24-Aug-2036,1 Year,Credit card,24,104.07,2497.68,1
CUST-6715,M,48.0,INVALID_DATE,1 Year,Bank transfer,11,65.92,725.12,0
CUST-6716,Female,40.0,26-Aug-2036,Two year,Credit card,44,20.95,921.8,0
CUST-6717,Male,15.0,INVALID_DATE,month-to-month,Credit card,66,112.54,7427.64,0
CUST-6718,F,39.0,2036-08-28,Two year,Electronic check,45,79.27,3567.1499999999996,0
CUST-6719,M,37.0,29-Aug-2036,Two year,Mailed check,32,89.04,2849.28,0
CUST-6720,  Male  ,48.0,2036-08-30,Month-to-month,Electronic check,17,102.36,1740.12,1
CUST-6721,M,72.0,2036-08-31,1 Year,Bank transfer,54,101.86,5500.44,1
CUST-6722,F,45.0,01-Sep-2036,One year,Electronic check,10,27.58,275.79999999999995,0
CUST-6723,F,65.0,09/02/2036,1 Year,Credit card,6,77.4,464.40000000000003,1
CUST-6724,F,32.0,03-Sep-2036,month-to-month,Credit card,20,89.62,1792.4,1
CUST-6725,Female,33.0,04-Sep-2036,month-to-month,Mailed check,1,28.56,28.56,0
CUST-6726,female,37.0,09/05/2036,1 Year,Bank transfer,64,42.24,2703.36,0
CUST-6727,M,45.0,INVALID_DATE,1 Year,Credit card,1,59.58,59.58,1
CUST-6728,female,32.0,09/07/2036,Two year,Mailed check,61,108.65,6627.650000000001,1
CUST-6729,female,,INVALID_DATE,One year,Mailed check,1,105.06,105.06,1
CUST-6730,  Male  ,40.0,2036-09-09,Two year,Credit card,46,98.21,4517.66,0
CUST-6731,F,26.0,10-Sep-2036,Month-to-month,Credit card,60,119.03,$1200.50,0
CUST-6732,Female,53.0,09/11/2036,Month-to-month,Bank transfer,43,44.27,1903.6100000000001,0
CUST-6733,  Male  ,48.0,09/12/2036,month-to-month,Mailed check,44,66.78,2938.32,0
CUST-6734,Male,31.0,INVALID_DATE,month-to-month,Mailed check,38,64.67,2457.46,0
CUST-6735,Female,45.0,2036-09-14,One year,Mailed check,2,87.89,175.78,0
CUST-6736,female,33.0,15-Sep-2036,month-to-month,Bank transfer,12,105.02,1260.24,1
CUST-6737,Female,39.0,09/16/2036,Month-to-month,Mailed check,23,69.17,1590.91,0
CUST-6738,F,39.0,INVALID_DATE,One year,Electronic check,9,69.15,622.35,0
CUST-6739,Male,36.0,2036-09-18,Month-to-month,Electronic check,8,80.83,646.64,1
CUST-6740,F,50.0,2036-09-19,1 Year,Mailed check,50,94.25,4712.5,0
CUST-6741,Male,27.0,INVALID_DATE,1 Year,Electronic check,62,40.13,2488.06,0
CUST-6742,  Male  ,46.0,2036-09-21,One year,Electronic check,23,116.19,2672.37,0
CUST-6743,female,44.0,INVALID_DATE,Two year,Bank transfer,59,29.21,1723.39,0
CUST-6744,Male,23.0,INVALID_DATE,month-to-month,Mailed check,10,22.31,223.1,0
CUST-6745,Male,30.0,INVALID_DATE,One year,Bank transfer,12,55.88,670.5600000000001,0
CUST-6746,Male,27.0,2036-09-25,month-to-month,Mailed check,62,90.14,,1
CUST-6747,Female,36.0,26-Sep-2036,Month-to-month,Credit card,30,117.81,3534.3,0
CUST-6748,  Male  ,41.0,27-Sep-2036,Two year,Electronic check,68,113.28,7703.04,0
CUST-6749,Female,29.0,09/28/2036,month-to-month,Bank transfer,47,88.85,4175.95,0
CUST-6750,female,,INVALID_DATE,1 Year,Bank transfer,41,63.65,2609.65,0
CUST-6751,Male,53.0,09/30/2036,1 Year,Credit card,7,79.58,557.06,1
CUST-6752,  Male  ,55.0,10/01/2036,Month-to-month,Credit card,52,116.87,6077.24,0
CUST-6753,  Male  ,7.0,10/02/2036,One year,Electronic check,45,46.55,2094.75,0
CUST-6754,M,63.0,INVALID_DATE,month-to-month,Electronic check,38,67.83,2577.54,0
CUST-6755,female,42.0,10/04/2036,Month-to-month, ,36,89.29,3214.44,1
CUST-6756,  Male  ,41.0,INVALID_DATE,1 Year,Mailed check,58,21.03,1219.74,0
CUST-6757,Male,39.0,2036-10-06,1 Year,Credit card,46,58.13,2673.98,0
CUST-6758,Male,24.0,INVALID_DATE,1 Year,Electronic check,67,76.79,5144.93,0
CUST-6759,  Male  ,44.0,INVALID_DATE,Two year,Electronic check,65,110.09,7155.85,0
CUST-6760,Female,59.0,INVALID_DATE,Two year,Credit card,18,119.2,2145.6,1
CUST-6761,female,42.0,10-Oct-2036,1 Year,Credit card,2,75.63,151.26,1
CUST-6762,Male,27.0,2036-10-11,One year,Bank transfer,4,114.46,457.84,1
CUST-6763,  Male  ,22.0,INVALID_DATE,Two year,Credit card,42,29.93,1257.06,0
CUST-6764,Male,36.0,13-Oct-2036,month-to-month,Bank transfer,49,90.13,4416.37,1
CUST-6765,  Male  ,31.0,INVALID_DATE,Two year, ,49,60.06,,0
CUST-6766,female,48.0,2036-10-15,month-to-month, ,7,95.1,665.6999999999999,1
CUST-6767,  Male  ,56.0,2036-10-16,Two year,Credit card,9,106.77,960.93,0
CUST-6768,M,,10/17/2036,1 Year,Credit card,71,25.37,1801.27,0
CUST-6769,  Male  ,39.0,18-Oct-2036,month-to-month,Bank transfer,27,113.55,3065.85,1
CUST-6770,  Male  ,38.0,INVALID_DATE,One year,Credit card,21,26.82,563.22,0
CUST-6771,female,41.0,INVALID_DATE,Two year,Credit card,35,95.34,,0
CUST-6772,  Male  ,,21-Oct-2036,Two year,Electronic check,36,26.91,,1
CUST-6773,female,47.0,22-Oct-2036,1 Year,Electronic check,67,106.17,7113.39,0
CUST-6774,M,27.0,10/23/2036,month-to-month,Electronic check,43,40.5,1741.5,0
CUST-6775,female,53.0,10/24/2036,1 Year, ,8,63.41,507.28,0
CUST-6776,Male,,10/25/2036,month-to-month,Electronic check,36,113.26,4077.36,1
CUST-6777,female,50.0,10/26/2036,Two year,Mailed check,48,99.21,4762.08,0
CUST-6778,M,22.0,2036-10-27,Two year,Electronic check,46,98.58,4534.68,1
CUST-6779,F,50.0,28-Oct-2036,Two year,Credit card,32,96.33,3082.56,0
CUST-6780,  Male  ,,10/29/2036,Two year,Electronic check,7,76.94,538.5799999999999,1
CUST-6781,female,25.0,INVALID_DATE,Month-to-month,Electronic check,12,115.14,1381.68,1
CUST-6782,  Male  ,39.0,INVALID_DATE,Two year, ,55,103.16,5673.8,0
CUST-6783,Female,44.0,11/01/2036,Two year,Mailed check,23,64.03,1472.69,0
CUST-6784,Male,45.0,11/02/2036,month-to-month,Mailed check,52,94.26,4901.52,0
CUST-6785,Male,36.0,INVALID_DATE,Two year,Bank transfer,13,119.81,1557.53,0
CUST-6786,Female,34.0,11/04/2036,Two year,Credit card,71,107.1,7604.099999999999,0
CUST-6787,Female,43.0,05-Nov-2036,month-to-month,Mailed check,53,20.12,1066.3600000000001,0
CUST-6788,female,44.0,2036-11-06,Two year,Mailed check,63,93.79,5908.77,0
CUST-6789,Female,,INVALID_DATE,Two year,Mailed check,71,109.79,7795.09,0
CUST-6790,F,30.0,2036-11-08,1 Year,Credit card,51,52.78,2691.78,0
CUST-6791,  Male  ,,11/09/2036,Month-to-month,Bank transfer,58,117.75,6829.5,0
CUST-6792,  Male  ,41.0,2036-11-10,month-to-month,Credit card,27,60.13,1623.51,0
CUST-6793,M,13.0,11/11/2036,1 Year,Electronic check,7,62.12,434.84,1
CUST-6794,Female,55.0,11/12/2036,One year,Bank transfer,50,36.09,1804.5000000000002,0
CUST-6795,Female,33.0,INVALID_DATE,One year,Electronic check,24,29.66,711.84,0
CUST-6796,F,41.0,14-Nov-2036,Month-to-month,Mailed check,25,73.66,1841.5,1
CUST-6797,Male,,2036-11-15,One year,Credit card,44,80.28,3532.32,0
CUST-6798,Male,22.0,2036-11-16,Month-to-month,Electronic check,36,56.69,2040.84,0
CUST-6799,  Male  ,37.0,11/17/2036,One year,Bank transfer,57,80.66,4597.62,1
CUST-6800,  Male  ,56.0,18-Nov-2036,One year,Electronic check,37,59.47,2200.39,0
CUST-6801,female,53.0,11/19/2036,1 Year,Electronic check,52,106.82,5554.639999999999,0
CUST-6802,F,37.0,INVALID_DATE,One year,Mailed check,63,115.38,7268.94,0
CUST-6803,M,,INVALID_DATE,Month-to-month,Electronic check,7,79.35,555.4499999999999,0
CUST-6804,M,50.0,22-Nov-2036,Two year,Electronic check,60,104.23,6253.8,0
CUST-6805,F,50.0,2036-11-23,Two year,Mailed check,37,105.37,3898.69,1
CUST-6806,M,26.0,24-Nov-2036,Two year,Bank transfer,21,91.38,1918.98,1
CUST-6807,Male,60.0,2036-11-25,Month-to-month,Mailed check,46,39.2,1803.2,0
CUST-6808,M,34.0,2036-11-26,Month-to-month, ,21,35.49,745.2900000000001,0
CUST-6809,M,41.0,2036-11-27,Two year,Credit card,52,111.95,5821.400000000001,0
CUST-6810,F,36.0,11/28/2036,One year,Mailed check,29,46.51,1348.79,0
CUST-6811,F,43.0,11/29/2036,Two year,Mailed check,69,44.63,,0
CUST-6812,M,30.0,30-Nov-2036,month-to-month,Electronic check,39,36.61,,0
CUST-6813,Female,37.0,12/01/2036,Month-to-month,Credit card,27,72.75,,1
CUST-6814,F,42.0,12/02/2036,month-to-month,Bank transfer,10,87.7,877.0,0
CUST-6815,female,55.0,INVALID_DATE,month-to-month,Credit card,36,87.62,3154.32,0
CUST-6816,female,53.0,04-Dec-2036,Month-to-month,Mailed check,16,46.11,737.76,1
CUST-6817,Male,54.0,2036-12-05,Two year,Credit card,36,29.48,1061.28,0
CUST-6818,M,50.0,06-Dec-2036,1 Year,Bank transfer,34,51.02,1734.68,1
CUST-6819,Female,62.0,12/07/2036,month-to-month,Credit card,37,70.34,2602.58,0
CUST-6820,Male,37.0,2036-12-08,Two year,Credit card,68,81.24,5524.32,0
CUST-6821,M,38.0,INVALID_DATE,1 Year,Credit card,59,47.06,2776.54,0
CUST-6822,F,38.0,10-Dec-2036,month-to-month,Mailed check,29,38.32,1111.28,1
CUST-6823,female,39.0,INVALID_DATE,Two year,Electronic check,31,104.16,3228.96,1
CUST-6824,  Male  ,,2036-12-12,month-to-month,Electronic check,66,105.79,6982.14,0
CUST-6825,Female,43.0,12/13/2036,Two year,Credit card,3,48.0,144.0,1
CUST-6826,  Male  ,46.0,INVALID_DATE,One year, ,69,76.01,5244.6900000000005,0
CUST-6827,female,37.0,12/15/2036,One year,Mailed check,22,63.98,1407.56,1
CUST-6828,  Male  ,19.0,16-Dec-2036,Month-to-month,Mailed check,53,34.2,1812.6000000000001,0
CUST-6829,F,40.0,2036-12-17,1 Year,Electronic check,48,114.06,5474.88,0
CUST-6830,M,24.0,12/18/2036,month-to-month,Mailed check,47,20.98,986.0600000000001,0
CUST-6831,F,45.0,2036-12-19,month-to-month,Credit card,42,38.76,1627.9199999999998,0
CUST-6832,  Male  ,41.0,20-Dec-2036,Two year,Electronic check,4,54.56,218.24,0
CUST-6833,F,,21-Dec-2036,1 Year,Mailed check,42,105.65,,0
CUST-6834,female,27.0,22-Dec-2036,month-to-month,Credit card,43,98.87,4251.41,1
CUST-6835,Female,55.0,12/23/2036,1 Year,Electronic check,42,77.99,,1
CUST-6836,F,42.0,12/24/2036,1 Year,Mailed check,3,89.5,268.5,0
CUST-6837,female,29.0,INVALID_DATE,One year,Bank transfer,59,54.09,3191.3100000000004,0
CUST-6838,Female,,12/26/2036,month-to-month,Credit card,11,114.05,,1
CUST-6839,M,41.0,12/27/2036,month-to-month,Bank transfer,35,22.68,793.8,0
CUST-6840,  Male  ,62.0,INVALID_DATE,Month-to-month,Electronic check,50,30.09,1504.5,0
CUST-6841,M,33.0,INVALID_DATE,1 Year,Mailed check,63,112.56,7091.28,0
CUST-6842,Male,25.0,30-Dec-2036,Two year,Credit card,70,114.51,8015.700000000001,0
CUST-6843,female,43.0,12/31/2036,One year,Credit card,6,69.06,414.36,0
CUST-6844,Female,52.0,01/01/2037,Month-to-month,Credit card,32,77.65,2484.8,0
CUST-6845,F,68.0,01/02/2037,One year,Bank transfer,11,110.25,1212.75,0
CUST-6846,M,81.0,03-Jan-2037,Two year,Mailed check,43,105.34,4529.62,0
CUST-6847,Female,21.0,04-Jan-2037,Month-to-month,Mailed check,39,106.2,4141.8,1
CUST-6848,female,38.0,INVALID_DATE,One year,Mailed check,13,57.18,743.34,0
CUST-6849,Male,25.0,01/06/2037,Two year,Bank transfer,13,103.05,1339.6499999999999,1
CUST-6850,M,,2037-01-07,Month-to-month,Electronic check,39,26.93,1050.27,0
CUST-6851,  Male  ,70.0,2037-01-08,Two year,Bank transfer,46,68.7,3160.2000000000003,0
CUST-6852,Female,30.0,INVALID_DATE,Month-to-month,Electronic check,34,43.74,1487.16,0
CUST-6853,  Male  ,40.0,INVALID_DATE,month-to-month, ,67,23.58,1579.86,0
CUST-6854,Female,,01/11/2037,month-to-month,Mailed check,32,81.72,2615.04,1
CUST-6855,Female,,INVALID_DATE,One year,Mailed check,68,27.62,1878.16,0
CUST-6856,female,62.0,INVALID_DATE,1 Year,Mailed check,65,32.02,2081.3,0
CUST-6857,female,22.0,01/14/2037,1 Year,Bank transfer,7,28.17,197.19,0
CUST-6858,female,,01/15/2037,Two year,Credit card,3,117.5,352.5,1
CUST-6859,F,41.0,16-Jan-2037,Month-to-month,Bank transfer,69,23.92,1650.48,0
CUST-6860,Female,40.0,INVALID_DATE,month-to-month,Electronic check,49,46.98,2302.02,0
CUST-6861,M,36.0,2037-01-18,1 Year,Bank transfer,58,85.2,4941.6,1
CUST-6862,  Male  ,59.0,19-Jan-2037,month-to-month,Electronic check,28,102.34,2865.52,1
CUST-6863,female,15.0,2037-01-20,Two year,Bank transfer,27,80.82,2182.14,0
CUST-6864,female,45.0,INVALID_DATE,Two year,Credit card,22,117.65,2588.3,1
CUST-6865,  Male  ,46.0,22-Jan-2037,Month-to-month, ,71,53.77,3817.67,0
CUST-6866,  Male  ,43.0,23-Jan-2037,1 Year,Mailed check,13,67.2,873.6,1
CUST-6867,Female,30.0,01/24/2037,Two year,Credit card,22,102.13,2246.8599999999997,0
CUST-6868,female,54.0,INVALID_DATE,Two year,Bank transfer,5,88.17,440.85,0
CUST-6869,  Male  ,54.0,01/26/2037,month-to-month,Credit card,22,41.41,911.02,1
CUST-6870,F,30.0,INVALID_DATE,One year,Mailed check,53,69.87,3703.11,0
CUST-6871,F,26.0,INVALID_DATE,1 Year,Bank transfer,39,117.6,4586.4,1
CUST-6872,female,23.0,INVALID_DATE,Month-to-month,Electronic check,37,106.3,3933.1,0
CUST-6873,  Male  ,43.0,INVALID_DATE,Month-to-month,Bank transfer,31,39.18,1214.58,0
CUST-6874,Female,41.0,01/31/2037,month-to-month,Mailed check,62,37.98,2354.7599999999998,0
CUST-6875,Female,36.0,INVALID_DATE,Month-to-month,Credit card,6,102.84,617.04,1
CUST-6876,Female,65.0,INVALID_DATE,Two year,Credit card,34,39.89,1356.26,0
CUST-6877,Male,34.0,03-Feb-2037,1 Year,Bank transfer,52,65.28,3394.56,0
CUST-6878,female,42.0,02/04/2037,Month-to-month,Electronic check,30,38.08,,0
CUST-6879,Female,38.0,05-Feb-2037,1 Year,Electronic check,13,21.47,279.11,0
CUST-6880,F,64.0,06-Feb-2037,Month-to-month,Electronic check,58,107.54,6237.320000000001,0
CUST-6881,  Male  ,16.0,INVALID_DATE,One year,Electronic check,53,97.9,5188.700000000001,0
CUST-6882,M,36.0,02/08/2037,One year,Bank transfer,20,67.06,1341.2,1
CUST-6883,M,47.0,02/09/2037,1 Year,Credit card,6,35.96,215.76,0
CUST-6884,Female,37.0,INVALID_DATE,One year,Electronic check,55,100.64,5535.2,0
CUST-6885,M,24.0,11-Feb-2037,One year,Bank transfer,31,55.94,1734.1399999999999,0
CUST-6886,M,42.0,INVALID_DATE,Two year,Bank transfer,59,86.19,5085.21,0
CUST-6887,Male,21.0,2037-02-13,Month-to-month, ,19,51.67,,0
CUST-6888,F,48.0,2037-02-14,One year,Electronic check,70,63.23,4426.099999999999,0
CUST-6889,F,35.0,INVALID_DATE,1 Year,Electronic check,28,73.55,2059.4,0
CUST-6890,Male,33.0,INVALID_DATE,Two year,Bank transfer,13,96.2,,1
CUST-6891,Male,53.0,17-Feb-2037,One year,Bank transfer,52,103.21,5366.92,0
CUST-6892,M,28.0,02/18/2037,1 Year,Bank transfer,61,64.35,,0
CUST-6893,female,21.0,02/19/2037,Month-to-month,Credit card,41,43.3,1775.3,0
CUST-6894,  Male  ,29.0,INVALID_DATE,One year,Credit card,45,35.36,1591.2,0
CUST-6895,  Male  ,65.0,INVALID_DATE,1 Year,Mailed check,7,54.07,378.49,0
CUST-6896,M,28.0,INVALID_DATE,1 Year,Mailed check,14,100.18,1402.52,1
CUST-6897,  Male  ,44.0,02/23/2037,month-to-month,Electronic check,36,47.4,1706.3999999999999,0
CUST-6898,Male,50.0,INVALID_DATE,1 Year,Credit card,8,24.75,198.0,1
CUST-6899,F,29.0,25-Feb-2037,month-to-month,Mailed check,12,76.43,917.1600000000001,0
CUST-6900,  Male  ,,02/26/2037,Month-to-month,Bank transfer,40,23.36,934.4,0
CUST-6901,M,42.0,2037-02-27,Month-to-month,Bank transfer,62,108.49,6726.38,0
CUST-6902,female,43.0,2037-02-28,Two year,Electronic check,14,87.81,1229.3400000000001,0
CUST-6903,M,56.0,INVALID_DATE,month-to-month,Electronic check,49,45.68,2238.32,0
CUST-6904,Female,,INVALID_DATE,1 Year,Mailed check,51,66.91,3412.41,0
CUST-6905,M,,03/03/2037,Two year,Bank transfer,62,93.92,5823.04,0
CUST-6906,Male,74.0,04-Mar-2037,Two year,Electronic check,5,111.57,557.8499999999999,0
CUST-6907,F,18.0,2037-03-05,Month-to-month,Electronic check,67,107.45,7199.150000000001,0
CUST-6908,F,16.0,INVALID_DATE,1 Year,Credit card,1,26.95,26.95,0
CUST-6909,  Male  ,23.0,03/07/2037,month-to-month,Mailed check,49,28.11,1377.3899999999999,0
CUST-6910,Male,53.0,INVALID_DATE,Month-to-month,Electronic check,17,79.77,1356.09,0
CUST-6911,Female,35.0,03/09/2037,Two year,Mailed check,35,69.65,2437.75,0
CUST-6912,Male,35.0,2037-03-10,One year,Bank transfer,67,49.29,3302.43,0
CUST-6913,M,28.0,11-Mar-2037,Two year,Mailed check,13,117.62,1529.06,1
CUST-6914,Male,51.0,12-Mar-2037,One year,Electronic check,37,94.63,,1
CUST-6915,Male,24.0,2037-03-13,Month-to-month,Credit card,38,88.73,3371.7400000000002,1
CUST-6916,Female,33.0,14-Mar-2037,month-to-month,Mailed check,6,38.13,228.78000000000003,0
CUST-6917,M,29.0,03/15/2037,1 Year,Mailed check,63,48.39,3048.57,0
CUST-6918,female,8.0,16-Mar-2037,One year,Bank transfer,49,80.5,3944.5,0
CUST-6919,female,,INVALID_DATE,1 Year,Credit card,9,99.56,,1
CUST-6920,F,39.0,2037-03-18,Month-to-month,Mailed check,36,113.11,4071.96,0
CUST-6921,  Male  ,31.0,2037-03-19,Month-to-month,Credit card,23,89.77,2064.71,1
CUST-6922,Male,37.0,INVALID_DATE,Month-to-month,Electronic check,57,61.86,3526.02,0
CUST-6923,F,37.0,2037-03-21,month-to-month,Credit card,50,89.11,,0
CUST-6924,Female,38.0,03/22/2037,One year,Electronic check,59,26.92,1588.2800000000002,0
CUST-6925,female,27.0,03/23/2037,1 Year,Bank transfer,7,80.01,560.07,1
CUST-6926,Male,27.0,03/24/2037,Two year,Bank transfer,47,109.46,5144.62,0
CUST-6927,Female,41.0,INVALID_DATE,Month-to-month, ,56,83.69,4686.639999999999,0
CUST-6928,  Male  ,22.0,2037-03-26,1 Year,Electronic check,8,20.75,166.0,0
CUST-6929,Female,37.0,27-Mar-2037,1 Year,Mailed check,36,89.45,3220.2000000000003,0
CUST-6930,Male,60.0,INVALID_DATE,month-to-month,Electronic check,42,92.64,3890.88,0
CUST-6931,  Male  ,40.0,03/29/2037,One year,Credit card,39,74.12,2890.6800000000003,0
CUST-6932,Female,18.0,2037-03-30,month-to-month,Credit card,65,101.61,6604.65,0
CUST-6933,  Male  ,42.0,2037-03-31,month-to-month,Electronic check,44,40.23,1770.12,0
CUST-6934,Male,50.0,INVALID_DATE,1 Year,Bank transfer,46,60.9,2801.4,0
CUST-6935,Male,30.0,04/02/2037,One year,Bank transfer,13,100.76,1309.88,1
CUST-6936,  Male  ,36.0,INVALID_DATE,One year,Credit card,37,80.37,2973.69,0
CUST-6937,M,29.0,INVALID_DATE,One year,Credit card,14,119.44,1672.1599999999999,0
CUST-6938,F,34.0,05-Apr-2037,Month-to-month,Mailed check,13,26.93,350.09,0
CUST-6939,Female,32.0,04/06/2037,One year,Mailed check,12,44.43,533.16,0
CUST-6940,Female,45.0,07-Apr-2037,1 Year,Mailed check,55,39.91,2195.0499999999997,0
CUST-6941,M,60.0,INVALID_DATE,Month-to-month,Credit card,28,117.64,3293.92,1
CUST-6942,M,41.0,INVALID_DATE,Two year,Mailed check,22,106.93,2352.46,1
CUST-6943,M,21.0,2037-04-10,month-to-month,Credit card,19,33.31,,0
CUST-6944,female,70.0,2037-04-11,One year,Credit card,30,55.38,,0
CUST-6945,female,47.0,2037-04-12,Two year,Electronic check,54,25.26,1364.0400000000002,0
CUST-6946,  Male  ,49.0,13-Apr-2037,One year,Mailed check,15,83.26,1248.9,1
CUST-6947,female,39.0,INVALID_DATE,month-to-month,Electronic check,30,53.12,1593.6,0
CUST-6948,Male,43.0,04/15/2037,1 Year,Electronic check,29,45.76,1327.04,0
CUST-6949,  Male  ,,INVALID_DATE,1 Year,Mailed check,32,72.31,2313.92,0
CUST-6950,Female,51.0,04/17/2037,month-to-month,Credit card,30,99.56,2986.8,0
CUST-6951,F,34.0,18-Apr-2037,Two year,Credit card,16,60.39,966.24,1
CUST-6952,Male,46.0,04/19/2037,Month-to-month,Credit card,36,95.74,3446.64,0
CUST-6953,Female,52.0,20-Apr-2037,Month-to-month,Mailed check,48,64.61,3101.2799999999997,0
CUST-6954,Female,55.0,04/21/2037,One year,Credit card,28,41.45,1160.6000000000001,0
CUST-6955,  Male  ,52.0,04/22/2037,month-to-month,Electronic check,62,64.62,4006.4400000000005,0
CUST-6956,M,28.0,23-Apr-2037,month-to-month,Bank transfer,56,73.81,,0
CUST-6957,M,59.0,04/24/2037,Month-to-month,Mailed check,56,66.16,3704.96,0
CUST-6958,Male,48.0,INVALID_DATE,Two year,Bank transfer,17,47.43,,0
CUST-6959,M,44.0,2037-04-26,month-to-month,Electronic check,62,38.51,2387.62,0
CUST-6960,Female,45.0,2037-04-27,1 Year, ,21,114.7,2408.7000000000003,1
CUST-6961,M,38.0,28-Apr-2037,1 Year,Electronic check,37,49.75,1840.75,0
CUST-6962,female,34.0,04/29/2037,month-to-month,Bank transfer,34,90.54,3078.36,0
CUST-6963,M,36.0,30-Apr-2037,Two year,Bank transfer,29,54.07,1568.03,0
CUST-6964,Female,55.0,01-May-2037,1 Year,Credit card,68,116.96,7953.28,0
CUST-6965,  Male  ,41.0,05/02/2037,Two year,Bank transfer,60,118.83,7129.8,0
CUST-6966,Male,43.0,2037-05-03,Month-to-month,Electronic check,11,102.51,1127.6100000000001,0
CUST-6967,F,41.0,INVALID_DATE,One year,Electronic check,60,78.15,4689.0,0
CUST-6968,M,32.0,2037-05-05,Month-to-month, ,34,74.21,2523.14,0
CUST-6969,Female,14.0,05/06/2037,One year,Mailed check,33,52.9,1745.7,0
CUST-6970,F,49.0,2037-05-07,1 Year,Electronic check,10,32.2,322.0,0
CUST-6971,F,48.0,08-May-2037,One year,Mailed check,60,27.91,1674.6,0
CUST-6972,female,40.0,09-May-2037,One year,Electronic check,26,66.54,1730.0400000000002,0
CUST-6973,F,27.0,10-May-2037,month-to-month,Mailed check,25,117.88,2947.0,0
CUST-6974,  Male  ,62.0,INVALID_DATE,One year,Bank transfer,2,44.69,89.38,0
CUST-6975,Female,36.0,2037-05-12,month-to-month,Bank transfer,3,61.1,183.3,1
CUST-6976,Female,43.0,05/13/2037,One year,Electronic check,32,84.14,2692.48,0
CUST-6977,M,32.0,INVALID_DATE,month-to-month,Mailed check,1,55.11,55.11,0
CUST-6978,M,24.0,05/15/2037,1 Year,Credit card,24,20.36,488.64,0
CUST-6979,M,47.0,16-May-2037,1 Year,Credit card,50,59.62,2981.0,0
CUST-6980,  Male  ,22.0,17-May-2037,One year,Credit card,43,100.46,4319.78,0
CUST-6981,F,43.0,18-May-2037,Two year,Bank transfer,44,114.4,5033.6,0
CUST-6982,F,43.0,2037-05-19,1 Year,Bank transfer,33,47.51,1567.83,0
CUST-6983,female,27.0,05/20/2037,Month-to-month,Mailed check,38,112.16,4262.08,1
CUST-6984,  Male  ,24.0,05/21/2037,Month-to-month,Electronic check,52,106.71,5548.92,0
CUST-6985,M,31.0,INVALID_DATE,month-to-month,Bank transfer,35,60.67,2123.4500000000003,0
CUST-6986,Male,32.0,2037-05-23,Two year,Electronic check,17,20.47,347.99,1
CUST-6987,female,22.0,05/24/2037,month-to-month,Credit card,58,104.49,6060.42,0
CUST-6988,Male,26.0,INVALID_DATE,One year,Credit card,48,48.68,2336.64,0
CUST-6989,F,41.0,INVALID_DATE,1 Year,Electronic check,43,95.59,4110.37,0
CUST-6990,female,64.0,INVALID_DATE,Two year,Mailed check,48,77.15,,0
CUST-6991,female,52.0,INVALID_DATE,month-to-month,Credit card,44,42.17,1855.48,0
CUST-6992,Female,42.0,29-May-2037,month-to-month,Mailed check,33,84.82,2799.06,0
CUST-6993,F,54.0,05/30/2037,Month-to-month,Credit card,2,96.48,192.96,0
CUST-6994,F,54.0,INVALID_DATE,One year,Bank transfer,10,67.44,674.4,0
CUST-6995,  Male  ,36.0,INVALID_DATE,month-to-month,Credit card,28,94.79,2654.1200000000003,1
CUST-6996,female,43.0,INVALID_DATE,Month-to-month,Mailed check,47,60.5,2843.5,0
CUST-6997,F,52.0,06/03/2037,Two year,Bank transfer,8,118.03,,1
CUST-6998,female,53.0,2037-06-04,month-to-month,Credit card,23,43.98,1011.54,1
CUST-6999,  Male  ,53.0,06/05/2037,Month-to-month,Bank transfer,48,97.79,4693.92,0
CUST-7000,  Male  ,28.0,06-Jun-2037,One year,Bank transfer,63,94.96,5982.48,0
CUST-7001,Female,54.0,2037-06-07,1 Year,Credit card,37,72.94,2698.7799999999997,0
CUST-7002,female,62.0,2037-06-08,Two year,Electronic check,12,55.03,660.36,1
CUST-7003,F,58.0,2037-06-09,month-to-month,Electronic check,65,64.58,4197.7,0
CUST-7004,F,27.0,10-Jun-2037,Month-to-month,Mailed check,15,82.95,1244.25,0
CUST-7005,female,24.0,06/11/2037,month-to-month,Mailed check,10,73.03,730.3,0
CUST-7006,female,46.0,INVALID_DATE,1 Year,Credit card,42,96.15,4038.3,0
CUST-7007,female,58.0,2037-06-13,month-to-month,Bank transfer,26,56.07,,0
CUST-7008,M,43.0,14-Jun-2037,month-to-month,Bank transfer,49,30.72,1505.28,0
CUST-7009,F,37.0,15-Jun-2037,Month-to-month,Electronic check,23,70.56,1622.88,1
CUST-7010,  Male  ,39.0,16-Jun-2037,1 Year,Electronic check,64,45.9,2937.6,0
CUST-7011,F,52.0,INVALID_DATE,Two year,Bank transfer,17,81.66,,1
CUST-7012,M,,06/18/2037,Month-to-month,Bank transfer,34,72.03,2449.02,1
CUST-7013,female,46.0,19-Jun-2037,1 Year,Mailed check,57,97.87,5578.59,0
CUST-7014,Female,38.0,06/20/2037,1 Year,Bank transfer,4,77.52,,0
CUST-7015,female,29.0,2037-06-21,month-to-month,Bank transfer,71,63.08,4478.68,0
CUST-7016,female,28.0,INVALID_DATE,One year,Credit card,69,31.99,2207.31,0
CUST-7017,M,46.0,2037-06-23,One year,Bank transfer,68,32.01,2176.68,0
CUST-7018,F,8.0,06/24/2037,Two year,Electronic check,50,84.04,,0
CUST-7019,female,46.0,INVALID_DATE,month-to-month,Electronic check,67,108.08,7241.36,0
CUST-7020,F,38.0,26-Jun-2037,One year,Mailed check,68,61.48,4180.639999999999,0
CUST-7021,Male,51.0,2037-06-27,Month-to-month,Mailed check,59,73.08,4311.72,0
CUST-7022,  Male  ,47.0,06/28/2037,Two year,Credit card,63,79.12,4984.56,0
CUST-7023,F,41.0,29-Jun-2037,month-to-month,Mailed check,67,67.73,4537.91,0
CUST-7024,Female,27.0,2037-06-30,Month-to-month, ,26,25.96,674.96,0
CUST-7025,  Male  ,,07/01/2037,One year,Bank transfer,1,78.91,78.91,0
CUST-7026,Female,32.0,02-Jul-2037,One year,Credit card,68,33.71,2292.28,0
CUST-7027,female,50.0,03-Jul-2037,One year,Electronic check,18,75.58,1360.44,0
CUST-7028,  Male  ,61.0,INVALID_DATE,One year,Bank transfer,12,97.54,1170.48,0
CUST-7029,F,44.0,05-Jul-2037,1 Year,Bank transfer,38,20.54,780.52,0
CUST-7030,  Male  ,33.0,07/06/2037,Two year,Credit card,42,63.05,2648.1,0
CUST-7031,female,34.0,07/07/2037,Two year,Electronic check,36,94.57,3404.5199999999995,0
CUST-7032,M,35.0,08-Jul-2037,One year,Mailed check,16,72.85,1165.6,1
CUST-7033,Female,,09-Jul-2037,Two year,Bank transfer,65,43.53,2829.4500000000003,0
CUST-7034,female,34.0,10-Jul-2037,Month-to-month,Electronic check,67,89.76,6013.92,0
CUST-7035,M,,INVALID_DATE,Month-to-month,Credit card,39,9999.0,3835.6499999999996,0
CUST-7036,  Male  ,56.0,12-Jul-2037,Two year,Credit card,59,56.25,3318.75,0
CUST-7037,  Male  ,33.0,INVALID_DATE,One year,Electronic check,38,49.74,1890.1200000000001,0
CUST-7038,female,,14-Jul-2037,month-to-month,Credit card,16,74.51,1192.16,0
CUST-7039,F,51.0,INVALID_DATE,One year,Mailed check,11,56.54,621.9399999999999,0
CUST-7040,  Male  ,41.0,16-Jul-2037,1 Year,Electronic check,28,103.59,,0
CUST-7041,F,63.0,INVALID_DATE,month-to-month,Mailed check,2,97.91,195.82,1
CUST-7042,F,,2037-07-18,1 Year,Credit card,20,51.19,1023.8,1
CUST-7043,F,43.0,19-Jul-2037,Two year,Mailed check,38,65.7,2496.6,0
CUST-7044,Male,30.0,INVALID_DATE,1 Year,Mailed check,56,108.95,6101.2,0
CUST-7045,M,31.0,INVALID_DATE,Two year, ,39,34.74,1354.8600000000001,0
CUST-7046,M,43.0,07/22/2037,1 Year,Mailed check,31,95.42,2958.02,0
CUST-7047,  Male  ,27.0,07/23/2037,month-to-month,Electronic check,23,51.68,1188.64,0
CUST-7048,  Male  ,,07/24/2037,1 Year,Credit card,34,31.95,1086.3,1
CUST-7049,F,60.0,07/25/2037,One year,Credit card,17,31.7,538.9,0
CUST-7050,Male,41.0,2037-07-26,Two year,Bank transfer,24,47.63,1143.1200000000001,0
CUST-7051,F,40.0,INVALID_DATE,Month-to-month,Mailed check,35,74.81,,0
CUST-7052,Male,50.0,2037-07-28,1 Year,Mailed check,23,110.79,2548.17,1
CUST-7053,F,,07/29/2037,Two year,Bank transfer,8,50.3,402.4,0
CUST-7054,Female,26.0,07/30/2037,Month-to-month,Bank transfer,54,39.92,2155.6800000000003,0
CUST-7055,Female,35.0,07/31/2037,Two year,Mailed check,21,67.87,1425.27,0
CUST-7056,female,63.0,08/01/2037,Two year,Credit card,19,35.66,677.54,0
CUST-7057,F,44.0,08/02/2037,Month-to-month,Bank transfer,31,47.17,1462.27,0
CUST-7058,  Male  ,28.0,2037-08-03,Month-to-month,Mailed check,50,118.66,5933.0,0
CUST-7059,M,38.0,2037-08-04,month-to-month,Credit card,71,75.81,5382.51,0
CUST-7060,female,19.0,INVALID_DATE,1 Year,Electronic check,24,98.39,2361.36,1
CUST-7061,  Male  ,18.0,2037-08-06,1 Year,Bank transfer,46,41.18,1894.28,0
CUST-7062,Female,,07-Aug-2037,Two year,Bank transfer,8,72.01,576.08,0
CUST-7063,F,40.0,08/08/2037,One year,Credit card,3,71.05,213.14999999999998,1
CUST-7064,female,46.0,INVALID_DATE,One year,Electronic check,34,101.27,3443.18,0
CUST-7065,F,54.0,08/10/2037,Two year,Credit card,57,22.16,1263.1200000000001,0
CUST-7066,Female,,11-Aug-2037,month-to-month,Bank transfer,58,106.05,6150.9,0
CUST-7067,female,49.0,08/12/2037,Month-to-month,Electronic check,35,27.96,978.6,1
CUST-7068,Female,,13-Aug-2037,Two year, ,21,111.66,2344.86,1
CUST-7069,Male,55.0,14-Aug-2037,1 Year,Bank transfer,65,34.28,2228.2000000000003,0
CUST-7070,Female,61.0,INVALID_DATE,One year,Credit card,66,73.22,,0
CUST-7071,F,42.0,16-Aug-2037,One year,Credit card,57,29.94,1706.5800000000002,0
CUST-7072,M,42.0,17-Aug-2037,One year,Credit card,42,64.72,,0
CUST-7073,Female,44.0,08/18/2037,month-to-month,Credit card,43,49.93,2146.99,0
CUST-7074,  Male  ,39.0,INVALID_DATE,1 Year,Credit card,26,62.01,1612.26,1
CUST-7075,M,35.0,INVALID_DATE,month-to-month,Bank transfer,67,74.5,4991.5,0
CUST-7076,Male,53.0,21-Aug-2037,Month-to-month,Electronic check,26,65.94,1714.44,0
CUST-7077,female,35.0,08/22/2037,Two year,Credit card,8,22.32,178.56,1
CUST-7078,female,35.0,INVALID_DATE,Two year,Credit card,47,106.35,4998.45,1
CUST-7079,M,51.0,24-Aug-2037,One year,Mailed check,37,29.5,1091.5,0
CUST-7080,female,52.0,2037-08-25,One year,Mailed check,18,118.06,2125.08,1
CUST-7081,Female,68.0,08/26/2037,Month-to-month,Electronic check,36,105.13,,1
CUST-7082,M,55.0,27-Aug-2037,month-to-month,Bank transfer,2,76.14,152.28,0
CUST-7083,F,50.0,INVALID_DATE,1 Year,Bank transfer,3,44.52,133.56,0
CUST-7084,Female,52.0,29-Aug-2037,Month-to-month,Electronic check,34,28.62,973.08,0
CUST-7085,Female,38.0,30-Aug-2037,Two year,Electronic check,46,87.18,4010.28,1
CUST-7086,Female,47.0,2037-08-31,Two year,Electronic check,62,40.15,2489.2999999999997,0
CUST-7087,F,47.0,09/01/2037,month-to-month,Credit card,70,93.32,6532.4,0
CUST-7088,Male,33.0,2037-09-02,Month-to-month,Bank transfer,57,103.25,5885.25,1
CUST-7089,  Male  ,39.0,2037-09-03,1 Year,Electronic check,10,118.9,1189.0,1
CUST-7090,female,51.0,2037-09-04,Month-to-month,Mailed check,18,70.42,1267.56,0
CUST-7091,M,40.0,09/05/2037,Month-to-month,Credit card,33,117.47,3876.5099999999998,1
CUST-7092,Male,47.0,2037-09-06,month-to-month,Credit card,7,34.93,244.51,0
CUST-7093,M,51.0,INVALID_DATE,1 Year,Credit card,45,103.62,4662.900000000001,0
CUST-7094,female,50.0,09/08/2037,Two year,Credit card,29,55.98,,1
CUST-7095,F,61.0,INVALID_DATE,One year,Electronic check,38,56.48,2146.24,0
CUST-7096,Female,33.0,09/10/2037,1 Year,Credit card,39,46.86,1827.54,0
CUST-7097,Female,60.0,INVALID_DATE,Two year,Mailed check,25,37.34,933.5000000000001,0
CUST-7098,F,46.0,12-Sep-2037,month-to-month,Mailed check,17,64.22,1091.74,0
CUST-7099,Male,50.0,2037-09-13,1 Year,Electronic check,61,118.73,7242.530000000001,0
CUST-7100,Male,,INVALID_DATE,1 Year,Credit card,51,52.99,2702.4900000000002,0
CUST-7101,M,48.0,INVALID_DATE,Two year,Mailed check,37,66.11,2446.07,0
CUST-7102,F,32.0,2037-09-16,Two year,Bank transfer,67,42.85,,0
CUST-7103,Male,50.0,2037-09-17,Month-to-month,Credit card,24,53.71,1289.04,0
CUST-7104,F,23.0,09/18/2037,Month-to-month,Electronic check,49,25.51,1249.99,0
CUST-7105,female,65.0,09/19/2037,1 Year,Bank transfer,21,115.6,2427.6,0
CUST-7106,Female,45.0,INVALID_DATE,One year,Credit card,57,70.98,4045.86,0
CUST-7107,Female,54.0,09/21/2037,month-to-month,Bank transfer,41,93.3,3825.2999999999997,1
CUST-7108,Female,48.0,2037-09-22,Two year,Credit card,17,71.33,1212.61,1
CUST-7109,F,40.0,09/23/2037,Month-to-month,Credit card,21,97.02,2037.4199999999998,1
CUST-7110,F,34.0,09/24/2037,month-to-month,Mailed check,68,73.41,4991.88,0
CUST-7111,M,31.0,09/25/2037,1 Year,Bank transfer,64,90.15,5769.6,0
CUST-7112,Female,49.0,26-Sep-2037,Two year,Bank transfer,44,88.48,3893.1200000000003,0
CUST-7113,M,49.0,09/27/2037,Two year,Electronic check,28,73.36,2054.08,0
CUST-7114,Female,47.0,INVALID_DATE,Month-to-month,Electronic check,36,43.06,1550.16,0
CUST-7115,M,39.0,2037-09-29,One year,Bank transfer,37,41.18,1523.66,0
CUST-7116,M,45.0,09/30/2037,Two year,Mailed check,44,107.43,,0
CUST-7117,female,35.0,INVALID_DATE,One year,Mailed check,50,32.07,1603.5,0
CUST-7118,M,32.0,02-Oct-2037,month-to-month,Credit card,55,75.92,,0
CUST-7119,F,37.0,10/03/2037,Two year,Electronic check,10,70.25,702.5,0
CUST-7120,M,37.0,10/04/2037,Two year,Electronic check,38,99.84,3793.92,0
CUST-7121,Female,,05-Oct-2037,One year,Electronic check,49,33.54,1643.46,0
CUST-7122,M,24.0,INVALID_DATE,Month-to-month,Credit card,2,88.73,177.46,0
CUST-7123,Male,40.0,INVALID_DATE,1 Year,Mailed check,44,80.59,3545.96,1
CUST-7124,  Male  ,48.0,INVALID_DATE,month-to-month,Electronic check,35,90.12,3154.2000000000003,0
CUST-7125,Female,64.0,INVALID_DATE,Two year,Credit card,21,82.12,1724.52,1
CUST-7126,Male,33.0,2037-10-10,Month-to-month,Bank transfer,57,76.25,4346.25,0
CUST-7127,Female,27.0,INVALID_DATE,Two year,Mailed check,23,112.63,2590.49,1
CUST-7128,F,49.0,12-Oct-2037,month-to-month,Bank transfer,32,54.87,1755.84,0
CUST-7129,  Male  ,42.0,INVALID_DATE,1 Year,Electronic check,71,38.47,2731.37,0
CUST-7130,  Male  ,37.0,10/14/2037,Two year,Credit card,33,99.54,3284.82,0
CUST-7131,F,45.0,10/15/2037,One year,Mailed check,17,32.97,560.49,0
CUST-7132,  Male  ,50.0,10/16/2037,Month-to-month,Electronic check,42,87.97,,0
CUST-7133,F,49.0,10/17/2037,1 Year,Mailed check,17,74.96,1274.32,0
CUST-7134,Male,44.0,2037-10-18,Two year,Credit card,48,20.13,966.24,0
CUST-7135,female,,10/19/2037,1 Year,Credit card,48,43.99,2111.52,0
CUST-7136,Female,,10/20/2037,One year,Electronic check,57,69.59,3966.63,0
CUST-7137,F,41.0,21-Oct-2037,Two year,Mailed check,61,52.97,3231.17,0
CUST-7138,Female,,2037-10-22,1 Year,Credit card,44,62.69,2758.3599999999997,0
CUST-7139,Male,25.0,INVALID_DATE,Two year,Mailed check,23,80.13,1842.9899999999998,0
CUST-7140,female,47.0,24-Oct-2037,Two year,Mailed check,53,93.08,4933.24,0
CUST-7141,Male,36.0,10/25/2037,1 Year,Bank transfer,33,35.12,1158.9599999999998,0
CUST-7142,  Male  ,24.0,10/26/2037,Two year,Electronic check,56,48.29,2704.24,0
CUST-7143,Female,45.0,10/27/2037,One year,Electronic check,28,83.65,2342.2000000000003,0
CUST-7144,female,35.0,2037-10-28,1 Year,Mailed check,23,78.84,1813.3200000000002,1
CUST-7145,  Male  ,21.0,10/29/2037,1 Year,Bank transfer,63,93.68,5901.84,0
CUST-7146,female,30.0,30-Oct-2037,One year,Mailed check,7,84.05,588.35,1
CUST-7147,  Male  ,60.0,31-Oct-2037,One year,Electronic check,2,53.02,106.04,0
CUST-7148,Male,33.0,2037-11-01,One year,Electronic check,65,69.92,4544.8,0
CUST-7149,F,44.0,11/02/2037,Two year,Mailed check,4,108.47,433.88,1
CUST-7150,Female,27.0,11/03/2037,Two year,Mailed check,8,38.61,308.88,1
CUST-7151,M,65.0,11/04/2037,month-to-month,Mailed check,49,57.67,2825.83,0
CUST-7152,M,41.0,2037-11-05,Two year,Electronic check,29,104.17,,0
CUST-7153,Male,32.0,2037-11-06,One year,Mailed check,55,56.42,3103.1,0
CUST-7154,Female,51.0,11/07/2037,month-to-month, ,37,61.22,,0
CUST-7155,Female,65.0,08-Nov-2037,One year,Credit card,6,51.92,311.52,0
CUST-7156,Male,35.0,2037-11-09,Month-to-month, ,24,109.95,2638.8,1
CUST-7157,Female,32.0,2037-11-10,1 Year,Mailed check,40,86.33,3453.2,0
CUST-7158,F,68.0,11-Nov-2037,Month-to-month,Bank transfer,12,40.88,490.56000000000006,1
CUST-7159,Male,,12-Nov-2037,One year,Electronic check,64,94.96,6077.44,0
CUST-7160,F,37.0,11/13/2037,Two year, ,46,23.85,1097.1000000000001,0
CUST-7161,Female,14.0,11/14/2037,1 Year,Mailed check,14,59.64,834.96,0
CUST-7162,Male,40.0,11/15/2037,Two year,Credit card,27,110.98,2996.46,1
CUST-7163,Female,24.0,11/16/2037,Two year,Credit card,37,88.98,3292.26,1
CUST-7164,Male,33.0,INVALID_DATE,1 Year,Electronic check,62,99.31,6157.22,0
CUST-7165,Female,16.0,2037-11-18,1 Year,Credit card,67,113.13,7579.71,0
CUST-7166,F,55.0,19-Nov-2037,Month-to-month,Credit card,14,97.46,,0
CUST-7167,F,,INVALID_DATE,One year,Electronic check,39,28.86,1125.54,0
CUST-7168,Female,17.0,INVALID_DATE,Two year,Bank transfer,5,43.06,215.3,0
CUST-7169,Male,29.0,INVALID_DATE,One year,Mailed check,26,70.0,1820.0,0
CUST-7170,M,55.0,11/23/2037,One year,Mailed check,53,21.39,1133.67,0
CUST-7171,F,35.0,24-Nov-2037,month-to-month,Credit card,63,82.46,5194.98,0
CUST-7172,F,36.0,11/25/2037,Month-to-month,Mailed check,11,85.72,942.92,0
CUST-7173,  Male  ,46.0,26-Nov-2037,Two year,Credit card,33,89.64,,0
CUST-7174,M,38.0,11/27/2037,1 Year, ,41,75.57,3098.37,0
CUST-7175,Female,55.0,28-Nov-2037,1 Year,Electronic check,40,65.24,2609.6,0
CUST-7176,Male,37.0,11/29/2037,One year,Electronic check,46,105.55,4855.3,0
CUST-7177,  Male  ,37.0,2037-11-30,Month-to-month,Mailed check,4,96.73,,0
CUST-7178,Female,67.0,12/01/2037,Month-to-month,Credit card,11,81.24,893.64,1
CUST-7179,female,41.0,02-Dec-2037,Two year,Credit card,27,24.6,664.2,0
CUST-7180,F,43.0,INVALID_DATE,Two year,Mailed check,8,89.39,,0
CUST-7181,female,37.0,12/04/2037,One year,Electronic check,21,75.82,1592.2199999999998,0
CUST-7182,F,11.0,2037-12-05,One year,Bank transfer,5,89.35,446.75,0
CUST-7183,F,50.0,2037-12-06,One year,Credit card,62,51.14,3170.68,0
CUST-7184,female,60.0,12/07/2037,month-to-month,Credit card,32,97.7,3126.4,0
CUST-7185,female,55.0,INVALID_DATE,Month-to-month,Mailed check,58,61.79,3583.82,0
CUST-7186,Female,33.0,09-Dec-2037,One year,Bank transfer,27,109.45,,0
CUST-7187,  Male  ,38.0,10-Dec-2037,Month-to-month,Electronic check,26,30.4,790.4,0
CUST-7188,  Male  ,44.0,11-Dec-2037,1 Year,Credit card,40,68.45,2738.0,0
CUST-7189,female,44.0,INVALID_DATE,1 Year,Mailed check,29,40.57,1176.53,0
CUST-7190,Female,48.0,13-Dec-2037,Month-to-month,Bank transfer,7,65.35,457.44999999999993,1
CUST-7191,  Male  ,42.0,INVALID_DATE,1 Year,Mailed check,21,55.38,1162.98,0
CUST-7192,Female,36.0,2037-12-15,1 Year,Bank transfer,67,100.34,6722.780000000001,0
CUST-7193,Female,42.0,2037-12-16,1 Year,Mailed check,10,36.72,367.2,0
CUST-7194,F,52.0,12/17/2037,Two year,Bank transfer,62,79.87,4951.9400000000005,0
CUST-7195,  Male  ,75.0,INVALID_DATE,Two year,Credit card,8,60.65,485.2,0
CUST-7196,  Male  ,34.0,19-Dec-2037,Month-to-month,Bank transfer,4,71.81,287.24,1
CUST-7197,F,43.0,12/20/2037,Month-to-month,Electronic check,29,91.44,2651.7599999999998,0
CUST-7198,female,36.0,INVALID_DATE,month-to-month,Credit card,12,55.71,,0
CUST-7199,F,44.0,INVALID_DATE,Two year,Electronic check,51,56.71,2892.21,0
CUST-7200,  Male  ,52.0,2037-12-23,Month-to-month,Credit card,19,27.68,525.92,0
CUST-7201,  Male  ,38.0,12/24/2037,Two year,Bank transfer,31,75.19,2330.89,0
CUST-7202,female,15.0,12/25/2037,month-to-month,Credit card,26,61.69,1603.94,0
CUST-7203,F,52.0,26-Dec-2037,Month-to-month,Mailed check,6,101.23,607.38,1
CUST-7204,Male,42.0,2037-12-27,Month-to-month,Bank transfer,29,63.93,1853.97,0
CUST-7205,Male,36.0,INVALID_DATE,Month-to-month,Mailed check,17,117.08,1990.36,1
CUST-7206,female,33.0,2037-12-29,Month-to-month,Mailed check,20,37.18,,0
CUST-7207,F,44.0,INVALID_DATE,One year,Mailed check,42,46.71,1961.82,0
CUST-7208,F,32.0,12/31/2037,Two year,Mailed check,47,59.19,2781.93,0
CUST-7209,Female,33.0,2038-01-01,Two year,Electronic check,70,37.04,2592.7999999999997,0
CUST-7210,  Male  ,25.0,02-Jan-2038,Two year,Bank transfer,2,117.23,234.46,1
CUST-7211,M,32.0,INVALID_DATE,month-to-month,Mailed check,37,84.1,,0
CUST-7212,female,48.0,01/04/2038,One year,Electronic check,19,21.12,401.28000000000003,0
CUST-7213,M,23.0,2038-01-05,Two year,Credit card,41,77.85,,0
CUST-7214,M,54.0,06-Jan-2038,Two year,Mailed check,16,98.12,1569.92,0
CUST-7215,female,26.0,2038-01-07,Month-to-month,Mailed check,60,25.13,1507.8,0
CUST-7216,F,42.0,INVALID_DATE,Month-to-month,Electronic check,57,77.79,4434.030000000001,0
CUST-7217,female,46.0,09-Jan-2038,Month-to-month,Credit card,64,57.43,3675.52,0
CUST-7218,M,50.0,INVALID_DATE,Two year,Credit card,5,78.15,390.75,0
CUST-7219,  Male  ,50.0,01/11/2038,Month-to-month,Electronic check,18,45.26,,0
CUST-7220,  Male  ,39.0,12-Jan-2038,Two year,Mailed check,13,86.6,1125.8,1
CUST-7221,  Male  ,38.0,2038-01-13,month-to-month,Bank transfer,36,87.13,3136.68,0
CUST-7222,F,47.0,01/14/2038,month-to-month,Electronic check,19,73.95,1405.05,1
CUST-7223,Male,,2038-01-15,1 Year,Bank transfer,31,112.38,3483.7799999999997,1
CUST-7224,female,36.0,01/16/2038,One year,Mailed check,23,110.95,2551.85,1
CUST-7225,  Male  ,44.0,2038-01-17,Month-to-month,Mailed check,32,24.75,,0
CUST-7226,female,38.0,INVALID_DATE,Month-to-month,Credit card,11,48.99,538.89,1
CUST-7227,  Male  ,33.0,INVALID_DATE,One year,Mailed check,66,56.43,3724.38,0
CUST-7228,F,35.0,01/20/2038,One year,Credit card,5,25.53,127.65,1
CUST-7229,Male,46.0,01/21/2038,1 Year,Credit card,13,72.36,940.68,0
CUST-7230,Male,29.0,22-Jan-2038,One year, ,64,22.46,1437.44,0
CUST-7231,  Male  ,53.0,01/23/2038,Two year,Credit card,35,87.81,,0
CUST-7232,F,,01/24/2038,Month-to-month,Mailed check,29,20.27,587.83,0
CUST-7233,Female,13.0,25-Jan-2038,One year,Credit card,23,23.19,533.37,1
CUST-7234,female,47.0,01/26/2038,Two year,Credit card,16,103.38,,1
CUST-7235,female,8.0,2038-01-27,One year,Mailed check,26,45.26,,0
CUST-7236,M,28.0,INVALID_DATE,Two year,Bank transfer,3,28.12,84.36,0
CUST-7237,F,69.0,29-Jan-2038,month-to-month,Electronic check,23,59.95,1378.8500000000001,0
CUST-7238,M,,30-Jan-2038,Two year,Mailed check,57,25.09,1430.1299999999999,0
CUST-7239,  Male  ,52.0,01/31/2038,1 Year,Credit card,9,95.04,855.36,0
CUST-7240,M,27.0,INVALID_DATE,Two year,Electronic check,51,69.41,3539.91,0
CUST-7241,Male,,02-Feb-2038,One year,Bank transfer,33,75.19,2481.27,0
CUST-7242,female,55.0,2038-02-03,month-to-month,Mailed check,24,95.3,2287.2,1
CUST-7243,M,48.0,02/04/2038,month-to-month,Credit card,50,98.45,,0
CUST-7244,Male,54.0,INVALID_DATE,Two year, ,52,33.63,1748.7600000000002,0
CUST-7245,F,61.0,02/06/2038,One year,Mailed check,71,48.03,,0
CUST-7246,M,48.0,02/07/2038,month-to-month,Credit card,38,37.57,,0
CUST-7247,  Male  ,25.0,2038-02-08,Two year,Electronic check,44,25.4,,0
CUST-7248,  Male  ,47.0,2038-02-09,Two year,Credit card,56,73.75,4130.0,0
CUST-7249,  Male  ,37.0,2038-02-10,Two year, ,66,44.98,,0
CUST-7250,female,25.0,11-Feb-2038,month-to-month, ,45,35.4,1593.0,0
CUST-7251,M,,INVALID_DATE,Month-to-month,Mailed check,52,71.01,3692.5200000000004,0
CUST-7252,F,54.0,13-Feb-2038,One year,Credit card,1,83.4,,1
CUST-7253,M,39.0,02/14/2038,1 Year,Electronic check,64,97.21,6221.44,0
CUST-7254,female,44.0,INVALID_DATE,1 Year, ,8,21.75,,1
CUST-7255,Male,15.0,INVALID_DATE,One year,Electronic check,43,72.63,3123.0899999999997,0
CUST-7256,female,53.0,02/17/2038,Month-to-month, ,8,46.71,373.68,0
CUST-7257,  Male  ,50.0,02/18/2038,One year,Mailed check,29,119.16,3455.64,1
CUST-7258,Male,43.0,19-Feb-2038,Two year,Mailed check,13,35.69,,0
CUST-7259,  Male  ,25.0,2038-02-20,One year, ,1,63.78,63.78,0
CUST-7260,Female,,2038-02-21,One year,Electronic check,29,117.0,3393.0,0
CUST-7261,female,64.0,02/22/2038,month-to-month,Bank transfer,50,41.31,2065.5,1
CUST-7262,female,28.0,2038-02-23,1 Year,Electronic check,37,100.69,,0
CUST-7263,F,42.0,INVALID_DATE,1 Year,Mailed check,1,44.3,44.3,0
CUST-7264,M,28.0,25-Feb-2038,Two year,Electronic check,69,27.53,1899.5700000000002,0
CUST-7265,Male,13.0,2038-02-26,Two year,Mailed check,48,24.28,1165.44,0
CUST-7266,Male,45.0,02/27/2038,month-to-month,Credit card,55,114.87,6317.85,0
CUST-7267,F,47.0,02/28/2038,Two year,Electronic check,66,41.29,2725.14,0
CUST-7268,F,20.0,2038-03-01,Month-to-month,Credit card,63,49.2,3099.6000000000004,0
CUST-7269,M,53.0,03/02/2038,month-to-month,Electronic check,22,116.69,,1
CUST-7270,  Male  ,34.0,03/03/2038,month-to-month,Mailed check,11,85.74,,1
CUST-7271,M,27.0,INVALID_DATE,One year,Credit card,29,68.81,1995.49,1
CUST-7272,female,26.0,05-Mar-2038,One year,Electronic check,3,63.54,190.62,0
CUST-7273,  Male  ,50.0,06-Mar-2038,Month-to-month,Mailed check,45,24.86,1118.7,0
CUST-7274,Female,17.0,2038-03-07,month-to-month,Electronic check,3,103.89,,1
CUST-7275,M,25.0,INVALID_DATE,month-to-month,Credit card,68,96.2,6541.6,0
CUST-7276,F,45.0,INVALID_DATE,One year,Electronic check,14,29.07,406.98,0
CUST-7277,  Male  ,44.0,INVALID_DATE,1 Year,Electronic check,65,55.35,3597.75,0
CUST-7278,M,28.0,INVALID_DATE,1 Year,Credit card,57,108.54,6186.780000000001,0
CUST-7279,Male,55.0,03/12/2038,One year,Mailed check,15,43.64,654.6,0
CUST-7280,Female,,2038-03-13,Two year,Electronic check,60,81.12,4867.200000000001,0
CUST-7281,female,37.0,14-Mar-2038,month-to-month,Electronic check,54,68.79,3714.6600000000003,0
CUST-7282,Male,36.0,15-Mar-2038,Month-to-month,Bank transfer,2,101.85,203.7,1
CUST-7283,Male,36.0,INVALID_DATE,1 Year,Bank transfer,64,23.61,1511.04,1
CUST-7284,Female,38.0,17-Mar-2038,Two year,Mailed check,28,101.61,2845.08,1
CUST-7285,female,37.0,2038-03-18,month-to-month,Credit card,67,33.57,2249.19,0
CUST-7286,F,,19-Mar-2038,Two year,Mailed check,3,21.51,64.53,0
CUST-7287,  Male  ,38.0,03/20/2038,month-to-month,Mailed check,53,79.55,4216.15,0
CUST-7288,female,53.0,INVALID_DATE,month-to-month,Mailed check,26,45.86,1192.36,1
CUST-7289,M,37.0,22-Mar-2038,One year,Electronic check,4,90.93,363.72,1
CUST-7290,Male,48.0,2038-03-23,One year, ,16,66.98,1071.68,0
CUST-7291,M,42.0,24-Mar-2038,Month-to-month,Mailed check,54,80.55,,0
CUST-7292,F,44.0,2038-03-25,Month-to-month,Mailed check,16,88.97,1423.52,0
CUST-7293,M,49.0,03/26/2038,Two year,Bank transfer,31,112.69,3493.39,0
CUST-7294,female,26.0,27-Mar-2038,One year,Credit card,2,102.31,,1
CUST-7295,M,,INVALID_DATE,month-to-month,Mailed check,45,69.51,3127.9500000000003,0
CUST-7296,F,37.0,2038-03-29,One year,Bank transfer,54,63.8,3445.2,0
CUST-7297,F,28.0,03/30/2038,month-to-month, ,59,85.47,5042.73,0
CUST-7298,F,49.0,INVALID_DATE,One year, ,59,93.35,,0
CUST-7299,female,35.0,04/01/2038,month-to-month,Mailed check,22,37.27,819.94,0
CUST-7300,F,45.0,02-Apr-2038,Two year,Credit card,34,23.25,,0
CUST-7301,Male,7.0,04/03/2038,One year,Electronic check,56,65.47,3666.3199999999997,0
CUST-7302,F,49.0,04/04/2038,1 Year,Credit card,34,29.95,1018.3,0
CUST-7303,M,,2038-04-05,1 Year,Mailed check,26,47.27,1229.02,0
CUST-7304,  Male  ,40.0,2038-04-06,month-to-month,Bank transfer,71,78.47,5571.37,0
CUST-7305,M,37.0,INVALID_DATE,Two year,Electronic check,45,35.15,1581.75,0
CUST-7306,  Male  ,34.0,INVALID_DATE,month-to-month,Bank transfer,21,22.85,479.85,0
CUST-7307,M,47.0,2038-04-09,Two year,Mailed check,43,75.46,,0
CUST-7308,female,36.0,10-Apr-2038,Month-to-month,Electronic check,39,66.62,,0
CUST-7309,M,48.0,04/11/2038,One year,Bank transfer,13,50.63,658.19,0
CUST-7310,female,61.0,12-Apr-2038,Two year,Mailed check,42,66.88,,0
CUST-7311,female,50.0,13-Apr-2038,month-to-month,Bank transfer,45,88.35,,0
CUST-7312,F,38.0,INVALID_DATE,Month-to-month,Credit card,51,30.9,1575.8999999999999,1
CUST-7313,Male,27.0,2038-04-15,month-to-month,Credit card,17,45.57,,0
CUST-7314,  Male  ,35.0,04/16/2038,1 Year,Mailed check,63,99.5,Unknown,0
CUST-7315,F,38.0,17-Apr-2038,1 Year,Bank transfer,7,87.01,609.07,1
CUST-7316,F,24.0,18-Apr-2038,One year,Mailed check,55,46.63,2564.65,0
CUST-7317,female,53.0,19-Apr-2038,One year,Bank transfer,4,59.82,239.28,1
CUST-7318,female,47.0,20-Apr-2038,Month-to-month,Electronic check,31,31.97,991.0699999999999,0
CUST-7319,  Male  ,27.0,2038-04-21,1 Year,Mailed check,56,45.31,2537.36,0
CUST-7320,M,19.0,22-Apr-2038,Two year,Mailed check,4,104.12,416.48,1
CUST-7321,M,49.0,INVALID_DATE,1 Year,Bank transfer,40,64.04,2561.6000000000004,1
CUST-7322,F,20.0,2038-04-24,One year,Mailed check,47,84.03,3949.41,0
CUST-7323,Female,41.0,04/25/2038,month-to-month,Electronic check,50,35.97,1798.5,0
CUST-7324,Female,35.0,26-Apr-2038,Month-to-month,Bank transfer,23,38.33,881.5899999999999,0
CUST-7325,M,50.0,2038-04-27,1 Year,Bank transfer,51,114.09,5818.59,0
CUST-7326,Female,50.0,2038-04-28,Two year,Bank transfer,38,104.14,3957.32,0
CUST-7327,M,30.0,29-Apr-2038,Two year,Electronic check,9,99.03,891.27,0
CUST-7328,female,,2038-04-30,Two year,Electronic check,61,52.96,3230.56,0
CUST-7329,F,37.0,01-May-2038,Month-to-month,Mailed check,21,76.28,1601.88,0
CUST-7330,Male,40.0,INVALID_DATE,Two year,Bank transfer,9,69.23,623.07,1
CUST-7331,F,40.0,INVALID_DATE,Two year,Electronic check,25,115.62,2890.5,0
CUST-7332,M,,2038-05-04,1 Year,Credit card,36,43.96,1582.56,0
CUST-7333,M,39.0,INVALID_DATE,Month-to-month,Mailed check,43,114.72,4932.96,0
CUST-7334,F,20.0,2038-05-06,month-to-month,Electronic check,28,90.69,2539.3199999999997,0
CUST-7335,  Male  ,31.0,INVALID_DATE,month-to-month,Electronic check,64,61.37,3927.68,0
CUST-7336,M,49.0,05/08/2038,Two year, ,45,46.64,2098.8,0
CUST-7337,Female,37.0,09-May-2038,One year,Mailed check,56,95.74,5361.44,0
CUST-7338,Female,40.0,05/10/2038,Month-to-month,Electronic check,48,102.29,,1
CUST-7339,M,35.0,2038-05-11,One year,Electronic check,8,55.75,446.0,1
CUST-7340,M,6.0,12-May-2038,Month-to-month,Credit card,14,37.19,520.66,0
CUST-7341,  Male  ,31.0,05/13/2038,Month-to-month,Credit card,15,69.22,1038.3,1
CUST-7342,Female,39.0,14-May-2038,1 Year,Credit card,39,66.85,2607.1499999999996,1
CUST-7343,M,19.0,INVALID_DATE,Two year,Electronic check,25,92.54,,0
CUST-7344,M,26.0,16-May-2038,1 Year,Credit card,63,117.32,7391.16,0
CUST-7345,  Male  ,36.0,05/17/2038,One year,Bank transfer,59,73.13,4314.67,0
CUST-7346,  Male  ,36.0,05/18/2038,One year,Credit card,29,93.17,2701.93,0
CUST-7347,F,45.0,05/19/2038,month-to-month,Credit card,3,55.06,165.18,0
CUST-7348,  Male  ,37.0,2038-05-20,1 Year,Electronic check,39,79.96,3118.4399999999996,0
CUST-7349,Male,44.0,05/21/2038,1 Year,Bank transfer,22,31.53,693.6600000000001,0
CUST-7350,Female,,05/22/2038,1 Year,Credit card,41,101.49,4161.09,0
CUST-7351,F,43.0,2038-05-23,month-to-month,Electronic check,20,54.43,1088.6,1
CUST-7352,Male,58.0,INVALID_DATE,1 Year, ,19,28.0,532.0,1
CUST-7353,M,43.0,05/25/2038,1 Year,Credit card,13,119.06,1547.78,0
CUST-7354,M,37.0,26-May-2038,1 Year,Electronic check,19,110.18,2093.42,1
CUST-7355,F,29.0,INVALID_DATE,1 Year,Bank transfer,66,39.74,2622.84,0
CUST-7356,  Male  ,41.0,INVALID_DATE,One year,Credit card,65,56.32,3660.8,0
CUST-7357,M,37.0,29-May-2038,Two year,Bank transfer,3,113.67,341.01,0
CUST-7358,female,47.0,30-May-2038,One year,Bank transfer,24,99.63,2391.12,0
CUST-7359,F,18.0,2038-05-31,1 Year,Electronic check,38,110.64,,0
CUST-7360,Male,38.0,06/01/2038,Month-to-month,Mailed check,2,76.25,152.5,1
CUST-7361,F,45.0,02-Jun-2038,Month-to-month,Bank transfer,56,44.31,,1
CUST-7362,Female,42.0,2038-06-03,month-to-month,Bank transfer,37,42.71,1580.27,1
CUST-7363,  Male  ,36.0,2038-06-04,One year,Bank transfer,4,72.57,290.28,0
CUST-7364,  Male  ,36.0,INVALID_DATE,month-to-month,Bank transfer,44,112.4,4945.6,0
CUST-7365,F,27.0,2038-06-06,month-to-month,Bank transfer,45,83.16,3742.2,0
CUST-7366,M,45.0,2038-06-07,Month-to-month,Mailed check,47,23.44,1101.68,0
CUST-7367,M,45.0,2038-06-08,One year,Electronic check,26,76.05,1977.3,0
CUST-7368,female,23.0,INVALID_DATE,Two year,Mailed check,9,80.84,,0
CUST-7369,female,49.0,10-Jun-2038,One year,Electronic check,48,78.16,3751.68,0
CUST-7370,  Male  ,32.0,2038-06-11,month-to-month,Mailed check,31,89.11,2762.41,0
CUST-7371,female,35.0,06/12/2038,1 Year,Electronic check,55,49.35,2714.25,0
CUST-7372,Male,62.0,INVALID_DATE,month-to-month,Credit card,1,34.38,34.38,0
CUST-7373,female,,14-Jun-2038,One year,Bank transfer,59,95.0,5605.0,0
CUST-7374,Male,23.0,2038-06-15,Month-to-month,Electronic check,11,39.64,436.04,0
CUST-7375,female,25.0,INVALID_DATE,One year, ,2,31.42,62.84,0
CUST-7376,  Male  ,27.0,17-Jun-2038,Two year,Bank transfer,46,55.94,2573.24,0
CUST-7377,  Male  ,59.0,18-Jun-2038,1 Year,Credit card,1,103.28,103.28,0
CUST-7378,Male,33.0,06/19/2038,1 Year,Bank transfer,70,28.21,,0
CUST-7379,F,22.0,2038-06-20,month-to-month,Electronic check,71,39.56,2808.76,0
CUST-7380,  Male  ,,06/21/2038,One year,Electronic check,66,67.53,,0
CUST-7381,F,47.0,INVALID_DATE,Month-to-month,Bank transfer,2,48.76,97.52,0
CUST-7382,M,67.0,2038-06-23,Two year,Mailed check,69,92.17,6359.7300000000005,0
CUST-7383,Male,47.0,INVALID_DATE,month-to-month,Bank transfer,13,87.49,1137.37,1
CUST-7384,  Male  ,40.0,INVALID_DATE,One year,Electronic check,19,104.25,1980.75,1
CUST-7385,Female,43.0,2038-06-26,Month-to-month,Electronic check,47,40.38,1897.8600000000001,0
CUST-7386,M,35.0,27-Jun-2038,One year,Electronic check,1,84.89,84.89,1
CUST-7387,F,,INVALID_DATE,Month-to-month,Credit card,18,97.47,1754.46,0
CUST-7388,  Male  ,56.0,INVALID_DATE,One year,Bank transfer,32,26.27,840.64,0
CUST-7389,Male,21.0,2038-06-30,One year,Credit card,11,23.68,260.48,0
CUST-7390,female,51.0,01-Jul-2038,month-to-month,Bank transfer,20,75.93,1518.6000000000001,0
CUST-7391,Female,27.0,07/02/2038,One year,Credit card,8,78.79,630.32,0
CUST-7392,F,69.0,2038-07-03,One year,Mailed check,38,59.28,,0
CUST-7393,M,58.0,INVALID_DATE,month-to-month,Electronic check,6,23.61,141.66,0
CUST-7394,Male,26.0,2038-07-05,month-to-month,Electronic check,2,60.19,,1
CUST-7395,Female,43.0,07/06/2038,1 Year,Bank transfer,55,84.21,4631.549999999999,0
CUST-7396,Male,52.0,07/07/2038,1 Year, ,3,90.19,270.57,1
CUST-7397,  Male  ,33.0,INVALID_DATE,month-to-month,Credit card,66,69.28,,0
CUST-7398,female,24.0,09-Jul-2038,Two year,Mailed check,26,72.5,1885.0,0
CUST-7399,M,41.0,07/10/2038,Month-to-month,Credit card,48,87.27,4188.96,1
CUST-7400,Male,38.0,2038-07-11,month-to-month,Credit card,8,64.93,,1
CUST-7401,F,29.0,12-Jul-2038,1 Year,Bank transfer,67,46.35,3105.4500000000003,0
CUST-7402,  Male  ,55.0,07/13/2038,One year,Electronic check,69,42.3,2918.7,0
CUST-7403,  Male  ,25.0,2038-07-14,month-to-month,Credit card,30,95.28,2858.4,0
CUST-7404,M,,2038-07-15,month-to-month,Bank transfer,27,68.75,1856.25,0
CUST-7405,  Male  ,42.0,INVALID_DATE,1 Year,Credit card,43,82.41,3543.6299999999997,0
CUST-7406,F,44.0,INVALID_DATE,1 Year,Credit card,5,67.11,,1
CUST-7407,Male,54.0,2038-07-18,Two year,Credit card,20,101.88,2037.6,1
CUST-7408,M,37.0,INVALID_DATE,1 Year,Bank transfer,52,69.68,3623.3600000000006,0
CUST-7409,  Male  ,9.0,INVALID_DATE,1 Year,Mailed check,21,118.81,,1
CUST-7410,  Male  ,35.0,07/21/2038,1 Year,Credit card,3,44.26,132.78,0
CUST-7411,F,49.0,22-Jul-2038,One year,Credit card,41,33.85,1387.8500000000001,0
CUST-7412,female,38.0,07/23/2038,month-to-month,Bank transfer,64,57.36,3671.04,0
CUST-7413,female,38.0,24-Jul-2038,month-to-month,Electronic check,68,111.87,7607.16,0
CUST-7414,  Male  ,46.0,07/25/2038,1 Year,Mailed check,71,105.23,7471.33,0
CUST-7415,Male,48.0,2038-07-26,Two year,Bank transfer,24,44.74,,0
CUST-7416,M,19.0,INVALID_DATE,1 Year,Electronic check,52,79.97,,0
CUST-7417,  Male  ,40.0,07/28/2038,Two year,Bank transfer,2,78.89,157.78,0
CUST-7418,Female,38.0,29-Jul-2038,month-to-month,Bank transfer,44,49.34,,0
CUST-7419,M,41.0,INVALID_DATE,Two year,Mailed check,41,43.54,1785.1399999999999,0
CUST-7420,female,16.0,INVALID_DATE,Two year,Mailed check,70,59.0,4130.0,0
CUST-7421,  Male  ,56.0,08/01/2038,Month-to-month,Mailed check,7,98.86,692.02,1
CUST-7422,F,40.0,INVALID_DATE,Two year,Mailed check,38,39.17,1488.46,0
CUST-7423,Female,45.0,03-Aug-2038,Two year,Electronic check,45,64.57,2905.6499999999996,0
CUST-7424,  Male  ,,08/04/2038,One year,Credit card,9,68.17,613.53,0
CUST-7425,Male,45.0,05-Aug-2038,month-to-month,Bank transfer,53,113.91,6037.23,1
CUST-7426,Female,22.0,2038-08-06,1 Year,Mailed check,28,50.35,1409.8,0
CUST-7427,  Male  ,,2038-08-07,Month-to-month,Credit card,19,21.96,417.24,0
CUST-7428,Male,48.0,INVALID_DATE,Two year,Electronic check,68,89.37,6077.16,0
CUST-7429,Female,41.0,INVALID_DATE,One year,Mailed check,4,95.58,382.32,1
CUST-7430,Male,60.0,10-Aug-2038,One year,Bank transfer,13,90.3,1173.8999999999999,1
CUST-7431,Male,30.0,2038-08-11,1 Year,Credit card,11,90.07,,1
CUST-7432,Female,55.0,12-Aug-2038,1 Year,Mailed check,2,68.32,136.64,0
CUST-7433,Female,50.0,INVALID_DATE,month-to-month,Bank transfer,70,21.87,1530.9,0
CUST-7434,Male,41.0,14-Aug-2038,Two year,Credit card,12,92.99,,0
CUST-7435,female,44.0,INVALID_DATE,One year,Bank transfer,37,113.65,4205.05,0
CUST-7436,Female,28.0,2038-08-16,Month-to-month,Electronic check,56,35.74,2001.44,0
CUST-7437,  Male  ,36.0,08/17/2038,month-to-month,Mailed check,52,26.79,1393.08,0
CUST-7438,M,47.0,18-Aug-2038,Two year,Mailed check,4,46.52,,0
CUST-7439,F,38.0,INVALID_DATE,1 Year,Bank transfer,4,104.98,419.92,0
CUST-7440,Male,,08/20/2038,Two year,Credit card,49,30.61,1499.8899999999999,0
CUST-7441,Male,52.0,08/21/2038,1 Year,Mailed check,52,91.52,4759.04,0
CUST-7442,F,17.0,2038-08-22,Two year,Bank transfer,34,26.29,893.86,0
CUST-7443,female,44.0,INVALID_DATE,Month-to-month,Electronic check,22,23.28,512.1600000000001,0
CUST-7444,F,61.0,24-Aug-2038,month-to-month,Mailed check,13,109.13,1418.69,0
CUST-7445,Female,35.0,08/25/2038,1 Year,Bank transfer,63,97.06,6114.78,0
CUST-7446,F,25.0,INVALID_DATE,Month-to-month,Credit card,15,79.86,1197.9,0
CUST-7447,Male,35.0,INVALID_DATE,One year,Mailed check,40,37.2,1488.0,0
CUST-7448,F,22.0,08/28/2038,Month-to-month,Mailed check,38,47.88,1819.44,0
CUST-7449,M,43.0,2038-08-29,Month-to-month,Electronic check,55,24.86,1367.3,0
CUST-7450,  Male  ,39.0,INVALID_DATE,Month-to-month,Bank transfer,44,84.54,3719.76,1
CUST-7451,Female,44.0,2038-08-31,1 Year,Credit card,66,88.61,5848.26,1
CUST-7452,F,38.0,09/01/2038,One year,Electronic check,66,52.68,3476.88,0
CUST-7453,Male,42.0,09/02/2038,month-to-month,Electronic check,43,53.84,$1200.50,0
CUST-7454,  Male  ,45.0,2038-09-03,Month-to-month,Electronic check,38,82.9,3150.2000000000003,0
CUST-7455,Female,26.0,2038-09-04,1 Year,Bank transfer,29,114.57,3322.5299999999997,0
CUST-7456,Male,44.0,2038-09-05,1 Year,Bank transfer,56,59.47,3330.3199999999997,0
CUST-7457,female,57.0,06-Sep-2038,month-to-month, ,6,69.36,416.15999999999997,0
CUST-7458,M,28.0,2038-09-07,Two year,Bank transfer,9,89.83,808.47,0
CUST-7459,female,44.0,2038-09-08,One year,Electronic check,22,54.23,1193.06,0
CUST-7460,M,56.0,2038-09-09,One year,Bank transfer,46,106.89,4916.94,0
CUST-7461,F,26.0,10-Sep-2038,Month-to-month,Credit card,31,104.62,3243.2200000000003,0
CUST-7462,Female,50.0,INVALID_DATE,Two year,Mailed check,21,87.43,1836.0300000000002,0
CUST-7463,F,37.0,12-Sep-2038,One year,Electronic check,38,73.69,2800.22,0
CUST-7464,M,52.0,INVALID_DATE,Month-to-month,Mailed check,52,118.35,,1
CUST-7465,M,30.0,2038-09-14,Two year,Bank transfer,19,90.24,1714.56,1
CUST-7466,M,40.0,2038-09-15,1 Year,Mailed check,10,84.32,843.1999999999999,0
CUST-7467,  Male  ,22.0,16-Sep-2038,Month-to-month,Mailed check,46,107.68,4953.280000000001,0
CUST-7468,Male,45.0,17-Sep-2038,Two year,Bank transfer,66,75.5,4983.0,0
CUST-7469,Female,45.0,09/18/2038,month-to-month,Mailed check,38,44.29,1683.02,0
CUST-7470,F,46.0,19-Sep-2038,One year,Bank transfer,62,33.78,,0
CUST-7471,F,,20-Sep-2038,Month-to-month,Electronic check,46,67.1,3086.6,0
CUST-7472,female,39.0,2038-09-21,1 Year,Mailed check,35,71.57,2504.95,0
CUST-7473,M,22.0,2038-09-22,Month-to-month,Credit card,43,102.77,4419.11,1
CUST-7474,M,52.0,2038-09-23,One year, ,30,33.95,1018.5000000000001,0
CUST-7475,M,40.0,24-Sep-2038,One year,Electronic check,63,88.12,5551.56,0
CUST-7476,F,45.0,09/25/2038,Two year,Bank transfer,30,50.41,1512.3,0
CUST-7477,female,,2038-09-26,1 Year,Bank transfer,29,113.9,3303.1000000000004,0
CUST-7478,Male,64.0,09/27/2038,Two year,Mailed check,66,67.04,4424.64,0
CUST-7479,  Male  ,33.0,09/28/2038,1 Year,Mailed check,22,82.24,1809.28,1
CUST-7480,Female,33.0,29-Sep-2038,Month-to-month,Credit card,35,85.01,2975.3500000000004,0
CUST-7481,Male,21.0,30-Sep-2038,Month-to-month,Credit card,42,29.1,1222.2,0
CUST-7482,F,41.0,2038-10-01,Two year,Bank transfer,24,105.22,2525.2799999999997,0
CUST-7483,  Male  ,62.0,INVALID_DATE,month-to-month,Credit card,26,36.42,946.9200000000001,0
CUST-7484,  Male  ,42.0,03-Oct-2038,One year,Bank transfer,31,59.74,1851.94,0
CUST-7485,  Male  ,43.0,10/04/2038,Two year,Electronic check,2,87.26,174.52,0
CUST-7486,M,52.0,05-Oct-2038,Two year,Electronic check,39,25.52,995.28,0
CUST-7487,Female,42.0,06-Oct-2038,Month-to-month,Credit card,12,78.04,936.48,0
CUST-7488,F,54.0,10/07/2038,One year,Mailed check,44,60.99,,0
CUST-7489,F,56.0,08-Oct-2038,Two year,Credit card,43,26.39,1134.77,0
CUST-7490,  Male  ,33.0,09-Oct-2038,Month-to-month,Credit card,67,92.64,6206.88,0
CUST-7491,F,23.0,2038-10-10,Month-to-month,Credit card,38,70.13,2664.9399999999996,0
CUST-7492,Female,48.0,10/11/2038,Two year,Mailed check,66,50.34,3322.44,0
CUST-7493,Female,,INVALID_DATE,Two year,Credit card,40,28.43,1137.2,0
CUST-7494,female,27.0,INVALID_DATE,Month-to-month,Mailed check,22,74.75,1644.5,0
CUST-7495,female,32.0,INVALID_DATE,Two year,Credit card,63,50.6,,0
CUST-7496,Male,32.0,15-Oct-2038,One year,Mailed check,59,114.67,,0
CUST-7497,Female,42.0,10/16/2038,Month-to-month,Mailed check,19,79.15,1503.8500000000001,0
CUST-7498,Female,52.0,INVALID_DATE,Month-to-month,Mailed check,20,48.51,970.1999999999999,0
CUST-7499,Female,53.0,18-Oct-2038,Two year,Mailed check,43,72.86,3132.98,0
CUST-7500,female,49.0,INVALID_DATE,Two year,Mailed check,58,73.95,4289.1,0
CUST-7501,  Male  ,36.0,2038-10-20,Two year,Electronic check,54,92.68,5004.72,1
CUST-7502,  Male  ,67.0,21-Oct-2038,One year,Bank transfer,40,110.22,4408.8,1
CUST-7503,F,40.0,INVALID_DATE,Month-to-month,Bank transfer,27,116.26,3139.02,0
CUST-7504,  Male  ,35.0,23-Oct-2038,month-to-month,Mailed check,13,91.79,1193.27,1
CUST-7505,M,,10/24/2038,One year,Bank transfer,47,74.59,3505.73,0
CUST-7506,female,36.0,25-Oct-2038,One year,Mailed check,23,42.49,977.2700000000001,0
CUST-7507,Female,45.0,10/26/2038,Month-to-month,Credit card,59,60.3,3557.7,0
CUST-7508,  Male  ,21.0,INVALID_DATE,month-to-month,Electronic check,7,68.88,,1
CUST-7509,female,29.0,2038-10-28,Month-to-month,Credit card,50,32.84,1642.0000000000002,0
CUST-7510,  Male  ,34.0,INVALID_DATE,One year,Credit card,66,45.64,3012.2400000000002,0
CUST-7511,Male,,INVALID_DATE,Two year,Mailed check,3,118.45,355.35,1
CUST-7512,Female,30.0,10/31/2038,Month-to-month,Credit card,39,95.67,3731.13,1
CUST-7513,Male,53.0,INVALID_DATE,Month-to-month,Electronic check,7,68.2,477.40000000000003,1
CUST-7514,Female,20.0,02-Nov-2038,Two year,Credit card,68,42.6,2896.8,0
CUST-7515,female,42.0,11/03/2038,month-to-month,Electronic check,55,77.34,4253.7,1
CUST-7516,F,46.0,2038-11-04,month-to-month,Electronic check,8,43.19,345.52,0
CUST-7517,  Male  ,34.0,05-Nov-2038,Month-to-month,Mailed check,32,39.31,1257.92,1
CUST-7518,  Male  ,37.0,2038-11-06,Two year,Electronic check,19,29.38,558.22,0
CUST-7519,M,40.0,INVALID_DATE,Month-to-month,Credit card,12,54.59,655.08,0
CUST-7520,Male,48.0,2038-11-08,Two year,Mailed check,57,74.17,4227.6900000000005,0
CUST-7521,  Male  ,58.0,INVALID_DATE,One year,Electronic check,10,35.93,359.3,0
CUST-7522,female,,10-Nov-2038,Two year,Electronic check,21,40.04,840.84,1
CUST-7523,F,29.0,11-Nov-2038,Month-to-month,Bank transfer,20,59.11,1182.2,0
CUST-7524,female,30.0,11/12/2038,1 Year,Mailed check,4,68.95,275.8,0
CUST-7525,Male,40.0,13-Nov-2038,month-to-month,Bank transfer,19,96.23,1828.3700000000001,0
CUST-7526,M,35.0,INVALID_DATE,Month-to-month,Electronic check,29,76.66,2223.14,1
CUST-7527,  Male  ,,11/15/2038,Two year,Bank transfer,71,81.77,5805.67,0
CUST-7528,female,32.0,INVALID_DATE,Two year,Credit card,64,89.62,5735.68,0
CUST-7529,Female,29.0,2038-11-17,month-to-month,Credit card,11,65.1,716.0999999999999,0
CUST-7530,F,31.0,11/18/2038,Month-to-month,Electronic check,33,54.31,1792.23,0
CUST-7531,female,41.0,INVALID_DATE,1 Year,Bank transfer,25,100.04,2501.0,1
CUST-7532,F,52.0,INVALID_DATE,One year,Bank transfer,33,102.83,3393.39,0
CUST-7533,  Male  ,39.0,21-Nov-2038,1 Year,Mailed check,26,35.4,,0
CUST-7534,Female,33.0,11/22/2038,One year,Credit card,36,115.34,4152.24,0
CUST-7535,M,28.0,INVALID_DATE,One year,Credit card,11,112.99,1242.8899999999999,1
CUST-7536,M,58.0,24-Nov-2038,Month-to-month,Mailed check,30,107.09,3212.7000000000003,1
CUST-7537,Female,19.0,2038-11-25,One year,Credit card,57,62.27,,0
CUST-7538,F,38.0,11/26/2038,Two year,Bank transfer,10,104.22,1042.2,1
CUST-7539,  Male  ,49.0,11/27/2038,One year,Bank transfer,25,82.81,2070.25,1
CUST-7540,female,38.0,11/28/2038,One year,Credit card,68,40.54,2756.72,0
CUST-7541,Female,33.0,11/29/2038,month-to-month,Mailed check,57,97.49,,0
CUST-7542,Male,46.0,INVALID_DATE,month-to-month,Electronic check,34,60.61,2060.74,0
CUST-7543,F,27.0,2038-12-01,Month-to-month,Electronic check,54,49.22,2657.88,0
CUST-7544,M,19.0,02-Dec-2038,Month-to-month,Electronic check,51,107.83,5499.33,1
CUST-7545,Female,44.0,INVALID_DATE,Two year,Electronic check,6,106.23,637.38,1
CUST-7546,M,28.0,INVALID_DATE,month-to-month,Bank transfer,59,106.44,6279.96,0
CUST-7547,F,,12/05/2038,1 Year,Electronic check,54,105.95,5721.3,0
CUST-7548,M,39.0,INVALID_DATE,Month-to-month, ,17,75.42,1282.14,1
CUST-7549,Female,43.0,2038-12-07,Month-to-month,Bank transfer,26,81.69,2123.94,0
CUST-7550,F,37.0,INVALID_DATE,month-to-month,Electronic check,9,114.89,1034.01,0
CUST-7551,Male,47.0,INVALID_DATE,month-to-month,Electronic check,2,32.93,65.86,0
CUST-7552,Female,32.0,10-Dec-2038,Two year,Electronic check,20,100.63,2012.6,1
CUST-7553,female,49.0,INVALID_DATE,month-to-month,Credit card,6,72.63,435.78,0
CUST-7554,  Male  ,25.0,2038-12-12,One year,Credit card,55,117.84,6481.2,0
CUST-7555,Female,54.0,12/13/2038,1 Year,Mailed check,48,83.92,4028.16,0
CUST-7556,F,65.0,12/14/2038,One year,Bank transfer,58,36.25,2102.5,0
CUST-7557,  Male  ,41.0,2038-12-15,One year,Electronic check,42,101.55,4265.099999999999,0
CUST-7558,Female,59.0,12/16/2038,One year,Credit card,21,87.27,1832.6699999999998,0
CUST-7559,Male,62.0,12/17/2038,Month-to-month,Mailed check,6,34.89,209.34,1
CUST-7560,Male,36.0,INVALID_DATE,One year,Bank transfer,30,20.9,627.0,0
CUST-7561,female,41.0,2038-12-19,Month-to-month,Bank transfer,23,74.36,,1
CUST-7562,M,,20-Dec-2038,month-to-month,Bank transfer,36,44.15,1589.3999999999999,0
CUST-7563,  Male  ,31.0,INVALID_DATE,1 Year,Credit card,3,106.72,,1
CUST-7564,F,43.0,2038-12-22,1 Year,Electronic check,34,45.09,1533.0600000000002,0
CUST-7565,F,20.0,INVALID_DATE,One year,Electronic check,30,86.29,2588.7000000000003,0
CUST-7566,M,,2038-12-24,1 Year,Bank transfer,42,54.51,2289.42,1
CUST-7567,Male,42.0,12/25/2038,Month-to-month,Bank transfer,21,55.03,1155.63,0
CUST-7568,Male,48.0,26-Dec-2038,month-to-month,Mailed check,4,38.18,152.72,0
CUST-7569,Female,38.0,INVALID_DATE,One year,Mailed check,49,70.27,,0
CUST-7570,female,,12/28/2038,Two year,Bank transfer,48,77.93,3740.6400000000003,0
CUST-7571,  Male  ,43.0,2038-12-29,1 Year,Mailed check,51,78.1,3983.1,0
CUST-7572,female,46.0,INVALID_DATE,1 Year,Credit card,24,105.66,2535.84,0
CUST-7573,female,51.0,31-Dec-2038,One year,Bank transfer,46,85.23,,0
CUST-7574,Female,25.0,01-Jan-2039,1 Year,Mailed check,27,94.02,2538.54,0
CUST-7575,female,32.0,INVALID_DATE,1 Year,Bank transfer,51,52.34,2669.34,0
CUST-7576,M,68.0,01/03/2039,Two year,Electronic check,20,62.07,1241.4,0
CUST-7577,Female,42.0,04-Jan-2039,Month-to-month,Credit card,71,21.83,1549.9299999999998,0
CUST-7578,M,,INVALID_DATE,One year,Bank transfer,18,27.91,502.38,0
CUST-7579,Female,19.0,INVALID_DATE,One year,Electronic check,8,58.51,,0
CUST-7580,female,39.0,INVALID_DATE,Two year,Bank transfer,27,40.97,1106.19,0
CUST-7581,M,34.0,2039-01-08,Two year,Electronic check,14,101.3,1418.2,0
CUST-7582,M,30.0,09-Jan-2039,Month-to-month,Mailed check,18,87.65,1577.7,1
CUST-7583,M,62.0,INVALID_DATE,month-to-month,Electronic check,65,117.03,7606.95,0
CUST-7584,Female,36.0,2039-01-11,One year,Credit card,31,108.7,3369.7000000000003,0
CUST-7585,F,50.0,2039-01-12,1 Year,Credit card,20,117.77,2355.4,0
CUST-7586,female,43.0,2039-01-13,Month-to-month,Mailed check,70,56.53,3957.1,0
CUST-7587,M,36.0,01/14/2039,One year,Bank transfer,45,68.44,3079.7999999999997,0
CUST-7588,  Male  ,26.0,01/15/2039,Month-to-month,Credit card,1,57.26,57.26,0
CUST-7589,F,49.0,INVALID_DATE,month-to-month,Mailed check,19,116.43,2212.17,0
CUST-7590,  Male  ,12.0,01/17/2039,One year,Credit card,39,60.27,2350.53,0
CUST-7591,female,50.0,18-Jan-2039,1 Year,Mailed check,27,31.68,855.36,0
CUST-7592,female,42.0,19-Jan-2039,One year,Credit card,56,45.05,2522.7999999999997,0
CUST-7593,M,,INVALID_DATE,Month-to-month,Mailed check,16,62.48,999.68,0
CUST-7594,M,40.0,INVALID_DATE,month-to-month,Credit card,7,80.3,562.1,0
CUST-7595,Female,25.0,22-Jan-2039,Month-to-month,Bank transfer,20,81.81,,1
CUST-7596,F,45.0,INVALID_DATE,Month-to-month,Electronic check,31,95.88,2972.2799999999997,0
CUST-7597,F,50.0,INVALID_DATE,Two year,Credit card,25,84.79,2119.75,0
CUST-7598,M,34.0,INVALID_DATE,Month-to-month,Mailed check,1,69.15,69.15,0
CUST-7599,female,48.0,01/26/2039,month-to-month,Bank transfer,17,23.02,391.34,0
CUST-7600,M,44.0,INVALID_DATE,1 Year,Credit card,27,89.5,2416.5,1
CUST-7601,female,45.0,INVALID_DATE,Two year,Mailed check,24,28.55,685.2,0
CUST-7602,female,30.0,2039-01-29,Month-to-month, ,62,66.88,4146.5599999999995,1
CUST-7603,M,55.0,2039-01-30,One year,Mailed check,52,109.64,5701.28,0
CUST-7604,Male,44.0,INVALID_DATE,Two year,Credit card,51,79.69,,0
CUST-7605,F,50.0,02/01/2039,month-to-month,Mailed check,66,39.9,2633.4,0
CUST-7606,  Male  ,35.0,2039-02-02,One year, ,57,100.8,5745.599999999999,1
CUST-7607,female,52.0,2039-02-03,month-to-month,Electronic check,55,50.04,2752.2,0
CUST-7608,female,35.0,INVALID_DATE,One year,Credit card,53,77.73,4119.6900000000005,0
CUST-7609,Male,29.0,02/05/2039,1 Year,Credit card,19,83.58,,0
CUST-7610,  Male  ,61.0,INVALID_DATE,month-to-month,Electronic check,13,93.11,1210.43,0
CUST-7611,Female,12.0,2039-02-07,One year,Bank transfer,29,26.5,768.5,0
CUST-7612,Male,76.0,02/08/2039,month-to-month,Mailed check,6,105.43,632.58,0
CUST-7613,  Male  ,48.0,INVALID_DATE,Two year,Mailed check,1,31.39,31.39,0
CUST-7614,Male,36.0,10-Feb-2039,month-to-month,Mailed check,24,29.45,706.8,0
CUST-7615,female,44.0,2039-02-11,month-to-month,Credit card,6,65.69,394.14,0
CUST-7616,F,48.0,INVALID_DATE,One year,Credit card,48,57.22,2746.56,0
CUST-7617,Male,36.0,02/13/2039,month-to-month,Mailed check,20,25.46,509.20000000000005,0
CUST-7618,Female,64.0,14-Feb-2039,1 Year,Credit card,67,36.6,2452.2000000000003,0
CUST-7619,M,58.0,INVALID_DATE,Month-to-month, ,55,63.92,3515.6,0
CUST-7620,  Male  ,73.0,INVALID_DATE,Two year,Electronic check,18,102.91,1852.3799999999999,0
CUST-7621,Male,,2039-02-17,One year,Credit card,21,32.13,674.73,0
CUST-7622,Male,43.0,INVALID_DATE,month-to-month,Mailed check,64,30.45,1948.8,0
CUST-7623,Female,23.0,19-Feb-2039,month-to-month,Mailed check,37,100.48,3717.76,0
CUST-7624,F,27.0,INVALID_DATE,month-to-month,Mailed check,19,69.23,1315.3700000000001,0
CUST-7625,Male,36.0,2039-02-21,Two year,Mailed check,56,56.02,3137.1200000000003,0
CUST-7626,Male,36.0,22-Feb-2039,Month-to-month,Credit card,62,66.14,4100.68,0
CUST-7627,F,44.0,23-Feb-2039,1 Year,Bank transfer,18,61.08,1099.44,0
CUST-7628,Female,39.0,2039-02-24,1 Year,Bank transfer,30,98.19,2945.7,0
CUST-7629,  Male  ,50.0,02/25/2039,One year,Mailed check,56,20.93,,0
CUST-7630,  Male  ,44.0,26-Feb-2039,Month-to-month,Mailed check,42,63.32,2659.44,0
CUST-7631,Male,60.0,02/27/2039,Month-to-month,Mailed check,53,35.89,1902.17,0
CUST-7632,F,50.0,28-Feb-2039,Two year,Bank transfer,50,50.83,2541.5,0
CUST-7633,Male,26.0,01-Mar-2039,month-to-month,Electronic check,4,31.22,124.88,0
CUST-7634,M,38.0,2039-03-02,Month-to-month,Bank transfer,63,62.7,3950.1000000000004,0
CUST-7635,  Male  ,,INVALID_DATE,month-to-month,Credit card,67,84.33,5650.11,0
CUST-7636,female,45.0,04-Mar-2039,Two year,Bank transfer,56,86.16,4824.96,0
CUST-7637,M,53.0,INVALID_DATE,One year,Credit card,49,99.67,4883.83,0
CUST-7638,Male,43.0,06-Mar-2039,One year, ,22,101.5,2233.0,1
CUST-7639,Female,47.0,03/07/2039,month-to-month,Credit card,12,79.77,,0
CUST-7640,  Male  ,26.0,INVALID_DATE,month-to-month,Mailed check,49,55.31,2710.19,0
CUST-7641,female,34.0,03/09/2039,Month-to-month,Electronic check,13,25.13,326.69,0
CUST-7642,M,17.0,INVALID_DATE,Two year,Mailed check,33,23.59,,0
CUST-7643,  Male  ,45.0,INVALID_DATE,One year,Mailed check,47,31.33,1472.51,0
CUST-7644,F,50.0,03/12/2039,Month-to-month, ,64,118.38,7576.32,0
CUST-7645,Female,24.0,2039-03-13,1 Year,Mailed check,17,98.6,1676.1999999999998,1
CUST-7646,M,42.0,03/14/2039,Month-to-month,Mailed check,34,60.49,2056.66,0
CUST-7647,F,39.0,2039-03-15,month-to-month,Mailed check,68,66.62,4530.16,0
CUST-7648,Male,60.0,2039-03-16,1 Year,Bank transfer,39,93.74,,1
CUST-7649,F,29.0,INVALID_DATE,Month-to-month,Credit card,1,71.44,71.44,0
CUST-7650,M,51.0,03/18/2039,Two year,Mailed check,5,56.04,280.2,1
CUST-7651,M,54.0,19-Mar-2039,One year,Bank transfer,40,54.96,2198.4,0
CUST-7652,Male,38.0,20-Mar-2039,1 Year,Mailed check,63,40.96,2580.48,0
CUST-7653,F,44.0,03/21/2039,Two year,Credit card,1,108.56,108.56,0
CUST-7654,F,53.0,22-Mar-2039,Month-to-month,Mailed check,35,61.42,2149.7000000000003,0
CUST-7655,Male,,2039-03-23,month-to-month,Credit card,17,95.24,1619.08,1
CUST-7656,F,35.0,03/24/2039,month-to-month,Bank transfer,60,77.38,,0
CUST-7657,  Male  ,42.0,2039-03-25,Two year,Bank transfer,1,95.41,95.41,1
CUST-7658,Male,65.0,INVALID_DATE,month-to-month,Mailed check,4,52.09,208.36,0
CUST-7659,Female,35.0,03/27/2039,One year,Electronic check,9,95.2,856.8000000000001,1
CUST-7660,M,37.0,28-Mar-2039,Two year,Credit card,45,99.0,4455.0,0
CUST-7661,Female,59.0,29-Mar-2039,Two year,Mailed check,32,30.43,,0
CUST-7662,  Male  ,48.0,2039-03-30,month-to-month, ,69,29.15,2011.35,0
CUST-7663,  Male  ,66.0,INVALID_DATE,Two year,Mailed check,14,118.55,1659.7,1
CUST-7664,female,53.0,01-Apr-2039,Month-to-month,Credit card,51,31.8,1621.8,0
CUST-7665,female,38.0,02-Apr-2039,1 Year,Mailed check,23,88.48,2035.0400000000002,0
CUST-7666,female,37.0,INVALID_DATE,1 Year,Credit card,46,94.78,4359.88,0
CUST-7667,Male,30.0,2039-04-04,month-to-month,Bank transfer,27,26.35,711.45,1
CUST-7668,F,24.0,2039-04-05,One year,Electronic check,36,94.65,3407.4,1
CUST-7669,  Male  ,44.0,INVALID_DATE,One year,Electronic check,68,61.95,4212.6,0
CUST-7670,Female,,INVALID_DATE,month-to-month, ,32,47.47,1519.04,0
CUST-7671,Female,,2039-04-08,month-to-month,Bank transfer,66,86.53,5710.9800000000005,0
CUST-7672,Female,,04/09/2039,Two year,Mailed check,42,103.31,4339.02,0
CUST-7673,Female,63.0,2039-04-10,One year,Bank transfer,50,77.28,3864.0,0
CUST-7674,female,24.0,04/11/2039,1 Year,Bank transfer,57,107.06,6102.42,0
CUST-7675,Female,22.0,04/12/2039,month-to-month,Credit card,64,22.24,1423.36,0
CUST-7676,F,30.0,04/13/2039,1 Year,Mailed check,46,93.86,4317.56,1
CUST-7677,female,40.0,2039-04-14,1 Year,Credit card,54,36.94,1994.7599999999998,0
CUST-7678,Female,,INVALID_DATE,One year,Mailed check,53,48.61,2576.33,0
CUST-7679,Male,56.0,04/16/2039,1 Year,Mailed check,29,77.23,2239.67,0
CUST-7680,M,31.0,INVALID_DATE,Two year,Electronic check,37,47.44,1755.28,0
CUST-7681,M,29.0,INVALID_DATE,Two year,Electronic check,69,36.82,2540.58,0
CUST-7682,M,53.0,19-Apr-2039,One year,Bank transfer,14,108.55,1519.7,0
CUST-7683,female,42.0,INVALID_DATE,Two year,Mailed check,27,110.67,2988.09,0
CUST-7684,Female,49.0,2039-04-21,month-to-month,Bank transfer,5,23.64,118.2,0
CUST-7685,  Male  ,39.0,2039-04-22,One year,Credit card,44,70.01,3080.44,0
CUST-7686,  Male  ,43.0,04/23/2039,1 Year,Bank transfer,15,40.37,,0
CUST-7687,  Male  ,23.0,2039-04-24,month-to-month,Credit card,67,106.34,7124.780000000001,0
CUST-7688,female,38.0,04/25/2039,One year, ,1,66.25,66.25,1
CUST-7689,F,27.0,2039-04-26,1 Year,Electronic check,24,67.85,1628.3999999999999,0
CUST-7690,Male,63.0,04/27/2039,1 Year,Credit card,62,82.75,5130.5,0
CUST-7691,Male,56.0,2039-04-28,1 Year,Credit card,57,25.56,1456.9199999999998,0
CUST-7692,M,32.0,2039-04-29,1 Year,Credit card,20,32.73,,0
CUST-7693,M,38.0,04/30/2039,1 Year,Bank transfer,58,69.84,4050.7200000000003,0
CUST-7694,  Male  ,38.0,INVALID_DATE,One year,Credit card,14,116.67,1633.38,1
CUST-7695,  Male  ,66.0,02-May-2039,Two year,Mailed check,53,104.36,5531.08,0
CUST-7696,M,,2039-05-03,1 Year,Credit card,35,108.94,3812.9,1
CUST-7697,Female,35.0,INVALID_DATE,month-to-month,Electronic check,62,33.72,2090.64,0
CUST-7698,F,42.0,05-May-2039,One year,Credit card,61,115.86,7067.46,0
CUST-7699,F,22.0,06-May-2039,Month-to-month,Electronic check,19,93.0,1767.0,0
CUST-7700,F,39.0,2039-05-07,Two year,Electronic check,42,52.57,2207.94,0
CUST-7701,F,27.0,INVALID_DATE,month-to-month,Bank transfer,44,106.45,4683.8,0
CUST-7702,M,,2039-05-09,1 Year,Credit card,1,94.73,94.73,1
CUST-7703,Male,64.0,05/10/2039,One year,Electronic check,68,93.65,6368.200000000001,0
CUST-7704,M,40.0,05/11/2039,One year,Mailed check,46,93.46,4299.16,0
CUST-7705,F,31.0,12-May-2039,1 Year,Credit card,51,100.09,5104.59,0
CUST-7706,M,20.0,05/13/2039,month-to-month,Credit card,32,114.85,3675.2,1
CUST-7707,F,37.0,INVALID_DATE,One year,Electronic check,19,33.69,640.1099999999999,0
CUST-7708,female,38.0,05/15/2039,Two year,Bank transfer,39,119.95,4678.05,0
CUST-7709,  Male  ,49.0,05/16/2039,month-to-month,Bank transfer,14,107.23,1501.22,0
CUST-7710,Male,29.0,INVALID_DATE,1 Year,Credit card,29,64.16,1860.6399999999999,0
CUST-7711,female,,INVALID_DATE,month-to-month,Credit card,42,35.74,1501.0800000000002,0
CUST-7712,Female,29.0,05/19/2039,month-to-month,Bank transfer,14,65.38,915.3199999999999,1
CUST-7713,M,37.0,INVALID_DATE,Month-to-month,Bank transfer,11,97.86,1076.46,1
CUST-7714,Female,16.0,2039-05-21,1 Year,Mailed check,47,80.25,3771.75,0
CUST-7715,M,30.0,05/22/2039,Two year,Credit card,24,47.96,1151.04,0
CUST-7716,  Male  ,48.0,23-May-2039,1 Year,Credit card,22,60.68,1334.96,0
CUST-7717,female,25.0,INVALID_DATE,Month-to-month,Credit card,49,115.43,5656.070000000001,1
CUST-7718,  Male  ,52.0,INVALID_DATE,1 Year,Bank transfer,55,100.38,,0
CUST-7719,F,50.0,2039-05-26,1 Year,Electronic check,55,32.41,1782.5499999999997,1
CUST-7720,  Male  ,51.0,2039-05-27,Two year,Mailed check,70,74.54,5217.8,0
CUST-7721,  Male  ,40.0,28-May-2039,Month-to-month,Bank transfer,35,113.1,3958.5,0
CUST-7722,F,39.0,2039-05-29,1 Year,Bank transfer,44,23.43,1030.92,0
CUST-7723,M,44.0,2039-05-30,1 Year,Mailed check,36,24.25,873.0,0
CUST-7724,F,56.0,31-May-2039,One year,Credit card,15,91.67,1375.05,0
CUST-7725,female,55.0,06/01/2039,1 Year,Electronic check,45,77.55,3489.75,1
CUST-7726,  Male  ,20.0,2039-06-02,Two year,Mailed check,62,24.6,,0
CUST-7727,F,30.0,06/03/2039,One year,Electronic check,50,119.6,5980.0,0
CUST-7728,  Male  ,27.0,04-Jun-2039,Month-to-month,Credit card,13,78.01,1014.1300000000001,1
CUST-7729,female,49.0,2039-06-05,month-to-month,Electronic check,31,69.19,2144.89,0
CUST-7730,Female,32.0,INVALID_DATE,Two year,Credit card,5,64.77,323.84999999999997,0
CUST-7731,female,,06/07/2039,Month-to-month,Bank transfer,8,90.07,720.56,1
CUST-7732,Male,60.0,08-Jun-2039,One year,Credit card,13,65.84,855.9200000000001,1
CUST-7733,Male,53.0,INVALID_DATE,month-to-month,Mailed check,41,85.91,3522.31,0
CUST-7734,Male,57.0,2039-06-10,Month-to-month,Mailed check,17,68.83,1170.11,0
CUST-7735,  Male  ,31.0,2039-06-11,Two year,Credit card,32,81.07,2594.24,0
CUST-7736,M,7.0,06/12/2039,One year,Credit card,5,100.52,502.59999999999997,1
CUST-7737,M,35.0,2039-06-13,Two year,Bank transfer,9,101.72,915.48,0
CUST-7738,M,23.0,INVALID_DATE,Two year,Bank transfer,34,104.9,3566.6000000000004,1
CUST-7739,  Male  ,17.0,06/15/2039,One year,Credit card,1,40.3,40.3,0
CUST-7740,female,54.0,06/16/2039,1 Year,Electronic check,40,26.11,1044.4,0
CUST-7741,M,,2039-06-17,Two year,Bank transfer,54,103.61,5594.94,0
CUST-7742,Female,30.0,18-Jun-2039,One year,Mailed check,32,24.23,775.36,0
CUST-7743,Male,36.0,INVALID_DATE,Two year,Bank transfer,50,41.35,2067.5,0
CUST-7744,female,,2039-06-20,1 Year,Bank transfer,59,72.62,4284.58,0
CUST-7745,Male,38.0,21-Jun-2039,One year,Bank transfer,62,105.54,6543.4800000000005,0
CUST-7746,M,51.0,06/22/2039,Month-to-month,Bank transfer,11,109.68,1206.48,0
CUST-7747,female,36.0,06/23/2039,Month-to-month,Credit card,23,82.81,1904.63,0
CUST-7748,F,,2039-06-24,Month-to-month,Bank transfer,26,116.68,3033.6800000000003,0
CUST-7749,Female,26.0,INVALID_DATE,month-to-month,Electronic check,63,92.99,5858.37,0
CUST-7750,M,40.0,2039-06-26,Two year,Bank transfer,46,72.77,3347.4199999999996,0
CUST-7751,M,41.0,2039-06-27,Two year,Bank transfer,69,33.44,2307.3599999999997,0
CUST-7752,Female,47.0,06/28/2039,One year,Mailed check,6,62.88,377.28000000000003,1
CUST-7753,Female,47.0,INVALID_DATE,month-to-month,Bank transfer,51,102.23,5213.7300000000005,0
CUST-7754,F,51.0,2039-06-30,Two year,Mailed check,43,48.36,2079.48,0
CUST-7755,M,31.0,01-Jul-2039,One year,Mailed check,42,77.83,3268.86,0
CUST-7756,  Male  ,62.0,02-Jul-2039,1 Year,Credit card,13,118.34,1538.42,1
CUST-7757,M,63.0,INVALID_DATE,Two year,Mailed check,25,37.44,936.0,0
CUST-7758,Male,34.0,07/04/2039,Two year,Mailed check,2,30.15,60.3,0
CUST-7759,female,30.0,07/05/2039,1 Year,Electronic check,14,99.56,1393.8400000000001,1
CUST-7760,female,19.0,INVALID_DATE,1 Year,Electronic check,17,22.49,382.33,0
CUST-7761,Male,42.0,2039-07-07,Two year,Mailed check,40,84.33,3373.2,0
CUST-7762,female,45.0,2039-07-08,1 Year,Credit card,39,53.57,2089.23,0
CUST-7763,Female,,09-Jul-2039,One year,Electronic check,25,92.38,2309.5,0
CUST-7764,female,43.0,10-Jul-2039,Two year,Electronic check,48,32.03,1537.44,0
CUST-7765,female,23.0,INVALID_DATE,Two year,Credit card,49,53.0,2597.0,0
CUST-7766,Male,52.0,07/12/2039,Month-to-month,Bank transfer,33,21.7,716.1,0
CUST-7767,F,34.0,INVALID_DATE,Two year,Electronic check,27,43.51,,0
CUST-7768,female,43.0,2039-07-14,Month-to-month,Mailed check,45,68.33,3074.85,0
CUST-7769,  Male  ,43.0,2039-07-15,1 Year, ,31,37.76,1170.56,0
CUST-7770,female,16.0,INVALID_DATE,1 Year,Mailed check,63,79.97,5038.11,0
CUST-7771,F,50.0,2039-07-17,One year,Credit card,38,31.81,1208.78,0
CUST-7772,Male,31.0,2039-07-18,Month-to-month,Mailed check,40,94.52,3780.7999999999997,0
CUST-7773,F,42.0,19-Jul-2039,Two year,Bank transfer,58,112.17,6505.86,1
CUST-7774,Male,23.0,2039-07-20,Month-to-month,Credit card,65,58.59,3808.3500000000004,0
CUST-7775,Female,34.0,21-Jul-2039,1 Year,Electronic check,11,72.82,801.02,0
CUST-7776,Male,44.0,07/22/2039,1 Year,Credit card,15,68.85,1032.75,0
CUST-7777,Female,27.0,INVALID_DATE,One year,Mailed check,57,98.54,5616.780000000001,0
CUST-7778,Female,28.0,2039-07-24,1 Year,Credit card,25,119.42,Unknown,1
CUST-7779,Male,42.0,25-Jul-2039,Month-to-month,Credit card,39,93.57,3649.2299999999996,0
CUST-7780,  Male  ,,26-Jul-2039,Two year,Credit card,33,41.45,1367.8500000000001,0
CUST-7781,M,44.0,INVALID_DATE,Two year,Credit card,29,89.61,2598.69,0
CUST-7782,Male,36.0,28-Jul-2039,Month-to-month,Bank transfer,58,81.58,4731.64,1
CUST-7783,female,48.0,2039-07-29,One year,Credit card,11,41.01,451.10999999999996,1
CUST-7784,  Male  ,33.0,30-Jul-2039,Two year,Mailed check,13,44.1,573.3000000000001,1
CUST-7785,  Male  ,47.0,31-Jul-2039,Month-to-month,Electronic check,69,85.28,5884.32,0
CUST-7786,female,29.0,08/01/2039,Month-to-month,Bank transfer,21,100.78,2116.38,1
CUST-7787,M,,2039-08-02,1 Year,Credit card,3,96.24,288.71999999999997,0
CUST-7788,  Male  ,49.0,INVALID_DATE,1 Year,Electronic check,26,80.64,2096.64,1
CUST-7789,Female,34.0,04-Aug-2039,One year,Bank transfer,33,113.75,3753.75,0
CUST-7790,M,26.0,05-Aug-2039,One year,Mailed check,22,93.1,,0
CUST-7791,female,61.0,2039-08-06,One year, ,62,74.19,4599.78,1
CUST-7792,M,40.0,2039-08-07,Month-to-month,Electronic check,5,101.62,508.1,0
CUST-7793,Male,46.0,08-Aug-2039,Month-to-month,Credit card,19,49.05,931.9499999999999,0
CUST-7794,M,,2039-08-09,1 Year,Electronic check,9,46.35,417.15000000000003,0
CUST-7795,Female,56.0,INVALID_DATE,Two year,Bank transfer,58,117.15,6794.700000000001,1
CUST-7796,Male,72.0,2039-08-11,One year,Electronic check,24,114.98,2759.52,0
CUST-7797,F,55.0,INVALID_DATE,month-to-month,Electronic check,39,108.05,4213.95,0
CUST-7798,female,57.0,INVALID_DATE,One year,Credit card,61,41.44,2527.8399999999997,0
CUST-7799,female,35.0,2039-08-14,1 Year,Mailed check,48,78.77,3780.96,0
CUST-7800,M,,INVALID_DATE,Month-to-month,Credit card,50,73.51,3675.5000000000005,0
CUST-7801,  Male  ,46.0,2039-08-16,1 Year,Mailed check,62,40.31,2499.2200000000003,0
CUST-7802,Male,,2039-08-17,1 Year,Credit card,53,64.78,3433.34,0
CUST-7803,F,,18-Aug-2039,1 Year,Mailed check,21,66.51,1396.71,1
CUST-7804,Male,,19-Aug-2039,month-to-month,Credit card,38,44.06,1674.2800000000002,0
CUST-7805,female,35.0,08/20/2039,month-to-month,Mailed check,59,115.49,6813.91,0
CUST-7806,Male,50.0,08/21/2039,One year,Mailed check,43,69.27,2978.6099999999997,0
CUST-7807,F,19.0,2039-08-22,Month-to-month,Mailed check,17,72.49,,0
CUST-7808,  Male  ,51.0,INVALID_DATE,1 Year,Mailed check,69,79.86,5510.34,0
CUST-7809,M,21.0,2039-08-24,Two year,Credit card,44,108.7,4782.8,0
CUST-7810,Female,41.0,25-Aug-2039,One year,Bank transfer,63,73.33,4619.79,0
CUST-7811,Male,42.0,08/26/2039,One year,Mailed check,23,74.1,1704.3,0
CUST-7812,Female,47.0,2039-08-27,1 Year,Mailed check,68,44.02,2993.36,0
CUST-7813,female,38.0,INVALID_DATE,One year,Mailed check,26,80.28,2087.28,0
CUST-7814,M,27.0,INVALID_DATE,1 Year,Mailed check,48,58.11,2789.2799999999997,0
CUST-7815,M,42.0,2039-08-30,One year,Mailed check,47,84.68,,0
CUST-7816,Male,66.0,08/31/2039,Month-to-month,Electronic check,46,50.07,2303.22,0
CUST-7817,  Male  ,40.0,09/01/2039,One year, ,29,91.57,,1
CUST-7818,M,29.0,2039-09-02,One year,Mailed check,34,81.89,2784.26,1
CUST-7819,Male,34.0,INVALID_DATE,Two year, ,10,67.45,,1
CUST-7820,Male,42.0,09/04/2039,Month-to-month,Mailed check,20,29.67,593.4000000000001,0
CUST-7821,Female,37.0,09/05/2039,Month-to-month,Bank transfer,34,82.7,,0
CUST-7822,M,35.0,09/06/2039,Month-to-month,Credit card,13,105.93,1377.0900000000001,1
CUST-7823,Male,56.0,07-Sep-2039,One year,Mailed check,10,37.11,371.1,0
CUST-7824,Female,46.0,2039-09-08,month-to-month,Bank transfer,45,28.47,1281.1499999999999,0
CUST-7825,F,39.0,09/09/2039,One year,Bank transfer,8,23.96,191.68,0
CUST-7826,Female,39.0,09/10/2039,1 Year,Mailed check,5,23.18,115.9,0
CUST-7827,Female,42.0,2039-09-11,Two year,Credit card,20,104.21,2084.2,1
CUST-7828,Male,47.0,12-Sep-2039,Month-to-month,Electronic check,44,92.76,4081.44,0
CUST-7829,female,55.0,INVALID_DATE,1 Year,Mailed check,58,40.23,2333.3399999999997,0
CUST-7830,female,35.0,INVALID_DATE,1 Year,Mailed check,20,111.71,2234.2,0
CUST-7831,  Male  ,28.0,2039-09-15,month-to-month,Electronic check,71,33.53,2380.63,0
CUST-7832,female,,09/16/2039,Month-to-month,Credit card,40,57.42,2296.8,0
CUST-7833,Female,29.0,09/17/2039,One year,Electronic check,16,65.21,,0
CUST-7834,  Male  ,22.0,INVALID_DATE,Month-to-month,Mailed check,4,27.59,110.36,0
CUST-7835,Male,57.0,INVALID_DATE,Two year,Mailed check,10,54.75,547.5,0
CUST-7836,M,50.0,2039-09-20,Month-to-month, ,51,30.19,1539.69,0
CUST-7837,Female,13.0,21-Sep-2039,1 Year,Electronic check,48,98.98,4751.04,0
CUST-7838,Female,43.0,2039-09-22,1 Year, ,20,24.68,493.6,0
CUST-7839,  Male  ,35.0,2039-09-23,One year,Bank transfer,32,21.71,694.72,0
CUST-7840,Male,34.0,2039-09-24,One year,Bank transfer,66,93.25,6154.5,1
CUST-7841,F,10.0,25-Sep-2039,One year,Bank transfer,60,98.08,5884.8,0
CUST-7842,Female,40.0,2039-09-26,Two year,Electronic check,11,69.56,765.1600000000001,0
CUST-7843,F,,2039-09-27,Month-to-month,Electronic check,20,51.79,1035.8,0
CUST-7844,F,,2039-09-28,month-to-month,Electronic check,23,43.65,1003.9499999999999,0
CUST-7845,female,59.0,09/29/2039,Month-to-month,Mailed check,35,31.7,,0
CUST-7846,Male,49.0,30-Sep-2039,One year,Credit card,17,68.42,1163.14,0
CUST-7847,F,27.0,10/01/2039,Two year,Bank transfer,10,69.11,691.1,1
CUST-7848,Male,,10/02/2039,Month-to-month,Mailed check,38,65.6,2492.7999999999997,1
CUST-7849,female,34.0,INVALID_DATE,1 Year,Electronic check,32,97.83,3130.56,1
CUST-7850,Male,53.0,2039-10-04,Month-to-month,Electronic check,54,29.98,1618.92,0
CUST-7851,Female,23.0,10/05/2039,1 Year,Mailed check,57,87.0,,0
CUST-7852,F,42.0,2039-10-06,Month-to-month,Bank transfer,25,60.16,1504.0,0
CUST-7853,Male,,2039-10-07,Month-to-month,Electronic check,14,44.09,617.26,0
CUST-7854,M,30.0,2039-10-08,Month-to-month,Bank transfer,45,88.16,3967.2,0
CUST-7855,Male,17.0,10/09/2039,One year,Bank transfer,44,39.77,1749.88,0
CUST-7856,F,25.0,INVALID_DATE,1 Year,Credit card,38,43.09,1637.42,0
CUST-7857,female,25.0,11-Oct-2039,Two year,Electronic check,36,119.85,4314.599999999999,0
CUST-7858,female,24.0,INVALID_DATE,month-to-month,Mailed check,39,108.87,4245.93,1
CUST-7859,F,42.0,2039-10-13,1 Year,Credit card,39,89.71,3498.6899999999996,0
CUST-7860,Female,19.0,INVALID_DATE,One year,Bank transfer,13,51.58,670.54,0
CUST-7861,Female,44.0,INVALID_DATE,1 Year,Mailed check,66,73.67,4862.22,0
CUST-7862,female,52.0,INVALID_DATE,Two year, ,34,32.66,1110.4399999999998,0
CUST-7863,female,29.0,17-Oct-2039,1 Year,Credit card,15,53.4,801.0,0
CUST-7864,F,39.0,INVALID_DATE,One year,Credit card,58,26.8,,0
CUST-7865,Female,,19-Oct-2039,One year,Bank transfer,59,81.03,4780.77,0
CUST-7866,female,35.0,10/20/2039,month-to-month,Bank transfer,66,105.75,6979.5,1
CUST-7867,Female,9.0,INVALID_DATE,Two year,Electronic check,52,100.96,5249.92,0
CUST-7868,female,26.0,2039-10-22,month-to-month,Credit card,69,105.61,7287.09,0
CUST-7869,Male,58.0,10/23/2039,Month-to-month,Mailed check,5,37.46,,0
CUST-7870,M,44.0,24-Oct-2039,One year,Bank transfer,43,85.01,3655.4300000000003,0
CUST-7871,  Male  ,-5.0,25-Oct-2039,month-to-month,Credit card,8,115.67,925.36,1
CUST-7872,Male,16.0,INVALID_DATE,One year,Mailed check,63,98.33,,0
CUST-7873,  Male  ,47.0,27-Oct-2039,One year,Bank transfer,68,20.34,1383.12,0
CUST-7874,female,29.0,INVALID_DATE,Month-to-month,Mailed check,35,108.23,3788.05,0
CUST-7875,M,,2039-10-29,One year,Mailed check,71,90.58,,0
CUST-7876,M,26.0,2039-10-30,month-to-month,Electronic check,32,32.21,1030.72,1
CUST-7877,female,46.0,10/31/2039,Two year,Bank transfer,24,51.38,1233.1200000000001,0
CUST-7878,female,39.0,01-Nov-2039,1 Year,Bank transfer,50,31.75,1587.5,0
CUST-7879,Female,50.0,2039-11-02,month-to-month,Bank transfer,59,92.98,5485.820000000001,0
CUST-7880,female,54.0,03-Nov-2039,Month-to-month, ,65,20.35,1322.75,0
CUST-7881,F,31.0,2039-11-04,1 Year,Electronic check,38,66.45,2525.1,0
CUST-7882,female,39.0,11/05/2039,One year,Electronic check,38,119.98,4559.24,1
CUST-7883,F,36.0,INVALID_DATE,month-to-month,Credit card,21,105.11,2207.31,1
CUST-7884,female,24.0,INVALID_DATE,1 Year,Bank transfer,23,78.72,1810.56,1
CUST-7885,Female,25.0,08-Nov-2039,month-to-month,Mailed check,46,89.39,4111.94,1
CUST-7886,F,38.0,2039-11-09,One year,Electronic check,69,80.36,5544.84,0
CUST-7887,Male,39.0,11/10/2039,month-to-month,Mailed check,30,101.08,3032.4,0
CUST-7888,F,,11/11/2039,Month-to-month,Mailed check,40,108.6,4344.0,1
CUST-7889,Female,39.0,INVALID_DATE,1 Year,Mailed check,70,96.66,6766.2,0
CUST-7890,  Male  ,30.0,2039-11-13,1 Year,Credit card,69,38.2,2635.8,0
CUST-7891,F,65.0,11/14/2039,1 Year,Credit card,42,57.25,2404.5,0
CUST-7892,female,43.0,2039-11-15,month-to-month,Bank transfer,18,98.44,,1
CUST-7893,female,,16-Nov-2039,One year, ,59,102.32,6036.879999999999,0
CUST-7894,  Male  ,45.0,11/17/2039,month-to-month,Bank transfer,13,82.88,1077.44,1
CUST-7895,Female,30.0,18-Nov-2039,month-to-month,Credit card,21,91.41,1919.61,1
CUST-7896,M,40.0,INVALID_DATE,1 Year,Credit card,68,37.45,2546.6000000000004,0
CUST-7897,female,45.0,INVALID_DATE,One year,Mailed check,61,57.27,3493.4700000000003,0
CUST-7898,Male,47.0,2039-11-21,Two year,Bank transfer,38,73.46,,1
CUST-7899,Female,,22-Nov-2039,One year,Mailed check,40,118.37,4734.8,0
CUST-7900,F,76.0,INVALID_DATE,month-to-month,Credit card,27,99.92,2697.84,0
CUST-7901,F,54.0,INVALID_DATE,Month-to-month,Bank transfer,58,39.26,2277.08,0
CUST-7902,Male,64.0,11/25/2039,One year,Bank transfer,66,55.24,3645.84,0
CUST-7903,female,37.0,11/26/2039,1 Year,Electronic check,43,41.69,,0
CUST-7904,Female,43.0,11/27/2039,Month-to-month,Credit card,20,35.23,704.5999999999999,0
CUST-7905,Male,40.0,11/28/2039,Two year,Credit card,35,32.0,,0
CUST-7906,female,33.0,2039-11-29,Two year,Electronic check,55,116.57,6411.349999999999,0
CUST-7907,Female,49.0,30-Nov-2039,Month-to-month,Credit card,40,110.66,4426.4,1
CUST-7908,F,29.0,2039-12-01,Two year,Mailed check,46,68.32,3142.72,0
CUST-7909,Female,48.0,12/02/2039,Month-to-month,Mailed check,42,74.85,3143.7,0
CUST-7910,  Male  ,,03-Dec-2039,month-to-month,Mailed check,18,103.86,1869.48,1
CUST-7911,M,45.0,INVALID_DATE,Month-to-month,Bank transfer,15,84.88,1273.1999999999998,0
CUST-7912,Female,58.0,12/05/2039,month-to-month,Mailed check,66,93.27,6155.82,0
CUST-7913,M,38.0,06-Dec-2039,1 Year,Credit card,13,99.11,1288.43,0
CUST-7914,Female,49.0,07-Dec-2039,1 Year,Electronic check,57,68.3,3893.1,0
CUST-7915,M,34.0,12/08/2039,Two year,Mailed check,9,117.48,,0
CUST-7916,  Male  ,26.0,2039-12-09,Month-to-month,Mailed check,66,82.84,5467.4400000000005,0
CUST-7917,F,60.0,12/10/2039,month-to-month,Bank transfer,16,83.35,1333.6,1
CUST-7918,female,49.0,11-Dec-2039,1 Year,Credit card,2,34.1,68.2,0
CUST-7919,M,38.0,2039-12-12,1 Year,Electronic check,16,118.77,1900.32,1
CUST-7920,  Male  ,48.0,2039-12-13,1 Year, ,1,27.08,27.08,1
CUST-7921,M,28.0,2039-12-14,Two year,Mailed check,26,118.56,3082.56,1
CUST-7922,F,45.0,2039-12-15,1 Year,Credit card,44,111.06,4886.64,0
CUST-7923,M,43.0,16-Dec-2039,One year,Electronic check,5,105.64,528.2,1
CUST-7924,  Male  ,48.0,17-Dec-2039,Two year,Mailed check,21,87.36,1834.56,1
CUST-7925,  Male  ,60.0,12/18/2039,Month-to-month,Credit card,35,80.89,2831.15,0
CUST-7926,Male,57.0,19-Dec-2039,One year,Electronic check,54,119.66,6461.639999999999,1
CUST-7927,F,23.0,12/20/2039,Two year,Mailed check,50,117.4,5870.0,0
CUST-7928,Male,16.0,INVALID_DATE,Two year,Mailed check,44,101.18,4451.92,1
CUST-7929,F,43.0,22-Dec-2039,month-to-month,Credit card,4,28.69,,0
CUST-7930,M,42.0,12/23/2039,One year,Bank transfer,42,57.22,2403.24,0
CUST-7931,  Male  ,26.0,2039-12-24,One year,Bank transfer,41,106.59,4370.1900000000005,1
CUST-7932,Male,28.0,2039-12-25,One year,Electronic check,36,90.25,3249.0,0
CUST-7933,M,31.0,26-Dec-2039,1 Year,Credit card,24,32.2,772.8000000000001,0
CUST-7934,  Male  ,56.0,INVALID_DATE,1 Year,Electronic check,5,54.82,274.1,0
CUST-7935,F,34.0,2039-12-28,Month-to-month,Credit card,57,21.94,1250.5800000000002,0
CUST-7936,  Male  ,22.0,12/29/2039,Month-to-month,Electronic check,67,109.28,7321.76,0
CUST-7937,M,39.0,12/30/2039,Month-to-month,Electronic check,11,94.7,1041.7,1
CUST-7938,Male,40.0,2039-12-31,1 Year,Credit card,45,63.59,2861.55,0
CUST-7939,Male,28.0,2040-01-01,month-to-month,Bank transfer,22,96.04,2112.88,1
CUST-7940,  Male  ,47.0,2040-01-02,Month-to-month,Electronic check,11,113.34,1246.74,1
CUST-7941,M,54.0,INVALID_DATE,Two year,Credit card,38,47.99,,0
CUST-7942,Female,36.0,INVALID_DATE,1 Year,Credit card,59,48.58,,0
CUST-7943,F,22.0,05-Jan-2040,month-to-month,Credit card,4,68.27,273.08,1
CUST-7944,F,37.0,01/06/2040,Two year,Mailed check,67,90.69,,0
CUST-7945,M,44.0,07-Jan-2040,Two year,Credit card,10,119.3,1193.0,0
CUST-7946,Female,14.0,08-Jan-2040,1 Year,Credit card,19,36.29,689.51,0
CUST-7947,Male,46.0,01/09/2040,One year, ,28,54.21,1517.88,1
CUST-7948,female,36.0,01/10/2040,month-to-month,Mailed check,17,56.34,957.7800000000001,0
CUST-7949,female,41.0,01/11/2040,1 Year,Bank transfer,24,92.58,2221.92,0
CUST-7950,M,37.0,12-Jan-2040,One year,Credit card,1,108.66,108.66,1
CUST-7951,Female,,INVALID_DATE,1 Year,Electronic check,5,38.38,191.9,1
CUST-7952,Female,39.0,01/14/2040,1 Year,Mailed check,32,91.37,,0
CUST-7953,F,34.0,2040-01-15,Two year,Mailed check,53,110.96,5880.88,1
CUST-7954,Male,36.0,INVALID_DATE,1 Year,Bank transfer,57,32.13,1831.41,0
CUST-7955,  Male  ,29.0,INVALID_DATE,One year,Bank transfer,43,83.51,3590.9300000000003,0
CUST-7956,Female,46.0,INVALID_DATE,Two year,Bank transfer,39,40.24,1569.3600000000001,0
CUST-7957,  Male  ,55.0,INVALID_DATE,One year,Credit card,34,64.11,,1
CUST-7958,female,30.0,01/20/2040,One year,Credit card,5,32.68,163.4,0
CUST-7959,  Male  ,39.0,21-Jan-2040,Two year,Credit card,18,88.36,1590.48,1
CUST-7960,Male,27.0,2040-01-22,One year,Mailed check,4,60.14,240.56,0
CUST-7961,Male,45.0,2040-01-23,Month-to-month,Bank transfer,70,76.73,5371.1,0
CUST-7962,  Male  ,43.0,24-Jan-2040,1 Year,Mailed check,11,72.35,795.8499999999999,1
CUST-7963,M,33.0,25-Jan-2040,Two year,Electronic check,47,89.4,,0
CUST-7964,Female,39.0,INVALID_DATE,Two year,Credit card,31,109.56,3396.36,0
CUST-7965,M,50.0,01/27/2040,Month-to-month,Mailed check,13,47.97,623.61,0
CUST-7966,  Male  ,21.0,2040-01-28,Month-to-month,Electronic check,23,79.52,1828.9599999999998,0
CUST-7967,Female,24.0,INVALID_DATE,Month-to-month,Mailed check,65,77.38,5029.7,0
CUST-7968,F,47.0,INVALID_DATE,Month-to-month,Electronic check,68,51.51,3502.68,0
CUST-7969,M,41.0,01/31/2040,month-to-month,Mailed check,30,69.96,2098.7999999999997,0
CUST-7970,M,39.0,2040-02-01,Two year,Mailed check,31,24.05,745.5500000000001,1
CUST-7971,  Male  ,51.0,02-Feb-2040,One year,Credit card,47,62.69,2946.43,0
CUST-7972,female,48.0,INVALID_DATE,Two year,Mailed check,16,47.05,752.8,0
CUST-7973,  Male  ,61.0,2040-02-04,Two year,Mailed check,43,106.4,4575.2,0
CUST-7974,M,51.0,2040-02-05,Two year,Bank transfer,3,55.78,167.34,1
CUST-7975,Female,46.0,INVALID_DATE,Month-to-month,Mailed check,12,39.22,470.64,0
CUST-7976,female,39.0,2040-02-07,Month-to-month,Credit card,11,72.97,802.67,1
CUST-7977,  Male  ,38.0,02/08/2040,month-to-month,Mailed check,16,101.1,1617.6,0
CUST-7978,  Male  ,40.0,2040-02-09,Two year,Credit card,29,55.4,1606.6,0
CUST-7979,M,43.0,02/10/2040,1 Year,Bank transfer,21,104.68,2198.28,0
CUST-7980,M,26.0,INVALID_DATE,month-to-month,Credit card,58,52.61,3051.38,0
CUST-7981,F,43.0,2040-02-12,Month-to-month,Bank transfer,43,93.56,4023.08,0
CUST-7982,  Male  ,37.0,02/13/2040,Two year,Bank transfer,5,31.53,157.65,0
CUST-7983,M,44.0,02/14/2040,Month-to-month,Bank transfer,52,26.22,,0
CUST-7984,Male,33.0,2040-02-15,One year,Bank transfer,13,93.76,1218.88,1
CUST-7985,female,32.0,INVALID_DATE,Month-to-month,Bank transfer,12,56.84,682.08,0
CUST-7986,Male,43.0,17-Feb-2040,Month-to-month,Credit card,1,59.3,59.3,0
CUST-7987,female,46.0,18-Feb-2040,month-to-month,Bank transfer,8,77.42,619.36,0
CUST-7988,  Male  ,33.0,2040-02-19,One year,Bank transfer,16,118.69,1899.04,0
CUST-7989,F,56.0,2040-02-20,1 Year,Bank transfer,15,37.15,557.25,0
CUST-7990,M,56.0,21-Feb-2040,1 Year,Bank transfer,19,49.99,949.8100000000001,0
CUST-7991,M,21.0,INVALID_DATE,1 Year,Bank transfer,25,84.87,2121.75,0
CUST-7992,M,31.0,02/23/2040,Two year,Electronic check,31,90.1,2793.1,1
CUST-7993,  Male  ,41.0,24-Feb-2040,1 Year,Mailed check,2,90.61,181.22,0
CUST-7994,female,44.0,INVALID_DATE,Two year,Mailed check,59,79.54,4692.860000000001,0
CUST-7995,M,66.0,26-Feb-2040,Month-to-month,Bank transfer,31,78.83,2443.73,0
CUST-7996,Male,42.0,INVALID_DATE,1 Year,Bank transfer,68,34.81,2367.08,0
CUST-7997,M,39.0,28-Feb-2040,month-to-month,Electronic check,68,103.46,7035.28,0
CUST-7998,  Male  ,26.0,INVALID_DATE,One year,Bank transfer,12,20.89,250.68,0
CUST-7999,F,21.0,INVALID_DATE,One year,Electronic check,17,61.76,1049.92,1
CUST-8000,Male,38.0,INVALID_DATE,Month-to-month,Mailed check,29,41.54,1204.66,0
CUST-8001,M,65.0,03/03/2040,One year,Credit card,36,30.43,1095.48,0
CUST-8002,M,37.0,INVALID_DATE,One year,Mailed check,63,51.95,3272.8500000000004,0
CUST-8003,Female,,05-Mar-2040,Month-to-month,Credit card,15,85.72,1285.8,0
CUST-8004,female,45.0,INVALID_DATE,Month-to-month,Credit card,30,69.71,2091.2999999999997,0
CUST-8005,Male,,INVALID_DATE,Month-to-month,Credit card,51,107.35,5474.849999999999,0
CUST-8006,Female,41.0,2040-03-08,month-to-month,Bank transfer,11,79.97,879.67,1
CUST-8007,F,50.0,INVALID_DATE,Month-to-month,Electronic check,57,45.31,2582.67,0
CUST-8008,female,29.0,INVALID_DATE,Month-to-month,Credit card,13,71.52,929.76,0
CUST-8009,Male,56.0,2040-03-11,Month-to-month,Electronic check,55,42.74,2350.7000000000003,0
CUST-8010,M,48.0,03/12/2040,1 Year,Mailed check,63,37.87,2385.81,0
CUST-8011,Male,57.0,INVALID_DATE,1 Year,Credit card,2,115.5,231.0,1
CUST-8012,M,23.0,2040-03-14,month-to-month,Mailed check,56,66.8,3740.7999999999997,0
CUST-8013,female,38.0,INVALID_DATE,month-to-month, ,7,85.12,595.84,0
CUST-8014,M,51.0,03/16/2040,One year, ,43,107.34,4615.62,0
CUST-8015,F,22.0,17-Mar-2040,1 Year,Mailed check,31,52.22,1618.82,0
CUST-8016,  Male  ,51.0,INVALID_DATE,month-to-month,Electronic check,61,98.9,6032.900000000001,0
CUST-8017,M,38.0,19-Mar-2040,month-to-month,Mailed check,22,98.88,2175.3599999999997,1
CUST-8018,F,51.0,2040-03-20,One year, ,62,102.4,6348.8,0
CUST-8019,  Male  ,43.0,INVALID_DATE,Month-to-month,Bank transfer,28,38.95,1090.6000000000001,0
CUST-8020,female,57.0,2040-03-22,Two year,Mailed check,25,116.28,2907.0,0
CUST-8021,female,24.0,23-Mar-2040,One year,Credit card,65,47.48,3086.2,0
CUST-8022,Male,44.0,INVALID_DATE,Two year,Credit card,32,97.68,3125.76,1
CUST-8023,F,22.0,25-Mar-2040,One year,Credit card,48,36.23,1739.04,0
CUST-8024,F,45.0,2040-03-26,One year,Electronic check,24,112.42,2698.08,0
CUST-8025,Female,44.0,03/27/2040,Month-to-month,Mailed check,42,62.78,2636.76,0
CUST-8026,Female,37.0,03/28/2040,month-to-month,Electronic check,70,86.87,6080.900000000001,0
CUST-8027,  Male  ,31.0,03/29/2040,1 Year,Credit card,36,105.02,3780.72,0
CUST-8028,  Male  ,36.0,2040-03-30,One year,Bank transfer,31,48.24,1495.44,0
CUST-8029,Female,41.0,03/31/2040,Month-to-month,Credit card,27,58.9,1590.3,0
CUST-8030,  Male  ,43.0,INVALID_DATE,Two year,Credit card,66,51.34,3388.44,0
CUST-8031,M,63.0,04/02/2040,month-to-month,Credit card,45,48.29,2173.05,0
CUST-8032,Female,50.0,03-Apr-2040,One year,Bank transfer,44,71.03,3125.32,0
CUST-8033,F,33.0,INVALID_DATE,Two year,Bank transfer,57,74.67,4256.1900000000005,0
CUST-8034,M,47.0,05-Apr-2040,One year,Mailed check,21,27.68,581.28,0
CUST-8035,  Male  ,51.0,06-Apr-2040,1 Year,Bank transfer,55,87.33,,0
CUST-8036,female,32.0,07-Apr-2040,1 Year,Mailed check,15,62.0,930.0,0
CUST-8037,Male,48.0,08-Apr-2040,month-to-month,Bank transfer,34,108.95,3704.3,0
CUST-8038,Female,22.0,INVALID_DATE,Two year, ,3,108.55,325.65,1
CUST-8039,female,32.0,2040-04-10,1 Year,Credit card,1,92.01,92.01,1
CUST-8040,  Male  ,23.0,INVALID_DATE,Month-to-month,Bank transfer,24,105.38,2529.12,0
CUST-8041,F,37.0,04/12/2040,month-to-month,Electronic check,43,112.25,4826.75,1
CUST-8042,Male,34.0,04/13/2040,One year,Electronic check,27,77.73,2098.71,1
CUST-8043,female,35.0,2040-04-14,Two year,Mailed check,9,117.19,1054.71,0
CUST-8044,Male,50.0,04/15/2040,Two year,Bank transfer,17,115.54,1964.18,1
CUST-8045,Female,41.0,INVALID_DATE,Month-to-month,Bank transfer,39,30.99,1208.61,0
CUST-8046,  Male  ,50.0,04/17/2040,1 Year,Electronic check,55,72.28,3975.4,0
CUST-8047,F,60.0,04/18/2040,Two year,Bank transfer,68,31.45,2138.6,0
CUST-8048,  Male  ,65.0,19-Apr-2040,Month-to-month,Bank transfer,45,88.41,3978.45,1
CUST-8049,Male,38.0,INVALID_DATE,Month-to-month,Mailed check,28,96.53,2702.84,0
CUST-8050,female,46.0,21-Apr-2040,One year,Credit card,56,108.47,6074.32,0
CUST-8051,Female,38.0,2040-04-22,Month-to-month,Electronic check,29,85.0,2465.0,0
CUST-8052,Female,52.0,INVALID_DATE,month-to-month,Credit card,29,65.4,1896.6000000000001,0
CUST-8053,  Male  ,50.0,24-Apr-2040,Two year,Bank transfer,69,35.59,2455.71,0
CUST-8054,female,,INVALID_DATE,month-to-month,Bank transfer,11,32.51,357.60999999999996,0
CUST-8055,female,34.0,04/26/2040,Month-to-month,Mailed check,2,68.57,137.14,0
CUST-8056,Male,57.0,2040-04-27,Month-to-month,Credit card,68,103.25,7021.0,0
CUST-8057,  Male  ,33.0,04/28/2040,month-to-month,Credit card,10,95.07,950.6999999999999,1
CUST-8058,  Male  ,39.0,04/29/2040,One year,Mailed check,27,108.08,2918.16,0
CUST-8059,M,48.0,INVALID_DATE,Month-to-month,Credit card,35,101.1,3538.5,1
CUST-8060,  Male  ,38.0,2040-05-01,month-to-month,Mailed check,50,40.55,2027.4999999999998,0
CUST-8061,Female,58.0,INVALID_DATE,month-to-month,Mailed check,2,40.03,80.06,0
CUST-8062,Male,52.0,05/03/2040,Two year,Bank transfer,17,65.8,1118.6,0
CUST-8063,female,29.0,2040-05-04,One year,Bank transfer,24,39.12,938.8799999999999,0
CUST-8064,  Male  ,33.0,2040-05-05,1 Year,Bank transfer,57,38.75,2208.75,0
CUST-8065,Male,47.0,05/06/2040,month-to-month,Mailed check,71,46.78,3321.38,0
CUST-8066,  Male  ,39.0,INVALID_DATE,Two year,Bank transfer,16,22.26,356.16,0
CUST-8067,female,17.0,05/08/2040,1 Year,Electronic check,36,77.13,2776.68,0
CUST-8068,F,28.0,05/09/2040,Two year,Electronic check,45,59.66,,0
CUST-8069,female,43.0,05/10/2040,Two year,Bank transfer,10,43.74,437.40000000000003,0
CUST-8070,female,51.0,INVALID_DATE,One year,Mailed check,63,33.42,2105.46,0
CUST-8071,female,,2040-05-12,Month-to-month,Electronic check,43,65.59,2820.3700000000003,1
CUST-8072,  Male  ,64.0,13-May-2040,One year,Bank transfer,51,80.2,4090.2000000000003,1
CUST-8073,M,32.0,05/14/2040,1 Year,Electronic check,3,117.33,351.99,1
CUST-8074,female,32.0,2040-05-15,One year,Electronic check,66,45.38,2995.0800000000004,0
CUST-8075,Female,40.0,16-May-2040,Month-to-month,Electronic check,35,22.63,792.05,0
CUST-8076,Female,20.0,2040-05-17,One year, ,69,93.6,6458.4,0
CUST-8077,Male,40.0,INVALID_DATE,One year,Electronic check,36,43.52,1566.72,0
CUST-8078,M,38.0,19-May-2040,One year,Bank transfer,49,68.43,3353.07,0
CUST-8079,Male,50.0,20-May-2040,month-to-month,Electronic check,1,100.82,100.82,1
CUST-8080,Female,52.0,21-May-2040,month-to-month,Bank transfer,42,23.7,995.4,0
CUST-8081,Female,44.0,05/22/2040,One year,Electronic check,41,34.15,1400.1499999999999,0
CUST-8082,F,40.0,23-May-2040,Month-to-month,Electronic check,57,29.82,1699.74,0
CUST-8083,female,44.0,INVALID_DATE,Month-to-month, ,20,43.37,867.4,0
CUST-8084,Female,30.0,INVALID_DATE,Month-to-month,Electronic check,14,37.3,522.1999999999999,1
CUST-8085,  Male  ,39.0,26-May-2040,Month-to-month,Bank transfer,52,51.66,2686.3199999999997,0
CUST-8086,  Male  ,,2040-05-27,Two year,Credit card,54,94.63,5110.0199999999995,0
CUST-8087,Male,,05/28/2040,One year,Credit card,49,24.23,1187.27,0
CUST-8088,Male,38.0,2040-05-29,One year,Electronic check,30,27.38,821.4,0
CUST-8089,female,33.0,05/30/2040,Two year,Electronic check,3,76.43,229.29000000000002,0
CUST-8090,female,28.0,05/31/2040,Month-to-month,Mailed check,12,72.03,864.36,0
CUST-8091,F,38.0,INVALID_DATE,1 Year,Electronic check,31,67.41,2089.71,0
CUST-8092,M,47.0,06/02/2040,1 Year,Mailed check,37,71.59,2648.83,0
CUST-8093,Male,19.0,03-Jun-2040,Two year,Bank transfer,27,94.2,2543.4,0
CUST-8094,female,34.0,06/04/2040,1 Year,Electronic check,24,77.61,1862.6399999999999,0
CUST-8095,Male,65.0,INVALID_DATE,month-to-month,Electronic check,41,65.7,2693.7000000000003,0
CUST-8096,female,38.0,INVALID_DATE,One year,Mailed check,64,28.18,1803.52,0
CUST-8097,Female,42.0,06/07/2040,1 Year,Mailed check,11,117.48,1292.28,1
CUST-8098,Male,62.0,06/08/2040,month-to-month,Credit card,16,43.93,702.88,0
CUST-8099,Female,44.0,06/09/2040,One year,Credit card,14,106.92,1496.88,1
CUST-8100,Male,44.0,2040-06-10,month-to-month,Electronic check,47,57.9,,1
CUST-8101,M,29.0,11-Jun-2040,One year,Bank transfer,30,88.39,2651.7,1
CUST-8102,F,44.0,06/12/2040,One year,Credit card,24,65.41,1569.84,0
CUST-8103,  Male  ,40.0,13-Jun-2040,1 Year,Credit card,13,55.42,720.46,0
CUST-8104,  Male  ,51.0,INVALID_DATE,Two year,Credit card,9,81.43,732.8700000000001,1
CUST-8105,  Male  ,55.0,15-Jun-2040,1 Year,Mailed check,49,73.61,3606.89,0
CUST-8106,Female,40.0,06/16/2040,Month-to-month,Electronic check,26,43.24,1124.24,0
CUST-8107,female,45.0,INVALID_DATE,month-to-month,Mailed check,49,53.62,2627.3799999999997,0
CUST-8108,  Male  ,17.0,06/18/2040,Month-to-month,Bank transfer,42,23.44,984.48,0
CUST-8109,M,13.0,19-Jun-2040,One year,Mailed check,45,39.36,1771.2,0
CUST-8110,  Male  ,53.0,20-Jun-2040,1 Year,Electronic check,21,53.58,1125.18,0
CUST-8111,Male,10.0,2040-06-21,Month-to-month,Mailed check,29,117.21,3399.0899999999997,0
CUST-8112,Female,44.0,22-Jun-2040,Month-to-month,Bank transfer,24,72.71,1745.04,1
CUST-8113,Male,38.0,INVALID_DATE,Month-to-month,Electronic check,42,90.08,3783.36,1
CUST-8114,Male,55.0,06/24/2040,One year,Electronic check,71,87.36,6202.56,0
CUST-8115,Male,40.0,25-Jun-2040,One year,Electronic check,41,118.09,4841.6900000000005,1
CUST-8116,F,62.0,06/26/2040,One year,Electronic check,48,75.57,,0
CUST-8117,F,38.0,2040-06-27,Month-to-month,Bank transfer,43,78.55,3377.65,0
CUST-8118,female,54.0,06/28/2040,month-to-month,Electronic check,8,50.01,400.08,0
CUST-8119,Female,22.0,06/29/2040,1 Year,Bank transfer,63,82.61,,0
CUST-8120,M,12.0,30-Jun-2040,1 Year, ,63,95.77,6033.509999999999,0
CUST-8121,M,40.0,01-Jul-2040,One year,Mailed check,6,30.33,,0
CUST-8122,M,23.0,07/02/2040,Month-to-month,Mailed check,52,68.01,3536.5200000000004,0
CUST-8123,Male,39.0,2040-07-03,month-to-month,Electronic check,21,62.19,1305.99,0
CUST-8124,F,35.0,INVALID_DATE,Two year,Credit card,14,31.36,439.03999999999996,0
CUST-8125,Female,47.0,INVALID_DATE,One year,Credit card,58,54.13,3139.54,0
CUST-8126,Male,27.0,INVALID_DATE,Two year,Electronic check,25,73.52,1838.0,0
CUST-8127,F,45.0,INVALID_DATE,1 Year,Bank transfer,56,84.99,4759.44,0
CUST-8128,F,50.0,07/08/2040,1 Year,Mailed check,9,48.89,,0
CUST-8129,  Male  ,38.0,07/09/2040,month-to-month,Electronic check,36,67.63,2434.68,0
CUST-8130,  Male  ,46.0,07/10/2040,month-to-month,Electronic check,57,93.41,5324.37,0
CUST-8131,Female,28.0,07/11/2040,Two year,Bank transfer,5,62.22,311.1,0
CUST-8132,Female,35.0,2040-07-12,1 Year,Mailed check,7,114.08,798.56,1
CUST-8133,Female,24.0,07/13/2040,month-to-month,Credit card,6,23.07,138.42000000000002,0
CUST-8134,Male,68.0,07/14/2040,month-to-month,Credit card,52,46.02,2393.04,0
CUST-8135,female,55.0,07/15/2040,1 Year,Electronic check,70,33.34,2333.8,0
CUST-8136,Female,60.0,16-Jul-2040,1 Year,Electronic check,55,74.13,4077.1499999999996,0
CUST-8137,  Male  ,55.0,INVALID_DATE,Month-to-month,Electronic check,14,37.74,528.36,0
CUST-8138,female,32.0,18-Jul-2040,month-to-month,Electronic check,1,94.18,94.18,0
CUST-8139,Male,22.0,2040-07-19,Two year,Electronic check,37,111.84,4138.08,0
CUST-8140,female,35.0,2040-07-20,One year,Credit card,49,40.72,1995.28,1
CUST-8141,M,46.0,INVALID_DATE,One year,Electronic check,12,110.68,1328.16,1
CUST-8142,female,37.0,INVALID_DATE,1 Year,Mailed check,5,83.18,415.90000000000003,1
CUST-8143,Female,,07/23/2040,Two year,Bank transfer,70,39.62,2773.3999999999996,0
CUST-8144,Male,49.0,INVALID_DATE,Month-to-month,Credit card,11,93.65,1030.15,1
CUST-8145,Female,,2040-07-25,month-to-month,Bank transfer,53,29.09,1541.77,0
CUST-8146,  Male  ,35.0,07/26/2040,Month-to-month,Bank transfer,55,89.21,4906.549999999999,1
CUST-8147,M,61.0,2040-07-27,Two year,Electronic check,50,106.13,5306.5,0
CUST-8148,  Male  ,41.0,28-Jul-2040,Month-to-month,Bank transfer,53,115.04,6097.12,1
CUST-8149,Female,53.0,07/29/2040,1 Year,Mailed check,55,25.45,,0
CUST-8150,Female,44.0,07/30/2040,One year, ,3,26.19,78.57000000000001,0
CUST-8151,Female,28.0,31-Jul-2040,1 Year,Credit card,16,113.04,1808.64,0
CUST-8152,F,49.0,2040-08-01,month-to-month,Mailed check,45,98.96,4453.2,0
CUST-8153,M,39.0,INVALID_DATE,1 Year,Credit card,36,97.43,3507.4800000000005,0
CUST-8154,Female,22.0,08/03/2040,Two year,Electronic check,19,94.26,1790.94,1
CUST-8155,Female,20.0,INVALID_DATE,Two year,Electronic check,4,91.73,366.92,1
CUST-8156,  Male  ,45.0,05-Aug-2040,month-to-month,Credit card,59,81.32,4797.879999999999,0
CUST-8157,  Male  ,66.0,2040-08-06,month-to-month,Bank transfer,12,101.27,1215.24,0
CUST-8158,Female,27.0,2040-08-07,One year,Credit card,63,23.42,1475.46,0
CUST-8159,Male,,2040-08-08,Month-to-month,Mailed check,56,94.03,5265.68,0
CUST-8160,F,45.0,INVALID_DATE,One year,Bank transfer,27,78.29,2113.8300000000004,0
CUST-8161,  Male  ,24.0,INVALID_DATE,1 Year,Electronic check,68,110.75,7531.0,0
CUST-8162,Male,68.0,INVALID_DATE,Month-to-month,Mailed check,24,113.64,,1
CUST-8163,F,30.0,INVALID_DATE,month-to-month,Mailed check,26,44.13,1147.38,0
CUST-8164,Female,34.0,08/13/2040,Two year,Electronic check,22,98.95,2176.9,1
CUST-8165,M,,INVALID_DATE,1 Year,Bank transfer,70,115.7,8099.0,0
CUST-8166,female,51.0,15-Aug-2040,One year,Electronic check,19,46.66,886.54,0
CUST-8167,female,66.0,08/16/2040,month-to-month,Mailed check,34,105.11,,0
CUST-8168,Female,32.0,2040-08-17,Month-to-month,Mailed check,11,78.65,865.1500000000001,0
CUST-8169,  Male  ,50.0,INVALID_DATE,Month-to-month,Mailed check,45,59.5,2677.5,0
CUST-8170,Male,24.0,INVALID_DATE,Two year,Electronic check,37,102.36,Unknown,1
CUST-8171,M,52.0,08/20/2040,month-to-month,Credit card,23,107.03,2461.69,0
CUST-8172,F,61.0,2040-08-21,month-to-month,Mailed check,40,48.26,1930.3999999999999,0
CUST-8173,Female,57.0,2040-08-22,1 Year,Mailed check,43,99.45,4276.35,1
CUST-8174,M,42.0,23-Aug-2040,1 Year,Bank transfer,4,24.97,99.88,1
CUST-8175,M,28.0,08/24/2040,Month-to-month,Credit card,15,61.77,,0
CUST-8176,  Male  ,40.0,25-Aug-2040,One year,Bank transfer,23,26.98,620.54,0
CUST-8177,F,36.0,08/26/2040,Month-to-month,Mailed check,12,49.38,592.5600000000001,0
CUST-8178,M,35.0,08/27/2040,1 Year,Credit card,68,115.04,7822.72,0
CUST-8179,  Male  ,42.0,08/28/2040,1 Year,Bank transfer,68,93.47,6355.96,0
CUST-8180,Male,39.0,2040-08-29,1 Year,Electronic check,52,95.56,4969.12,0
CUST-8181,  Male  ,48.0,30-Aug-2040,Month-to-month,Bank transfer,41,33.45,1371.45,0
CUST-8182,Male,49.0,31-Aug-2040,month-to-month,Credit card,59,77.87,4594.33,0
CUST-8183,Male,39.0,INVALID_DATE,One year,Bank transfer,58,58.88,3415.04,0
CUST-8184,M,45.0,02-Sep-2040,One year,Credit card,59,93.42,,0
CUST-8185,  Male  ,56.0,INVALID_DATE,1 Year,Credit card,23,35.71,821.33,0
CUST-8186,Male,34.0,INVALID_DATE,Two year,Bank transfer,1,48.19,48.19,0
CUST-8187,F,,2040-09-05,Month-to-month,Bank transfer,56,109.86,6152.16,0
CUST-8188,M,28.0,INVALID_DATE,month-to-month,Electronic check,4,36.98,147.92,1
CUST-8189,  Male  ,46.0,09/07/2040,1 Year,Bank transfer,29,83.24,2413.96,0
CUST-8190,  Male  ,42.0,09/08/2040,Two year,Credit card,17,51.52,875.84,0
CUST-8191,female,46.0,2040-09-09,1 Year,Mailed check,49,28.19,1381.3100000000002,0
CUST-8192,  Male  ,28.0,09/10/2040,Two year,Bank transfer,51,42.37,2160.87,0
CUST-8193,M,49.0,09/11/2040,One year,Bank transfer,49,106.94,,1
CUST-8194,F,41.0,12-Sep-2040,Two year,Credit card,24,111.05,2665.2,1
CUST-8195,  Male  ,52.0,2040-09-13,One year,Mailed check,44,61.98,2727.12,0
CUST-8196,female,35.0,09/14/2040,One year,Electronic check,41,82.09,3365.69,0
CUST-8197,M,48.0,2040-09-15,Month-to-month,Mailed check,57,72.05,4106.849999999999,0
CUST-8198,Male,45.0,2040-09-16,Two year,Credit card,56,47.97,2686.3199999999997,0
CUST-8199,Female,,09/17/2040,month-to-month,Credit card,32,54.48,1743.36,0
CUST-8200,Female,39.0,09/18/2040,month-to-month,Credit card,31,72.68,,0
CUST-8201,Male,33.0,INVALID_DATE,Two year,Credit card,16,89.54,1432.64,1
CUST-8202,  Male  ,34.0,2040-09-20,Month-to-month,Mailed check,32,54.99,1759.68,0
CUST-8203,Female,-5.0,2040-09-21,month-to-month,Mailed check,42,89.89,3775.38,0
CUST-8204,Female,34.0,09/22/2040,1 Year,Mailed check,34,116.1,3947.3999999999996,1
CUST-8205,Male,12.0,INVALID_DATE,month-to-month,Bank transfer,37,22.46,831.02,0
CUST-8206,  Male  ,56.0,24-Sep-2040,Month-to-month,Credit card,16,36.38,582.08,0
CUST-8207,  Male  ,63.0,09/25/2040,One year,Bank transfer,13,111.63,1451.19,1
CUST-8208,Male,38.0,INVALID_DATE,One year,Bank transfer,66,27.16,,0
CUST-8209,  Male  ,45.0,2040-09-27,One year,Bank transfer,33,96.5,3184.5,0
CUST-8210,  Male  ,42.0,2040-09-28,Month-to-month,Electronic check,35,82.4,2884.0,0
CUST-8211,M,24.0,09/29/2040,One year,Bank transfer,37,24.77,916.49,0
CUST-8212,M,52.0,INVALID_DATE,One year,Credit card,40,20.07,802.8,0
CUST-8213,Male,54.0,10/01/2040,Month-to-month,Bank transfer,8,70.2,561.6,0
CUST-8214,F,28.0,2040-10-02,1 Year,Credit card,54,31.73,1713.42,0
CUST-8215,Female,44.0,INVALID_DATE,month-to-month,Electronic check,7,107.22,750.54,1
CUST-8216,M,37.0,INVALID_DATE,Month-to-month,Mailed check,2,68.08,136.16,0
CUST-8217,Female,54.0,2040-10-05,Month-to-month,Credit card,56,43.44,2432.64,0
CUST-8218,female,39.0,2040-10-06,Two year,Bank transfer,57,36.82,2098.7400000000002,0
CUST-8219,Male,39.0,07-Oct-2040,One year,Credit card,49,103.58,5075.42,0
CUST-8220,F,62.0,08-Oct-2040,1 Year,Bank transfer,69,91.87,6339.030000000001,0
CUST-8221,female,25.0,2040-10-09,Two year,Mailed check,8,91.8,734.4,1
CUST-8222,female,43.0,INVALID_DATE,1 Year,Credit card,63,28.53,1797.39,0
CUST-8223,  Male  ,41.0,2040-10-11,One year,Bank transfer,71,82.45,5853.95,0
CUST-8224,female,33.0,10/12/2040,One year,Credit card,46,106.95,4919.7,0
CUST-8225,Male,64.0,2040-10-13,One year,Mailed check,67,96.59,6471.530000000001,1
CUST-8226,M,44.0,INVALID_DATE,month-to-month,Mailed check,46,31.82,,0
CUST-8227,Male,48.0,15-Oct-2040,1 Year,Mailed check,67,114.93,7700.31,1
CUST-8228,M,50.0,2040-10-16,1 Year,Credit card,42,26.97,1132.74,0
CUST-8229,female,36.0,17-Oct-2040,Two year,Credit card,64,75.69,,0
CUST-8230,female,55.0,10/18/2040,Month-to-month,Bank transfer,53,114.5,6068.5,1
CUST-8231,F,52.0,INVALID_DATE,One year,Mailed check,71,102.23,7258.33,0
CUST-8232,M,39.0,20-Oct-2040,One year,Bank transfer,7,88.08,616.56,0
CUST-8233,female,51.0,10/21/2040,Two year,Credit card,7,105.63,739.41,0
CUST-8234,  Male  ,55.0,INVALID_DATE,1 Year,Electronic check,36,87.33,3143.88,0
CUST-8235,Female,50.0,INVALID_DATE,month-to-month,Mailed check,13,25.49,331.37,0
CUST-8236,F,30.0,24-Oct-2040,1 Year,Bank transfer,67,55.09,,0
CUST-8237,Male,39.0,25-Oct-2040,month-to-month,Mailed check,20,62.71,1254.2,0
CUST-8238,F,46.0,26-Oct-2040,month-to-month,Bank transfer,53,74.64,3955.92,0
CUST-8239,Female,43.0,INVALID_DATE,1 Year,Bank transfer,52,42.96,2233.92,0
CUST-8240,M,31.0,INVALID_DATE,One year,Electronic check,61,108.12,6595.320000000001,1
CUST-8241,Male,37.0,INVALID_DATE,month-to-month,Credit card,61,42.87,2615.0699999999997,0
CUST-8242,Male,44.0,30-Oct-2040,Two year,Mailed check,56,85.76,,1
CUST-8243,M,22.0,31-Oct-2040,Two year,Credit card,40,107.66,4306.4,1
CUST-8244,F,40.0,11/01/2040,month-to-month,Bank transfer,63,93.28,5876.64,0
CUST-8245,female,48.0,2040-11-02,One year,Credit card,57,33.6,1915.2,0
CUST-8246,F,43.0,11/03/2040,month-to-month,Electronic check,4,115.14,460.56,1
CUST-8247,Female,30.0,2040-11-04,Two year,Credit card,26,29.19,758.94,0
CUST-8248,  Male  ,32.0,11/05/2040,Two year,Bank transfer,62,40.01,2480.62,0
CUST-8249,female,58.0,06-Nov-2040,1 Year,Bank transfer,54,33.92,1831.68,0
CUST-8250,F,29.0,INVALID_DATE,One year,Electronic check,62,86.69,5374.78,1
CUST-8251,  Male  ,54.0,2040-11-08,1 Year,Mailed check,18,100.74,1813.32,0
CUST-8252,  Male  ,33.0,INVALID_DATE,Month-to-month,Electronic check,10,43.8,438.0,0
CUST-8253,M,54.0,2040-11-10,month-to-month,Mailed check,36,117.92,4245.12,0
CUST-8254,Female,46.0,INVALID_DATE,1 Year, ,2,33.92,67.84,0
CUST-8255,Female,36.0,11/12/2040,One year,Credit card,60,51.59,3095.4,0
CUST-8256,Female,19.0,INVALID_DATE,month-to-month,Bank transfer,47,69.03,3244.41,0
CUST-8257,female,45.0,2040-11-14,month-to-month,Electronic check,32,100.88,3228.16,0
CUST-8258,Male,42.0,15-Nov-2040,month-to-month,Electronic check,69,57.65,3977.85,0
CUST-8259,female,45.0,2040-11-16,month-to-month,Credit card,51,37.99,1937.49,0
CUST-8260,F,46.0,INVALID_DATE,month-to-month,Electronic check,67,66.49,4454.83,0
CUST-8261,  Male  ,24.0,11/18/2040,One year,Bank transfer,67,67.65,4532.55,0
CUST-8262,  Male  ,45.0,2040-11-19,Month-to-month,Credit card,68,21.62,1470.16,0
CUST-8263,Male,49.0,11/20/2040,Two year,Mailed check,56,22.09,1237.04,0
CUST-8264,F,,21-Nov-2040,Month-to-month,Electronic check,14,47.76,668.64,1
CUST-8265,Male,25.0,11/22/2040,Two year,Mailed check,16,94.12,1505.92,0
CUST-8266,  Male  ,54.0,11/23/2040,1 Year,Credit card,66,56.6,3735.6,0
CUST-8267,female,45.0,2040-11-24,month-to-month,Electronic check,33,41.12,1356.9599999999998,1
CUST-8268,Female,47.0,11/25/2040,1 Year,Credit card,13,31.3,406.90000000000003,0
CUST-8269,  Male  ,29.0,11/26/2040,1 Year,Electronic check,30,48.05,1441.5,0
CUST-8270,M,49.0,11/27/2040,Two year,Electronic check,26,68.14,1771.64,0
CUST-8271,Female,19.0,INVALID_DATE,One year,Electronic check,13,29.34,,0
CUST-8272,  Male  ,30.0,11/29/2040,month-to-month,Credit card,68,21.49,1461.32,0
CUST-8273,female,55.0,11/30/2040,1 Year,Credit card,33,32.73,1080.09,0
CUST-8274,Male,49.0,12/01/2040,Month-to-month,Bank transfer,15,93.8,1407.0,1
CUST-8275,Female,43.0,2040-12-02,month-to-month,Bank transfer,17,66.63,1132.71,0
CUST-8276,female,51.0,2040-12-03,One year,Credit card,6,64.52,387.12,0
CUST-8277,F,52.0,12/04/2040,month-to-month,Credit card,5,21.98,109.9,0
CUST-8278,M,49.0,12/05/2040,1 Year,Electronic check,33,91.09,3005.9700000000003,0
CUST-8279,Female,37.0,INVALID_DATE,Month-to-month,Bank transfer,54,40.19,2170.2599999999998,0
CUST-8280,Male,29.0,12/07/2040,1 Year,Bank transfer,16,29.09,465.44,0
CUST-8281,F,32.0,08-Dec-2040,One year,Credit card,46,104.2,4793.2,0
CUST-8282,female,57.0,12/09/2040,Two year,Bank transfer,24,68.56,1645.44,0
CUST-8283,M,25.0,2040-12-10,Month-to-month,Credit card,5,94.89,474.45,0
CUST-8284,Male,46.0,2040-12-11,One year,Bank transfer,67,102.19,6846.73,0
CUST-8285,female,46.0,12/12/2040,One year,Mailed check,50,116.46,5823.0,1
CUST-8286,female,,2040-12-13,1 Year,Mailed check,41,82.37,3377.17,0
CUST-8287,Female,46.0,INVALID_DATE,1 Year,Bank transfer,55,26.83,1475.6499999999999,0
CUST-8288,Female,35.0,2040-12-15,1 Year,Credit card,20,75.77,1515.3999999999999,1
CUST-8289,Male,35.0,16-Dec-2040,Two year,Mailed check,50,70.95,,0
CUST-8290,  Male  ,40.0,12/17/2040,month-to-month,Electronic check,35,25.76,,0
CUST-8291,  Male  ,54.0,2040-12-18,month-to-month,Credit card,50,50.63,2531.5,0
CUST-8292,female,50.0,2040-12-19,1 Year, ,33,61.22,2020.26,0
CUST-8293,Female,27.0,12/20/2040,1 Year,Electronic check,67,36.1,2418.7000000000003,0
CUST-8294,M,43.0,2040-12-21,Two year,Mailed check,71,20.88,1482.48,0
CUST-8295,M,50.0,22-Dec-2040,month-to-month,Mailed check,10,95.7,957.0,1
CUST-8296,female,37.0,12/23/2040,Two year,Electronic check,41,105.16,4311.5599999999995,0
CUST-8297,Female,,2040-12-24,One year,Electronic check,40,42.91,,0
CUST-8298,Male,38.0,INVALID_DATE,month-to-month,Bank transfer,6,20.38,122.28,0
CUST-8299,Male,22.0,INVALID_DATE,1 Year,Mailed check,33,108.99,3596.6699999999996,0
CUST-8300,Male,20.0,12/27/2040,Month-to-month,Electronic check,16,33.4,534.4,0
CUST-8301,M,,2040-12-28,One year,Bank transfer,24,60.32,1447.68,0
CUST-8302,Female,70.0,INVALID_DATE,Month-to-month,Electronic check,60,56.6,3396.0,0
CUST-8303,Female,56.0,30-Dec-2040,Two year,Bank transfer,11,36.43,400.73,1
CUST-8304,M,9.0,2040-12-31,Two year,Bank transfer,44,79.88,3514.72,0
CUST-8305,Male,38.0,01-Jan-2041,Two year,Electronic check,3,111.85,,1
CUST-8306,Male,33.0,INVALID_DATE,1 Year,Electronic check,38,71.37,2712.0600000000004,0
CUST-8307,female,22.0,01/03/2041,Two year,Mailed check,40,117.29,4691.6,1
CUST-8308,  Male  ,46.0,04-Jan-2041,Month-to-month,Mailed check,19,39.08,742.52,0
CUST-8309,F,38.0,INVALID_DATE,One year,Bank transfer,40,104.85,4194.0,1
CUST-8310,  Male  ,26.0,01/06/2041,1 Year,Electronic check,53,45.69,2421.5699999999997,0
CUST-8311,Female,15.0,2041-01-07,One year,Mailed check,36,45.05,1621.8,0
CUST-8312,Female,33.0,INVALID_DATE,Two year,Bank transfer,67,31.77,2128.59,0
CUST-8313,Female,40.0,INVALID_DATE,month-to-month,Mailed check,20,106.36,2127.2,1
CUST-8314,  Male  ,39.0,2041-01-10,1 Year,Bank transfer,28,92.51,2590.28,0
CUST-8315,F,53.0,2041-01-11,Two year,Mailed check,57,54.17,3087.69,0
CUST-8316,female,44.0,2041-01-12,1 Year,Electronic check,3,54.94,164.82,1
CUST-8317,  Male  ,36.0,01/13/2041,month-to-month,Credit card,37,104.48,3865.76,0
CUST-8318,F,30.0,01/14/2041,Month-to-month,Credit card,18,112.76,2029.68,0
CUST-8319,Male,19.0,2041-01-15,Month-to-month,Bank transfer,46,80.24,3691.04,0
CUST-8320,Male,27.0,01/16/2041,Month-to-month,Credit card,5,60.68,303.4,0
CUST-8321,Female,56.0,INVALID_DATE,month-to-month,Credit card,57,25.31,1442.6699999999998,0
CUST-8322,M,50.0,01/18/2041,One year,Bank transfer,26,32.66,849.1599999999999,0
CUST-8323,Female,43.0,INVALID_DATE,month-to-month,Credit card,33,34.18,1127.94,0
CUST-8324,M,,INVALID_DATE,month-to-month,Mailed check,36,47.68,1716.48,1
CUST-8325,F,55.0,01/21/2041,Two year,Mailed check,22,45.7,1005.4000000000001,0
CUST-8326,Male,28.0,2041-01-22,Month-to-month,Mailed check,17,74.29,1262.93,1
CUST-8327,  Male  ,28.0,23-Jan-2041,1 Year,Electronic check,44,114.41,5034.04,0
CUST-8328,M,39.0,24-Jan-2041,One year,Mailed check,52,106.17,5520.84,1
CUST-8329,F,14.0,01/25/2041,1 Year,Credit card,22,70.92,1560.24,0
CUST-8330,Male,28.0,INVALID_DATE,Two year,Credit card,69,21.73,,0
CUST-8331,  Male  ,37.0,27-Jan-2041,Two year,Mailed check,1,26.84,26.84,0
CUST-8332,M,34.0,INVALID_DATE,One year,Electronic check,30,106.04,,0
CUST-8333,Female,28.0,INVALID_DATE,1 Year,Mailed check,39,48.36,1886.04,0
CUST-8334,Female,64.0,INVALID_DATE,One year,Electronic check,35,51.81,1813.3500000000001,0
CUST-8335,Female,,INVALID_DATE,One year,Electronic check,69,33.98,2344.62,0
CUST-8336,F,61.0,01-Feb-2041,Month-to-month,Mailed check,70,42.31,2961.7000000000003,0
CUST-8337,Female,39.0,02/02/2041,1 Year,Electronic check,11,44.72,491.91999999999996,1
CUST-8338,female,34.0,02/03/2041,Month-to-month, ,51,61.21,3121.71,0
CUST-8339,Male,59.0,INVALID_DATE,Month-to-month,Mailed check,63,82.31,5185.53,0
CUST-8340,F,41.0,INVALID_DATE,Month-to-month,Credit card,34,55.32,1880.88,0
CUST-8341,  Male  ,,02/06/2041,month-to-month,Electronic check,55,64.99,3574.45,0
CUST-8342,Female,28.0,2041-02-07,Two year, ,20,38.19,763.8,0
CUST-8343,Male,36.0,INVALID_DATE,Two year,Mailed check,58,25.64,1487.1200000000001,0
CUST-8344,M,40.0,09-Feb-2041,month-to-month,Bank transfer,17,54.82,931.94,1
CUST-8345,Female,41.0,10-Feb-2041,One year,Bank transfer,34,26.25,892.5,0
CUST-8346,Male,38.0,INVALID_DATE,1 Year,Bank transfer,62,49.97,3098.14,0
CUST-8347,female,68.0,INVALID_DATE,1 Year,Bank transfer,34,103.76,3527.84,0
CUST-8348,M,24.0,02/13/2041,1 Year,Credit card,19,56.69,1077.11,1
CUST-8349,female,48.0,2041-02-14,Month-to-month,Mailed check,66,39.33,2595.7799999999997,0
CUST-8350,  Male  ,34.0,02/15/2041,1 Year,Credit card,42,110.21,4628.82,0
CUST-8351,Male,40.0,2041-02-16,1 Year,Electronic check,51,83.93,4280.43,0
CUST-8352,female,51.0,17-Feb-2041,1 Year,Mailed check,71,118.83,8436.93,1
CUST-8353,  Male  ,19.0,02/18/2041,Two year,Mailed check,49,50.03,2451.4700000000003,0
CUST-8354,Male,29.0,02/19/2041,month-to-month, ,29,40.04,1161.16,0
CUST-8355,Male,38.0,INVALID_DATE,One year,Electronic check,30,49.79,,0
CUST-8356,female,58.0,INVALID_DATE,month-to-month,Bank transfer,25,101.25,2531.25,1
CUST-8357,Male,58.0,22-Feb-2041,1 Year,Electronic check,68,35.15,2390.2,0
CUST-8358,Female,55.0,2041-02-23,One year,Credit card,62,44.11,2734.82,0
CUST-8359,Male,14.0,2041-02-24,One year,Credit card,38,90.16,3426.08,0
CUST-8360,F,27.0,25-Feb-2041,month-to-month,Credit card,17,93.8,1594.6,0
CUST-8361,  Male  ,28.0,2041-02-26,month-to-month,Bank transfer,1,115.88,,1
CUST-8362,Male,39.0,INVALID_DATE,month-to-month,Mailed check,18,118.02,2124.36,0
CUST-8363,F,18.0,28-Feb-2041,month-to-month,Electronic check,63,86.35,5440.049999999999,0
CUST-8364,Male,53.0,INVALID_DATE,Month-to-month,Electronic check,46,56.28,2588.88,0
CUST-8365,Male,16.0,02-Mar-2041,Two year,Bank transfer,19,65.3,1240.7,0
CUST-8366,female,52.0,03-Mar-2041,Two year,Credit card,50,63.93,3196.5,0
CUST-8367,Female,50.0,2041-03-04,1 Year,Electronic check,54,58.74,3171.96,0
CUST-8368,  Male  ,27.0,03/05/2041,Month-to-month,Mailed check,31,53.82,1668.42,0
CUST-8369,Female,55.0,06-Mar-2041,One year,Electronic check,65,36.79,2391.35,0
CUST-8370,M,36.0,2041-03-07,month-to-month, ,46,56.62,2604.52,0
CUST-8371,female,33.0,08-Mar-2041,1 Year,Electronic check,35,116.92,4092.2000000000003,1
CUST-8372,female,35.0,2041-03-09,One year,Credit card,49,108.22,5302.78,1
CUST-8373,Female,36.0,10-Mar-2041,Two year,Mailed check,34,81.73,2778.82,0
CUST-8374,female,37.0,2041-03-11,One year,Bank transfer,29,39.28,1139.1200000000001,0
CUST-8375,Female,37.0,12-Mar-2041,month-to-month,Credit card,6,107.87,647.22,0
CUST-8376,female,29.0,13-Mar-2041,month-to-month,Credit card,1,51.19,51.19,1
CUST-8377,Male,32.0,14-Mar-2041,Two year,Electronic check,55,74.57,4101.349999999999,0
CUST-8378,Female,33.0,2041-03-15,month-to-month,Bank transfer,27,111.18,3001.86,1
CUST-8379,Female,60.0,03/16/2041,Month-to-month,Credit card,12,53.47,Unknown,0
CUST-8380,F,33.0,17-Mar-2041,1 Year,Electronic check,4,111.33,445.32,1
CUST-8381,female,32.0,2041-03-18,Two year,Mailed check,52,43.51,2262.52,1
CUST-8382,female,58.0,INVALID_DATE,Two year, ,11,112.87,,1
CUST-8383,Female,36.0,2041-03-20,One year,Electronic check,52,55.87,2905.24,0
CUST-8384,Male,29.0,2041-03-21,Two year,Bank transfer,26,57.46,1493.96,0
CUST-8385,Male,27.0,03/22/2041,1 Year,Credit card,28,75.3,2108.4,0
CUST-8386,  Male  ,23.0,INVALID_DATE,Month-to-month,Electronic check,66,54.7,3610.2000000000003,1
CUST-8387,Male,46.0,INVALID_DATE,One year,Mailed check,27,65.0,1755.0,0
CUST-8388,female,18.0,03/25/2041,1 Year,Mailed check,55,70.13,3857.1499999999996,0
CUST-8389,F,56.0,03/26/2041,Two year,Electronic check,71,69.1,4906.099999999999,0
CUST-8390,Female,39.0,27-Mar-2041,month-to-month,Electronic check,54,116.11,,0
CUST-8391,M,35.0,28-Mar-2041,month-to-month,Bank transfer,46,48.18,2216.28,0
CUST-8392,F,37.0,2041-03-29,1 Year,Electronic check,36,48.46,1744.56,1
CUST-8393,M,46.0,2041-03-30,Month-to-month,Bank transfer,21,103.79,2179.59,0
CUST-8394,F,34.0,31-Mar-2041,month-to-month,Credit card,49,59.2,2900.8,0
CUST-8395,Male,38.0,INVALID_DATE,1 Year,Electronic check,34,27.32,928.88,1
CUST-8396,female,53.0,2041-04-02,One year,Credit card,34,68.13,2316.42,0
CUST-8397,M,44.0,2041-04-03,Two year,Mailed check,40,75.02,3000.7999999999997,0
CUST-8398,F,25.0,04/04/2041,Month-to-month,Bank transfer,7,81.77,572.39,0
CUST-8399,female,32.0,05-Apr-2041,Month-to-month,Bank transfer,52,43.51,2262.52,0
CUST-8400,M,19.0,04/06/2041,One year,Mailed check,49,117.33,5749.17,0
CUST-8401,Female,47.0,2041-04-07,Month-to-month, ,37,93.7,3466.9,0
CUST-8402,F,49.0,08-Apr-2041,1 Year,Bank transfer,62,92.01,5704.62,0
CUST-8403,Female,29.0,INVALID_DATE,Month-to-month,Mailed check,15,107.29,1609.3500000000001,1
CUST-8404,Male,68.0,INVALID_DATE,Month-to-month,Mailed check,2,22.61,45.22,0
CUST-8405,Female,69.0,04/11/2041,Month-to-month,Mailed check,11,81.31,894.4100000000001,1
CUST-8406,Female,40.0,12-Apr-2041,1 Year,Electronic check,17,101.78,1730.26,0
CUST-8407,  Male  ,30.0,2041-04-13,Two year,Credit card,45,23.44,1054.8,0
CUST-8408,F,43.0,INVALID_DATE,month-to-month,Mailed check,68,95.61,6501.48,0
CUST-8409,Male,30.0,INVALID_DATE,Month-to-month,Credit card,61,118.97,7257.17,0
CUST-8410,Female,51.0,INVALID_DATE,One year,Bank transfer,46,79.34,3649.6400000000003,0
CUST-8411,female,42.0,2041-04-17,One year,Electronic check,32,62.47,1999.04,0
CUST-8412,M,43.0,2041-04-18,1 Year,Mailed check,19,65.36,1241.84,0
CUST-8413,Female,61.0,INVALID_DATE,Two year,Mailed check,67,87.95,5892.650000000001,0
CUST-8414,Male,33.0,20-Apr-2041,Month-to-month,Mailed check,4,77.0,308.0,1
CUST-8415,Female,33.0,21-Apr-2041,1 Year,Bank transfer,25,98.76,2469.0,1
CUST-8416,M,50.0,04/22/2041,month-to-month,Electronic check,21,62.16,1305.36,0
CUST-8417,Male,35.0,23-Apr-2041,Two year,Credit card,14,61.73,864.2199999999999,1
CUST-8418,F,59.0,04/24/2041,Two year,Credit card,22,94.6,2081.2,0
CUST-8419,Male,52.0,04/25/2041,1 Year,Credit card,48,84.55,4058.3999999999996,0
CUST-8420,F,36.0,INVALID_DATE,One year,Credit card,51,97.81,4988.31,0
CUST-8421,Male,18.0,04/27/2041,Two year,Credit card,11,108.72,1195.92,1
CUST-8422,M,23.0,28-Apr-2041,One year,Credit card,59,46.34,,0
CUST-8423,M,34.0,29-Apr-2041,Two year,Credit card,14,51.5,,0
CUST-8424,Male,45.0,30-Apr-2041,Two year,Electronic check,7,72.7,508.90000000000003,0
CUST-8425,Female,53.0,INVALID_DATE,Two year,Electronic check,69,113.05,,0
CUST-8426,M,37.0,05/02/2041,month-to-month,Bank transfer,58,103.47,6001.26,0
CUST-8427,F,29.0,2041-05-03,One year,Mailed check,40,66.84,2673.6000000000004,1
CUST-8428,F,38.0,05/04/2041,month-to-month,Electronic check,25,77.31,1932.75,1
CUST-8429,female,40.0,05/05/2041,One year,Mailed check,42,91.23,3831.6600000000003,0
CUST-8430,  Male  ,56.0,INVALID_DATE,month-to-month,Bank transfer,44,72.27,3179.8799999999997,0
CUST-8431,  Male  ,55.0,05/07/2041,month-to-month,Electronic check,5,29.84,,1
CUST-8432,  Male  ,28.0,08-May-2041,month-to-month,Bank transfer,28,55.27,1547.5600000000002,1
CUST-8433,F,45.0,05/09/2041,1 Year,Electronic check,60,24.76,1485.6000000000001,0
CUST-8434,female,30.0,INVALID_DATE,month-to-month,Electronic check,21,86.99,,0
CUST-8435,  Male  ,30.0,05/11/2041,Two year,Credit card,49,53.71,2631.79,0
CUST-8436,  Male  ,52.0,INVALID_DATE,Month-to-month,Mailed check,56,93.84,5255.04,0
CUST-8437,Male,38.0,INVALID_DATE,month-to-month,Bank transfer,57,62.97,3589.29,0
CUST-8438,Male,48.0,INVALID_DATE,Month-to-month,Credit card,61,24.56,1498.1599999999999,0
CUST-8439,Male,46.0,05/15/2041,Month-to-month,Electronic check,38,57.96,2202.48,0
CUST-8440,Female,39.0,2041-05-16,Two year,Electronic check,2,41.87,83.74,0
CUST-8441,  Male  ,44.0,INVALID_DATE,Month-to-month,Bank transfer,3,41.43,124.28999999999999,1
CUST-8442,Female,42.0,INVALID_DATE,Month-to-month,Mailed check,43,57.76,2483.68,0
CUST-8443,female,26.0,19-May-2041,Month-to-month,Bank transfer,35,117.83,4124.05,1
CUST-8444,F,46.0,INVALID_DATE,One year,Electronic check,40,116.01,4640.400000000001,0
CUST-8445,  Male  ,32.0,05/21/2041,month-to-month,Credit card,58,100.35,5820.299999999999,1
CUST-8446,F,27.0,05/22/2041,month-to-month,Bank transfer,34,44.55,1514.6999999999998,0
CUST-8447,Male,50.0,2041-05-23,Month-to-month, ,25,96.39,2409.75,0
CUST-8448,  Male  ,33.0,24-May-2041,Two year,Mailed check,56,21.54,1206.24,0
CUST-8449,M,53.0,INVALID_DATE,One year,Mailed check,32,25.63,820.16,0
CUST-8450,Female,53.0,05/26/2041,Two year,Credit card,22,103.57,2278.54,0
CUST-8451,Female,34.0,27-May-2041,Two year,Mailed check,65,76.42,4967.3,0
CUST-8452,  Male  ,53.0,05/28/2041,Month-to-month,Credit card,21,57.33,1203.93,0
CUST-8453,Male,35.0,INVALID_DATE,1 Year,Credit card,21,94.05,1975.05,0
CUST-8454,Female,39.0,05/30/2041,Month-to-month, ,28,31.44,880.32,0
CUST-8455,Male,46.0,31-May-2041,1 Year,Mailed check,19,48.67,924.73,0
CUST-8456,female,,2041-06-01,One year,Credit card,14,92.76,1298.64,1
CUST-8457,F,51.0,INVALID_DATE,1 Year,Mailed check,24,40.72,977.28,0
CUST-8458,M,39.0,06/03/2041,Month-to-month,Credit card,20,80.06,1601.2,0
CUST-8459,F,41.0,04-Jun-2041,Month-to-month,Credit card,32,64.77,2072.64,0
CUST-8460,F,21.0,06/05/2041,Two year,Mailed check,52,40.24,,0
CUST-8461,female,52.0,06/06/2041,Month-to-month,Credit card,65,108.84,7074.6,0
CUST-8462,Female,51.0,2041-06-07,Month-to-month,Credit card,52,63.55,3304.6,1
CUST-8463,M,43.0,2041-06-08,month-to-month,Mailed check,58,79.88,4633.04,0
CUST-8464,Female,49.0,INVALID_DATE,month-to-month,Electronic check,10,45.3,453.0,0
CUST-8465,  Male  ,16.0,INVALID_DATE,Two year,Bank transfer,70,54.68,3827.6,0
CUST-8466,F,27.0,INVALID_DATE,1 Year,Mailed check,15,24.9,,0
CUST-8467,  Male  ,62.0,INVALID_DATE,1 Year,Credit card,47,68.32,3211.0399999999995,0
CUST-8468,Male,37.0,13-Jun-2041,month-to-month,Bank transfer,10,54.48,544.8,0
CUST-8469,F,49.0,INVALID_DATE,One year,Bank transfer,21,52.94,1111.74,0
CUST-8470,Female,31.0,INVALID_DATE,month-to-month,Credit card,19,108.99,2070.81,1
CUST-8471,F,35.0,06/16/2041,One year,Credit card,68,90.39,6146.52,0
CUST-8472,Male,62.0,06/17/2041,1 Year,Electronic check,22,65.73,1446.0600000000002,0
CUST-8473,female,38.0,18-Jun-2041,month-to-month,Credit card,63,39.54,2491.02,0
CUST-8474,  Male  ,46.0,06/19/2041,Month-to-month,Bank transfer,38,117.33,4458.54,0
CUST-8475,  Male  ,42.0,06/20/2041,One year,Credit card,15,27.48,412.2,1
CUST-8476,Female,43.0,21-Jun-2041,One year, ,70,33.61,2352.7,1
CUST-8477,F,43.0,2041-06-22,One year,Mailed check,44,47.03,2069.32,0
CUST-8478,Female,16.0,06/23/2041,1 Year,Mailed check,30,115.45,3463.5,1
CUST-8479,female,46.0,2041-06-24,Two year,Bank transfer,24,47.89,1149.3600000000001,0
CUST-8480,F,34.0,2041-06-25,Month-to-month,Mailed check,46,69.14,3180.44,0
CUST-8481,F,61.0,2041-06-26,month-to-month,Electronic check,4,96.12,384.48,1
CUST-8482,Female,31.0,27-Jun-2041,One year,Bank transfer,6,112.92,677.52,1
CUST-8483,Female,34.0,INVALID_DATE,1 Year, ,38,80.51,3059.38,0
CUST-8484,Male,69.0,29-Jun-2041,One year,Credit card,26,58.43,1519.18,0
CUST-8485,female,49.0,30-Jun-2041,month-to-month,Electronic check,19,118.55,2252.45,1
CUST-8486,Male,28.0,INVALID_DATE,Month-to-month,Credit card,2,22.62,45.24,0
CUST-8487,  Male  ,,2041-07-02,One year,Electronic check,68,103.22,,0
CUST-8488,F,,INVALID_DATE,1 Year,Electronic check,69,47.74,,0
CUST-8489,Female,43.0,2041-07-04,1 Year,Electronic check,47,101.75,4782.25,0
CUST-8490,F,30.0,INVALID_DATE,Two year,Bank transfer,29,36.22,1050.3799999999999,0
CUST-8491,F,62.0,2041-07-06,1 Year,Mailed check,64,54.68,3499.52,0
CUST-8492,M,45.0,07/07/2041,Two year,Mailed check,12,25.6,307.20000000000005,0
CUST-8493,  Male  ,46.0,2041-07-08,Month-to-month,Credit card,11,39.96,439.56,0
CUST-8494,M,,INVALID_DATE,month-to-month,Credit card,8,80.28,,0
CUST-8495,F,53.0,07/10/2041,Two year,Mailed check,60,96.15,5769.0,0
CUST-8496,Female,32.0,2041-07-11,One year,Mailed check,26,111.12,2889.12,1
CUST-8497,F,41.0,07/12/2041,One year, ,32,31.97,1023.04,0
CUST-8498,  Male  ,35.0,07/13/2041,month-to-month,Credit card,39,34.06,1328.3400000000001,0
CUST-8499,M,65.0,14-Jul-2041,1 Year,Credit card,4,113.88,455.52,1
CUST-8500,Female,13.0,INVALID_DATE,One year,Credit card,44,96.6,4250.4,0
CUST-8501,F,33.0,16-Jul-2041,Two year,Credit card,35,73.98,2589.3,0
CUST-8502,female,39.0,INVALID_DATE,month-to-month,Mailed check,51,67.67,3451.17,0
CUST-8503,  Male  ,42.0,2041-07-18,One year,Mailed check,51,35.77,1824.2700000000002,0
CUST-8504,  Male  ,41.0,19-Jul-2041,1 Year,Bank transfer,29,57.93,1679.97,0
CUST-8505,female,39.0,07/20/2041,1 Year,Bank transfer,36,57.26,,0
CUST-8506,F,38.0,21-Jul-2041,One year,Mailed check,60,84.83,5089.8,0
CUST-8507,  Male  ,43.0,22-Jul-2041,month-to-month,Electronic check,15,79.89,1198.35,0
CUST-8508,Female,46.0,07/23/2041,Month-to-month,Mailed check,51,25.97,1324.47,0
CUST-8509,F,61.0,INVALID_DATE,One year,Electronic check,50,104.85,5242.5,0
CUST-8510,F,61.0,2041-07-25,1 Year,Credit card,55,113.75,6256.25,1
CUST-8511,M,44.0,2041-07-26,Month-to-month,Bank transfer,12,98.02,1176.24,1
CUST-8512,  Male  ,34.0,07/27/2041,month-to-month,Electronic check,50,37.84,1892.0000000000002,0
CUST-8513,  Male  ,35.0,INVALID_DATE,1 Year,Credit card,62,37.22,2307.64,0
CUST-8514,female,24.0,INVALID_DATE,month-to-month,Mailed check,5,92.61,463.05,0
CUST-8515,M,51.0,30-Jul-2041,One year,Bank transfer,27,64.09,1730.43,1
CUST-8516,M,39.0,2041-07-31,month-to-month, ,9,97.88,880.92,1
CUST-8517,  Male  ,45.0,INVALID_DATE,1 Year,Credit card,35,27.55,964.25,0
CUST-8518,F,44.0,08/02/2041,One year,Credit card,13,91.64,,0
CUST-8519,M,32.0,2041-08-03,1 Year,Mailed check,44,62.41,2746.04,0
CUST-8520,female,30.0,08/04/2041,1 Year, ,46,23.1,1062.6000000000001,0
CUST-8521,M,35.0,INVALID_DATE,Month-to-month,Credit card,68,74.52,5067.36,0
CUST-8522,female,46.0,06-Aug-2041,Two year,Electronic check,53,89.9,,0
CUST-8523,M,,2041-08-07,month-to-month,Mailed check,1,72.82,72.82,1
CUST-8524,female,19.0,INVALID_DATE,month-to-month, ,11,32.29,355.19,0
CUST-8525,M,28.0,INVALID_DATE,Month-to-month,Bank transfer,50,101.59,5079.5,0
CUST-8526,M,37.0,08/10/2041,month-to-month,Electronic check,9,51.71,465.39,0
CUST-8527,Female,40.0,2041-08-11,Month-to-month,Electronic check,38,112.15,,0
CUST-8528,female,46.0,INVALID_DATE,month-to-month,Credit card,13,110.69,1438.97,1
CUST-8529,female,40.0,13-Aug-2041,month-to-month,Bank transfer,5,40.04,200.2,0
CUST-8530,female,36.0,2041-08-14,1 Year,Bank transfer,25,67.64,1691.0,0
CUST-8531,Male,35.0,08/15/2041,Month-to-month,Electronic check,10,33.74,337.40000000000003,0
CUST-8532,M,42.0,16-Aug-2041,month-to-month,Bank transfer,5,87.77,438.84999999999997,0
CUST-8533,female,,INVALID_DATE,Two year,Electronic check,22,105.19,2314.18,1
CUST-8534,  Male  ,36.0,INVALID_DATE,Month-to-month,Bank transfer,42,84.84,3563.28,0
CUST-8535,Male,27.0,INVALID_DATE,Month-to-month,Electronic check,20,46.05,921.0,0
CUST-8536,Female,39.0,INVALID_DATE,Month-to-month,Electronic check,28,27.63,773.64,1
CUST-8537,female,32.0,08/21/2041,1 Year,Credit card,21,26.93,,0
CUST-8538,female,43.0,22-Aug-2041,Month-to-month,Credit card,11,81.09,891.99,1
CUST-8539,Male,,2041-08-23,1 Year,Bank transfer,69,115.33,7957.7699999999995,1
CUST-8540,M,24.0,INVALID_DATE,Two year,Credit card,37,89.53,3312.61,0
CUST-8541,  Male  ,54.0,25-Aug-2041,One year,Mailed check,49,93.06,4559.9400000000005,0
CUST-8542,Female,46.0,26-Aug-2041,1 Year,Mailed check,69,52.93,3652.17,0
CUST-8543,female,53.0,27-Aug-2041,month-to-month,Bank transfer,33,78.6,2593.7999999999997,1
CUST-8544,M,35.0,28-Aug-2041,Month-to-month,Electronic check,45,51.66,2324.7,0
CUST-8545,  Male  ,23.0,08/29/2041,One year,Credit card,8,110.17,881.36,1
CUST-8546,  Male  ,42.0,30-Aug-2041,1 Year,Bank transfer,6,33.25,199.5,1
CUST-8547,Female,57.0,08/31/2041,month-to-month,Mailed check,15,83.2,$1200.50,0
CUST-8548,F,27.0,09/01/2041,One year,Electronic check,15,93.08,1396.2,1
CUST-8549,  Male  ,29.0,INVALID_DATE,Two year,Credit card,9,89.85,808.65,0
CUST-8550,F,47.0,2041-09-03,1 Year,Electronic check,61,45.73,2789.5299999999997,0
CUST-8551,  Male  ,34.0,2041-09-04,1 Year,Electronic check,56,68.6,3841.5999999999995,0
CUST-8552,Female,60.0,05-Sep-2041,Two year,Credit card,5,86.33,431.65,1
CUST-8553,Male,48.0,06-Sep-2041,1 Year,Credit card,26,113.09,,0
CUST-8554,Female,31.0,2041-09-07,Month-to-month,Mailed check,57,69.97,3988.29,0
CUST-8555,Female,33.0,2041-09-08,1 Year,Mailed check,35,50.05,1751.75,0
CUST-8556,Male,34.0,09/09/2041,Month-to-month,Electronic check,10,58.65,586.5,0
CUST-8557,Male,39.0,10-Sep-2041,1 Year,Electronic check,21,74.13,1556.73,0
CUST-8558,M,44.0,2041-09-11,month-to-month,Mailed check,12,117.64,,1
CUST-8559,  Male  ,43.0,2041-09-12,month-to-month,Mailed check,9,82.83,745.47,0
CUST-8560,M,27.0,09/13/2041,One year,Electronic check,16,35.47,567.52,0
CUST-8561,Male,51.0,INVALID_DATE,month-to-month,Bank transfer,54,104.31,5632.74,0
CUST-8562,F,37.0,09/15/2041,Two year,Bank transfer,23,38.14,877.22,1
CUST-8563,F,29.0,2041-09-16,One year,Bank transfer,39,23.87,930.9300000000001,0
CUST-8564,Female,34.0,17-Sep-2041,month-to-month,Credit card,22,30.02,660.4399999999999,0
CUST-8565,female,52.0,INVALID_DATE,Month-to-month,Mailed check,55,98.61,5423.55,0
CUST-8566,Female,42.0,09/19/2041,1 Year,Bank transfer,31,110.19,3415.89,0
CUST-8567,Female,43.0,INVALID_DATE,month-to-month,Bank transfer,47,46.82,2200.54,0
CUST-8568,female,26.0,INVALID_DATE,Month-to-month,Mailed check,27,69.81,1884.8700000000001,0
CUST-8569,  Male  ,42.0,09/22/2041,One year,Credit card,48,79.72,3826.56,0
CUST-8570,Male,52.0,23-Sep-2041,1 Year,Bank transfer,39,61.87,2412.93,0
CUST-8571,F,18.0,2041-09-24,month-to-month,Credit card,21,26.53,557.13,0
CUST-8572,Female,35.0,2041-09-25,One year,Credit card,15,25.67,,0
CUST-8573,female,47.0,26-Sep-2041,month-to-month,Electronic check,45,64.03,2881.35,0
CUST-8574,M,,INVALID_DATE,One year,Mailed check,19,99.79,1896.0100000000002,1
CUST-8575,Female,28.0,28-Sep-2041,month-to-month,Electronic check,53,28.46,1508.38,0
CUST-8576,F,,INVALID_DATE,Month-to-month,Bank transfer,55,40.57,,0
CUST-8577,Male,26.0,09/30/2041,Two year,Electronic check,49,46.98,2302.02,0
CUST-8578,Female,30.0,INVALID_DATE,Month-to-month,Mailed check,61,75.91,,0
CUST-8579,Female,31.0,2041-10-02,1 Year,Credit card,60,24.32,1459.2,0
CUST-8580,  Male  ,59.0,2041-10-03,month-to-month, ,24,106.0,2544.0,1
CUST-8581,female,20.0,INVALID_DATE,Two year,Bank transfer,39,67.07,2615.7299999999996,0
CUST-8582,M,21.0,2041-10-05,Two year,Mailed check,61,68.52,4179.719999999999,0
CUST-8583,M,43.0,06-Oct-2041,1 Year,Credit card,23,52.65,1210.95,0
CUST-8584,Male,41.0,INVALID_DATE,1 Year, ,39,41.2,1606.8000000000002,0
CUST-8585,F,34.0,08-Oct-2041,Two year,Mailed check,11,56.37,620.0699999999999,1
CUST-8586,Male,40.0,2041-10-09,1 Year,Mailed check,42,111.34,4676.28,1
CUST-8587,Female,27.0,10-Oct-2041,1 Year,Electronic check,25,29.42,735.5,0
CUST-8588,Female,41.0,INVALID_DATE,month-to-month,Credit card,34,26.07,886.38,0
CUST-8589,M,43.0,12-Oct-2041,Month-to-month,Mailed check,22,31.45,691.9,0
CUST-8590,F,55.0,13-Oct-2041,One year,Credit card,2,97.7,195.4,1
CUST-8591,female,63.0,2041-10-14,Two year,Credit card,51,24.84,1266.84,0
CUST-8592,F,37.0,2041-10-15,One year,Mailed check,16,53.32,853.12,0
CUST-8593,Female,25.0,INVALID_DATE,Two year,Credit card,11,62.49,687.39,1
CUST-8594,female,45.0,INVALID_DATE,Two year,Electronic check,69,70.71,,0
CUST-8595,F,38.0,2041-10-18,Month-to-month,Bank transfer,62,20.32,1259.84,0
CUST-8596,F,38.0,10/19/2041,Two year,Bank transfer,19,68.68,1304.92,0
CUST-8597,female,21.0,2041-10-20,Two year,Mailed check,29,39.49,1145.21,1
CUST-8598,Female,41.0,10/21/2041,Month-to-month,Electronic check,42,29.79,1251.18,0
CUST-8599,F,45.0,22-Oct-2041,1 Year,Bank transfer,23,73.33,1686.59,0
CUST-8600,female,52.0,INVALID_DATE,One year,Electronic check,60,94.41,5664.599999999999,0
CUST-8601,  Male  ,34.0,24-Oct-2041,Two year,Mailed check,18,113.47,2042.46,0
CUST-8602,  Male  ,30.0,25-Oct-2041,Month-to-month,Electronic check,55,111.27,6119.849999999999,0
CUST-8603,Female,34.0,2041-10-26,Two year,Mailed check,18,59.9,1078.2,0
CUST-8604,female,51.0,INVALID_DATE,Month-to-month,Bank transfer,27,90.41,2441.0699999999997,0
CUST-8605,  Male  ,57.0,10/28/2041,One year,Bank transfer,1,89.56,89.56,1
CUST-8606,female,53.0,2041-10-29,month-to-month,Bank transfer,14,61.21,856.94,0
CUST-8607,F,48.0,2041-10-30,1 Year,Bank transfer,59,29.82,1759.38,0
CUST-8608,Female,40.0,31-Oct-2041,month-to-month,Credit card,33,58.2,1920.6000000000001,0
CUST-8609,  Male  ,41.0,11/01/2041,Month-to-month, ,36,119.24,4292.639999999999,0
CUST-8610,F,43.0,2041-11-02,Two year,Electronic check,39,75.5,2944.5,1
CUST-8611,Male,37.0,INVALID_DATE,1 Year,Electronic check,45,54.14,2436.3,0
CUST-8612,Male,51.0,11/04/2041,One year,Mailed check,25,94.38,2359.5,1
CUST-8613,Female,20.0,2041-11-05,1 Year,Bank transfer,15,88.63,1329.4499999999998,0
CUST-8614,  Male  ,22.0,06-Nov-2041,Two year,Bank transfer,20,77.88,1557.6,0
CUST-8615,  Male  ,20.0,2041-11-07,month-to-month,Credit card,34,83.74,2847.16,1
CUST-8616,  Male  ,30.0,11/08/2041,Month-to-month,Credit card,58,78.49,4552.42,0
CUST-8617,female,56.0,09-Nov-2041,month-to-month,Bank transfer,60,115.63,6937.799999999999,0
CUST-8618,F,26.0,2041-11-10,1 Year,Electronic check,30,70.91,2127.2999999999997,0
CUST-8619,  Male  ,26.0,11/11/2041,Two year,Electronic check,13,79.02,1027.26,0
CUST-8620,F,30.0,11/12/2041,Month-to-month,Bank transfer,67,67.17,4500.39,0
CUST-8621,Female,53.0,13-Nov-2041,Two year,Mailed check,45,80.02,3600.8999999999996,0
CUST-8622,  Male  ,57.0,14-Nov-2041,Two year,Electronic check,40,109.08,4363.2,1
CUST-8623,Female,52.0,INVALID_DATE,1 Year, ,38,53.98,,0
CUST-8624,  Male  ,53.0,INVALID_DATE,month-to-month,Bank transfer,47,69.59,3270.73,0
CUST-8625,Male,60.0,2041-11-17,Two year,Credit card,29,64.86,1880.94,0
CUST-8626,M,18.0,INVALID_DATE,Two year,Credit card,34,59.8,2033.1999999999998,0
CUST-8627,Female,25.0,INVALID_DATE,Two year,Bank transfer,11,102.1,1123.1,1
CUST-8628,  Male  ,32.0,20-Nov-2041,Month-to-month,Mailed check,20,43.19,863.8,1
CUST-8629,M,,2041-11-21,Two year,Bank transfer,20,69.99,1399.8,0
CUST-8630,Female,41.0,11/22/2041,Two year,Electronic check,56,112.46,6297.759999999999,0
CUST-8631,female,41.0,23-Nov-2041,1 Year,Mailed check,23,36.13,830.99,0
CUST-8632,  Male  ,50.0,11/24/2041,Two year,Mailed check,25,20.46,,0
CUST-8633,female,17.0,INVALID_DATE,Two year, ,33,46.52,,0
CUST-8634,Male,38.0,INVALID_DATE,1 Year,Bank transfer,31,112.23,3479.13,0
CUST-8635,  Male  ,43.0,INVALID_DATE,Month-to-month,Credit card,1,28.76,28.76,1
CUST-8636,Male,36.0,11/28/2041,month-to-month,Electronic check,54,33.71,1820.3400000000001,0
CUST-8637,M,42.0,2041-11-29,1 Year,Credit card,16,52.03,832.48,0
CUST-8638,Female,,30-Nov-2041,Month-to-month,Electronic check,59,96.97,5721.23,0
CUST-8639,F,41.0,INVALID_DATE,month-to-month,Bank transfer,66,95.13,6278.58,0
CUST-8640,Male,66.0,INVALID_DATE,Two year,Bank transfer,3,28.71,86.13,1
CUST-8641,F,51.0,2041-12-03,1 Year,Credit card,15,113.38,1700.6999999999998,1
CUST-8642,F,43.0,04-Dec-2041,Two year,Credit card,32,43.88,1404.16,0
CUST-8643,Female,46.0,2041-12-05,1 Year,Credit card,50,48.06,2403.0,0
CUST-8644,M,49.0,2041-12-06,month-to-month,Electronic check,60,58.64,,0
CUST-8645,Female,60.0,INVALID_DATE,Month-to-month, ,8,83.45,667.6,0
CUST-8646,  Male  ,54.0,INVALID_DATE,1 Year,Mailed check,7,72.13,504.90999999999997,1
CUST-8647,Male,46.0,2041-12-09,Month-to-month,Credit card,4,112.86,,1
CUST-8648,F,31.0,12/10/2041,Two year,Credit card,10,76.46,764.5999999999999,1
CUST-8649,Female,45.0,INVALID_DATE,Two year,Bank transfer,60,105.7,6342.0,0
CUST-8650,Female,47.0,12-Dec-2041,month-to-month,Credit card,25,27.82,695.5,0
CUST-8651,Female,49.0,INVALID_DATE,month-to-month,Bank transfer,42,105.59,,1
CUST-8652,Male,31.0,12/14/2041,One year,Electronic check,47,39.77,,0
CUST-8653,M,,12/15/2041,One year,Electronic check,32,56.26,1800.32,0
CUST-8654,Female,50.0,2041-12-16,month-to-month,Electronic check,25,51.99,1299.75,0
CUST-8655,Male,25.0,2041-12-17,Two year,Electronic check,16,53.73,859.68,0
CUST-8656,F,26.0,12/18/2041,Month-to-month,Credit card,49,111.87,5481.63,0
CUST-8657,  Male  ,53.0,19-Dec-2041,month-to-month,Credit card,16,64.16,,1
CUST-8658,female,30.0,2041-12-20,Month-to-month,Bank transfer,38,46.8,,1
CUST-8659,Male,58.0,12/21/2041,One year,Credit card,5,49.44,247.2,0
CUST-8660,female,37.0,22-Dec-2041,Month-to-month,Bank transfer,7,100.33,702.31,0
CUST-8661,Female,45.0,23-Dec-2041,month-to-month,Electronic check,8,73.91,591.28,0
CUST-8662,Female,44.0,12/24/2041,Two year,Bank transfer,33,64.95,2143.35,0
CUST-8663,Male,31.0,12/25/2041,month-to-month,Bank transfer,62,112.68,6986.160000000001,0
CUST-8664,female,57.0,26-Dec-2041,1 Year,Credit card,32,113.0,3616.0,1
CUST-8665,Female,37.0,27-Dec-2041,1 Year,Electronic check,1,95.61,95.61,1
CUST-8666,F,41.0,12/28/2041,1 Year,Mailed check,20,71.8,1436.0,0
CUST-8667,M,16.0,12/29/2041,Two year,Credit card,55,31.66,1741.3,0
CUST-8668,M,24.0,INVALID_DATE,month-to-month,Credit card,63,90.79,5719.77,0
CUST-8669,Female,54.0,31-Dec-2041,1 Year,Mailed check,6,101.51,609.0600000000001,0
CUST-8670,female,40.0,2042-01-01,month-to-month,Electronic check,52,105.2,5470.400000000001,1
CUST-8671,  Male  ,33.0,INVALID_DATE,One year, ,2,78.19,156.38,0
CUST-8672,Female,33.0,INVALID_DATE,1 Year,Bank transfer,39,81.68,,1
CUST-8673,  Male  ,47.0,04-Jan-2042,1 Year,Mailed check,32,90.93,2909.76,0
CUST-8674,  Male  ,,05-Jan-2042,Two year,Electronic check,51,107.39,$1200.50,1
CUST-8675,female,33.0,INVALID_DATE,month-to-month,Electronic check,69,24.54,1693.26,0
CUST-8676,  Male  ,53.0,07-Jan-2042,Two year,Mailed check,32,76.32,2442.24,0
CUST-8677,F,38.0,08-Jan-2042,Two year,Credit card,3,56.91,170.73,0
CUST-8678,female,46.0,2042-01-09,month-to-month,Mailed check,62,103.32,6405.839999999999,0
CUST-8679,Female,19.0,01/10/2042,One year, ,13,33.38,433.94000000000005,1
CUST-8680,F,21.0,INVALID_DATE,month-to-month,Mailed check,70,110.97,7767.9,0
CUST-8681,Male,50.0,12-Jan-2042,One year,Mailed check,21,32.4,680.4,0
CUST-8682,M,43.0,01/13/2042,Two year, ,61,28.93,1764.73,0
CUST-8683,Female,45.0,01/14/2042,One year,Bank transfer,14,54.65,765.1,1
CUST-8684,Female,27.0,01/15/2042,One year,Mailed check,71,119.47,8482.37,0
CUST-8685,Female,35.0,16-Jan-2042,One year,Credit card,22,83.38,1834.36,0
CUST-8686,F,20.0,INVALID_DATE,1 Year,Bank transfer,32,22.64,724.48,0
CUST-8687,Male,30.0,INVALID_DATE,1 Year,Credit card,41,44.93,1842.1299999999999,0
CUST-8688,female,,19-Jan-2042,Two year,Bank transfer,32,34.92,1117.44,0
CUST-8689,Male,44.0,20-Jan-2042,month-to-month, ,42,20.1,844.2,0
CUST-8690,F,,INVALID_DATE,One year,Electronic check,52,71.49,,0
CUST-8691,Female,47.0,INVALID_DATE,1 Year,Bank transfer,54,58.11,3137.94,0
CUST-8692,M,40.0,INVALID_DATE,month-to-month,Bank transfer,62,81.33,5042.46,0
CUST-8693,Female,37.0,2042-01-24,One year,Bank transfer,43,41.64,1790.52,0
CUST-8694,female,41.0,01/25/2042,month-to-month,Electronic check,3,103.11,309.33,0
CUST-8695,  Male  ,65.0,2042-01-26,Month-to-month,Bank transfer,38,58.32,2216.16,0
CUST-8696,M,38.0,2042-01-27,One year,Electronic check,39,68.29,2663.3100000000004,0
CUST-8697,Female,51.0,28-Jan-2042,month-to-month,Electronic check,70,93.25,6527.5,0
CUST-8698,M,47.0,01/29/2042,One year,Bank transfer,45,36.62,1647.8999999999999,0
CUST-8699,  Male  ,37.0,01/30/2042,One year,Bank transfer,46,46.23,2126.58,0
CUST-8700,Male,21.0,INVALID_DATE,Month-to-month,Bank transfer,13,35.48,461.23999999999995,0
CUST-8701,F,32.0,01-Feb-2042,month-to-month,Electronic check,52,96.81,5034.12,0
CUST-8702,Female,41.0,02-Feb-2042,Two year,Mailed check,9,29.75,267.75,0
CUST-8703,female,39.0,INVALID_DATE,1 Year,Bank transfer,57,68.9,3927.3,0
CUST-8704,Male,56.0,INVALID_DATE,One year,Mailed check,69,94.99,6554.3099999999995,0
CUST-8705,Female,31.0,2042-02-05,One year,Mailed check,43,70.78,3043.54,0
CUST-8706,Male,38.0,INVALID_DATE,One year,Mailed check,7,70.87,496.09000000000003,1
CUST-8707,female,46.0,INVALID_DATE,One year,Credit card,44,26.37,1160.28,0
CUST-8708,Female,37.0,08-Feb-2042,1 Year,Mailed check,44,98.29,4324.76,0
CUST-8709,  Male  ,52.0,2042-02-09,Two year,Mailed check,68,80.4,5467.200000000001,0
CUST-8710,  Male  ,27.0,02/10/2042,Month-to-month,Electronic check,44,86.75,3817.0,1
CUST-8711,female,22.0,2042-02-11,Two year,Credit card,40,96.58,3863.2,0
CUST-8712,M,37.0,12-Feb-2042,1 Year,Electronic check,43,76.06,3270.58,0
CUST-8713,female,39.0,02/13/2042,month-to-month,Electronic check,62,70.86,4393.32,0
CUST-8714,M,43.0,2042-02-14,Month-to-month,Mailed check,43,86.32,3711.7599999999998,0
CUST-8715,Female,42.0,INVALID_DATE,Month-to-month,Electronic check,19,110.0,2090.0,0
CUST-8716,M,,2042-02-16,month-to-month,Bank transfer,49,83.85,4108.65,0
CUST-8717,Female,22.0,02/17/2042,One year,Mailed check,65,98.83,6423.95,0
CUST-8718,Female,39.0,2042-02-18,1 Year,Bank transfer,25,68.03,1700.75,0
CUST-8719,F,28.0,2042-02-19,month-to-month,Mailed check,41,78.96,3237.3599999999997,0
CUST-8720,Female,41.0,2042-02-20,Two year,Mailed check,23,38.01,874.2299999999999,1
CUST-8721,M,27.0,INVALID_DATE,Two year,Mailed check,58,68.85,3993.2999999999997,0
CUST-8722,F,45.0,22-Feb-2042,month-to-month,Credit card,43,34.89,1500.27,0
CUST-8723,F,60.0,23-Feb-2042,1 Year,Mailed check,40,66.7,2668.0,0
CUST-8724,Female,31.0,24-Feb-2042,Month-to-month,Bank transfer,30,26.5,795.0,0
CUST-8725,female,25.0,2042-02-25,Month-to-month,Mailed check,34,77.62,2639.08,0
CUST-8726,female,54.0,02/26/2042,One year,Mailed check,10,48.67,,0
CUST-8727,  Male  ,61.0,2042-02-27,1 Year,Electronic check,60,104.16,6249.599999999999,0
CUST-8728,F,25.0,2042-02-28,Two year,Mailed check,1,57.63,57.63,0
CUST-8729,Female,39.0,01-Mar-2042,Two year,Mailed check,12,111.78,1341.3600000000001,1
CUST-8730,female,46.0,02-Mar-2042,One year,Mailed check,46,67.29,,0
CUST-8731,Female,37.0,INVALID_DATE,Two year, ,17,104.89,1783.13,1
CUST-8732,Female,19.0,2042-03-04,One year, ,58,49.73,2884.3399999999997,0
CUST-8733,F,24.0,INVALID_DATE,One year,Mailed check,38,65.16,2476.08,0
CUST-8734,  Male  ,25.0,INVALID_DATE,month-to-month,Credit card,6,83.37,500.22,1
CUST-8735,F,28.0,INVALID_DATE,Month-to-month,Bank transfer,62,45.87,2843.94,0
CUST-8736,Male,41.0,08-Mar-2042,1 Year,Credit card,10,85.73,,0
CUST-8737,female,53.0,INVALID_DATE,1 Year,Bank transfer,26,48.86,1270.36,0
CUST-8738,female,24.0,2042-03-10,Month-to-month,Credit card,58,68.43,3968.9400000000005,0
CUST-8739,female,31.0,INVALID_DATE,1 Year,Mailed check,17,22.34,379.78,0
CUST-8740,M,27.0,12-Mar-2042,Two year,Credit card,53,27.82,1474.46,0
CUST-8741,Female,,2042-03-13,Two year,Bank transfer,5,42.71,213.55,0
CUST-8742,F,30.0,2042-03-14,1 Year,Electronic check,67,100.65,6743.55,0
CUST-8743,female,28.0,03/15/2042,month-to-month,Electronic check,20,86.04,1720.8000000000002,0
CUST-8744,Male,21.0,16-Mar-2042,1 Year,Mailed check,51,109.34,5576.34,0
CUST-8745,female,56.0,03/17/2042,One year,Mailed check,46,110.47,5081.62,1
CUST-8746,  Male  ,66.0,18-Mar-2042,One year,Bank transfer,67,57.47,3850.49,0
CUST-8747,Female,41.0,19-Mar-2042,Month-to-month,Electronic check,3,56.75,,0
CUST-8748,Female,58.0,20-Mar-2042,Two year,Mailed check,23,103.57,2382.1099999999997,0
CUST-8749,F,,03/21/2042,month-to-month,Credit card,9,62.64,563.76,0
CUST-8750,M,40.0,INVALID_DATE,1 Year,Credit card,11,105.72,1162.92,0
CUST-8751,F,-5.0,23-Mar-2042,One year,Electronic check,47,70.59,3317.73,0
CUST-8752,female,31.0,2042-03-24,Two year,Bank transfer,49,62.47,3061.0299999999997,0
CUST-8753,  Male  ,38.0,2042-03-25,Two year,Mailed check,44,47.91,2108.04,0
CUST-8754,Male,37.0,26-Mar-2042,month-to-month,Mailed check,13,32.65,424.45,0
CUST-8755,F,45.0,27-Mar-2042,month-to-month,Mailed check,8,72.59,,0
CUST-8756,M,41.0,28-Mar-2042,month-to-month,Electronic check,63,52.52,3308.76,0
CUST-8757,F,31.0,INVALID_DATE,month-to-month,Credit card,22,44.94,988.68,0
CUST-8758,Female,36.0,30-Mar-2042,One year, ,38,36.97,,0
CUST-8759,female,53.0,INVALID_DATE,month-to-month,Electronic check,27,58.86,1589.22,0
CUST-8760,female,47.0,INVALID_DATE,Two year,Electronic check,26,75.59,1965.3400000000001,0
CUST-8761,female,46.0,02-Apr-2042,Two year,Mailed check,23,103.7,2385.1,0
CUST-8762,female,67.0,03-Apr-2042,1 Year, ,65,102.02,6631.3,0
CUST-8763,female,26.0,INVALID_DATE,Two year,Bank transfer,47,105.51,4958.97,1
CUST-8764,female,,04/05/2042,Two year,Bank transfer,61,77.62,4734.820000000001,0
CUST-8765,Male,41.0,INVALID_DATE,One year,Mailed check,46,75.95,3493.7000000000003,1
CUST-8766,M,44.0,2042-04-07,Two year,Bank transfer,4,110.51,442.04,1
CUST-8767,female,42.0,08-Apr-2042,Month-to-month,Credit card,31,48.85,1514.3500000000001,0
CUST-8768,M,32.0,04/09/2042,Two year,Mailed check,4,34.55,138.2,0
CUST-8769,  Male  ,28.0,04/10/2042,1 Year,Mailed check,29,28.28,820.12,0
CUST-8770,female,40.0,11-Apr-2042,1 Year,Credit card,44,108.1,4756.4,0
CUST-8771,F,31.0,04/12/2042,month-to-month,Bank transfer,3,57.18,171.54,1
CUST-8772,female,36.0,2042-04-13,One year,Credit card,59,69.87,4122.33,0
CUST-8773,Female,50.0,14-Apr-2042,1 Year,Bank transfer,53,100.31,5316.43,0
CUST-8774,Male,25.0,INVALID_DATE,Month-to-month,Bank transfer,11,57.32,630.52,0
CUST-8775,F,38.0,16-Apr-2042,Month-to-month,Bank transfer,6,106.8,640.8,0
CUST-8776,F,53.0,2042-04-17,month-to-month, ,47,52.17,2451.9900000000002,0
CUST-8777,Female,34.0,04/18/2042,One year,Credit card,7,93.24,652.68,0
CUST-8778,female,,19-Apr-2042,One year,Electronic check,68,86.74,5898.32,0
CUST-8779,Male,21.0,2042-04-20,Two year,Credit card,1,40.13,40.13,1
CUST-8780,F,62.0,INVALID_DATE,Month-to-month,Mailed check,56,32.45,1817.2000000000003,0
CUST-8781,Male,40.0,2042-04-22,Month-to-month, ,43,31.16,1339.88,0
CUST-8782,F,24.0,23-Apr-2042,Month-to-month,Mailed check,28,85.09,2382.52,0
CUST-8783,female,50.0,2042-04-24,Month-to-month,Mailed check,29,21.29,617.41,0
CUST-8784,  Male  ,45.0,INVALID_DATE,1 Year,Electronic check,18,86.07,1549.2599999999998,0
CUST-8785,F,57.0,26-Apr-2042,One year,Credit card,62,98.2,6088.400000000001,0
CUST-8786,  Male  ,22.0,04/27/2042,Two year,Credit card,6,50.25,301.5,1
CUST-8787,F,27.0,28-Apr-2042,1 Year,Bank transfer,16,94.57,1513.12,0
CUST-8788,M,,INVALID_DATE,One year,Credit card,1,36.54,,1
CUST-8789,female,71.0,INVALID_DATE,month-to-month,Bank transfer,22,116.05,2553.1,1
CUST-8790,Female,47.0,01-May-2042,Month-to-month,Bank transfer,46,43.21,1987.66,0
CUST-8791,  Male  ,,INVALID_DATE,Two year,Mailed check,62,68.84,4268.08,0
CUST-8792,Female,31.0,2042-05-03,One year,Electronic check,23,118.05,2715.15,1
CUST-8793,female,38.0,2042-05-04,month-to-month,Electronic check,21,110.71,2324.91,0
CUST-8794,Female,33.0,05/05/2042,Month-to-month,Credit card,51,85.95,4383.45,0
CUST-8795,female,46.0,06-May-2042,month-to-month,Bank transfer,38,56.92,2162.96,0
CUST-8796,Female,51.0,05/07/2042,month-to-month,Mailed check,28,90.01,2520.28,0
CUST-8797,  Male  ,42.0,2042-05-08,1 Year,Bank transfer,44,66.03,2905.32,1
CUST-8798,M,50.0,05/09/2042,month-to-month,Mailed check,39,30.88,1204.32,0
CUST-8799,Female,40.0,INVALID_DATE,1 Year,Bank transfer,42,99.6,,1
CUST-8800,  Male  ,56.0,11-May-2042,1 Year,Credit card,42,107.16,4500.72,1
CUST-8801,F,30.0,12-May-2042,month-to-month,Credit card,60,60.76,3645.6,0
CUST-8802,female,57.0,13-May-2042,One year,Bank transfer,57,86.57,4934.49,0
CUST-8803,Male,31.0,2042-05-14,month-to-month,Electronic check,7,23.04,,0
CUST-8804,Male,40.0,INVALID_DATE,month-to-month,Mailed check,51,39.73,2026.2299999999998,0
CUST-8805,female,26.0,2042-05-16,One year,Electronic check,32,77.03,2464.96,0
CUST-8806,M,46.0,INVALID_DATE,Month-to-month,Electronic check,7,47.41,,0
CUST-8807,Female,42.0,INVALID_DATE,Two year,Bank transfer,40,114.44,4577.6,1
CUST-8808,M,49.0,19-May-2042,Month-to-month,Mailed check,15,103.7,1555.5,0
CUST-8809,Male,19.0,2042-05-20,month-to-month,Mailed check,59,85.5,5044.5,0
CUST-8810,  Male  ,42.0,05/21/2042,Month-to-month,Credit card,12,119.88,1438.56,1
CUST-8811,female,45.0,05/22/2042,Two year,Bank transfer,42,44.32,1861.44,0
CUST-8812,female,28.0,23-May-2042,Month-to-month,Bank transfer,39,111.91,4364.49,1
CUST-8813,M,46.0,2042-05-24,Two year,Bank transfer,63,50.46,3178.98,0
CUST-8814,  Male  ,12.0,INVALID_DATE,Month-to-month,Credit card,2,79.66,,0
CUST-8815,M,38.0,26-May-2042,1 Year,Credit card,29,63.44,1839.76,1
CUST-8816,Female,57.0,05/27/2042,month-to-month,Mailed check,61,64.32,3923.5199999999995,0
CUST-8817,F,,05/28/2042,Two year,Credit card,29,96.25,2791.25,1
CUST-8818,  Male  ,,INVALID_DATE,month-to-month,Bank transfer,38,54.75,2080.5,0
CUST-8819,F,39.0,2042-05-30,1 Year,Bank transfer,7,70.75,495.25,1
CUST-8820,Female,41.0,05/31/2042,Month-to-month,Electronic check,30,41.17,1235.1000000000001,0
CUST-8821,F,51.0,2042-06-01,month-to-month,Credit card,56,96.35,5395.599999999999,1
CUST-8822,Male,42.0,2042-06-02,Month-to-month,Bank transfer,36,75.19,2706.84,0
CUST-8823,F,49.0,06/03/2042,Month-to-month,Bank transfer,42,45.51,1911.4199999999998,0
CUST-8824,Female,41.0,06/04/2042,month-to-month,Mailed check,4,46.59,186.36,0
CUST-8825,F,31.0,05-Jun-2042,Two year,Credit card,5,49.35,246.75,0
CUST-8826,female,23.0,2042-06-06,Two year,Bank transfer,46,89.93,4136.780000000001,0
CUST-8827,M,44.0,07-Jun-2042,month-to-month,Mailed check,2,79.51,159.02,1
CUST-8828,Male,10.0,2042-06-08,Two year,Electronic check,54,102.22,5519.88,0
CUST-8829,female,19.0,06/09/2042,One year,Electronic check,59,77.15,4551.85,0
CUST-8830,female,23.0,2042-06-10,Month-to-month,Mailed check,33,50.67,1672.1100000000001,0
CUST-8831,Female,49.0,11-Jun-2042,month-to-month,Credit card,22,116.29,2558.38,1
CUST-8832,M,22.0,2042-06-12,1 Year,Bank transfer,47,108.61,5104.67,0
CUST-8833,M,46.0,06/13/2042,month-to-month,Credit card,6,47.88,287.28000000000003,0
CUST-8834,  Male  ,28.0,14-Jun-2042,month-to-month,Mailed check,24,111.27,,0
CUST-8835,Male,38.0,2042-06-15,Month-to-month,Bank transfer,49,92.01,4508.490000000001,1
CUST-8836,Female,39.0,2042-06-16,1 Year,Bank transfer,51,61.47,3134.97,0
CUST-8837,Male,38.0,2042-06-17,Month-to-month,Bank transfer,41,66.69,2734.29,0
CUST-8838,  Male  ,32.0,2042-06-18,Two year,Credit card,67,64.64,4330.88,0
CUST-8839,F,21.0,INVALID_DATE,month-to-month,Credit card,2,99.69,199.38,1
CUST-8840,female,40.0,2042-06-20,Month-to-month,Mailed check,43,37.55,1614.6499999999999,0
CUST-8841,Male,47.0,06/21/2042,One year,Electronic check,32,25.87,827.84,0
CUST-8842,female,48.0,06/22/2042,month-to-month,Mailed check,12,69.85,838.1999999999999,1
CUST-8843,Female,41.0,23-Jun-2042,Two year,Bank transfer,23,49.04,,0
CUST-8844,F,43.0,2042-06-24,Month-to-month,Mailed check,16,76.39,1222.24,1
CUST-8845,Female,31.0,INVALID_DATE,Month-to-month,Electronic check,44,117.82,5184.08,0
CUST-8846,F,45.0,INVALID_DATE,One year,Mailed check,2,87.15,174.3,1
CUST-8847,F,45.0,06/27/2042,Two year,Electronic check,7,115.92,811.44,1
CUST-8848,female,36.0,INVALID_DATE,One year,Electronic check,21,93.21,1957.4099999999999,1
CUST-8849,Female,41.0,06/29/2042,month-to-month,Bank transfer,58,27.59,1600.22,0
CUST-8850,Female,40.0,2042-06-30,1 Year,Electronic check,23,108.93,2505.3900000000003,1
CUST-8851,Male,45.0,01-Jul-2042,Month-to-month,Credit card,60,39.89,2393.4,0
CUST-8852,Female,,2042-07-02,One year,Mailed check,25,106.48,2662.0,0
CUST-8853,Male,21.0,INVALID_DATE,Month-to-month,Mailed check,35,94.91,3321.85,0
CUST-8854,M,,04-Jul-2042,Month-to-month,Credit card,45,103.86,4673.7,0
CUST-8855,M,35.0,05-Jul-2042,One year,Credit card,7,45.36,317.52,0
CUST-8856,M,45.0,07/06/2042,Month-to-month,Bank transfer,69,100.74,6951.0599999999995,0
CUST-8857,  Male  ,13.0,07-Jul-2042,Two year,Mailed check,32,81.04,2593.28,0
CUST-8858,Female,41.0,07/08/2042,Two year,Credit card,53,28.19,1494.0700000000002,0
CUST-8859,  Male  ,54.0,INVALID_DATE,1 Year,Bank transfer,69,108.91,7514.79,0
CUST-8860,Female,43.0,07/10/2042,Two year,Mailed check,25,107.68,2692.0,0
CUST-8861,Male,16.0,2042-07-11,One year,Mailed check,2,77.2,,1
CUST-8862,  Male  ,46.0,INVALID_DATE,Two year,Credit card,61,65.26,3980.86,0
CUST-8863,  Male  ,43.0,2042-07-13,1 Year, ,9,60.05,540.4499999999999,0
CUST-8864,  Male  ,,INVALID_DATE,month-to-month,Electronic check,51,80.27,4093.77,0
CUST-8865,F,42.0,15-Jul-2042,month-to-month,Credit card,2,104.17,208.34,1
CUST-8866,Male,,INVALID_DATE,One year,Electronic check,45,76.59,3446.55,0
CUST-8867,M,41.0,2042-07-17,1 Year,Mailed check,32,32.97,1055.04,0
CUST-8868,Male,46.0,INVALID_DATE,Two year,Bank transfer,32,50.62,1619.84,0
CUST-8869,F,32.0,2042-07-19,1 Year,Bank transfer,8,86.82,,0
CUST-8870,Female,34.0,20-Jul-2042,Month-to-month,Credit card,20,84.68,1693.6000000000001,0
CUST-8871,Male,,2042-07-21,1 Year,Bank transfer,65,71.89,4672.85,0
CUST-8872,  Male  ,34.0,07/22/2042,Two year,Credit card,21,44.05,925.05,1
CUST-8873,M,30.0,INVALID_DATE,One year,Electronic check,7,47.06,329.42,0
CUST-8874,M,31.0,2042-07-24,Month-to-month,Mailed check,9,68.42,615.78,1
CUST-8875,Female,46.0,2042-07-25,1 Year,Electronic check,2,59.45,118.9,0
CUST-8876,Male,19.0,2042-07-26,month-to-month,Credit card,19,51.59,980.21,0
CUST-8877,F,42.0,07/27/2042,Two year,Mailed check,60,102.95,6177.0,0
CUST-8878,Female,,28-Jul-2042,One year,Mailed check,70,70.4,4928.0,0
CUST-8879,Male,24.0,07/29/2042,Two year,Mailed check,59,70.31,4148.29,0
CUST-8880,female,39.0,30-Jul-2042,1 Year,Electronic check,69,62.81,4333.89,0
CUST-8881,M,29.0,07/31/2042,One year,Mailed check,45,88.09,3964.05,0
CUST-8882,F,54.0,2042-08-01,month-to-month,Electronic check,62,37.56,2328.7200000000003,0
CUST-8883,  Male  ,38.0,08/02/2042,Month-to-month,Electronic check,10,114.36,,1
CUST-8884,F,58.0,INVALID_DATE,1 Year,Mailed check,65,30.46,1979.9,0
CUST-8885,  Male  ,56.0,04-Aug-2042,One year,Credit card,26,91.03,2366.78,1
CUST-8886,F,44.0,2042-08-05,Month-to-month,Mailed check,60,90.43,5425.8,0
CUST-8887,M,66.0,06-Aug-2042,One year, ,18,31.39,565.02,0
CUST-8888,  Male  ,,2042-08-07,1 Year,Electronic check,59,119.3,7038.7,0
CUST-8889,Male,57.0,2042-08-08,One year,Mailed check,21,23.43,492.03,0
CUST-8890,  Male  ,37.0,INVALID_DATE,month-to-month,Credit card,46,56.47,2597.62,0
CUST-8891,Female,38.0,08/10/2042,One year,Mailed check,12,62.48,749.76,0
CUST-8892,Male,34.0,INVALID_DATE,1 Year,Credit card,32,100.28,3208.96,0
CUST-8893,Female,23.0,12-Aug-2042,One year,Bank transfer,39,22.98,896.22,0
CUST-8894,F,47.0,08/13/2042,Month-to-month,Bank transfer,55,75.7,,0
CUST-8895,Male,25.0,14-Aug-2042,Month-to-month,Bank transfer,55,40.4,2222.0,0
CUST-8896,F,33.0,08/15/2042,Two year,Mailed check,10,77.26,772.6,1
CUST-8897,female,33.0,INVALID_DATE,Two year,Electronic check,35,84.63,2962.0499999999997,0
CUST-8898,F,52.0,2042-08-17,month-to-month,Credit card,6,23.41,140.46,0
CUST-8899,F,39.0,18-Aug-2042,Month-to-month,Bank transfer,68,26.75,1819.0,0
CUST-8900,Female,11.0,19-Aug-2042,Two year,Credit card,62,28.52,1768.24,0
CUST-8901,  Male  ,29.0,INVALID_DATE,One year,Electronic check,9,105.23,947.07,1
CUST-8902,female,21.0,INVALID_DATE,month-to-month,Credit card,29,112.67,3267.43,1
CUST-8903,F,46.0,08/22/2042,1 Year,Credit card,71,63.77,4527.67,0
CUST-8904,F,26.0,23-Aug-2042,Two year,Bank transfer,6,107.48,644.88,0
CUST-8905,female,,INVALID_DATE,Two year,Credit card,44,67.62,2975.28,1
CUST-8906,female,61.0,08/25/2042,Month-to-month,Bank transfer,64,60.11,3847.04,0
CUST-8907,Male,48.0,08/26/2042,month-to-month,Electronic check,67,73.12,4899.04,0
CUST-8908,Female,26.0,27-Aug-2042,Month-to-month,Bank transfer,44,99.02,4356.88,0
CUST-8909,female,50.0,08/28/2042,Month-to-month,Credit card,14,42.38,593.32,0
CUST-8910,female,31.0,INVALID_DATE,month-to-month,Electronic check,9,50.17,,1
CUST-8911,M,50.0,INVALID_DATE,One year,Mailed check,23,104.89,2412.47,1
CUST-8912,  Male  ,,INVALID_DATE,Two year,Mailed check,57,111.6,6361.2,0
CUST-8913,female,28.0,01-Sep-2042,Month-to-month,Electronic check,57,32.3,1841.1,0
CUST-8914,Female,27.0,INVALID_DATE,Two year,Electronic check,15,90.49,,1
CUST-8915,  Male  ,43.0,2042-09-03,month-to-month,Credit card,64,20.96,1341.44,0
CUST-8916,  Male  ,,09/04/2042,One year,Mailed check,7,44.62,312.34,0
CUST-8917,F,44.0,2042-09-05,1 Year,Electronic check,20,26.86,,0
CUST-8918,F,35.0,09/06/2042,One year,Mailed check,64,71.54,4578.56,1
CUST-8919,F,18.0,07-Sep-2042,month-to-month,Mailed check,19,54.34,1032.46,0
CUST-8920,F,32.0,INVALID_DATE,One year,Credit card,6,33.76,202.56,1
CUST-8921,M,25.0,09/09/2042,1 Year,Electronic check,51,20.03,1021.5300000000001,0
CUST-8922,female,56.0,09/10/2042,Month-to-month,Bank transfer,39,58.84,2294.76,0
CUST-8923,F,35.0,INVALID_DATE,One year,Electronic check,65,49.45,,0
CUST-8924,Male,44.0,12-Sep-2042,month-to-month,Mailed check,71,24.67,1751.5700000000002,0
CUST-8925,F,36.0,2042-09-13,One year,Bank transfer,25,105.18,2629.5,0
CUST-8926,female,,14-Sep-2042,1 Year,Bank transfer,23,61.08,1404.84,0
CUST-8927,F,49.0,INVALID_DATE,month-to-month,Mailed check,58,97.48,5653.84,0
CUST-8928,M,68.0,2042-09-16,One year, ,11,62.2,684.2,0
CUST-8929,Female,35.0,INVALID_DATE,month-to-month,Bank transfer,34,26.75,909.5,1
CUST-8930,Female,53.0,2042-09-18,1 Year, ,31,59.43,1842.33,0
CUST-8931,female,43.0,09/19/2042,Month-to-month,Mailed check,38,108.61,4127.18,0
CUST-8932,Female,33.0,INVALID_DATE,1 Year,Credit card,46,20.78,955.8800000000001,1
CUST-8933,Female,34.0,INVALID_DATE,Month-to-month,Bank transfer,12,109.53,1314.3600000000001,1
CUST-8934,Male,46.0,09/22/2042,Two year,Mailed check,9,85.67,771.03,1
CUST-8935,female,36.0,INVALID_DATE,1 Year,Electronic check,13,119.56,1554.28,1
CUST-8936,female,41.0,2042-09-24,Month-to-month,Electronic check,64,111.61,,0
CUST-8937,Female,48.0,INVALID_DATE,Two year,Electronic check,20,106.9,2138.0,1
CUST-8938,Female,,26-Sep-2042,Two year,Bank transfer,59,23.75,1401.25,0
CUST-8939,Female,40.0,2042-09-27,Two year,Credit card,22,48.02,1056.44,0
CUST-8940,  Male  ,,INVALID_DATE,month-to-month,Electronic check,65,57.47,3735.5499999999997,0
CUST-8941,M,45.0,09/29/2042,1 Year,Credit card,60,89.98,5398.8,0
CUST-8942,F,34.0,30-Sep-2042,1 Year,Mailed check,41,84.86,3479.2599999999998,0
CUST-8943,M,63.0,01-Oct-2042,1 Year,Electronic check,45,37.17,1672.65,0
CUST-8944,female,34.0,10/02/2042,1 Year,Bank transfer,4,93.68,374.72,1
CUST-8945,Male,40.0,03-Oct-2042,month-to-month,Electronic check,70,35.56,2489.2000000000003,0
CUST-8946,F,47.0,04-Oct-2042,1 Year,Bank transfer,45,65.64,,0
CUST-8947,Male,46.0,2042-10-05,Month-to-month,Mailed check,58,77.87,4516.46,0
CUST-8948,  Male  ,57.0,INVALID_DATE,Two year,Credit card,23,107.07,2462.6099999999997,0
CUST-8949,female,48.0,2042-10-07,month-to-month, ,32,83.13,2660.16,0
CUST-8950,  Male  ,68.0,10/08/2042,month-to-month,Credit card,63,115.48,7275.240000000001,0
CUST-8951,female,45.0,2042-10-09,1 Year,Electronic check,8,119.45,955.6,1
CUST-8952,Male,56.0,10-Oct-2042,Two year,Electronic check,25,70.88,1772.0,0
CUST-8953,Male,34.0,10/11/2042,Month-to-month,Mailed check,33,25.15,829.9499999999999,0
CUST-8954,Male,64.0,INVALID_DATE,Two year,Credit card,66,22.83,1506.78,0
CUST-8955,female,36.0,10/13/2042,One year,Mailed check,16,105.56,1688.96,1
CUST-8956,Female,58.0,10/14/2042,Two year,Bank transfer,55,69.99,3849.45,0
CUST-8957,Male,51.0,15-Oct-2042,Month-to-month, ,36,56.68,2040.48,0
CUST-8958,  Male  ,,2042-10-16,Month-to-month,Credit card,7,48.45,339.15000000000003,0
CUST-8959,F,58.0,17-Oct-2042,Month-to-month,Electronic check,69,48.18,3324.42,1
CUST-8960,female,40.0,18-Oct-2042,month-to-month,Credit card,8,27.28,,0
CUST-8961,  Male  ,56.0,2042-10-19,month-to-month,Credit card,3,50.3,150.89999999999998,1
CUST-8962,M,45.0,2042-10-20,One year,Electronic check,35,84.48,2956.8,0
CUST-8963,M,35.0,21-Oct-2042,Two year,Electronic check,36,58.52,2106.7200000000003,0
CUST-8964,F,44.0,INVALID_DATE,1 Year,Mailed check,30,114.78,3443.4,1
CUST-8965,Female,40.0,2042-10-23,One year,Electronic check,15,86.82,1302.3,1
CUST-8966,Male,35.0,INVALID_DATE,1 Year,Electronic check,68,106.4,7235.200000000001,0
CUST-8967,female,43.0,25-Oct-2042,1 Year,Electronic check,58,31.42,1822.3600000000001,0
CUST-8968,  Male  ,45.0,2042-10-26,One year,Bank transfer,28,65.05,1821.3999999999999,0
CUST-8969,Male,11.0,27-Oct-2042,Two year,Bank transfer,42,24.14,1013.88,0
CUST-8970,  Male  ,46.0,2042-10-28,1 Year,Bank transfer,18,109.5,1971.0,0
CUST-8971,female,49.0,10/29/2042,month-to-month,Mailed check,5,34.69,173.45,1
CUST-8972,M,57.0,2042-10-30,month-to-month,Mailed check,9,100.54,904.86,1
CUST-8973,Male,25.0,31-Oct-2042,One year, ,9,112.38,1011.42,1
CUST-8974,F,28.0,2042-11-01,1 Year,Mailed check,18,64.19,1155.42,1
CUST-8975,Female,43.0,2042-11-02,One year,Electronic check,56,58.94,3300.64,0
CUST-8976,F,31.0,03-Nov-2042,month-to-month,Credit card,15,80.01,1200.15,0
CUST-8977,Female,26.0,2042-11-04,One year,Electronic check,62,94.03,5829.86,0
CUST-8978,  Male  ,,11/05/2042,1 Year,Credit card,35,84.56,2959.6,0
CUST-8979,Male,36.0,INVALID_DATE,1 Year,Mailed check,40,20.12,804.8000000000001,0
CUST-8980,Male,28.0,INVALID_DATE,month-to-month,Bank transfer,51,98.59,5028.09,0
CUST-8981,Female,28.0,11/08/2042,Month-to-month,Electronic check,60,34.74,2084.4,0
CUST-8982,M,39.0,11/09/2042,Month-to-month,Credit card,56,64.97,3638.3199999999997,0
CUST-8983,female,23.0,INVALID_DATE,Two year,Bank transfer,41,48.24,1977.8400000000001,0
CUST-8984,F,22.0,11/11/2042,month-to-month,Electronic check,54,112.79,6090.660000000001,1
CUST-8985,  Male  ,41.0,2042-11-12,Two year,Electronic check,17,70.21,1193.57,0
CUST-8986,F,58.0,INVALID_DATE,month-to-month,Bank transfer,25,72.22,1805.5,0
CUST-8987,F,49.0,INVALID_DATE,1 Year,Mailed check,9,27.61,248.49,1
CUST-8988,  Male  ,55.0,INVALID_DATE,month-to-month,Bank transfer,56,109.74,,0
CUST-8989,  Male  ,18.0,11/16/2042,One year,Mailed check,23,43.9,1009.6999999999999,0
CUST-8990,Male,23.0,2042-11-17,Two year,Credit card,2,61.4,122.8,0
CUST-8991,F,40.0,INVALID_DATE,month-to-month,Mailed check,45,118.53,5333.85,0
CUST-8992,female,,11/19/2042,Two year,Credit card,65,31.39,2040.3500000000001,0
CUST-8993,female,48.0,INVALID_DATE,month-to-month,Credit card,38,91.85,3490.2999999999997,0
CUST-8994,Female,24.0,11/21/2042,Month-to-month,Credit card,6,46.01,276.06,1
CUST-8995,  Male  ,54.0,22-Nov-2042,Two year,Credit card,48,61.98,,0
CUST-8996,Male,39.0,2042-11-23,1 Year,Electronic check,44,61.82,2720.08,0
CUST-8997,female,49.0,INVALID_DATE,1 Year,Credit card,7,113.22,792.54,0
CUST-8998,M,,2042-11-25,month-to-month,Electronic check,66,21.04,1388.6399999999999,0
CUST-8999,Male,21.0,INVALID_DATE,1 Year,Electronic check,62,56.72,3516.64,0
CUST-9000,Male,50.0,2042-11-27,1 Year,Credit card,30,105.24,3157.2,1
CUST-9001,female,,28-Nov-2042,Two year,Mailed check,52,111.05,5774.599999999999,1
CUST-9002,M,25.0,2042-11-29,month-to-month,Mailed check,36,51.13,1840.68,0
CUST-9003,Female,32.0,30-Nov-2042,Two year,Bank transfer,35,44.2,1547.0,0
CUST-9004,female,,INVALID_DATE,month-to-month,Electronic check,66,66.13,4364.58,0
CUST-9005,M,42.0,2042-12-02,1 Year,Electronic check,50,94.58,4729.0,1
CUST-9006,Male,,12/03/2042,month-to-month,Mailed check,3,35.4,106.19999999999999,0
CUST-9007,M,,INVALID_DATE,month-to-month,Electronic check,4,98.45,393.8,0
CUST-9008,Male,57.0,05-Dec-2042,One year,Mailed check,55,71.27,3919.85,0
CUST-9009,female,39.0,06-Dec-2042,month-to-month,Bank transfer,52,34.08,1772.1599999999999,0
CUST-9010,  Male  ,,07-Dec-2042,One year,Credit card,59,87.18,5143.620000000001,0
CUST-9011,female,,INVALID_DATE,Two year,Credit card,71,82.82,5880.219999999999,0
CUST-9012,F,47.0,INVALID_DATE,One year,Credit card,20,82.24,1644.8,0
CUST-9013,F,44.0,2042-12-10,Two year,Bank transfer,19,95.48,1814.1200000000001,1
CUST-9014,F,35.0,12/11/2042,month-to-month,Electronic check,8,38.12,304.96,0
CUST-9015,female,17.0,12-Dec-2042,Two year,Bank transfer,67,89.75,6013.25,0
CUST-9016,Female,32.0,13-Dec-2042,1 Year,Electronic check,27,108.73,2935.71,0
CUST-9017,female,33.0,2042-12-14,month-to-month,Electronic check,8,73.03,584.24,1
CUST-9018,  Male  ,32.0,2042-12-15,One year,Credit card,18,68.6,1234.8,1
CUST-9019,M,,12/16/2042,Month-to-month,Mailed check,29,99.78,,0
CUST-9020,female,36.0,17-Dec-2042,month-to-month,Mailed check,46,34.62,1592.52,1
CUST-9021,female,57.0,INVALID_DATE,1 Year,Credit card,36,54.09,1947.2400000000002,0
CUST-9022,Male,37.0,INVALID_DATE,Two year,Electronic check,3,105.38,316.14,1
CUST-9023,Male,55.0,INVALID_DATE,One year,Bank transfer,9,69.98,629.82,1
CUST-9024,Male,43.0,21-Dec-2042,One year,Credit card,10,104.04,1040.4,0
CUST-9025,female,,INVALID_DATE,1 Year, ,66,45.19,2982.54,0
CUST-9026,Female,32.0,23-Dec-2042,1 Year,Bank transfer,1,58.96,58.96,0
CUST-9027,M,24.0,INVALID_DATE,month-to-month,Electronic check,4,102.36,409.44,1
CUST-9028,M,39.0,25-Dec-2042,Month-to-month,Credit card,48,36.35,1744.8000000000002,0
CUST-9029,  Male  ,60.0,26-Dec-2042,Month-to-month,Credit card,18,109.48,1970.64,0
CUST-9030,Female,,INVALID_DATE,Two year,Electronic check,45,50.99,2294.55,0
CUST-9031,Female,33.0,INVALID_DATE,One year,Bank transfer,15,117.27,1759.05,1
CUST-9032,M,38.0,12/29/2042,month-to-month,Bank transfer,51,102.77,5241.2699999999995,0
CUST-9033,F,61.0,30-Dec-2042,One year,Mailed check,61,65.56,3999.1600000000003,1
CUST-9034,Male,49.0,2042-12-31,month-to-month,Mailed check,4,94.22,376.88,1
CUST-9035,Male,55.0,01-Jan-2043,1 Year,Bank transfer,19,75.53,,1
CUST-9036,M,16.0,INVALID_DATE,Two year,Mailed check,11,105.32,1158.52,0
CUST-9037,Female,30.0,03-Jan-2043,1 Year,Mailed check,28,71.81,2010.68,0
CUST-9038,  Male  ,31.0,04-Jan-2043,One year,Electronic check,57,118.8,6771.599999999999,0
CUST-9039,F,54.0,05-Jan-2043,Two year,Credit card,54,33.35,1800.9,0
CUST-9040,M,48.0,06-Jan-2043,month-to-month,Mailed check,65,87.65,5697.25,0
CUST-9041,Male,53.0,01/07/2043,month-to-month,Mailed check,47,44.57,2094.79,1
CUST-9042,female,17.0,2043-01-08,Two year,Electronic check,4,39.12,156.48,0
CUST-9043,Female,53.0,01/09/2043,1 Year,Bank transfer,34,60.83,2068.22,0
CUST-9044,female,48.0,2043-01-10,Two year,Mailed check,54,56.75,3064.5,0
CUST-9045,  Male  ,29.0,2043-01-11,1 Year,Credit card,61,24.63,1502.4299999999998,0
CUST-9046,M,38.0,2043-01-12,Two year,Mailed check,20,62.77,,0
CUST-9047,Male,29.0,INVALID_DATE,1 Year,Credit card,3,115.19,345.57,1
CUST-9048,F,39.0,14-Jan-2043,Month-to-month,Bank transfer,40,66.69,2667.6,0
CUST-9049,female,45.0,01/15/2043,Two year,Mailed check,69,50.18,3462.42,0
CUST-9050,F,57.0,2043-01-16,1 Year,Credit card,23,114.91,2642.93,0
CUST-9051,  Male  ,,INVALID_DATE,One year,Credit card,69,70.57,4869.33,0
CUST-9052,Male,34.0,2043-01-18,One year,Credit card,32,48.71,1558.72,0
CUST-9053,female,27.0,INVALID_DATE,Two year,Bank transfer,24,98.3,2359.2,1
CUST-9054,  Male  ,49.0,INVALID_DATE,Two year,Credit card,51,42.36,2160.36,0
CUST-9055,F,21.0,21-Jan-2043,month-to-month,Electronic check,58,44.77,2596.6600000000003,0
CUST-9056,F,42.0,22-Jan-2043,1 Year,Bank transfer,42,52.43,2202.06,0
CUST-9057,female,25.0,01/23/2043,Two year,Credit card,35,59.48,2081.7999999999997,0
CUST-9058,Male,,2043-01-24,One year,Bank transfer,32,78.29,2505.28,0
CUST-9059,F,54.0,2043-01-25,One year,Bank transfer,54,71.53,3862.62,0
CUST-9060,M,34.0,2043-01-26,One year,Electronic check,45,94.37,,0
CUST-9061,  Male  ,43.0,INVALID_DATE,1 Year,Credit card,48,91.72,4402.5599999999995,0
CUST-9062,female,29.0,01/28/2043,Month-to-month,Bank transfer,49,24.56,1203.4399999999998,0
CUST-9063,Female,39.0,29-Jan-2043,Two year,Bank transfer,34,33.39,1135.26,0
CUST-9064,Female,21.0,30-Jan-2043,Month-to-month,Credit card,16,41.52,664.32,0
CUST-9065,Male,48.0,01/31/2043,1 Year,Electronic check,11,79.77,877.4699999999999,1
CUST-9066,M,35.0,01-Feb-2043,Two year,Mailed check,19,109.53,2081.07,1
CUST-9067,F,37.0,2043-02-02,month-to-month,Credit card,29,52.49,1522.21,0
CUST-9068,Female,41.0,INVALID_DATE,Two year,Mailed check,54,116.37,6283.9800000000005,0
CUST-9069,Male,16.0,2043-02-04,Two year,Credit card,53,37.29,1976.37,0
CUST-9070,  Male  ,32.0,02/05/2043,Two year, ,67,112.47,7535.49,0
CUST-9071,M,42.0,06-Feb-2043,Two year,Bank transfer,32,100.1,3203.2,0
CUST-9072,M,38.0,02/07/2043,Two year,Credit card,56,58.9,3298.4,0
CUST-9073,Male,66.0,02/08/2043,1 Year,Electronic check,63,40.63,,0
CUST-9074,Male,55.0,09-Feb-2043,Two year,Electronic check,4,59.13,236.52,0
CUST-9075,F,42.0,02/10/2043,1 Year,Credit card,11,41.37,455.07,0
CUST-9076,Male,28.0,2043-02-11,Two year,Bank transfer,3,76.12,228.36,0
CUST-9077,F,34.0,02/12/2043,Two year, ,27,77.48,2091.96,1
CUST-9078,F,48.0,INVALID_DATE,1 Year,Mailed check,44,96.82,4260.08,0
CUST-9079,female,41.0,2043-02-14,Two year,Credit card,18,72.79,1310.22,0
CUST-9080,M,55.0,2043-02-15,One year,Mailed check,30,54.51,1635.3,0
CUST-9081,  Male  ,41.0,02/16/2043,Two year,Bank transfer,70,111.16,7781.2,0
CUST-9082,M,41.0,2043-02-17,month-to-month,Electronic check,47,27.8,1306.6000000000001,0
CUST-9083,M,59.0,02/18/2043,1 Year,Bank transfer,34,100.88,3429.92,1
CUST-9084,female,27.0,INVALID_DATE,Two year, ,42,60.96,2560.32,0
CUST-9085,F,61.0,02/20/2043,Two year,Mailed check,23,38.11,876.53,0
CUST-9086,F,49.0,21-Feb-2043,1 Year,Bank transfer,40,32.04,1281.6,0
CUST-9087,Male,79.0,02/22/2043,Month-to-month,Electronic check,15,42.08,,0
CUST-9088,female,,2043-02-23,One year,Mailed check,57,32.2,1835.4,0
CUST-9089,Male,60.0,02/24/2043,One year,Bank transfer,14,65.89,922.46,0
CUST-9090,female,42.0,02/25/2043,Two year,Credit card,12,54.97,659.64,1
CUST-9091,Male,38.0,26-Feb-2043,1 Year,Bank transfer,35,55.66,1948.1,1
CUST-9092,Female,44.0,27-Feb-2043,month-to-month,Mailed check,25,35.69,892.25,0
CUST-9093,M,42.0,2043-02-28,Two year,Bank transfer,2,85.97,171.94,1
CUST-9094,M,31.0,INVALID_DATE,One year,Mailed check,18,80.78,,0
CUST-9095,  Male  ,38.0,INVALID_DATE,Two year,Electronic check,35,118.23,4138.05,0
CUST-9096,F,44.0,2043-03-03,1 Year,Bank transfer,9,36.76,330.84,0
CUST-9097,  Male  ,,2043-03-04,month-to-month,Mailed check,11,103.4,1137.4,0
CUST-9098,Female,46.0,2043-03-05,Month-to-month,Mailed check,67,23.39,1567.13,0
CUST-9099,  Male  ,36.0,INVALID_DATE,month-to-month,Credit card,69,27.33,1885.77,0
CUST-9100,M,46.0,INVALID_DATE,Two year,Electronic check,38,84.81,3222.78,0
CUST-9101,F,44.0,INVALID_DATE,One year, ,70,60.65,4245.5,0
CUST-9102,Female,45.0,09-Mar-2043,1 Year,Credit card,59,43.05,2539.95,0
CUST-9103,M,24.0,03/10/2043,Two year, ,66,20.28,,0
CUST-9104,Male,53.0,11-Mar-2043,Month-to-month,Mailed check,41,86.31,3538.71,1
CUST-9105,female,30.0,12-Mar-2043,1 Year,Mailed check,24,64.08,1537.92,0
CUST-9106,Female,,13-Mar-2043,1 Year,Mailed check,50,37.08,1854.0,0
CUST-9107,F,32.0,03/14/2043,1 Year,Bank transfer,5,117.22,586.1,1
CUST-9108,  Male  ,41.0,INVALID_DATE,Two year,Bank transfer,21,55.08,1156.68,0
CUST-9109,  Male  ,39.0,03/16/2043,Month-to-month,Electronic check,6,50.31,301.86,0
CUST-9110,Female,48.0,17-Mar-2043,Two year,Credit card,4,71.03,284.12,0
CUST-9111,F,41.0,03/18/2043,1 Year,Electronic check,9,47.72,429.48,0
CUST-9112,Female,35.0,INVALID_DATE,1 Year,Electronic check,69,47.28,3262.32,0
CUST-9113,F,18.0,20-Mar-2043,One year,Bank transfer,68,116.63,7930.84,1
CUST-9114,  Male  ,51.0,21-Mar-2043,month-to-month,Mailed check,9,46.11,414.99,0
CUST-9115,M,46.0,2043-03-22,Two year,Bank transfer,18,80.55,1449.8999999999999,1
CUST-9116,Male,51.0,INVALID_DATE,Month-to-month,Bank transfer,59,23.74,1400.6599999999999,0
CUST-9117,M,38.0,24-Mar-2043,1 Year,Bank transfer,43,35.43,1523.49,0
CUST-9118,Male,44.0,25-Mar-2043,Two year,Electronic check,66,22.21,1465.8600000000001,0
CUST-9119,  Male  ,,INVALID_DATE,month-to-month,Mailed check,29,73.45,2130.05,0
CUST-9120,M,,27-Mar-2043,Two year,Bank transfer,48,69.16,3319.68,0
CUST-9121,M,37.0,2043-03-28,month-to-month,Electronic check,51,53.09,2707.59,0
CUST-9122,Female,51.0,03/29/2043,Two year,Bank transfer,42,90.03,,0
CUST-9123,female,37.0,2043-03-30,One year,Credit card,36,82.58,2972.88,0
CUST-9124,  Male  ,39.0,03/31/2043,Two year,Mailed check,45,80.03,3601.35,0
CUST-9125,F,43.0,2043-04-01,One year,Electronic check,35,53.63,1877.0500000000002,0
CUST-9126,  Male  ,,04/02/2043,month-to-month,Credit card,6,52.71,316.26,0
CUST-9127,F,52.0,2043-04-03,1 Year,Bank transfer,37,107.34,3971.58,0
CUST-9128,F,31.0,04-Apr-2043,1 Year,Credit card,36,74.4,2678.4,0
CUST-9129,Male,,04/05/2043,Two year,Credit card,16,47.22,755.52,0
CUST-9130,F,46.0,INVALID_DATE,Month-to-month,Electronic check,22,74.32,1635.04,1
CUST-9131,F,20.0,INVALID_DATE,Two year,Mailed check,69,46.68,3220.92,0
CUST-9132,Female,43.0,2043-04-08,One year,Mailed check,69,38.53,2658.57,0
CUST-9133,M,56.0,2043-04-09,One year, ,63,48.22,3037.86,0
CUST-9134,  Male  ,36.0,2043-04-10,month-to-month,Bank transfer,19,82.89,1574.91,1
CUST-9135,  Male  ,27.0,04/11/2043,Two year,Credit card,18,71.58,1288.44,0
CUST-9136,F,46.0,12-Apr-2043,month-to-month,Mailed check,17,36.45,619.6500000000001,0
CUST-9137,female,42.0,INVALID_DATE,Month-to-month,Mailed check,41,110.79,4542.39,1
CUST-9138,  Male  ,58.0,2043-04-14,1 Year,Credit card,33,69.83,2304.39,0
CUST-9139,F,45.0,04/15/2043,1 Year,Bank transfer,55,99.37,5465.35,0
CUST-9140,Male,,04/16/2043,Two year,Credit card,24,53.07,,0
CUST-9141,Male,28.0,INVALID_DATE,month-to-month,Electronic check,40,115.76,4630.400000000001,1
CUST-9142,Male,50.0,INVALID_DATE,month-to-month,Electronic check,28,95.21,2665.8799999999997,0
CUST-9143,F,44.0,19-Apr-2043,Month-to-month,Bank transfer,67,65.45,4385.150000000001,1
CUST-9144,Female,39.0,INVALID_DATE,month-to-month,Mailed check,39,110.23,,0
CUST-9145,female,42.0,21-Apr-2043,One year,Mailed check,21,91.75,1926.75,0
CUST-9146,F,45.0,22-Apr-2043,One year,Bank transfer,37,63.05,2332.85,0
CUST-9147,Female,44.0,04/23/2043,One year,Bank transfer,2,117.41,234.82,1
CUST-9148,Female,,04/24/2043,Two year,Electronic check,6,49.85,299.1,0
CUST-9149,  Male  ,55.0,25-Apr-2043,One year,Electronic check,52,45.66,2374.3199999999997,0
CUST-9150,F,55.0,2043-04-26,One year,Bank transfer,5,109.47,547.35,0
CUST-9151,F,62.0,27-Apr-2043,1 Year,Mailed check,47,90.74,,0
CUST-9152,Female,59.0,INVALID_DATE,Two year,Credit card,43,54.55,2345.65,0
CUST-9153,Female,57.0,29-Apr-2043,One year,Credit card,40,43.18,1727.2,0
CUST-9154,Female,37.0,30-Apr-2043,Month-to-month,Credit card,11,37.8,415.79999999999995,0
CUST-9155,  Male  ,44.0,01-May-2043,One year,Electronic check,14,51.35,718.9,1
CUST-9156,F,54.0,2043-05-02,Two year,Bank transfer,2,32.55,65.1,0
CUST-9157,Female,18.0,2043-05-03,month-to-month, ,39,34.53,1346.67,0
CUST-9158,Male,37.0,04-May-2043,1 Year,Electronic check,63,97.66,6152.58,0
CUST-9159,F,20.0,INVALID_DATE,1 Year,Bank transfer,63,26.38,1661.9399999999998,0
CUST-9160,  Male  ,43.0,05/06/2043,Two year,Bank transfer,18,63.93,1150.74,1
CUST-9161,Male,55.0,INVALID_DATE,One year,Credit card,1,60.5,60.5,1
CUST-9162,M,40.0,05/08/2043,Month-to-month,Credit card,17,116.02,1972.34,1
CUST-9163,F,33.0,INVALID_DATE,One year,Mailed check,54,66.55,3593.7,0
CUST-9164,M,43.0,2043-05-10,One year, ,39,36.09,1407.5100000000002,0
CUST-9165,Female,45.0,INVALID_DATE,Month-to-month,Credit card,48,28.84,1384.32,0
CUST-9166,  Male  ,46.0,12-May-2043,1 Year,Credit card,66,93.24,6153.839999999999,0
CUST-9167,Female,25.0,05/13/2043,One year,Bank transfer,15,34.77,521.5500000000001,0
CUST-9168,  Male  ,43.0,INVALID_DATE,month-to-month, ,22,113.8,2503.6,0
CUST-9169,female,,INVALID_DATE,month-to-month,Bank transfer,20,75.92,1518.4,0
CUST-9170,Female,51.0,INVALID_DATE,Two year,Mailed check,43,60.17,2587.31,0
CUST-9171,M,39.0,2043-05-17,Two year,Mailed check,56,88.43,4952.08,0
CUST-9172,  Male  ,64.0,2043-05-18,Month-to-month,Electronic check,24,39.89,957.36,1
CUST-9173,Female,41.0,INVALID_DATE,Month-to-month,Credit card,43,58.23,2503.89,0
CUST-9174,F,34.0,2043-05-20,Two year,Electronic check,21,23.34,490.14,0
CUST-9175,  Male  ,28.0,INVALID_DATE,One year,Mailed check,48,107.77,5172.96,0
CUST-9176,  Male  ,,2043-05-22,1 Year,Bank transfer,66,62.53,4126.9800000000005,1
CUST-9177,Female,30.0,INVALID_DATE,month-to-month,Mailed check,16,95.88,1534.08,0
CUST-9178,female,38.0,24-May-2043,Month-to-month,Electronic check,40,111.69,4467.6,1
CUST-9179,Female,60.0,2043-05-25,Two year,Credit card,21,85.28,,1
CUST-9180,M,22.0,INVALID_DATE,month-to-month,Bank transfer,52,57.57,2993.64,0
CUST-9181,M,23.0,05/27/2043,Month-to-month,Mailed check,8,81.95,655.6,0
CUST-9182,  Male  ,37.0,28-May-2043,Month-to-month,Mailed check,55,56.03,3081.65,0
CUST-9183,  Male  ,24.0,2043-05-29,One year,Credit card,58,76.73,,0
CUST-9184,Female,28.0,INVALID_DATE,Month-to-month,Mailed check,5,63.22,316.1,0
CUST-9185,M,44.0,05/31/2043,1 Year,Mailed check,42,34.99,1469.5800000000002,0
CUST-9186,M,39.0,06/01/2043,Month-to-month,Credit card,30,98.01,2940.3,1
CUST-9187,female,45.0,06/02/2043,1 Year,Electronic check,9,69.64,626.76,0
CUST-9188,F,47.0,03-Jun-2043,One year,Electronic check,41,39.01,1599.4099999999999,1
CUST-9189,female,56.0,04-Jun-2043,1 Year,Electronic check,51,109.18,5568.18,0
CUST-9190,Male,45.0,06/05/2043,month-to-month,Electronic check,57,105.32,6003.24,0
CUST-9191,female,54.0,06-Jun-2043,Month-to-month,Bank transfer,61,75.88,,0
CUST-9192,Female,,INVALID_DATE,Two year,Bank transfer,6,117.03,702.1800000000001,1
CUST-9193,F,45.0,2043-06-08,Two year,Credit card,26,112.72,2930.72,1
CUST-9194,Female,,2043-06-09,1 Year,Credit card,6,109.7,658.2,0
CUST-9195,Male,43.0,2043-06-10,One year,Credit card,53,33.33,1766.49,0
CUST-9196,F,42.0,11-Jun-2043,1 Year,Bank transfer,61,49.46,3017.06,0
CUST-9197,  Male  ,62.0,INVALID_DATE,1 Year,Mailed check,33,61.02,2013.66,0
CUST-9198,M,,INVALID_DATE,1 Year,Bank transfer,45,103.19,4643.55,1
CUST-9199,female,35.0,14-Jun-2043,month-to-month,Electronic check,40,107.12,4284.8,0
CUST-9200,Female,68.0,15-Jun-2043,month-to-month,Electronic check,24,95.15,2283.6000000000004,0
CUST-9201,Male,35.0,INVALID_DATE,1 Year,Mailed check,45,67.24,3025.7999999999997,1
CUST-9202,M,40.0,INVALID_DATE,One year,Credit card,38,36.19,1375.2199999999998,0
CUST-9203,female,30.0,06/18/2043,Month-to-month, ,29,23.52,,0
CUST-9204,M,49.0,2043-06-19,Two year, ,8,89.93,719.44,1
CUST-9205,female,60.0,06/20/2043,month-to-month,Mailed check,64,119.42,,0
CUST-9206,  Male  ,22.0,INVALID_DATE,Month-to-month,Bank transfer,51,54.55,,0
CUST-9207,F,37.0,06/22/2043,month-to-month,Mailed check,6,76.87,461.22,0
CUST-9208,M,53.0,2043-06-23,month-to-month,Credit card,47,101.06,4749.82,0
CUST-9209,M,27.0,24-Jun-2043,month-to-month,Bank transfer,49,38.65,1893.85,0
CUST-9210,M,47.0,06/25/2043,1 Year,Bank transfer,32,102.96,3294.72,0
CUST-9211,F,24.0,06/26/2043,1 Year,Mailed check,54,82.53,4456.62,0
CUST-9212,Male,45.0,27-Jun-2043,month-to-month,Credit card,36,76.98,,0
CUST-9213,female,41.0,28-Jun-2043,month-to-month,Credit card,19,96.23,1828.3700000000001,1
CUST-9214,  Male  ,80.0,2043-06-29,Two year,Electronic check,37,44.09,1631.3300000000002,1
CUST-9215,M,49.0,INVALID_DATE,Month-to-month,Bank transfer,17,81.48,1385.16,1
CUST-9216,F,14.0,07/01/2043,Month-to-month,Electronic check,16,44.04,$1200.50,0
CUST-9217,Male,39.0,2043-07-02,One year,Credit card,58,37.95,2201.1000000000004,0
CUST-9218,female,50.0,07/03/2043,One year,Credit card,44,82.34,3622.96,0
CUST-9219,F,,2043-07-04,One year,Electronic check,68,46.93,3191.24,0
CUST-9220,  Male  ,35.0,2043-07-05,1 Year,Bank transfer,49,91.44,4480.5599999999995,0
CUST-9221,  Male  ,35.0,06-Jul-2043,1 Year,Electronic check,51,71.45,3643.9500000000003,0
CUST-9222,female,47.0,INVALID_DATE,Two year,Credit card,5,89.5,447.5,0
CUST-9223,M,25.0,07/08/2043,1 Year,Credit card,58,109.16,,1
CUST-9224,  Male  ,33.0,INVALID_DATE,One year,Mailed check,46,33.82,1555.72,0
CUST-9225,Male,52.0,2043-07-10,month-to-month,Mailed check,55,26.67,1466.8500000000001,0
CUST-9226,F,34.0,11-Jul-2043,One year,Electronic check,17,59.99,1019.83,0
CUST-9227,Male,33.0,INVALID_DATE,Two year,Mailed check,12,91.67,1100.04,0
CUST-9228,M,23.0,13-Jul-2043,month-to-month,Credit card,24,108.62,2606.88,1
CUST-9229,Male,48.0,14-Jul-2043,1 Year,Bank transfer,56,23.48,1314.88,0
CUST-9230,Male,45.0,07/15/2043,month-to-month,Bank transfer,55,99.3,5461.5,0
CUST-9231,Female,52.0,2043-07-16,Two year,Electronic check,16,27.54,440.64,0
CUST-9232,Male,39.0,07/17/2043,1 Year,Mailed check,22,78.06,1717.3200000000002,1
CUST-9233,female,44.0,07/18/2043,Month-to-month,Electronic check,44,54.41,2394.04,0
CUST-9234,F,44.0,INVALID_DATE,One year,Mailed check,43,21.77,,0
CUST-9235,Female,23.0,20-Jul-2043,One year,Bank transfer,21,29.71,623.91,0
CUST-9236,F,68.0,07/21/2043,Two year,Mailed check,8,55.37,442.96,0
CUST-9237,F,52.0,07/22/2043,Two year,Mailed check,49,115.38,5653.62,0
CUST-9238,M,41.0,2043-07-23,One year,Electronic check,6,35.48,212.88,0
CUST-9239,M,37.0,INVALID_DATE,month-to-month,Bank transfer,47,47.2,$1200.50,0
CUST-9240,Female,56.0,INVALID_DATE,Month-to-month,Mailed check,36,119.41,,0
CUST-9241,  Male  ,41.0,26-Jul-2043,Month-to-month,Bank transfer,23,68.06,1565.38,1
CUST-9242,M,,27-Jul-2043,Two year,Mailed check,31,46.22,1432.82,0
CUST-9243,M,33.0,INVALID_DATE,Two year,Bank transfer,62,81.59,5058.58,0
CUST-9244,M,29.0,INVALID_DATE,month-to-month,Mailed check,57,63.6,3625.2000000000003,0
CUST-9245,F,38.0,2043-07-30,Two year,Credit card,70,105.83,7408.099999999999,0
CUST-9246,Female,40.0,07/31/2043,Month-to-month,Bank transfer,65,20.8,1352.0,0
CUST-9247,F,45.0,2043-08-01,One year,Credit card,37,119.68,4428.16,1
CUST-9248,female,58.0,2043-08-02,Month-to-month,Credit card,68,26.63,1810.84,0
CUST-9249,F,53.0,INVALID_DATE,month-to-month,Credit card,17,73.71,1253.07,0
CUST-9250,female,56.0,INVALID_DATE,One year,Mailed check,7,89.74,628.18,0
CUST-9251,Male,31.0,08/05/2043,One year,Bank transfer,52,74.98,3898.96,0
CUST-9252,Male,36.0,06-Aug-2043,Month-to-month,Mailed check,35,50.08,1752.8,0
CUST-9253,female,52.0,INVALID_DATE,One year,Mailed check,2,105.54,,1
CUST-9254,female,55.0,2043-08-08,One year,Bank transfer,40,63.04,2521.6,1
CUST-9255,F,49.0,08/09/2043,Two year,Electronic check,37,50.07,,0
CUST-9256,female,33.0,10-Aug-2043,One year,Mailed check,57,96.83,5519.3099999999995,0
CUST-9257,Female,28.0,2043-08-11,month-to-month,Credit card,10,34.59,345.90000000000003,0
CUST-9258,Male,43.0,2043-08-12,One year,Mailed check,46,40.5,1863.0,0
CUST-9259,Male,29.0,13-Aug-2043,Two year,Electronic check,5,45.28,226.4,1
CUST-9260,  Male  ,46.0,2043-08-14,1 Year, ,5,63.49,317.45,0
CUST-9261,female,55.0,2043-08-15,1 Year,Mailed check,27,22.03,594.8100000000001,0
CUST-9262,M,42.0,08/16/2043,month-to-month,Bank transfer,5,119.18,595.9000000000001,1
CUST-9263,M,,2043-08-17,month-to-month,Credit card,61,80.02,,0
CUST-9264,female,,2043-08-18,One year,Electronic check,8,117.07,936.56,1
CUST-9265,Female,50.0,08/19/2043,One year,Mailed check,31,100.75,3123.25,0
CUST-9266,M,46.0,08/20/2043,1 Year,Bank transfer,21,33.43,702.03,0
CUST-9267,  Male  ,47.0,21-Aug-2043,1 Year,Credit card,21,40.91,859.1099999999999,1
CUST-9268,female,61.0,22-Aug-2043,Month-to-month,Credit card,51,23.44,1195.44,0
CUST-9269,Female,44.0,23-Aug-2043,1 Year,Bank transfer,59,103.38,6099.42,0
CUST-9270,Female,44.0,08/24/2043,1 Year,Electronic check,2,79.35,158.7,0
CUST-9271,F,50.0,2043-08-25,month-to-month,Credit card,30,41.51,1245.3,0
CUST-9272,Female,26.0,2043-08-26,Month-to-month,Electronic check,58,117.01,6786.58,1
CUST-9273,M,35.0,2043-08-27,Month-to-month,Electronic check,20,93.67,1873.4,0
CUST-9274,M,31.0,2043-08-28,One year,Bank transfer,40,90.55,3622.0,0
CUST-9275,female,,08/29/2043,One year, ,29,46.7,1354.3000000000002,0
CUST-9276,female,,INVALID_DATE,Month-to-month,Mailed check,5,51.34,256.70000000000005,1
CUST-9277,Female,47.0,31-Aug-2043,Month-to-month, ,10,86.8,868.0,0
CUST-9278,  Male  ,37.0,INVALID_DATE,One year,Bank transfer,61,79.36,4840.96,0
CUST-9279,Male,36.0,02-Sep-2043,month-to-month,Electronic check,1,84.73,,1
CUST-9280,F,51.0,03-Sep-2043,month-to-month,Mailed check,47,107.88,5070.36,0
CUST-9281,Male,24.0,09/04/2043,month-to-month,Bank transfer,57,36.04,2054.2799999999997,0
CUST-9282,Female,34.0,05-Sep-2043,month-to-month,Electronic check,14,31.63,442.82,0
CUST-9283,Female,75.0,09/06/2043,One year,Credit card,25,76.46,1911.4999999999998,1
CUST-9284,Male,62.0,INVALID_DATE,Two year,Electronic check,21,70.02,1470.4199999999998,0
CUST-9285,F,18.0,2043-09-08,1 Year,Mailed check,16,60.29,964.64,0
CUST-9286,Male,34.0,INVALID_DATE,1 Year,Mailed check,32,110.47,3535.04,1
CUST-9287,female,41.0,INVALID_DATE,1 Year,Electronic check,45,75.84,3412.8,0
CUST-9288,M,23.0,09/11/2043,1 Year,Credit card,64,76.73,4910.72,0
CUST-9289,  Male  ,,09/12/2043,One year,Mailed check,60,56.64,3398.4,1
CUST-9290,female,40.0,13-Sep-2043,Two year,Mailed check,19,54.41,,0
CUST-9291,M,38.0,2043-09-14,One year,Credit card,47,118.76,5581.72,0
CUST-9292,  Male  ,,INVALID_DATE,Two year,Bank transfer,64,82.31,5267.84,1
CUST-9293,  Male  ,44.0,INVALID_DATE,One year,Mailed check,30,102.51,3075.3,0
CUST-9294,  Male  ,30.0,09/17/2043,Month-to-month,Electronic check,47,64.75,,0
CUST-9295,Female,56.0,09/18/2043,Two year,Credit card,33,39.19,,0
CUST-9296,  Male  ,42.0,09/19/2043,1 Year,Mailed check,21,52.48,1102.08,0
CUST-9297,F,56.0,INVALID_DATE,Two year,Bank transfer,63,54.61,3440.43,0
CUST-9298,Male,33.0,09/21/2043,month-to-month,Mailed check,42,76.49,3212.58,0
CUST-9299,F,18.0,22-Sep-2043,Two year,Bank transfer,61,35.46,2163.06,0
CUST-9300,Male,57.0,23-Sep-2043,month-to-month,Mailed check,43,58.7,2524.1,0
CUST-9301,female,49.0,24-Sep-2043,month-to-month, ,68,30.06,,0
CUST-9302,female,54.0,2043-09-25,Month-to-month,Electronic check,26,69.65,1810.9,0
CUST-9303,Male,55.0,26-Sep-2043,Two year,Credit card,33,114.74,3786.4199999999996,1
CUST-9304,F,40.0,09/27/2043,Month-to-month,Credit card,33,53.89,1778.3700000000001,1
CUST-9305,Male,36.0,09/28/2043,1 Year,Electronic check,49,24.97,1223.53,0
CUST-9306,  Male  ,39.0,INVALID_DATE,Two year, ,41,80.88,3316.08,0
CUST-9307,Female,47.0,2043-09-30,One year,Credit card,36,83.47,3004.92,0
CUST-9308,female,43.0,2043-10-01,One year,Credit card,22,67.96,1495.12,0
CUST-9309,Female,18.0,10/02/2043,One year,Mailed check,47,59.69,2805.43,0
CUST-9310,  Male  ,39.0,INVALID_DATE,month-to-month,Mailed check,20,109.27,2185.4,1
CUST-9311,  Male  ,57.0,04-Oct-2043,One year,Bank transfer,24,113.84,2732.16,0
CUST-9312,female,40.0,05-Oct-2043,1 Year,Bank transfer,43,87.32,3754.7599999999998,0
CUST-9313,female,67.0,INVALID_DATE,Two year,Credit card,16,70.12,1121.92,0
CUST-9314,  Male  ,,INVALID_DATE,Two year,Credit card,27,26.75,722.25,0
CUST-9315,M,44.0,10/08/2043,month-to-month, ,45,50.1,2254.5,0
CUST-9316,Female,28.0,2043-10-09,month-to-month,Electronic check,37,48.51,1794.87,0
CUST-9317,Female,,INVALID_DATE,month-to-month, ,13,25.82,335.66,0
CUST-9318,M,30.0,10/11/2043,1 Year,Credit card,51,104.34,,0
CUST-9319,F,67.0,2043-10-12,Two year,Credit card,2,106.7,213.4,0
CUST-9320,Female,37.0,13-Oct-2043,Month-to-month,Mailed check,59,111.24,6563.16,0
CUST-9321,Male,32.0,INVALID_DATE,month-to-month,Bank transfer,14,94.18,1318.52,0
CUST-9322,  Male  ,40.0,15-Oct-2043,One year,Credit card,49,91.05,4461.45,1
CUST-9323,  Male  ,37.0,10/16/2043,Month-to-month,Credit card,30,67.78,,0
CUST-9324,M,50.0,17-Oct-2043,Month-to-month,Credit card,9,105.74,,1
CUST-9325,Female,,10/18/2043,month-to-month,Credit card,24,71.01,1704.2400000000002,0
CUST-9326,F,,10/19/2043,One year,Mailed check,41,22.96,941.36,0
CUST-9327,Female,50.0,2043-10-20,month-to-month,Mailed check,60,78.49,4709.4,0
CUST-9328,  Male  ,34.0,10/21/2043,month-to-month,Mailed check,32,59.05,1889.6,0
CUST-9329,female,31.0,10/22/2043,One year,Bank transfer,47,72.13,,0
CUST-9330,Male,30.0,23-Oct-2043,Month-to-month,Credit card,21,64.07,1345.4699999999998,0
CUST-9331,M,49.0,2043-10-24,Month-to-month,Bank transfer,42,69.68,2926.5600000000004,0
CUST-9332,female,48.0,2043-10-25,One year,Bank transfer,70,30.86,2160.2,0
CUST-9333,F,51.0,2043-10-26,Month-to-month,Mailed check,2,21.45,42.9,0
CUST-9334,female,26.0,27-Oct-2043,1 Year,Credit card,31,54.02,1674.6200000000001,0
CUST-9335,female,25.0,2043-10-28,month-to-month,Credit card,56,45.45,2545.2000000000003,0
CUST-9336,F,54.0,29-Oct-2043,1 Year,Bank transfer,30,45.01,1350.3,0
CUST-9337,female,42.0,2043-10-30,1 Year, ,63,113.71,7163.73,1
CUST-9338,M,33.0,10/31/2043,1 Year,Electronic check,15,101.9,,0
CUST-9339,  Male  ,38.0,INVALID_DATE,Two year,Credit card,18,21.34,384.12,1
CUST-9340,Female,25.0,2043-11-02,Two year,Credit card,32,20.87,667.84,0
CUST-9341,female,34.0,03-Nov-2043,1 Year,Bank transfer,14,97.69,1367.6599999999999,1
CUST-9342,M,,INVALID_DATE,month-to-month,Bank transfer,62,118.49,7346.38,0
CUST-9343,Female,44.0,05-Nov-2043,1 Year,Mailed check,52,66.52,3459.04,0
CUST-9344,Female,39.0,11/06/2043,1 Year,Bank transfer,22,63.31,1392.8200000000002,0
CUST-9345,female,38.0,11/07/2043,Two year,Bank transfer,14,47.58,666.12,0
CUST-9346,M,49.0,08-Nov-2043,1 Year,Electronic check,34,86.66,2946.44,0
CUST-9347,  Male  ,39.0,INVALID_DATE,month-to-month,Electronic check,56,67.16,3760.96,0
CUST-9348,female,35.0,INVALID_DATE,month-to-month,Electronic check,53,36.75,1947.75,0
CUST-9349,F,31.0,2043-11-11,1 Year,Electronic check,49,68.14,3338.86,0
CUST-9350,Female,19.0,11/12/2043,month-to-month,Bank transfer,63,57.64,3631.32,0
CUST-9351,female,48.0,INVALID_DATE,1 Year,Credit card,16,108.98,1743.68,0
CUST-9352,Female,58.0,11/14/2043,Two year,Electronic check,40,97.16,3886.3999999999996,0
CUST-9353,M,30.0,INVALID_DATE,1 Year,Mailed check,38,90.12,3424.5600000000004,0
CUST-9354,Male,25.0,INVALID_DATE,Month-to-month,Mailed check,18,52.72,948.96,1
CUST-9355,female,33.0,2043-11-17,Two year,Bank transfer,23,33.96,781.08,0
CUST-9356,  Male  ,43.0,18-Nov-2043,month-to-month,Mailed check,48,106.47,5110.5599999999995,1
CUST-9357,female,34.0,11/19/2043,month-to-month,Electronic check,46,54.27,2496.42,0
CUST-9358,Female,34.0,11/20/2043,Two year,Credit card,22,79.3,1744.6,0
CUST-9359,M,,21-Nov-2043,Month-to-month,Credit card,54,79.08,4270.32,0
CUST-9360,F,41.0,2043-11-22,Two year,Electronic check,40,112.81,4512.4,0
CUST-9361,  Male  ,44.0,2043-11-23,One year,Mailed check,30,37.17,1115.1000000000001,0
CUST-9362,M,36.0,11/24/2043,Month-to-month, ,55,97.16,,0
CUST-9363,female,36.0,25-Nov-2043,Two year,Credit card,56,66.26,3710.5600000000004,0
CUST-9364,F,17.0,2043-11-26,One year,Electronic check,42,37.48,1574.1599999999999,0
CUST-9365,M,51.0,27-Nov-2043,1 Year,Electronic check,42,103.56,4349.52,0
CUST-9366,Male,43.0,INVALID_DATE,Month-to-month,Mailed check,62,102.01,6324.62,1
CUST-9367,  Male  ,58.0,11/29/2043,1 Year,Bank transfer,53,24.02,1273.06,0
CUST-9368,Female,46.0,2043-11-30,One year,Bank transfer,53,90.94,4819.82,0
CUST-9369,M,39.0,INVALID_DATE,month-to-month,Mailed check,64,35.35,2262.4,0
CUST-9370,M,22.0,02-Dec-2043,month-to-month,Electronic check,1,81.04,,1
CUST-9371,Male,,03-Dec-2043,month-to-month,Mailed check,69,84.38,5822.219999999999,0
CUST-9372,female,,12/04/2043,1 Year,Mailed check,27,86.52,2336.04,1
CUST-9373,  Male  ,47.0,INVALID_DATE,Month-to-month,Mailed check,17,32.01,544.17,0
CUST-9374,  Male  ,58.0,2043-12-06,1 Year,Electronic check,63,79.83,5029.29,0
CUST-9375,Female,51.0,12/07/2043,1 Year,Credit card,41,29.99,1229.59,0
CUST-9376,M,36.0,INVALID_DATE,month-to-month,Electronic check,58,94.56,5484.4800000000005,0
CUST-9377,F,12.0,12/09/2043,1 Year,Credit card,57,26.37,1503.0900000000001,0
CUST-9378,M,47.0,INVALID_DATE,One year,Credit card,38,95.78,3639.64,0
CUST-9379,Female,,2043-12-11,Two year,Mailed check,66,108.35,7151.099999999999,0
CUST-9380,M,38.0,12-Dec-2043,Two year,Bank transfer,45,49.85,2243.25,0
CUST-9381,Male,45.0,13-Dec-2043,Two year,Mailed check,23,97.83,2250.09,1
CUST-9382,M,32.0,14-Dec-2043,month-to-month,Electronic check,20,61.75,1235.0,0
CUST-9383,M,30.0,2043-12-15,month-to-month, ,36,99.77,3591.72,0
CUST-9384,F,36.0,INVALID_DATE,Two year,Bank transfer,42,88.63,3722.46,0
CUST-9385,Male,15.0,12/17/2043,Month-to-month, ,22,48.91,1076.02,0
CUST-9386,Male,28.0,18-Dec-2043,Two year,Electronic check,60,39.37,2362.2,0
CUST-9387,M,27.0,19-Dec-2043,1 Year,Mailed check,11,111.47,1226.17,1
CUST-9388,  Male  ,37.0,2043-12-20,Two year,Electronic check,28,103.9,2909.2000000000003,0
CUST-9389,F,29.0,2043-12-21,Two year,Credit card,45,85.99,3869.5499999999997,0
CUST-9390,M,34.0,INVALID_DATE,Month-to-month,Credit card,22,54.94,1208.6799999999998,0
CUST-9391,M,35.0,INVALID_DATE,month-to-month,Bank transfer,63,71.05,,0
CUST-9392,Female,66.0,INVALID_DATE,month-to-month,Mailed check,31,75.79,,0
CUST-9393,Female,49.0,12/25/2043,1 Year,Mailed check,11,28.61,314.71,0
CUST-9394,  Male  ,39.0,INVALID_DATE,Two year,Bank transfer,36,117.22,4219.92,0
CUST-9395,F,,INVALID_DATE,One year,Electronic check,35,29.18,1021.3,0
CUST-9396,female,51.0,12/28/2043,1 Year,Mailed check,23,92.17,2119.91,0
CUST-9397,Female,43.0,29-Dec-2043,month-to-month,Bank transfer,29,69.28,2009.1200000000001,0
CUST-9398,female,28.0,30-Dec-2043,Month-to-month,Bank transfer,23,95.99,2207.77,1
CUST-9399,Male,38.0,2043-12-31,month-to-month,Credit card,16,46.09,737.44,0
CUST-9400,Female,28.0,01/01/2044,month-to-month,Bank transfer,19,59.51,,0
CUST-9401,Female,36.0,INVALID_DATE,Month-to-month,Electronic check,63,72.55,4570.65,0
CUST-9402,F,38.0,03-Jan-2044,Two year,Electronic check,50,32.07,1603.5,0
CUST-9403,  Male  ,53.0,2044-01-04,Two year,Electronic check,43,105.18,4522.740000000001,0
CUST-9404,female,30.0,01/05/2044,month-to-month,Electronic check,19,119.15,2263.85,0
CUST-9405,Female,30.0,01/06/2044,1 Year, ,18,61.76,1111.68,0
CUST-9406,Female,31.0,01/07/2044,One year,Mailed check,6,57.68,346.08,1
CUST-9407,F,33.0,INVALID_DATE,1 Year,Bank transfer,35,79.41,2779.35,0
CUST-9408,F,36.0,INVALID_DATE,1 Year,Mailed check,14,88.87,1244.18,1
CUST-9409,  Male  ,44.0,INVALID_DATE,month-to-month,Mailed check,64,106.86,6839.04,0
CUST-9410,female,31.0,2044-01-11,month-to-month,Mailed check,9,57.29,515.61,1
CUST-9411,Male,41.0,01/12/2044,One year,Credit card,35,96.48,3376.8,0
CUST-9412,  Male  ,,2044-01-13,One year,Electronic check,2,44.01,88.02,1
CUST-9413,Male,47.0,2044-01-14,One year, ,6,88.04,528.24,0
CUST-9414,M,37.0,2044-01-15,month-to-month,Bank transfer,25,66.67,1666.75,1
CUST-9415,Female,50.0,INVALID_DATE,month-to-month,Credit card,50,86.17,,0
CUST-9416,female,44.0,01/17/2044,1 Year,Mailed check,7,57.98,405.85999999999996,0
CUST-9417,  Male  ,44.0,18-Jan-2044,month-to-month,Bank transfer,63,49.43,3114.09,0
CUST-9418,Female,33.0,INVALID_DATE,Two year,Electronic check,28,68.6,,1
CUST-9419,female,43.0,INVALID_DATE,Two year,Mailed check,2,109.51,219.02,1
CUST-9420,female,44.0,21-Jan-2044,One year,Electronic check,65,87.49,5686.849999999999,1
CUST-9421,female,33.0,2044-01-22,month-to-month,Credit card,59,81.17,4789.03,0
CUST-9422,Female,54.0,2044-01-23,Two year,Electronic check,24,91.99,2207.7599999999998,0
CUST-9423,  Male  ,,INVALID_DATE,1 Year,Bank transfer,62,92.91,5760.42,0
CUST-9424,F,,INVALID_DATE,Month-to-month,Mailed check,71,49.47,3512.37,0
CUST-9425,Female,34.0,INVALID_DATE,1 Year,Electronic check,38,43.27,1644.2600000000002,0
CUST-9426,female,35.0,27-Jan-2044,Month-to-month,Credit card,62,70.91,4396.42,0
CUST-9427,  Male  ,24.0,INVALID_DATE,1 Year,Bank transfer,65,34.78,2260.7000000000003,0
CUST-9428,M,29.0,INVALID_DATE,Two year,Mailed check,51,67.47,3440.97,0
CUST-9429,Male,50.0,01/30/2044,month-to-month,Credit card,52,89.3,4643.599999999999,0
CUST-9430,female,39.0,31-Jan-2044,Month-to-month,Mailed check,63,20.74,,0
CUST-9431,M,63.0,01-Feb-2044,month-to-month,Electronic check,11,31.11,,0
CUST-9432,F,37.0,02/02/2044,month-to-month,Credit card,48,116.22,5578.5599999999995,1
CUST-9433,female,45.0,2044-02-03,Two year,Credit card,54,112.79,6090.660000000001,0
CUST-9434,M,29.0,04-Feb-2044,One year,Electronic check,50,61.79,3089.5,0
CUST-9435,female,39.0,INVALID_DATE,One year,Credit card,38,79.0,3002.0,0
CUST-9436,Female,,INVALID_DATE,Month-to-month, ,8,35.53,284.24,0
CUST-9437,  Male  ,15.0,2044-02-07,Two year,Credit card,6,53.1,318.6,0
CUST-9438,M,,02/08/2044,month-to-month,Electronic check,68,99.29,6751.72,0
CUST-9439,  Male  ,48.0,02/09/2044,1 Year,Electronic check,69,105.6,7286.4,0
CUST-9440,Female,47.0,02/10/2044,1 Year,Mailed check,6,60.53,363.18,1
CUST-9441,Female,25.0,INVALID_DATE,Month-to-month,Electronic check,32,51.11,1635.52,0
CUST-9442,  Male  ,36.0,02/12/2044,Month-to-month,Credit card,38,88.17,3350.46,1
CUST-9443,M,12.0,02/13/2044,Month-to-month,Electronic check,57,91.79,5232.030000000001,0
CUST-9444,  Male  ,40.0,INVALID_DATE,Two year,Credit card,64,118.38,,0
CUST-9445,  Male  ,55.0,2044-02-15,1 Year,Credit card,54,89.73,4845.42,0
CUST-9446,Male,56.0,INVALID_DATE,Two year,Credit card,14,44.02,616.2800000000001,1
CUST-9447,M,55.0,02/17/2044,Two year, ,64,26.0,1664.0,0
CUST-9448,Male,46.0,2044-02-18,month-to-month,Credit card,50,45.76,2288.0,0
CUST-9449,female,54.0,02/19/2044,Two year,Mailed check,47,42.67,2005.49,0
CUST-9450,  Male  ,38.0,INVALID_DATE,Two year,Bank transfer,54,29.28,,0
CUST-9451,female,34.0,INVALID_DATE,month-to-month,Bank transfer,19,64.44,1224.36,1
CUST-9452,M,54.0,2044-02-22,One year,Mailed check,39,48.81,1903.5900000000001,0
CUST-9453,  Male  ,43.0,02/23/2044,month-to-month,Bank transfer,65,112.51,7313.150000000001,0
CUST-9454,female,18.0,02/24/2044,Month-to-month,Mailed check,60,60.39,3623.4,0
CUST-9455,F,55.0,2044-02-25,One year,Electronic check,33,107.66,,0
CUST-9456,Female,37.0,26-Feb-2044,1 Year,Bank transfer,32,50.67,,0
CUST-9457,  Male  ,32.0,INVALID_DATE,Two year,Mailed check,36,103.15,3713.4,1
CUST-9458,Female,52.0,INVALID_DATE,One year,Mailed check,24,65.45,1570.8000000000002,0
CUST-9459,Male,50.0,02/29/2044,1 Year,Credit card,43,23.24,999.3199999999999,0
CUST-9460,female,29.0,INVALID_DATE,month-to-month,Electronic check,71,68.7,4877.7,0
CUST-9461,Male,38.0,2044-03-02,month-to-month,Mailed check,71,42.68,3030.28,0
CUST-9462,  Male  ,29.0,INVALID_DATE,Month-to-month,Bank transfer,46,50.74,2334.04,0
CUST-9463,Female,29.0,2044-03-04,Month-to-month,Credit card,47,88.44,4156.68,1
CUST-9464,Female,4.0,INVALID_DATE,One year,Credit card,69,72.95,5033.55,0
CUST-9465,female,28.0,06-Mar-2044,Two year,Credit card,14,108.86,1524.04,1
CUST-9466,  Male  ,38.0,03/07/2044,month-to-month,Electronic check,45,113.6,5112.0,0
CUST-9467,F,6.0,08-Mar-2044,One year,Mailed check,52,89.1,4633.2,0
CUST-9468,F,24.0,2044-03-09,One year,Electronic check,50,106.35,5317.5,0
CUST-9469,female,47.0,03/10/2044,One year,Mailed check,65,39.51,2568.15,0
CUST-9470,  Male  ,23.0,INVALID_DATE,Month-to-month,Credit card,64,27.93,1787.52,0
CUST-9471,female,38.0,INVALID_DATE,month-to-month,Bank transfer,23,53.3,1225.8999999999999,1
CUST-9472,  Male  ,20.0,13-Mar-2044,Month-to-month, ,71,52.57,3732.47,0
CUST-9473,Male,45.0,03/14/2044,Month-to-month,Electronic check,70,86.51,6055.700000000001,0
CUST-9474,female,36.0,INVALID_DATE,One year,Credit card,59,104.04,6138.360000000001,0
CUST-9475,  Male  ,29.0,2044-03-16,1 Year,Mailed check,54,49.69,2683.2599999999998,0
CUST-9476,F,8.0,17-Mar-2044,1 Year,Electronic check,71,62.48,4436.08,0
CUST-9477,  Male  ,29.0,INVALID_DATE,1 Year,Credit card,26,30.5,793.0,0
CUST-9478,  Male  ,48.0,2044-03-19,One year,Electronic check,44,61.27,2695.88,0
CUST-9479,female,59.0,2044-03-20,Two year,Bank transfer,13,41.44,538.72,1
CUST-9480,Male,37.0,21-Mar-2044,month-to-month,Credit card,54,58.25,3145.5,0
CUST-9481,Male,39.0,22-Mar-2044,One year,Electronic check,40,46.63,1865.2,0
CUST-9482,Male,32.0,23-Mar-2044,One year,Mailed check,4,100.87,403.48,0
CUST-9483,Male,55.0,2044-03-24,Month-to-month,Bank transfer,53,20.41,1081.73,0
CUST-9484,M,37.0,03/25/2044,1 Year,Mailed check,1,53.87,53.87,1
CUST-9485,female,51.0,03/26/2044,One year,Electronic check,6,116.92,701.52,1
CUST-9486,Female,43.0,03/27/2044,Two year,Credit card,55,87.9,4834.5,0
CUST-9487,female,41.0,03/28/2044,month-to-month,Bank transfer,66,97.22,,0
CUST-9488,M,28.0,03/29/2044,Two year,Mailed check,18,105.99,1907.82,0
CUST-9489,Male,61.0,03/30/2044,One year,Mailed check,29,56.18,1629.22,0
CUST-9490,M,58.0,INVALID_DATE,One year,Credit card,53,26.59,1409.27,0
CUST-9491,F,67.0,INVALID_DATE,Month-to-month,Electronic check,33,61.07,2015.31,0
CUST-9492,F,27.0,02-Apr-2044,Two year,Mailed check,3,85.27,255.81,1
CUST-9493,female,43.0,04/03/2044,Month-to-month,Electronic check,20,57.08,1141.6,0
CUST-9494,female,30.0,INVALID_DATE,Two year,Electronic check,4,64.83,259.32,0
CUST-9495,Female,45.0,2044-04-05,1 Year,Electronic check,8,102.55,820.4,1
CUST-9496,Female,44.0,2044-04-06,1 Year,Credit card,28,23.62,661.36,0
CUST-9497,F,35.0,04/07/2044,Two year,Electronic check,66,53.47,3529.02,0
CUST-9498,Male,37.0,2044-04-08,Month-to-month,Bank transfer,26,68.84,1789.8400000000001,1
CUST-9499,M,65.0,INVALID_DATE,1 Year, ,34,49.92,1697.28,0
CUST-9500,Female,38.0,2044-04-10,One year,Mailed check,71,64.58,4585.18,0
CUST-9501,  Male  ,14.0,04/11/2044,month-to-month,Credit card,49,60.18,2948.82,0
CUST-9502,Female,34.0,12-Apr-2044,Month-to-month,Mailed check,49,112.39,5507.11,1
CUST-9503,Male,27.0,13-Apr-2044,Two year,Bank transfer,27,69.31,1871.3700000000001,1
CUST-9504,Male,,INVALID_DATE,month-to-month,Electronic check,65,67.63,,0
CUST-9505,female,49.0,INVALID_DATE,month-to-month, ,33,45.45,1499.8500000000001,0
CUST-9506,M,51.0,INVALID_DATE,One year,Electronic check,49,24.63,1206.87,0
CUST-9507,Male,30.0,INVALID_DATE,Month-to-month,Electronic check,63,49.95,3146.8500000000004,0
CUST-9508,Female,33.0,04/18/2044,month-to-month,Credit card,32,22.72,727.04,0
CUST-9509,Female,32.0,19-Apr-2044,Month-to-month,Bank transfer,19,102.68,,0
CUST-9510,F,58.0,20-Apr-2044,One year,Mailed check,50,40.43,2021.5,0
CUST-9511,Male,51.0,04/21/2044,Two year,Credit card,22,111.12,2444.6400000000003,1
CUST-9512,  Male  ,48.0,2044-04-22,month-to-month,Electronic check,67,108.58,7274.86,0
CUST-9513,female,28.0,23-Apr-2044,month-to-month,Electronic check,9,86.47,,0
CUST-9514,M,19.0,04/24/2044,month-to-month,Electronic check,35,106.25,3718.75,0
CUST-9515,  Male  ,55.0,2044-04-25,Month-to-month,Mailed check,71,107.79,7653.09,0
CUST-9516,female,63.0,INVALID_DATE,month-to-month,Mailed check,4,97.63,390.52,1
CUST-9517,Female,19.0,27-Apr-2044,Month-to-month,Credit card,37,70.79,2619.23,0
CUST-9518,  Male  ,67.0,04/28/2044,1 Year,Bank transfer,28,115.0,3220.0,0
CUST-9519,female,39.0,29-Apr-2044,1 Year,Mailed check,9,101.77,915.93,0
CUST-9520,Female,42.0,30-Apr-2044,Month-to-month,Credit card,35,32.7,1144.5,0
CUST-9521,Female,24.0,05/01/2044,1 Year, ,25,61.99,1549.75,0
CUST-9522,Female,19.0,INVALID_DATE,One year,Credit card,9,73.97,665.73,0
CUST-9523,Female,13.0,2044-05-03,One year,Electronic check,61,72.94,,0
CUST-9524,Female,52.0,05/04/2044,1 Year,Mailed check,52,57.95,3013.4,0
CUST-9525,F,39.0,2044-05-05,Two year,Electronic check,17,73.16,1243.72,0
CUST-9526,  Male  ,46.0,05/06/2044,Month-to-month,Bank transfer,9,29.3,263.7,0
CUST-9527,female,54.0,05/07/2044,1 Year,Electronic check,54,85.52,4618.08,0
CUST-9528,F,39.0,08-May-2044,Month-to-month,Bank transfer,5,69.77,,1
CUST-9529,F,60.0,2044-05-09,1 Year,Mailed check,63,98.77,6222.509999999999,1
CUST-9530,Male,30.0,2044-05-10,One year,Bank transfer,47,89.34,4198.9800000000005,1
CUST-9531,Male,35.0,2044-05-11,Two year,Electronic check,19,31.28,594.32,0
CUST-9532,Male,29.0,12-May-2044,Month-to-month,Mailed check,66,55.07,3634.62,0
CUST-9533,M,50.0,05/13/2044,Two year,Credit card,45,93.62,4212.900000000001,0
CUST-9534,Male,53.0,14-May-2044,One year,Mailed check,71,53.69,3811.99,0
CUST-9535,female,35.0,05/15/2044,month-to-month,Credit card,33,76.69,2530.77,0
CUST-9536,F,23.0,05/16/2044,month-to-month,Electronic check,43,116.13,4993.59,1
CUST-9537,female,55.0,05/17/2044,Month-to-month,Mailed check,26,27.99,727.74,0
CUST-9538,  Male  ,,05/18/2044,One year,Credit card,45,39.03,1756.3500000000001,0
CUST-9539,Male,35.0,INVALID_DATE,Month-to-month,Electronic check,35,68.06,2382.1,0
CUST-9540,M,27.0,05/20/2044,Month-to-month, ,53,93.84,4973.52,0
CUST-9541,  Male  ,43.0,21-May-2044,Month-to-month,Credit card,10,53.01,530.1,0
CUST-9542,M,,2044-05-22,Two year,Bank transfer,41,31.75,1301.75,1
CUST-9543,  Male  ,48.0,05/23/2044,1 Year, ,17,51.58,876.86,0
CUST-9544,F,33.0,24-May-2044,One year, ,71,84.44,5995.24,0
CUST-9545,female,46.0,25-May-2044,Two year,Electronic check,66,99.25,6550.5,0
CUST-9546,Female,29.0,26-May-2044,1 Year,Electronic check,11,117.7,1294.7,1
CUST-9547,female,55.0,27-May-2044,Month-to-month,Bank transfer,63,96.13,6056.19,0
CUST-9548,Male,34.0,28-May-2044,month-to-month,Electronic check,67,69.23,4638.41,0
CUST-9549,Female,41.0,05/29/2044,Two year,Mailed check,46,49.26,2265.96,0
CUST-9550,M,26.0,2044-05-30,One year,Mailed check,20,112.75,2255.0,1
CUST-9551,F,40.0,05/31/2044,One year,Bank transfer,13,73.42,954.46,0
CUST-9552,F,26.0,06/01/2044,1 Year,Credit card,17,88.88,1510.96,1
CUST-9553,M,39.0,2044-06-02,Two year,Electronic check,32,67.24,2151.68,0
CUST-9554,Male,28.0,INVALID_DATE,Month-to-month,Mailed check,16,44.21,707.36,0
CUST-9555,M,38.0,06/04/2044,1 Year,Credit card,23,74.69,1717.87,0
CUST-9556,  Male  ,46.0,2044-06-05,One year,Mailed check,11,103.99,,0
CUST-9557,Male,24.0,06/06/2044,Two year,Mailed check,14,58.33,816.62,0
CUST-9558,Female,,2044-06-07,month-to-month,Credit card,67,86.87,5820.29,0
CUST-9559,M,45.0,INVALID_DATE,Month-to-month,Credit card,71,24.24,1721.04,0
CUST-9560,Male,45.0,09-Jun-2044,One year,Electronic check,45,113.65,5114.25,0
CUST-9561,Female,63.0,2044-06-10,Two year,Bank transfer,33,116.99,,1
CUST-9562,M,31.0,06/11/2044,month-to-month,Bank transfer,45,58.63,2638.35,0
CUST-9563,F,40.0,06/12/2044,One year,Mailed check,54,69.84,3771.36,0
CUST-9564,M,61.0,INVALID_DATE,month-to-month,Bank transfer,51,36.06,1839.0600000000002,0
CUST-9565,female,24.0,INVALID_DATE,One year,Mailed check,23,39.62,911.26,0
CUST-9566,M,,2044-06-15,1 Year,Credit card,29,80.21,2326.0899999999997,0
CUST-9567,female,46.0,16-Jun-2044,1 Year,Mailed check,6,82.7,,1
CUST-9568,Female,53.0,06/17/2044,1 Year,Electronic check,39,54.16,2112.24,0
CUST-9569,M,15.0,18-Jun-2044,Two year,Mailed check,5,57.4,287.0,0
CUST-9570,Female,36.0,INVALID_DATE,1 Year,Mailed check,40,70.62,2824.8,1
CUST-9571,Female,28.0,INVALID_DATE,Two year,Electronic check,21,113.98,2393.58,0
CUST-9572,Male,,2044-06-21,Month-to-month,Electronic check,59,34.97,2063.23,0
CUST-9573,Female,40.0,INVALID_DATE,1 Year,Bank transfer,20,75.15,,0
CUST-9574,Female,,2044-06-23,Two year,Credit card,24,25.82,619.6800000000001,0
CUST-9575,M,24.0,2044-06-24,One year,Credit card,3,65.83,197.49,1
CUST-9576,M,45.0,25-Jun-2044,Two year,Electronic check,57,59.72,3404.04,0
CUST-9577,F,47.0,26-Jun-2044,Two year,Credit card,71,36.42,2585.82,0
CUST-9578,Male,41.0,2044-06-27,One year,Mailed check,70,36.4,2548.0,0
CUST-9579,Female,16.0,2044-06-28,Two year,Credit card,70,65.01,4550.700000000001,0
CUST-9580,Male,45.0,2044-06-29,One year,Electronic check,63,32.66,2057.58,0
CUST-9581,female,31.0,INVALID_DATE,month-to-month,Credit card,47,49.48,2325.56,0
CUST-9582,Female,19.0,01-Jul-2044,1 Year,Electronic check,19,27.12,515.28,0
CUST-9583,Male,44.0,INVALID_DATE,Month-to-month,Bank transfer,13,49.73,646.49,0
CUST-9584,F,49.0,03-Jul-2044,Two year,Electronic check,45,73.37,3301.65,0
CUST-9585,F,33.0,INVALID_DATE,One year,Mailed check,32,94.39,3020.48,0
CUST-9586,Female,50.0,05-Jul-2044,1 Year,Mailed check,30,103.04,3091.2000000000003,0
CUST-9587,female,50.0,2044-07-06,Two year,Mailed check,42,53.78,2258.76,0
CUST-9588,F,40.0,07-Jul-2044,1 Year,Electronic check,42,113.88,4782.96,1
CUST-9589,F,47.0,INVALID_DATE,month-to-month,Electronic check,7,44.06,308.42,0
CUST-9590,female,52.0,07/09/2044,Two year,Mailed check,3,28.06,84.17999999999999,1
CUST-9591,Male,46.0,10-Jul-2044,One year,Credit card,37,112.5,4162.5,0
CUST-9592,F,13.0,INVALID_DATE,month-to-month,Electronic check,3,73.98,,0
CUST-9593,M,10.0,12-Jul-2044,Two year,Credit card,18,55.14,992.52,0
CUST-9594,  Male  ,53.0,INVALID_DATE,1 Year,Bank transfer,42,109.81,4612.02,0
CUST-9595,  Male  ,32.0,07/14/2044,month-to-month,Bank transfer,9,97.57,878.1299999999999,1
CUST-9596,F,34.0,15-Jul-2044,One year,Bank transfer,57,103.24,5884.679999999999,1
CUST-9597,Male,63.0,2044-07-16,Two year,Bank transfer,24,49.23,1181.52,0
CUST-9598,Male,31.0,INVALID_DATE,1 Year,Mailed check,7,107.35,751.4499999999999,0
CUST-9599,Female,38.0,INVALID_DATE,1 Year,Electronic check,42,84.98,3569.1600000000003,0
CUST-9600,M,40.0,07/19/2044,month-to-month,Bank transfer,58,93.8,5440.4,0
CUST-9601,Male,37.0,2044-07-20,Two year,Mailed check,56,51.24,2869.44,0
CUST-9602,female,56.0,07/21/2044,1 Year,Bank transfer,58,44.5,2581.0,0
CUST-9603,M,36.0,22-Jul-2044,month-to-month,Electronic check,18,60.82,1094.76,0
CUST-9604,  Male  ,49.0,07/23/2044,Month-to-month,Bank transfer,39,77.52,3023.2799999999997,0
CUST-9605,M,41.0,INVALID_DATE,1 Year,Bank transfer,50,86.6,,0
CUST-9606,female,52.0,25-Jul-2044,month-to-month,Credit card,33,69.8,2303.4,0
CUST-9607,F,24.0,26-Jul-2044,Month-to-month,Credit card,28,89.89,2516.92,1
CUST-9608,female,13.0,2044-07-27,month-to-month,Credit card,56,90.83,5086.48,1
CUST-9609,female,40.0,INVALID_DATE,1 Year,Credit card,25,86.61,2165.25,0
CUST-9610,F,30.0,07/29/2044,Month-to-month, ,14,45.11,631.54,0
CUST-9611,F,58.0,07/30/2044,month-to-month,Bank transfer,55,64.63,3554.6499999999996,0
CUST-9612,F,39.0,31-Jul-2044,Two year,Credit card,7,96.57,,0
CUST-9613,F,43.0,2044-08-01,Month-to-month,Electronic check,4,108.7,434.8,1
CUST-9614,F,36.0,2044-08-02,month-to-month,Mailed check,30,70.12,2103.6000000000004,1
CUST-9615,female,32.0,INVALID_DATE,Two year,Bank transfer,62,118.68,7358.160000000001,0
CUST-9616,Female,41.0,INVALID_DATE,Month-to-month,Credit card,57,37.47,2135.79,0
CUST-9617,Female,52.0,INVALID_DATE,month-to-month,Mailed check,37,42.44,1570.28,0
CUST-9618,Male,36.0,06-Aug-2044,1 Year,Credit card,55,66.08,3634.4,0
CUST-9619,Female,35.0,INVALID_DATE,Month-to-month,Credit card,65,70.87,4606.55,0
CUST-9620,  Male  ,50.0,2044-08-08,Month-to-month,Electronic check,52,62.45,3247.4,0
CUST-9621,Female,20.0,INVALID_DATE,Two year,Electronic check,3,63.04,189.12,0
CUST-9622,female,54.0,2044-08-10,month-to-month,Bank transfer,7,68.73,481.11,1
CUST-9623,F,30.0,INVALID_DATE,1 Year,Credit card,70,52.02,3641.4,0
CUST-9624,F,51.0,INVALID_DATE,Two year, ,70,33.09,,0
CUST-9625,female,44.0,13-Aug-2044,Month-to-month,Bank transfer,34,115.61,3930.74,0
CUST-9626,  Male  ,15.0,2044-08-14,Two year,Electronic check,16,99.5,,1
CUST-9627,Female,40.0,15-Aug-2044,Two year,Bank transfer,8,101.49,811.92,0
CUST-9628,female,56.0,2044-08-16,Two year,Bank transfer,21,56.5,1186.5,1
CUST-9629,Male,36.0,INVALID_DATE,Month-to-month,Credit card,11,60.39,664.29,0
CUST-9630,F,37.0,18-Aug-2044,One year, ,50,113.58,5679.0,0
CUST-9631,M,31.0,INVALID_DATE,Two year,Electronic check,6,117.29,703.74,0
CUST-9632,Male,54.0,INVALID_DATE,One year,Bank transfer,15,114.26,1713.9,1
CUST-9633,  Male  ,34.0,08/21/2044,1 Year,Bank transfer,11,84.26,926.86,0
CUST-9634,Male,61.0,2044-08-22,1 Year,Credit card,27,44.27,,1
CUST-9635,female,54.0,2044-08-23,1 Year,Bank transfer,45,80.5,3622.5,0
CUST-9636,Female,56.0,2044-08-24,month-to-month,Mailed check,38,78.91,2998.58,0
CUST-9637,F,41.0,2044-08-25,Month-to-month,Credit card,4,110.82,443.28,0
CUST-9638,  Male  ,34.0,2044-08-26,One year,Electronic check,45,51.17,2302.65,0
CUST-9639,  Male  ,46.0,27-Aug-2044,month-to-month,Bank transfer,10,40.07,400.7,0
CUST-9640,M,59.0,2044-08-28,One year,Bank transfer,54,46.58,2515.3199999999997,0
CUST-9641,Male,61.0,29-Aug-2044,Month-to-month,Credit card,29,44.31,1284.99,0
CUST-9642,M,18.0,08/30/2044,Two year,Bank transfer,12,84.84,1018.08,1
CUST-9643,Female,72.0,08/31/2044,month-to-month,Electronic check,56,101.24,5669.44,0
CUST-9644,Female,43.0,01-Sep-2044,Month-to-month,Mailed check,40,56.81,,0
CUST-9645,M,49.0,09/02/2044,month-to-month,Mailed check,37,37.64,1392.68,0
CUST-9646,F,29.0,03-Sep-2044,1 Year,Credit card,66,54.31,3584.46,0
CUST-9647,Female,28.0,2044-09-04,month-to-month,Bank transfer,20,74.66,1493.1999999999998,1
CUST-9648,M,23.0,05-Sep-2044,Two year,Credit card,12,86.45,1037.4,1
CUST-9649,Male,60.0,09/06/2044,Two year, ,38,74.98,2849.2400000000002,0
CUST-9650,M,,07-Sep-2044,One year,Credit card,30,45.67,1370.1000000000001,0
CUST-9651,M,39.0,09/08/2044,month-to-month,Credit card,47,111.8,5254.599999999999,1
CUST-9652,female,36.0,INVALID_DATE,1 Year,Credit card,71,63.78,4528.38,0
CUST-9653,Female,28.0,10-Sep-2044,Two year,Bank transfer,42,65.9,2767.8,0
CUST-9654,F,38.0,INVALID_DATE,One year,Mailed check,5,116.74,583.6999999999999,1
CUST-9655,F,41.0,09/12/2044,1 Year,Mailed check,48,106.84,5128.32,0
CUST-9656,female,55.0,2044-09-13,1 Year, ,51,100.63,5132.13,0
CUST-9657,  Male  ,27.0,14-Sep-2044,1 Year,Bank transfer,12,38.27,459.24,0
CUST-9658,F,33.0,2044-09-15,Month-to-month, ,10,103.81,1038.1,0
CUST-9659,M,47.0,2044-09-16,Two year,Credit card,37,65.53,2424.61,0
CUST-9660,female,41.0,2044-09-17,Month-to-month,Mailed check,66,40.94,2702.04,0
CUST-9661,Male,41.0,09/18/2044,Month-to-month,Credit card,67,119.09,7979.030000000001,0
CUST-9662,Female,,09/19/2044,Two year,Mailed check,14,37.21,520.94,0
CUST-9663,Female,49.0,INVALID_DATE,month-to-month,Electronic check,47,112.19,,0
CUST-9664,Female,57.0,INVALID_DATE,One year,Bank transfer,20,20.05,401.0,0
CUST-9665,M,56.0,INVALID_DATE,Two year,Electronic check,52,63.79,3317.08,0
CUST-9666,Male,38.0,2044-09-23,One year,Mailed check,68,22.99,1563.32,0
CUST-9667,female,9.0,INVALID_DATE,month-to-month,Credit card,26,111.25,2892.5,1
CUST-9668,female,43.0,25-Sep-2044,Two year,Bank transfer,47,32.59,1531.7300000000002,0
CUST-9669,Female,,09/26/2044,1 Year,Bank transfer,3,87.31,261.93,1
CUST-9670,Male,28.0,INVALID_DATE,Two year,Credit card,2,83.12,,0
CUST-9671,Male,30.0,09/28/2044,month-to-month,Electronic check,41,97.91,,0
CUST-9672,Male,28.0,2044-09-29,Month-to-month,Electronic check,30,94.69,2840.7,0
CUST-9673,F,43.0,09/30/2044,Two year,Electronic check,37,23.24,859.88,0
CUST-9674,F,30.0,01-Oct-2044,1 Year,Electronic check,3,58.84,,1
CUST-9675,Female,42.0,10/02/2044,Two year,Bank transfer,9,52.25,470.25,0
CUST-9676,Male,69.0,10/03/2044,Month-to-month,Mailed check,8,117.29,938.32,1
CUST-9677,  Male  ,38.0,04-Oct-2044,Two year,Credit card,9,97.49,877.41,1
CUST-9678,Male,26.0,05-Oct-2044,1 Year,Mailed check,17,90.8,1543.6,1
CUST-9679,female,23.0,INVALID_DATE,month-to-month,Mailed check,24,64.22,1541.28,0
CUST-9680,female,44.0,10/07/2044,1 Year,Electronic check,14,109.1,1527.3999999999999,0
CUST-9681,Female,64.0,INVALID_DATE,month-to-month,Mailed check,54,21.68,1170.72,0
CUST-9682,  Male  ,29.0,INVALID_DATE,1 Year,Electronic check,18,42.84,771.1200000000001,0
CUST-9683,Male,14.0,10-Oct-2044,One year,Electronic check,39,89.5,3490.5,0
CUST-9684,  Male  ,60.0,10/11/2044,Two year,Mailed check,47,70.84,3329.48,0
CUST-9685,Female,70.0,12-Oct-2044,Two year,Credit card,27,73.38,1981.2599999999998,0
CUST-9686,female,49.0,2044-10-13,Month-to-month,Mailed check,71,61.63,4375.7300000000005,0
CUST-9687,female,45.0,10/14/2044,One year,Mailed check,34,36.65,,1
CUST-9688,F,41.0,2044-10-15,Month-to-month,Bank transfer,19,36.62,695.78,0
CUST-9689,Female,48.0,10/16/2044,Two year,Electronic check,6,49.45,296.70000000000005,0
CUST-9690,Female,48.0,INVALID_DATE,Month-to-month,Bank transfer,30,66.83,2004.8999999999999,1
CUST-9691,Male,43.0,18-Oct-2044,month-to-month,Credit card,12,102.41,1228.92,0
CUST-9692,Male,29.0,2044-10-19,One year,Mailed check,15,64.68,970.2,0
CUST-9693,F,43.0,10/20/2044,1 Year, ,39,109.78,4281.42,0
CUST-9694,M,39.0,INVALID_DATE,month-to-month, ,64,32.05,2051.2,0
CUST-9695,  Male  ,30.0,22-Oct-2044,1 Year,Mailed check,64,47.18,3019.52,0
CUST-9696,M,43.0,23-Oct-2044,Month-to-month,Mailed check,15,27.05,405.75,0
CUST-9697,M,34.0,2044-10-24,Two year,Electronic check,58,71.0,4118.0,0
CUST-9698,Female,,INVALID_DATE,month-to-month,Electronic check,67,29.0,1943.0,0
CUST-9699,  Male  ,45.0,10/26/2044,One year,Bank transfer,1,99.57,99.57,1
CUST-9700,Female,47.0,2044-10-27,1 Year,Mailed check,7,23.98,167.86,0
CUST-9701,  Male  ,34.0,10/28/2044,month-to-month,Electronic check,9,67.54,607.86,0
CUST-9702,female,45.0,INVALID_DATE,Two year,Electronic check,1,62.06,62.06,0
CUST-9703,Female,48.0,30-Oct-2044,One year,Credit card,5,40.22,201.1,0
CUST-9704,Female,52.0,31-Oct-2044,One year,Bank transfer,47,78.69,3698.43,0
CUST-9705,Female,,01-Nov-2044,1 Year,Bank transfer,10,58.61,586.1,0
CUST-9706,F,47.0,11/02/2044,month-to-month,Bank transfer,2,39.8,79.6,0
CUST-9707,Female,35.0,11/03/2044,month-to-month,Mailed check,23,102.66,2361.18,0
CUST-9708,Male,71.0,04-Nov-2044,One year,Credit card,56,86.07,4819.92,0
CUST-9709,Male,39.0,11/05/2044,Month-to-month,Electronic check,19,21.22,403.17999999999995,0
CUST-9710,  Male  ,53.0,11/06/2044,One year,Credit card,38,70.19,2667.22,0
CUST-9711,female,34.0,07-Nov-2044,Two year,Electronic check,47,47.13,2215.11,0
CUST-9712,F,44.0,08-Nov-2044,month-to-month,Electronic check,52,111.51,5798.52,0
CUST-9713,  Male  ,44.0,11/09/2044,1 Year,Credit card,49,92.56,4535.4400000000005,1
CUST-9714,Male,46.0,11/10/2044,month-to-month,Bank transfer,71,81.16,5762.36,0
CUST-9715,F,30.0,INVALID_DATE,One year,Mailed check,23,28.91,664.93,0
CUST-9716,F,45.0,2044-11-12,Two year,Credit card,50,113.06,5653.0,0
CUST-9717,female,34.0,11/13/2044,Month-to-month,Bank transfer,17,34.42,585.14,0
CUST-9718,F,50.0,INVALID_DATE,month-to-month, ,48,65.07,3123.3599999999997,0
CUST-9719,Female,29.0,INVALID_DATE,One year,Mailed check,2,88.1,176.2,1
CUST-9720,F,44.0,2044-11-16,One year,Mailed check,69,69.48,4794.12,0
CUST-9721,female,40.0,INVALID_DATE,One year,Bank transfer,62,108.25,6711.5,0
CUST-9722,  Male  ,62.0,INVALID_DATE,Two year,Mailed check,13,103.53,,1
CUST-9723,female,53.0,11/19/2044,One year,Bank transfer,61,33.54,2045.94,0
CUST-9724,female,,2044-11-20,One year,Electronic check,11,81.76,899.36,1
CUST-9725,Male,31.0,2044-11-21,One year, ,27,25.22,680.9399999999999,0
CUST-9726,Female,35.0,INVALID_DATE,month-to-month,Electronic check,35,92.06,3222.1,0
CUST-9727,Male,,INVALID_DATE,One year,Mailed check,18,93.6,1684.8,1
CUST-9728,  Male  ,54.0,24-Nov-2044,Two year,Bank transfer,68,54.45,3702.6000000000004,0
CUST-9729,M,45.0,11/25/2044,month-to-month,Bank transfer,61,98.66,6018.26,1
CUST-9730,  Male  ,31.0,INVALID_DATE,One year,Bank transfer,41,85.27,3496.0699999999997,0
CUST-9731,Female,32.0,27-Nov-2044,Month-to-month,Bank transfer,43,70.41,3027.6299999999997,0
CUST-9732,F,54.0,28-Nov-2044,Two year,Bank transfer,49,65.53,3210.9700000000003,0
CUST-9733,female,45.0,11/29/2044,Month-to-month,Bank transfer,11,30.91,340.01,0
CUST-9734,M,41.0,30-Nov-2044,Two year,Mailed check,67,73.11,4898.37,0
CUST-9735,Female,40.0,INVALID_DATE,Month-to-month,Mailed check,51,35.61,1816.11,0
CUST-9736,Male,51.0,02-Dec-2044,One year,Electronic check,52,85.6,4451.2,0
CUST-9737,female,27.0,03-Dec-2044,Month-to-month,Credit card,43,79.47,3417.21,0
CUST-9738,  Male  ,,INVALID_DATE,Month-to-month, ,58,49.05,2844.8999999999996,0
CUST-9739,Male,41.0,05-Dec-2044,Two year,Mailed check,70,44.7,3129.0,0
CUST-9740,Female,25.0,2044-12-06,One year,Credit card,29,67.61,,0
CUST-9741,Female,38.0,12/07/2044,Two year,Credit card,31,71.25,2208.75,0
CUST-9742,  Male  ,67.0,INVALID_DATE,One year,Electronic check,28,99.79,2794.1200000000003,1
CUST-9743,M,30.0,12/09/2044,1 Year,Electronic check,50,50.4,2520.0,0
CUST-9744,  Male  ,42.0,INVALID_DATE,month-to-month,Bank transfer,36,60.34,2172.2400000000002,0
CUST-9745,F,15.0,11-Dec-2044,month-to-month, ,19,54.33,1032.27,0
CUST-9746,Male,38.0,12/12/2044,Two year,Electronic check,67,59.41,3980.47,0
CUST-9747,M,,INVALID_DATE,One year,Credit card,12,76.71,920.52,0
CUST-9748,female,36.0,2044-12-14,Month-to-month,Mailed check,24,75.75,1818.0,0
CUST-9749,F,45.0,INVALID_DATE,month-to-month,Bank transfer,65,56.13,,0
CUST-9750,M,26.0,16-Dec-2044,Two year,Electronic check,21,80.24,1685.04,0
CUST-9751,Male,43.0,17-Dec-2044,Two year,Credit card,26,81.6,2121.6,1
CUST-9752,Female,31.0,18-Dec-2044,Two year,Bank transfer,35,72.69,,0
CUST-9753,female,24.0,2044-12-19,One year,Bank transfer,58,65.24,3783.9199999999996,0
CUST-9754,  Male  ,,12/20/2044,Two year,Credit card,42,27.79,1167.18,0
CUST-9755,Male,28.0,2044-12-21,1 Year,Electronic check,29,74.13,2149.77,1
CUST-9756,F,35.0,12/22/2044,Month-to-month,Electronic check,29,91.27,2646.83,0
CUST-9757,F,,INVALID_DATE,Two year,Electronic check,9,41.53,373.77,0
CUST-9758,Female,43.0,2044-12-24,One year,Electronic check,2,97.78,195.56,1
CUST-9759,Female,40.0,2044-12-25,Month-to-month,Bank transfer,2,78.64,157.28,1
CUST-9760,female,38.0,INVALID_DATE,Month-to-month,Mailed check,18,43.75,,1
CUST-9761,  Male  ,31.0,27-Dec-2044,month-to-month,Bank transfer,69,36.3,2504.7,0
CUST-9762,female,37.0,28-Dec-2044,Two year,Bank transfer,57,44.54,2538.7799999999997,0
CUST-9763,Female,44.0,INVALID_DATE,Two year,Credit card,71,95.91,6809.61,0
CUST-9764,Female,,30-Dec-2044,One year,Bank transfer,23,45.05,1036.1499999999999,0
CUST-9765,F,53.0,INVALID_DATE,1 Year,Electronic check,19,88.32,1678.08,1
CUST-9766,Female,49.0,2045-01-01,1 Year,Credit card,19,74.58,1417.02,1
CUST-9767,M,53.0,2045-01-02,month-to-month,Credit card,58,74.68,4331.4400000000005,0
CUST-9768,Male,,01/03/2045,1 Year,Credit card,49,105.26,,0
CUST-9769,Female,,2045-01-04,One year,Credit card,45,107.47,,1
CUST-9770,female,50.0,01/05/2045,month-to-month,Credit card,28,73.69,2063.3199999999997,1
CUST-9771,  Male  ,44.0,06-Jan-2045,Two year,Electronic check,50,26.53,1326.5,0
CUST-9772,  Male  ,,INVALID_DATE,1 Year,Mailed check,11,36.12,397.32,1
CUST-9773,  Male  ,19.0,08-Jan-2045,One year,Mailed check,55,114.87,6317.85,0
CUST-9774,M,36.0,INVALID_DATE,One year,Credit card,9,33.47,301.23,0
CUST-9775,female,45.0,INVALID_DATE,Two year,Mailed check,14,103.54,1449.5600000000002,0
CUST-9776,M,47.0,2045-01-11,One year,Bank transfer,21,74.04,1554.8400000000001,0
CUST-9777,Female,40.0,01/12/2045,month-to-month,Mailed check,48,31.4,1507.1999999999998,0
CUST-9778,Male,20.0,01/13/2045,month-to-month,Bank transfer,58,111.95,6493.1,1
CUST-9779,  Male  ,38.0,14-Jan-2045,Month-to-month,Electronic check,69,112.81,7783.89,0
CUST-9780,female,50.0,2045-01-15,Two year,Credit card,9,81.54,733.86,0
CUST-9781,  Male  ,36.0,01/16/2045,One year,Bank transfer,67,58.89,3945.63,0
CUST-9782,M,41.0,01/17/2045,1 Year,Electronic check,18,80.75,1453.5,1
CUST-9783,F,63.0,01/18/2045,month-to-month,Electronic check,12,82.78,993.36,1
CUST-9784,Female,38.0,19-Jan-2045,Two year,Credit card,16,82.21,1315.36,0
CUST-9785,Male,38.0,2045-01-20,Two year, ,37,93.34,,0
CUST-9786,Female,42.0,01/21/2045,month-to-month, ,20,26.71,534.2,0
CUST-9787,F,43.0,2045-01-22,Month-to-month,Mailed check,20,30.25,,0
CUST-9788,Male,42.0,01/23/2045,Two year,Mailed check,15,48.28,724.2,0
CUST-9789,F,45.0,24-Jan-2045,One year,Mailed check,25,54.97,1374.25,0
CUST-9790,Female,26.0,2045-01-25,1 Year,Bank transfer,17,83.8,1424.6,1
CUST-9791,M,39.0,01/26/2045,1 Year,Mailed check,12,37.19,446.28,0
CUST-9792,Female,25.0,27-Jan-2045,month-to-month,Mailed check,42,74.1,3112.2,0
CUST-9793,Female,41.0,28-Jan-2045,Two year,Electronic check,39,38.53,1502.67,0
CUST-9794,Female,,29-Jan-2045,1 Year,Credit card,56,55.55,3110.7999999999997,0
CUST-9795,female,38.0,01/30/2045,Two year,Bank transfer,53,113.55,6018.15,0
CUST-9796,F,29.0,31-Jan-2045,month-to-month,Mailed check,71,109.57,7779.469999999999,1
CUST-9797,F,35.0,INVALID_DATE,Month-to-month,Credit card,47,115.31,5419.57,0
CUST-9798,  Male  ,62.0,02-Feb-2045,1 Year,Mailed check,25,79.14,1978.5,1
CUST-9799,F,57.0,INVALID_DATE,One year,Mailed check,50,70.13,3506.5,0
CUST-9800,  Male  ,33.0,04-Feb-2045,month-to-month,Electronic check,33,104.89,,0
CUST-9801,female,33.0,05-Feb-2045,Month-to-month,Credit card,29,27.97,811.13,0
CUST-9802,M,39.0,06-Feb-2045,One year,Electronic check,3,117.84,353.52,1
CUST-9803,  Male  ,55.0,02/07/2045,One year,Electronic check,39,66.24,,0
CUST-9804,Female,19.0,2045-02-08,1 Year,Mailed check,4,87.58,350.32,1
CUST-9805,M,33.0,02/09/2045,Two year,Mailed check,37,92.85,,0
CUST-9806,female,45.0,02/10/2045,month-to-month,Mailed check,6,82.88,497.28,1
CUST-9807,F,,02/11/2045,One year,Credit card,10,109.15,1091.5,0
CUST-9808,  Male  ,35.0,2045-02-12,1 Year,Credit card,12,48.82,585.84,0
CUST-9809,Female,37.0,2045-02-13,Month-to-month,Credit card,66,73.23,4833.18,0
CUST-9810,Male,44.0,14-Feb-2045,One year,Credit card,3,63.03,189.09,1
CUST-9811,Male,35.0,2045-02-15,Month-to-month,Mailed check,65,90.41,5876.65,0
CUST-9812,M,27.0,02/16/2045,month-to-month,Mailed check,64,59.51,3808.64,0
CUST-9813,F,38.0,INVALID_DATE,1 Year,Electronic check,35,109.29,3825.15,0
CUST-9814,Male,42.0,18-Feb-2045,Month-to-month,Mailed check,24,69.04,1656.96,1
CUST-9815,M,15.0,INVALID_DATE,Two year,Credit card,47,73.6,3459.2,0
CUST-9816,female,45.0,INVALID_DATE,Month-to-month,Bank transfer,52,69.34,3605.6800000000003,0
CUST-9817,M,52.0,INVALID_DATE,Month-to-month,Mailed check,34,82.26,2796.84,0
CUST-9818,M,36.0,2045-02-22,1 Year,Credit card,25,71.04,1776.0000000000002,0
CUST-9819,M,36.0,02/23/2045,1 Year,Electronic check,69,113.74,,0
CUST-9820,Female,31.0,24-Feb-2045,One year,Mailed check,29,33.11,960.1899999999999,1
CUST-9821,M,-5.0,25-Feb-2045,Month-to-month,Bank transfer,64,21.34,1365.76,0
CUST-9822,  Male  ,33.0,26-Feb-2045,Month-to-month,Credit card,53,72.18,,0
CUST-9823,M,57.0,INVALID_DATE,1 Year,Mailed check,58,96.46,5594.679999999999,0
CUST-9824,Female,41.0,02/28/2045,Two year,Credit card,41,84.82,3477.62,0
CUST-9825,Female,14.0,01-Mar-2045,1 Year,Bank transfer,51,116.27,5929.7699999999995,0
CUST-9826,female,47.0,03/02/2045,Two year,Bank transfer,18,38.23,688.14,0
CUST-9827,F,61.0,2045-03-03,1 Year,Electronic check,41,89.4,3665.4,0
CUST-9828,Male,46.0,04-Mar-2045,month-to-month,Bank transfer,61,101.59,6196.99,0
CUST-9829,Male,,2045-03-05,Month-to-month,Mailed check,24,111.21,2669.04,1
CUST-9830,M,48.0,06-Mar-2045,Two year,Bank transfer,47,72.86,3424.42,0
CUST-9831,female,52.0,INVALID_DATE,month-to-month,Mailed check,28,56.31,1576.68,1
CUST-9832,M,51.0,08-Mar-2045,Two year,Mailed check,36,115.54,4159.4400000000005,0
CUST-9833,Male,51.0,09-Mar-2045,One year,Credit card,21,99.15,2082.15,1
CUST-9834,Female,,03/10/2045,One year,Mailed check,56,67.08,3756.48,0
CUST-9835,F,19.0,INVALID_DATE,Month-to-month,Mailed check,69,85.12,5873.280000000001,0
CUST-9836,female,27.0,INVALID_DATE,month-to-month,Electronic check,26,47.86,1244.36,0
CUST-9837,Female,27.0,2045-03-13,month-to-month,Credit card,54,81.48,4399.92,1
CUST-9838,F,10.0,14-Mar-2045,One year,Mailed check,44,74.0,3256.0,1
CUST-9839,female,35.0,15-Mar-2045,Month-to-month,Electronic check,33,23.92,789.36,0
CUST-9840,female,57.0,03/16/2045,One year,Credit card,26,106.57,2770.8199999999997,0
CUST-9841,Male,23.0,17-Mar-2045,month-to-month, ,22,69.02,1518.4399999999998,1
CUST-9842,Female,49.0,03/18/2045,Two year,Mailed check,20,67.97,1359.4,1
CUST-9843,female,46.0,INVALID_DATE,month-to-month,Bank transfer,2,48.34,,0
CUST-9844,  Male  ,43.0,20-Mar-2045,Month-to-month,Credit card,41,39.64,1625.24,0
CUST-9845,female,54.0,2045-03-21,month-to-month,Credit card,54,49.14,2653.56,0
CUST-9846,F,40.0,03/22/2045,1 Year,Electronic check,57,85.0,4845.0,0
CUST-9847,Male,58.0,INVALID_DATE,month-to-month, ,18,29.76,535.6800000000001,0
CUST-9848,M,,03/24/2045,1 Year,Mailed check,5,53.29,266.45,0
CUST-9849,Male,44.0,25-Mar-2045,One year,Electronic check,46,117.87,,0
CUST-9850,M,38.0,INVALID_DATE,1 Year,Bank transfer,21,47.15,,0
CUST-9851,Female,29.0,INVALID_DATE,month-to-month,Credit card,22,116.67,2566.7400000000002,1
CUST-9852,Female,24.0,2045-03-28,month-to-month, ,3,30.48,91.44,0
CUST-9853,female,47.0,INVALID_DATE,month-to-month, ,9,99.4,894.6,1
CUST-9854,  Male  ,56.0,30-Mar-2045,Month-to-month,Bank transfer,2,63.97,,1
CUST-9855,Female,43.0,03/31/2045,One year,Bank transfer,28,39.48,1105.4399999999998,0
CUST-9856,female,46.0,INVALID_DATE,1 Year,Bank transfer,34,98.74,3357.16,1
CUST-9857,Male,21.0,02-Apr-2045,Two year,Mailed check,53,20.7,1097.1,0
CUST-9858,Female,45.0,2045-04-03,1 Year,Credit card,59,54.71,,1
CUST-9859,Male,15.0,04/04/2045,month-to-month,Credit card,10,80.49,804.9,1
CUST-9860,Male,26.0,2045-04-05,Two year,Electronic check,2,43.1,86.2,0
CUST-9861,  Male  ,56.0,2045-04-06,Two year, ,48,53.25,2556.0,0
CUST-9862,Female,40.0,INVALID_DATE,1 Year,Mailed check,6,29.15,174.89999999999998,0
CUST-9863,Male,41.0,04/08/2045,1 Year,Electronic check,44,105.32,4634.08,0
CUST-9864,  Male  ,47.0,INVALID_DATE,1 Year,Bank transfer,54,62.22,3359.88,0
CUST-9865,  Male  ,50.0,2045-04-10,1 Year,Credit card,71,34.53,2451.63,0
CUST-9866,Female,37.0,11-Apr-2045,One year,Mailed check,36,39.91,1436.7599999999998,0
CUST-9867,  Male  ,44.0,04/12/2045,Month-to-month,Mailed check,8,47.52,380.16,1
CUST-9868,Female,39.0,2045-04-13,Month-to-month,Credit card,10,42.95,,1
CUST-9869,Female,22.0,INVALID_DATE,1 Year,Mailed check,33,70.33,2320.89,0
CUST-9870,M,36.0,2045-04-15,Month-to-month,Bank transfer,19,110.52,,1
CUST-9871,Male,45.0,INVALID_DATE,1 Year, ,18,38.39,691.02,0
CUST-9872,F,35.0,17-Apr-2045,1 Year,Credit card,51,65.34,,0
CUST-9873,Female,35.0,18-Apr-2045,1 Year,Credit card,23,86.39,,1
CUST-9874,Male,49.0,INVALID_DATE,One year,Electronic check,1,38.38,38.38,1
CUST-9875,  Male  ,42.0,20-Apr-2045,month-to-month,Bank transfer,59,35.4,,0
CUST-9876,female,,21-Apr-2045,Month-to-month,Mailed check,3,35.54,,1
CUST-9877,Female,21.0,INVALID_DATE,Month-to-month,Credit card,10,108.2,1082.0,1
CUST-9878,  Male  ,45.0,INVALID_DATE,One year,Credit card,71,91.13,6470.23,0
CUST-9879,  Male  ,27.0,INVALID_DATE,One year,Mailed check,49,53.64,2628.36,0
CUST-9880,  Male  ,40.0,2045-04-25,1 Year,Bank transfer,56,110.26,6174.56,0
CUST-9881,  Male  ,27.0,2045-04-26,1 Year,Mailed check,16,115.35,1845.6,1
CUST-9882,  Male  ,51.0,2045-04-27,month-to-month,Mailed check,39,59.83,,0
CUST-9883,Female,62.0,INVALID_DATE,Month-to-month,Credit card,44,71.04,3125.76,0
CUST-9884,F,38.0,04/29/2045,One year,Electronic check,8,55.81,446.48,0
CUST-9885,M,38.0,INVALID_DATE,month-to-month,Electronic check,8,42.76,342.08,1
CUST-9886,  Male  ,52.0,2045-05-01,Month-to-month,Electronic check,45,98.0,4410.0,1
CUST-9887,  Male  ,47.0,05/02/2045,month-to-month,Electronic check,11,84.91,,1
CUST-9888,M,39.0,2045-05-03,month-to-month,Electronic check,25,56.69,1417.25,0
CUST-9889,Female,44.0,04-May-2045,1 Year,Credit card,17,21.44,364.48,0
CUST-9890,Male,64.0,2045-05-05,month-to-month,Electronic check,55,96.37,5300.35,0
CUST-9891,female,32.0,05/06/2045,1 Year,Mailed check,56,67.74,3793.4399999999996,0
CUST-9892,female,33.0,07-May-2045,Month-to-month,Credit card,44,27.31,1201.6399999999999,0
CUST-9893,Male,50.0,2045-05-08,Month-to-month,Mailed check,53,32.45,1719.8500000000001,0
CUST-9894,Female,65.0,INVALID_DATE,1 Year,Electronic check,35,82.84,2899.4,0
CUST-9895,female,42.0,05/10/2045,Two year,Bank transfer,39,74.63,2910.5699999999997,0
CUST-9896,M,19.0,INVALID_DATE,month-to-month,Electronic check,2,44.05,88.1,1
CUST-9897,Male,45.0,INVALID_DATE,Month-to-month, ,25,33.99,849.75,0
CUST-9898,F,34.0,2045-05-13,month-to-month,Mailed check,38,108.47,4121.86,1
CUST-9899,Female,46.0,14-May-2045,Two year,Bank transfer,68,33.49,2277.32,0
CUST-9900,Male,24.0,05/15/2045,month-to-month,Bank transfer,32,28.57,,0
CUST-9901,female,22.0,16-May-2045,Two year,Bank transfer,41,81.99,3361.5899999999997,0
CUST-9902,Female,36.0,05/17/2045,One year,Mailed check,71,45.26,3213.46,0
CUST-9903,M,60.0,18-May-2045,Two year,Credit card,7,85.66,599.62,1
CUST-9904,Female,24.0,05/19/2045,Month-to-month,Bank transfer,18,68.91,1240.3799999999999,1
CUST-9905,Female,36.0,05/20/2045,1 Year,Mailed check,17,41.12,699.04,0
CUST-9906,M,22.0,2045-05-21,1 Year,Mailed check,59,26.96,1590.64,0
CUST-9907,  Male  ,43.0,22-May-2045,month-to-month,Electronic check,11,27.07,297.77,0
CUST-9908,M,43.0,2045-05-23,One year,Mailed check,51,78.59,4008.09,0
CUST-9909,Female,23.0,24-May-2045,month-to-month,Credit card,7,95.82,670.74,1
CUST-9910,M,55.0,INVALID_DATE,Two year, ,27,88.97,2402.19,0
CUST-9911,  Male  ,17.0,26-May-2045,1 Year,Bank transfer,59,79.29,,0
CUST-9912,Male,59.0,2045-05-27,Two year,Mailed check,37,41.09,1520.3300000000002,0
CUST-9913,M,56.0,05/28/2045,1 Year,Mailed check,5,106.18,530.9000000000001,1
CUST-9914,M,44.0,29-May-2045,1 Year,Electronic check,62,82.88,5138.5599999999995,0
CUST-9915,Female,51.0,05/30/2045,1 Year, ,55,89.42,4918.1,1
CUST-9916,Male,38.0,31-May-2045,Month-to-month,Mailed check,16,42.38,678.08,1
CUST-9917,F,22.0,2045-06-01,Two year,Mailed check,56,46.15,2584.4,0
CUST-9918,F,43.0,INVALID_DATE,month-to-month, ,51,110.75,5648.25,0
CUST-9919,female,21.0,INVALID_DATE,One year, ,68,67.61,4597.48,0
CUST-9920,M,40.0,INVALID_DATE,month-to-month,Electronic check,46,75.38,3467.4799999999996,0
CUST-9921,M,25.0,06/05/2045,Two year,Credit card,61,31.08,1895.8799999999999,0
CUST-9922,Male,52.0,2045-06-06,One year,Bank transfer,33,59.46,1962.18,0
CUST-9923,  Male  ,45.0,07-Jun-2045,month-to-month,Bank transfer,55,108.7,5978.5,0
CUST-9924,F,48.0,2045-06-08,One year,Bank transfer,18,110.02,,0
CUST-9925,female,44.0,09-Jun-2045,Two year,Bank transfer,12,93.02,1116.24,1
CUST-9926,Male,63.0,INVALID_DATE,1 Year,Electronic check,21,74.56,1565.76,0
CUST-9927,M,52.0,06/11/2045,Two year,Electronic check,26,113.08,2940.08,1
CUST-9928,F,60.0,INVALID_DATE,Month-to-month,Mailed check,21,107.18,2250.78,1
CUST-9929,female,29.0,06/13/2045,One year,Credit card,22,104.64,2302.08,0
CUST-9930,Female,33.0,2045-06-14,Two year,Credit card,55,108.18,5949.900000000001,1
CUST-9931,F,11.0,2045-06-15,1 Year,Bank transfer,46,65.32,3004.72,0
CUST-9932,female,35.0,06/16/2045,1 Year,Mailed check,41,72.55,2974.5499999999997,1
CUST-9933,Male,40.0,2045-06-17,Two year,Mailed check,5,62.4,312.0,0
CUST-9934,Female,45.0,INVALID_DATE,month-to-month,Electronic check,44,94.01,4136.4400000000005,0
CUST-9935,female,34.0,2045-06-19,Two year,Mailed check,16,79.19,1267.04,1
CUST-9936,female,49.0,06/20/2045,1 Year,Credit card,35,26.97,943.9499999999999,0
CUST-9937,M,48.0,21-Jun-2045,Two year,Credit card,5,33.66,168.29999999999998,0
CUST-9938,  Male  ,34.0,2045-06-22,Month-to-month,Mailed check,62,39.23,2432.2599999999998,1
CUST-9939,F,28.0,2045-06-23,month-to-month,Electronic check,26,87.06,2263.56,1
CUST-9940,M,,INVALID_DATE,Two year,Credit card,61,30.98,1889.78,0
CUST-9941,Female,41.0,06/25/2045,1 Year,Electronic check,51,74.08,,0
CUST-9942,  Male  ,33.0,INVALID_DATE,Two year,Electronic check,69,104.08,,0
CUST-9943,female,37.0,27-Jun-2045,Two year,Credit card,56,114.75,6426.0,1
CUST-9944,M,23.0,28-Jun-2045,One year,Electronic check,50,62.82,3141.0,1
CUST-9945,  Male  ,48.0,2045-06-29,Two year,Bank transfer,36,73.34,2640.2400000000002,0
CUST-9946,F,48.0,2045-06-30,Month-to-month,Bank transfer,24,103.15,2475.6000000000004,0
CUST-9947,Female,41.0,01-Jul-2045,1 Year,Bank transfer,30,113.57,3407.1,0
CUST-9948,Male,49.0,2045-07-02,One year,Mailed check,69,58.99,,0
CUST-9949,M,42.0,03-Jul-2045,Two year,Credit card,48,55.31,2654.88,0
CUST-9950,Female,59.0,INVALID_DATE,month-to-month,Bank transfer,22,65.08,1431.76,0
CUST-9951,Male,24.0,INVALID_DATE,Month-to-month,Electronic check,33,45.38,,0
CUST-9952,M,42.0,INVALID_DATE,Month-to-month,Bank transfer,69,105.97,,0
CUST-9953,Female,51.0,INVALID_DATE,Month-to-month,Electronic check,50,51.82,2591.0,0
CUST-9954,Female,,2045-07-08,One year,Credit card,23,64.95,1493.8500000000001,1
CUST-9955,  Male  ,50.0,2045-07-09,Two year,Bank transfer,10,52.0,520.0,1
CUST-9956,M,28.0,07/10/2045,Month-to-month,Credit card,36,31.89,1148.04,0
CUST-9957,Female,20.0,11-Jul-2045,Two year,Bank transfer,17,80.66,1371.22,1
CUST-9958,female,38.0,12-Jul-2045,month-to-month,Electronic check,53,78.76,4174.280000000001,0
CUST-9959,M,,2045-07-13,Two year,Electronic check,8,49.49,395.92,1
CUST-9960,Female,51.0,07/14/2045,Two year,Mailed check,44,23.14,1018.1600000000001,0
CUST-9961,  Male  ,27.0,INVALID_DATE,Two year,Mailed check,61,113.67,6933.87,0
CUST-9962,Male,47.0,16-Jul-2045,1 Year,Mailed check,6,55.55,333.29999999999995,0
CUST-9963,Male,8.0,INVALID_DATE,One year,Bank transfer,71,73.88,5245.48,0
CUST-9964,female,31.0,2045-07-18,Two year,Credit card,37,34.37,1271.6899999999998,0
CUST-9965,M,50.0,2045-07-19,Month-to-month,Bank transfer,54,45.12,2436.48,0
CUST-9966,  Male  ,26.0,07/20/2045,1 Year,Electronic check,23,63.53,1461.19,1
CUST-9967,Female,27.0,INVALID_DATE,Two year,Credit card,57,76.22,4344.54,0
CUST-9968,Female,34.0,22-Jul-2045,1 Year,Electronic check,51,105.4,5375.400000000001,1
CUST-9969,Male,42.0,23-Jul-2045,One year,Mailed check,58,49.04,,0
CUST-9970,  Male  ,27.0,2045-07-24,1 Year,Electronic check,19,107.18,2036.42,1
CUST-9971,female,40.0,2045-07-25,Month-to-month,Bank transfer,27,65.84,1777.68,0
CUST-9972,Male,35.0,INVALID_DATE,Two year,Electronic check,25,63.27,1581.75,0
CUST-9973,Male,54.0,07/27/2045,Month-to-month,Electronic check,21,59.64,1252.44,0
CUST-9974,female,,INVALID_DATE,month-to-month,Electronic check,25,108.62,2715.5,0
CUST-9975,M,40.0,INVALID_DATE,1 Year,Credit card,51,45.1,2300.1,0
CUST-9976,Female,42.0,30-Jul-2045,1 Year,Electronic check,71,105.74,7507.54,0
CUST-9977,M,35.0,31-Jul-2045,1 Year, ,35,28.91,1011.85,0
CUST-9978,  Male  ,49.0,08/01/2045,One year,Mailed check,70,115.53,8087.1,0
CUST-9979,F,52.0,02-Aug-2045,Month-to-month,Mailed check,50,70.3,3515.0,0
CUST-9980,F,34.0,08/03/2045,month-to-month,Bank transfer,15,119.89,1798.35,1
CUST-9981,F,44.0,04-Aug-2045,One year,Mailed check,24,80.79,1938.96,0
CUST-9982,female,29.0,08/05/2045,One year,Electronic check,49,31.76,1556.24,0
CUST-9983,Male,47.0,08/06/2045,Two year,Mailed check,68,26.09,1774.12,0
CUST-9984,M,43.0,2045-08-07,month-to-month,Credit card,7,39.34,275.38,0
CUST-9985,Female,36.0,INVALID_DATE,1 Year,Bank transfer,54,62.11,$1200.50,0
CUST-9986,F,44.0,INVALID_DATE,1 Year,Mailed check,38,94.72,3599.36,0
CUST-9987,M,47.0,INVALID_DATE,Two year,Bank transfer,45,20.07,903.15,0
CUST-9988,F,55.0,11-Aug-2045,1 Year,Bank transfer,9,45.73,411.57,0
CUST-9989,F,45.0,2045-08-12,Month-to-month,Bank transfer,55,78.76,4331.8,1
CUST-9990,Female,51.0,08/13/2045,1 Year,Credit card,52,49.79,2589.08,0
CUST-9991,  Male  ,63.0,08/14/2045,Month-to-month, ,49,55.69,2728.81,0
CUST-9992,  Male  ,28.0,08/15/2045,Two year,Credit card,55,50.08,2754.4,0
CUST-9993,  Male  ,54.0,16-Aug-2045,Two year,Bank transfer,70,115.32,8072.4,0
CUST-9994,female,29.0,INVALID_DATE,Month-to-month,Mailed check,3,26.58,79.74,0
CUST-9995,Male,31.0,2045-08-18,1 Year,Mailed check,68,110.75,7531.0,1
CUST-9996,female,40.0,08/19/2045,Two year,Credit card,38,52.32,1988.16,0
CUST-9997,M,32.0,20-Aug-2045,Two year,Mailed check,70,44.65,3125.5,0
CUST-9998,female,,08/21/2045,Month-to-month,Bank transfer,49,108.33,5308.17,0
CUST-9999,M,39.0,08/22/2045,Two year, ,8,48.71,389.68,0
CUST-10000,M,36.0,08/23/2045,1 Year,Electronic check,45,118.75,5343.75,0
CUST-10001,Male,32.0,08/24/2045,Two year,Bank transfer,29,74.81,2169.4900000000002,1
CUST-10002,Female,29.0,2045-08-25,Month-to-month,Mailed check,49,67.64,3314.36,0
CUST-10003,Male,57.0,08/26/2045,1 Year,Electronic check,24,117.65,2823.6000000000004,1
CUST-10004,  Male  ,26.0,08/27/2045,month-to-month, ,21,42.68,896.28,0
CUST-10005,  Male  ,,2045-08-28,Month-to-month,Credit card,23,110.9,2550.7000000000003,0
CUST-10006,female,53.0,2045-08-29,month-to-month,Electronic check,28,79.15,2216.2000000000003,0
CUST-10007,M,50.0,08/30/2045,Two year,Bank transfer,32,95.5,3056.0,0
CUST-10008,F,43.0,2045-08-31,1 Year,Electronic check,22,78.2,1720.4,0
CUST-10009,F,33.0,INVALID_DATE,Two year,Bank transfer,62,81.86,5075.32,0
CUST-10010,M,40.0,2045-09-02,1 Year,Bank transfer,67,35.49,2377.83,0
CUST-10011,Male,27.0,INVALID_DATE,One year,Mailed check,6,35.17,211.02,1
CUST-10012,Female,37.0,2045-09-04,Two year,Bank transfer,65,59.72,3881.7999999999997,0
CUST-10013,Male,36.0,2045-09-05,Two year,Bank transfer,22,54.64,1202.08,0
CUST-10014,M,38.0,09/06/2045,Two year,Bank transfer,51,91.21,4651.71,0
CUST-10015,M,31.0,07-Sep-2045,Month-to-month,Mailed check,68,92.28,6275.04,0
CUST-10016,Female,,08-Sep-2045,1 Year,Bank transfer,57,76.38,,0
CUST-10017,female,55.0,09/09/2045,1 Year,Credit card,55,60.2,3311.0,0
CUST-10018,female,52.0,10-Sep-2045,1 Year,Mailed check,42,87.68,3682.5600000000004,1
CUST-10019,Female,,INVALID_DATE,Month-to-month,Credit card,52,88.73,4613.96,0
CUST-10020,female,45.0,INVALID_DATE,1 Year,Electronic check,61,100.91,6155.51,0
CUST-10021,F,42.0,2045-09-13,Two year,Mailed check,19,101.17,1922.23,0
CUST-10022,female,32.0,14-Sep-2045,month-to-month,Credit card,1,26.96,,0
CUST-10023,female,33.0,09/15/2045,One year,Mailed check,41,57.41,2353.81,1
CUST-10024,female,57.0,INVALID_DATE,1 Year,Bank transfer,63,61.99,3905.3700000000003,0
CUST-10025,F,60.0,17-Sep-2045,Month-to-month,Mailed check,48,104.69,5025.12,0
CUST-10026,female,38.0,09/18/2045,Month-to-month,Electronic check,32,70.18,2245.76,0
CUST-10027,  Male  ,40.0,19-Sep-2045,1 Year,Credit card,50,68.88,3444.0,0
CUST-10028,F,49.0,2045-09-20,month-to-month, ,14,75.38,1055.32,0
CUST-10029,Female,41.0,2045-09-21,1 Year,Bank transfer,17,32.72,556.24,0
CUST-10030,Male,42.0,2045-09-22,Month-to-month,Credit card,30,76.53,2295.9,0
CUST-10031,Female,39.0,INVALID_DATE,One year,Credit card,51,75.15,3832.65,0
CUST-10032,Male,29.0,24-Sep-2045,month-to-month,Credit card,62,95.44,5917.28,0
CUST-10033,Female,36.0,INVALID_DATE,1 Year,Electronic check,24,83.42,2002.08,1
CUST-10034,  Male  ,38.0,INVALID_DATE,One year,Bank transfer,63,115.5,,0
CUST-10035,Male,10.0,27-Sep-2045,1 Year,Bank transfer,14,28.01,392.14000000000004,0
CUST-10036,Male,41.0,28-Sep-2045,month-to-month,Credit card,34,97.17,3303.78,0
CUST-10037,M,68.0,2045-09-29,Month-to-month,Mailed check,59,95.15,5613.85,0
CUST-10038,Male,35.0,30-Sep-2045,month-to-month,Credit card,65,46.93,3050.45,0
CUST-10039,Male,40.0,INVALID_DATE,Two year,Bank transfer,33,89.86,2965.38,0
CUST-10040,M,30.0,02-Oct-2045,1 Year,Electronic check,58,85.93,4983.9400000000005,0
CUST-10041,female,27.0,INVALID_DATE,One year,Electronic check,18,49.87,897.66,1
CUST-10042,female,36.0,10/04/2045,One year,Credit card,12,92.38,,0
CUST-10043,M,,2045-10-05,month-to-month, ,66,113.07,7462.62,0
CUST-10044,F,37.0,06-Oct-2045,month-to-month,Electronic check,2,50.52,101.04,1
CUST-10045,Male,36.0,INVALID_DATE,month-to-month,Mailed check,70,118.01,,1
CUST-10046,Male,46.0,INVALID_DATE,One year,Electronic check,28,42.43,1188.04,0
CUST-10047,M,,10/09/2045,Month-to-month,Mailed check,42,33.46,,0
CUST-10048,M,43.0,10/10/2045,One year,Credit card,3,27.71,83.13,0
CUST-10049,F,54.0,10/11/2045,Month-to-month,Bank transfer,48,41.37,1985.7599999999998,0
CUST-10050,  Male  ,53.0,2045-10-12,month-to-month,Bank transfer,13,54.25,705.25,0
CUST-10051,female,58.0,INVALID_DATE,Two year,Mailed check,57,93.32,5319.24,0
CUST-10052,Female,25.0,10/14/2045,One year,Bank transfer,3,27.2,81.6,0
CUST-10053,  Male  ,50.0,INVALID_DATE,month-to-month,Credit card,63,70.73,4455.990000000001,0
CUST-10054,female,60.0,2045-10-16,One year,Bank transfer,38,71.87,2731.0600000000004,0
CUST-10055,Male,20.0,10/17/2045,month-to-month,Electronic check,59,42.79,2524.61,0
CUST-10056,  Male  ,40.0,18-Oct-2045,One year,Credit card,28,24.55,687.4,0
CUST-10057,M,33.0,INVALID_DATE,1 Year,Credit card,26,42.51,1105.26,0
CUST-10058,F,40.0,2045-10-20,One year,Bank transfer,65,43.04,2797.6,0
CUST-10059,female,54.0,2045-10-21,1 Year,Bank transfer,61,88.8,5416.8,0
CUST-10060,F,23.0,22-Oct-2045,Month-to-month,Mailed check,57,43.38,,0
CUST-10061,female,43.0,INVALID_DATE,One year,Electronic check,1,54.03,54.03,0
CUST-10062,  Male  ,33.0,10/24/2045,Month-to-month,Bank transfer,32,24.74,791.68,0
CUST-10063,Male,54.0,2045-10-25,Two year,Bank transfer,32,82.39,2636.48,1
CUST-10064,Female,45.0,2045-10-26,1 Year,Mailed check,27,67.41,1820.07,0
CUST-10065,F,,INVALID_DATE,One year,Bank transfer,13,54.5,,1
CUST-10066,F,31.0,2045-10-28,Month-to-month,Electronic check,17,90.29,1534.93,1
CUST-10067,Female,72.0,2045-10-29,month-to-month,Electronic check,28,88.21,,0
CUST-10068,F,43.0,2045-10-30,Month-to-month,Credit card,52,52.79,2745.08,0
CUST-10069,F,23.0,31-Oct-2045,One year, ,36,90.94,3273.84,1
CUST-10070,female,30.0,2045-11-01,Two year,Electronic check,47,54.82,2576.54,0
CUST-10071,female,45.0,2045-11-02,1 Year,Mailed check,66,42.2,2785.2000000000003,0
CUST-10072,Female,,03-Nov-2045,month-to-month,Credit card,32,91.98,2943.36,0
CUST-10073,Male,33.0,11/04/2045,Month-to-month,Electronic check,32,92.8,2969.6,1
CUST-10074,  Male  ,52.0,2045-11-05,One year,Electronic check,70,106.58,7460.599999999999,0
CUST-10075,  Male  ,51.0,06-Nov-2045,One year,Credit card,55,70.09,3854.9500000000003,0
CUST-10076,F,33.0,07-Nov-2045,1 Year,Electronic check,40,43.24,1729.6000000000001,1
CUST-10077,Male,54.0,11/08/2045,month-to-month,Electronic check,28,103.69,2903.3199999999997,0
CUST-10078,Female,31.0,INVALID_DATE,Month-to-month,Electronic check,31,37.47,1161.57,0
CUST-10079,Female,60.0,2045-11-10,Month-to-month,Electronic check,31,113.86,3529.66,1
CUST-10080,female,,2045-11-11,Month-to-month,Credit card,26,50.67,1317.42,1
CUST-10081,F,43.0,11/12/2045,1 Year,Mailed check,4,21.88,87.52,0
CUST-10082,M,35.0,13-Nov-2045,1 Year,Electronic check,58,38.68,2243.44,0
CUST-10083,Female,33.0,INVALID_DATE,month-to-month,Bank transfer,23,61.48,1414.04,0
CUST-10084,F,,15-Nov-2045,Month-to-month,Mailed check,69,25.52,1760.8799999999999,0
CUST-10085,Male,,16-Nov-2045,Month-to-month,Bank transfer,60,60.95,3657.0,0
CUST-10086,female,40.0,11/17/2045,month-to-month,Bank transfer,43,40.29,,0
CUST-10087,  Male  ,18.0,11/18/2045,month-to-month,Electronic check,26,21.9,569.4,0
CUST-10088,Male,,INVALID_DATE,month-to-month,Credit card,67,49.9,3343.2999999999997,0
CUST-10089,Female,38.0,20-Nov-2045,One year,Bank transfer,68,42.63,2898.84,0
CUST-10090,Female,55.0,2045-11-21,month-to-month,Bank transfer,55,61.98,3408.8999999999996,0
CUST-10091,Male,32.0,2045-11-22,Two year,Bank transfer,47,95.9,4507.3,0
CUST-10092,Female,55.0,23-Nov-2045,1 Year,Electronic check,59,70.98,4187.820000000001,0
CUST-10093,F,35.0,2045-11-24,month-to-month,Electronic check,16,96.81,1548.96,0
CUST-10094,Female,,25-Nov-2045,One year, ,58,53.67,3112.86,0
CUST-10095,female,43.0,26-Nov-2045,Two year,Electronic check,1,21.32,21.32,0
CUST-10096,F,40.0,INVALID_DATE,One year,Mailed check,45,112.22,5049.9,0
CUST-10097,M,44.0,2045-11-28,One year,Credit card,6,51.47,308.82,0
CUST-10098,Female,17.0,INVALID_DATE,One year,Electronic check,52,72.69,3779.88,0
CUST-10099,Female,38.0,2045-11-30,One year,Electronic check,19,66.92,1271.48,0
CUST-10100,female,39.0,12/01/2045,Month-to-month, ,43,78.31,3367.33,0
CUST-10101,female,16.0,INVALID_DATE,1 Year,Electronic check,19,108.5,2061.5,1
CUST-10102,  Male  ,48.0,2045-12-03,Month-to-month,Bank transfer,39,106.72,4162.08,0
CUST-10103,Male,29.0,2045-12-04,Two year,Electronic check,32,118.1,3779.2,0
CUST-10104,Male,51.0,2045-12-05,Month-to-month,Electronic check,65,72.84,4734.6,0
CUST-10105,Male,41.0,2045-12-06,Two year,Electronic check,47,112.25,5275.75,0
CUST-10106,female,33.0,07-Dec-2045,month-to-month,Electronic check,13,68.25,887.25,1
CUST-10107,Male,,INVALID_DATE,Two year,Electronic check,36,24.44,879.84,0
CUST-10108,Male,60.0,2045-12-09,Month-to-month,Credit card,70,34.62,2423.3999999999996,0
CUST-10109,M,40.0,10-Dec-2045,Month-to-month,Electronic check,27,53.4,1441.8,0
CUST-10110,Male,56.0,INVALID_DATE,Two year,Electronic check,24,92.55,2221.2,0
CUST-10111,Female,38.0,12-Dec-2045,Month-to-month,Bank transfer,20,28.14,562.8,0
CUST-10112,  Male  ,52.0,12/13/2045,Two year,Mailed check,9,56.16,505.43999999999994,1
CUST-10113,female,36.0,INVALID_DATE,One year,Mailed check,39,118.24,4611.36,0
CUST-10114,F,62.0,15-Dec-2045,1 Year,Credit card,1,98.57,98.57,1
CUST-10115,  Male  ,53.0,INVALID_DATE,Two year,Electronic check,11,77.2,849.2,1
CUST-10116,M,46.0,2045-12-17,One year,Mailed check,1,26.18,26.18,0
CUST-10117,female,10.0,12/18/2045,One year,Bank transfer,44,21.46,944.24,0
CUST-10118,female,,12/19/2045,One year,Bank transfer,51,30.52,1556.52,0
CUST-10119,Female,25.0,12/20/2045,One year,Credit card,17,52.71,896.07,0
CUST-10120,  Male  ,,21-Dec-2045,Two year, ,66,80.64,5322.24,0
CUST-10121,  Male  ,55.0,22-Dec-2045,Month-to-month,Mailed check,23,39.75,914.25,0
CUST-10122,Male,48.0,23-Dec-2045,One year,Mailed check,41,25.12,1029.92,0
CUST-10123,Female,50.0,12/24/2045,month-to-month,Mailed check,59,29.08,1715.7199999999998,0
CUST-10124,Male,36.0,INVALID_DATE,One year,Electronic check,25,62.68,1567.0,0
CUST-10125,Male,22.0,INVALID_DATE,Month-to-month,Bank transfer,17,97.31,1654.27,1
CUST-10126,female,31.0,27-Dec-2045,Month-to-month,Bank transfer,19,102.11,1940.09,0
CUST-10127,  Male  ,36.0,INVALID_DATE,1 Year,Electronic check,46,49.11,2259.06,0
CUST-10128,Male,40.0,29-Dec-2045,1 Year,Mailed check,35,86.34,3021.9,0
CUST-10129,M,55.0,INVALID_DATE,One year,Bank transfer,23,59.27,,1
CUST-10130,M,49.0,INVALID_DATE,One year,Mailed check,44,117.25,5159.0,0
CUST-10131,  Male  ,67.0,01/01/2046,1 Year,Electronic check,9,60.5,544.5,0
CUST-10132,M,28.0,INVALID_DATE,One year,Mailed check,32,59.59,1906.88,1
CUST-10133,female,54.0,01/03/2046,month-to-month,Credit card,59,70.16,4139.44,0
CUST-10134,Female,51.0,2046-01-04,Two year,Electronic check,42,22.55,,0
CUST-10135,F,39.0,INVALID_DATE,1 Year,Mailed check,62,61.79,3830.98,0
CUST-10136,Male,28.0,INVALID_DATE,1 Year,Electronic check,19,102.87,1954.5300000000002,0
CUST-10137,F,33.0,01/07/2046,Month-to-month,Bank transfer,35,81.21,,0
CUST-10138,Female,32.0,01/08/2046,One year,Credit card,8,116.94,935.52,1
CUST-10139,Female,61.0,01/09/2046,1 Year,Electronic check,43,52.56,2260.08,0
CUST-10140,female,50.0,2046-01-10,1 Year,Mailed check,45,36.15,1626.75,0
CUST-10141,M,50.0,2046-01-11,month-to-month,Bank transfer,6,95.06,570.36,0
CUST-10142,M,41.0,2046-01-12,One year,Mailed check,13,24.37,316.81,0
CUST-10143,Female,37.0,01/13/2046,Two year,Mailed check,11,9999.0,395.56,1
CUST-10144,female,44.0,2046-01-14,month-to-month,Electronic check,70,70.69,4948.3,0
CUST-10145,female,,INVALID_DATE,Two year,Electronic check,69,95.35,6579.15,0
CUST-10146,  Male  ,39.0,INVALID_DATE,Month-to-month,Mailed check,7,80.1,560.6999999999999,1
CUST-10147,Male,44.0,01/17/2046,1 Year,Electronic check,55,119.49,,0
CUST-10148,M,27.0,18-Jan-2046,month-to-month,Mailed check,55,85.49,4701.95,0
CUST-10149,Female,43.0,INVALID_DATE,Two year,Electronic check,19,92.5,1757.5,1
CUST-10150,  Male  ,39.0,2046-01-20,One year,Credit card,6,119.39,716.34,1
CUST-10151,F,31.0,21-Jan-2046,Month-to-month,Electronic check,9,79.25,713.25,1
CUST-10152,M,48.0,INVALID_DATE,Month-to-month,Mailed check,20,91.46,1829.1999999999998,1
CUST-10153,Male,62.0,INVALID_DATE,1 Year,Bank transfer,25,49.83,1245.75,0
CUST-10154,female,,INVALID_DATE,1 Year,Electronic check,50,73.68,,0
CUST-10155,Female,37.0,01/25/2046,Two year,Credit card,50,111.2,5560.0,0
CUST-10156,M,48.0,26-Jan-2046,Two year,Credit card,38,105.33,4002.54,0
CUST-10157,F,50.0,2046-01-27,Month-to-month,Credit card,66,50.63,3341.5800000000004,0
CUST-10158,Male,41.0,INVALID_DATE,Two year,Credit card,57,55.72,3176.04,0
CUST-10159,Male,40.0,2046-01-29,1 Year,Mailed check,22,104.64,2302.08,0
CUST-10160,  Male  ,44.0,01/30/2046,Month-to-month,Credit card,56,48.47,2714.3199999999997,0
CUST-10161,M,70.0,2046-01-31,Month-to-month,Bank transfer,36,108.76,3915.36,0
CUST-10162,F,43.0,01-Feb-2046,One year,Electronic check,51,97.38,4966.38,1
CUST-10163,Male,25.0,02-Feb-2046,One year, ,68,35.24,2396.32,0
CUST-10164,Female,,2046-02-03,Two year,Electronic check,1,91.98,91.98,0
CUST-10165,Male,38.0,2046-02-04,Two year,Mailed check,48,103.43,4964.64,0
CUST-10166,F,25.0,02/05/2046,1 Year,Electronic check,33,34.43,1136.19,1
CUST-10167,female,,06-Feb-2046,1 Year, ,24,65.73,,0
CUST-10168,female,67.0,INVALID_DATE,One year,Mailed check,49,106.26,5206.740000000001,0
CUST-10169,  Male  ,34.0,2046-02-08,Month-to-month,Electronic check,69,39.87,2751.0299999999997,0
CUST-10170,M,27.0,09-Feb-2046,month-to-month,Credit card,58,64.91,3764.7799999999997,0
CUST-10171,F,38.0,02/10/2046,month-to-month,Bank transfer,48,81.28,3901.44,0
CUST-10172,  Male  ,39.0,INVALID_DATE,Two year,Electronic check,57,29.73,1694.6100000000001,0
CUST-10173,Male,28.0,12-Feb-2046,month-to-month,Bank transfer,64,41.21,,0
CUST-10174,Male,25.0,02/13/2046,month-to-month,Electronic check,53,66.67,3533.51,0
CUST-10175,female,56.0,INVALID_DATE,One year,Bank transfer,60,57.37,,0
CUST-10176,  Male  ,46.0,15-Feb-2046,Month-to-month,Electronic check,43,52.48,2256.64,0
CUST-10177,female,34.0,02/16/2046,1 Year,Bank transfer,41,22.64,928.24,0
CUST-10178,Female,26.0,2046-02-17,One year,Bank transfer,26,112.79,2932.54,0
CUST-10179,female,34.0,2046-02-18,1 Year,Electronic check,59,107.14,6321.26,0
CUST-10180,Female,,02/19/2046,One year,Electronic check,49,59.26,,0
CUST-10181,Male,33.0,INVALID_DATE,One year,Mailed check,64,38.14,,0
CUST-10182,  Male  ,65.0,21-Feb-2046,month-to-month,Bank transfer,5,26.9,134.5,0
CUST-10183,Female,,INVALID_DATE,1 Year, ,44,32.32,1422.08,0
CUST-10184,  Male  ,33.0,23-Feb-2046,One year,Credit card,18,80.2,1443.6000000000001,1
CUST-10185,  Male  ,48.0,24-Feb-2046,month-to-month,Credit card,57,93.39,5323.2300000000005,0
CUST-10186,Female,29.0,INVALID_DATE,Two year,Mailed check,40,35.64,1425.6,0
CUST-10187,M,35.0,2046-02-26,1 Year,Credit card,46,31.28,1438.88,0
CUST-10188,female,18.0,2046-02-27,One year,Electronic check,58,89.11,5168.38,1
CUST-10189,Female,55.0,28-Feb-2046,Two year,Bank transfer,24,71.7,1720.8000000000002,1
CUST-10190,Male,38.0,2046-03-01,month-to-month,Electronic check,28,57.18,1601.04,0
CUST-10191,  Male  ,30.0,2046-03-02,One year,Credit card,46,92.5,,0
CUST-10192,F,48.0,2046-03-03,month-to-month,Credit card,68,65.57,4458.759999999999,0
CUST-10193,Female,27.0,INVALID_DATE,month-to-month,Electronic check,54,66.51,3591.5400000000004,0
CUST-10194,female,28.0,03/05/2046,month-to-month,Mailed check,33,21.57,711.8100000000001,1
CUST-10195,  Male  ,35.0,03/06/2046,1 Year,Electronic check,67,51.6,,0
CUST-10196,M,26.0,2046-03-07,Two year,Mailed check,35,20.5,717.5,0
CUST-10197,Male,32.0,2046-03-08,Two year,Credit card,39,112.38,4382.82,1
CUST-10198,M,,INVALID_DATE,Month-to-month,Bank transfer,47,49.39,2321.33,0
CUST-10199,F,39.0,2046-03-10,One year,Bank transfer,71,38.05,2701.5499999999997,0
CUST-10200,Female,24.0,11-Mar-2046,month-to-month,Electronic check,5,29.09,145.45,0
CUST-10201,  Male  ,37.0,03/12/2046,One year,Mailed check,37,24.66,,0
CUST-10202,Female,47.0,13-Mar-2046,Two year,Credit card,1,108.6,108.6,1
CUST-10203,female,49.0,INVALID_DATE,Two year,Bank transfer,56,36.85,2063.6,0
CUST-10204,Female,34.0,2046-03-15,month-to-month,Electronic check,7,81.75,572.25,1
CUST-10205,Male,38.0,INVALID_DATE,1 Year,Electronic check,64,85.12,,0
CUST-10206,F,37.0,INVALID_DATE,month-to-month,Credit card,8,51.75,414.0,0
CUST-10207,M,23.0,2046-03-18,month-to-month,Credit card,64,103.32,6612.48,0
CUST-10208,F,34.0,19-Mar-2046,Month-to-month,Electronic check,57,41.4,,0
CUST-10209,  Male  ,50.0,INVALID_DATE,1 Year,Electronic check,28,27.15,760.1999999999999,0
CUST-10210,Female,50.0,2046-03-21,One year,Electronic check,26,26.85,698.1,0
CUST-10211,  Male  ,45.0,03/22/2046,1 Year,Mailed check,34,50.04,1701.36,0
CUST-10212,M,8.0,03/23/2046,month-to-month,Credit card,22,66.32,1459.04,1
CUST-10213,  Male  ,31.0,2046-03-24,month-to-month,Electronic check,20,82.94,1658.8,0
CUST-10214,female,46.0,03/25/2046,month-to-month,Credit card,14,92.87,1300.18,1
CUST-10215,F,61.0,INVALID_DATE,month-to-month,Electronic check,23,37.87,871.01,0
CUST-10216,M,40.0,2046-03-27,month-to-month,Electronic check,67,88.39,5922.13,0
CUST-10217,M,41.0,2046-03-28,1 Year,Electronic check,19,38.25,726.75,1
CUST-10218,M,39.0,INVALID_DATE,month-to-month,Credit card,39,119.72,4669.08,0
CUST-10219,Male,24.0,INVALID_DATE,Two year,Electronic check,37,115.91,Unknown,0
CUST-10220,F,44.0,2046-03-31,Two year,Electronic check,1,30.24,30.24,1
CUST-10221,  Male  ,22.0,04/01/2046,Month-to-month,Credit card,19,85.51,1624.69,0
CUST-10222,M,39.0,02-Apr-2046,One year,Electronic check,15,110.33,1654.95,1
CUST-10223,F,41.0,04/03/2046,Two year,Bank transfer,1,28.07,28.07,0
CUST-10224,M,41.0,04/04/2046,Month-to-month,Bank transfer,31,32.4,1004.4,0
CUST-10225,female,24.0,05-Apr-2046,1 Year,Electronic check,52,54.7,2844.4,0
CUST-10226,female,31.0,INVALID_DATE,One year,Mailed check,43,29.57,1271.51,0
CUST-10227,female,48.0,04/07/2046,month-to-month,Credit card,46,9999.0,4993.76,0
CUST-10228,Female,41.0,2046-04-08,month-to-month,Electronic check,50,107.55,5377.5,0
CUST-10229,M,32.0,04/09/2046,1 Year,Credit card,20,114.87,2297.4,1
CUST-10230,Female,,INVALID_DATE,One year,Mailed check,62,40.5,,0
CUST-10231,F,,2046-04-11,Two year,Mailed check,43,24.54,,0
CUST-10232,Female,40.0,INVALID_DATE,One year,Credit card,5,64.46,322.29999999999995,1
CUST-10233,F,26.0,2046-04-13,Month-to-month,Mailed check,66,108.06,,0
CUST-10234,F,38.0,INVALID_DATE,1 Year,Mailed check,12,83.84,1006.08,1
CUST-10235,F,,04/15/2046,Two year,Credit card,57,119.83,6830.3099999999995,0
CUST-10236,  Male  ,44.0,INVALID_DATE,One year,Mailed check,60,110.57,6634.2,1
CUST-10237,Female,55.0,17-Apr-2046,One year,Bank transfer,55,59.28,3260.4,0
CUST-10238,  Male  ,27.0,04/18/2046,Two year,Electronic check,71,23.95,1700.45,0
CUST-10239,M,42.0,INVALID_DATE,Month-to-month,Bank transfer,66,20.52,,0
CUST-10240,Female,42.0,04/20/2046,Month-to-month,Bank transfer,27,84.42,2279.34,0
CUST-10241,M,14.0,INVALID_DATE,One year,Electronic check,28,111.58,3124.24,0
CUST-10242,M,50.0,INVALID_DATE,month-to-month,Bank transfer,37,64.42,2383.54,0
CUST-10243,F,65.0,04/23/2046,Two year,Electronic check,19,107.43,2041.17,0
CUST-10244,Female,42.0,2046-04-24,Month-to-month,Electronic check,51,76.67,3910.17,0
CUST-10245,M,,2046-04-25,Month-to-month,Credit card,13,29.8,387.40000000000003,0
CUST-10246,female,25.0,INVALID_DATE,Month-to-month,Electronic check,45,99.83,4492.35,0
CUST-10247,M,31.0,27-Apr-2046,1 Year,Electronic check,6,69.26,415.56000000000006,0
CUST-10248,female,41.0,28-Apr-2046,month-to-month,Mailed check,1,25.11,25.11,0
CUST-10249,Female,,INVALID_DATE,Month-to-month,Mailed check,25,101.46,2536.5,1
CUST-10250,  Male  ,40.0,INVALID_DATE,month-to-month,Bank transfer,26,95.77,2490.02,0
CUST-10251,Female,52.0,05/01/2046,One year,Electronic check,13,65.73,854.49,1
CUST-10252,  Male  ,29.0,02-May-2046,One year,Electronic check,19,21.95,417.05,0
CUST-10253,  Male  ,53.0,05/03/2046,1 Year,Credit card,10,54.69,546.9,0
CUST-10254,Female,17.0,2046-05-04,month-to-month,Electronic check,45,63.5,2857.5,0
CUST-10255,M,33.0,05/05/2046,Two year,Credit card,71,36.53,2593.63,0
CUST-10256,Male,38.0,INVALID_DATE,1 Year,Electronic check,15,36.09,541.35,0
CUST-10257,M,,05/07/2046,Month-to-month,Mailed check,31,36.7,1137.7,0
CUST-10258,M,33.0,05/08/2046,One year,Mailed check,8,57.06,456.48,1
CUST-10259,F,57.0,05/09/2046,One year,Mailed check,30,101.75,3052.5,1
CUST-10260,F,,INVALID_DATE,Two year,Bank transfer,1,95.94,95.94,1
CUST-10261,M,49.0,INVALID_DATE,1 Year,Electronic check,16,21.01,336.16,0
CUST-10262,female,52.0,12-May-2046,month-to-month,Mailed check,11,20.96,230.56,0
CUST-10263,  Male  ,33.0,05/13/2046,One year,Credit card,27,27.77,749.79,1
CUST-10264,F,25.0,2046-05-14,Month-to-month,Mailed check,40,66.66,2666.3999999999996,0
CUST-10265,M,30.0,05/15/2046,Two year,Electronic check,44,108.89,4791.16,1
CUST-10266,Male,32.0,2046-05-16,Two year,Mailed check,70,38.23,2676.1,0
CUST-10267,female,33.0,17-May-2046,Two year,Electronic check,57,67.68,3857.76,0
CUST-10268,Female,46.0,05/18/2046,Month-to-month,Electronic check,48,24.07,1155.3600000000001,0
CUST-10269,M,44.0,2046-05-19,Two year, ,40,22.03,881.2,0
CUST-10270,M,38.0,05/20/2046,month-to-month,Credit card,39,20.75,809.25,0
CUST-10271,  Male  ,39.0,05/21/2046,month-to-month,Bank transfer,3,93.67,281.01,0
CUST-10272,female,53.0,22-May-2046,1 Year,Electronic check,55,22.38,1230.8999999999999,0
CUST-10273,F,,2046-05-23,1 Year,Bank transfer,1,47.38,47.38,1
CUST-10274,F,49.0,2046-05-24,month-to-month,Mailed check,23,84.5,1943.5,1
CUST-10275,F,15.0,INVALID_DATE,Month-to-month,Electronic check,67,81.87,5485.29,0
CUST-10276,Female,33.0,2046-05-26,1 Year,Electronic check,62,25.51,,0
CUST-10277,female,58.0,05/27/2046,Two year,Mailed check,34,45.67,1552.78,1
CUST-10278,female,44.0,28-May-2046,month-to-month,Bank transfer,17,83.93,1426.8100000000002,0
CUST-10279,F,34.0,INVALID_DATE,One year,Credit card,48,59.22,2842.56,0
CUST-10280,F,51.0,INVALID_DATE,Month-to-month,Mailed check,53,66.58,3528.74,1
CUST-10281,  Male  ,,05/31/2046,Month-to-month,Mailed check,61,40.71,2483.31,0
CUST-10282,Male,47.0,01-Jun-2046,month-to-month,Credit card,11,23.78,261.58000000000004,1
CUST-10283,Male,,INVALID_DATE,One year,Credit card,15,54.52,817.8000000000001,0
CUST-10284,M,52.0,03-Jun-2046,Month-to-month,Credit card,11,88.3,971.3,0
CUST-10285,M,32.0,2046-06-04,1 Year,Credit card,7,96.65,676.5500000000001,1
CUST-10286,female,32.0,INVALID_DATE,One year,Mailed check,47,79.25,3724.75,0
CUST-10287,female,62.0,INVALID_DATE,Two year, ,8,59.32,474.56,0
CUST-10288,Female,,07-Jun-2046,1 Year,Bank transfer,5,78.31,391.55,0
CUST-10289,Female,16.0,INVALID_DATE,One year,Credit card,66,90.5,5973.0,0
CUST-10290,Male,53.0,2046-06-09,month-to-month,Electronic check,63,95.53,6018.39,0
CUST-10291,M,56.0,INVALID_DATE,Month-to-month,Electronic check,21,29.45,618.4499999999999,0
CUST-10292,Male,37.0,06/11/2046,1 Year,Credit card,71,100.3,7121.3,0
CUST-10293,Male,15.0,INVALID_DATE,month-to-month,Mailed check,12,26.35,316.20000000000005,0
CUST-10294,M,39.0,06/13/2046,One year,Mailed check,11,107.05,,1
CUST-10295,Female,65.0,INVALID_DATE,Two year, ,54,59.22,3197.88,0
CUST-10296,  Male  ,42.0,INVALID_DATE,Month-to-month,Mailed check,10,74.69,746.9,1
CUST-10297,  Male  ,,INVALID_DATE,Month-to-month,Bank transfer,16,49.0,784.0,0
CUST-10298,  Male  ,50.0,17-Jun-2046,1 Year,Bank transfer,15,62.67,940.0500000000001,0
CUST-10299,M,52.0,INVALID_DATE,month-to-month,Bank transfer,58,104.52,6062.16,1
CUST-10300,F,62.0,INVALID_DATE,One year,Credit card,4,49.57,,0
CUST-10301,F,,2046-06-20,One year,Mailed check,22,76.42,1681.24,1
CUST-10302,F,39.0,2046-06-21,month-to-month,Electronic check,35,84.71,2964.85,1
CUST-10303,female,27.0,06/22/2046,Month-to-month, ,14,34.64,484.96000000000004,1
CUST-10304,Female,45.0,23-Jun-2046,month-to-month,Electronic check,31,97.78,3031.18,0
CUST-10305,Female,38.0,2046-06-24,One year,Bank transfer,70,119.91,8393.699999999999,0
CUST-10306,female,49.0,2046-06-25,month-to-month,Mailed check,11,35.51,390.60999999999996,0
CUST-10307,Male,30.0,26-Jun-2046,Month-to-month,Credit card,36,96.79,3484.44,0
CUST-10308,  Male  ,36.0,06/27/2046,1 Year,Bank transfer,24,34.71,833.04,0
CUST-10309,F,40.0,INVALID_DATE,Month-to-month,Bank transfer,40,115.03,4601.2,0
CUST-10310,  Male  ,,INVALID_DATE,Two year,Electronic check,42,61.1,2566.2000000000003,0
CUST-10311,F,40.0,INVALID_DATE,Two year,Credit card,21,117.99,2477.79,1
CUST-10312,  Male  ,49.0,2046-07-01,month-to-month,Mailed check,51,26.79,1366.29,0
CUST-10313,Male,63.0,2046-07-02,Month-to-month,Bank transfer,55,99.1,5450.5,0
CUST-10314,  Male  ,31.0,03-Jul-2046,Month-to-month, ,4,67.34,269.36,0
CUST-10315,  Male  ,51.0,04-Jul-2046,One year,Credit card,62,48.95,3034.9,0
CUST-10316,M,16.0,INVALID_DATE,1 Year,Electronic check,25,94.79,2369.75,1
CUST-10317,  Male  ,40.0,INVALID_DATE,Month-to-month,Credit card,70,83.53,5847.1,0
CUST-10318,M,41.0,INVALID_DATE,month-to-month,Credit card,14,110.29,1544.0600000000002,1
CUST-10319,Female,50.0,2046-07-08,One year,Credit card,41,44.88,1840.0800000000002,0
CUST-10320,female,34.0,INVALID_DATE,One year,Credit card,57,113.97,,0
CUST-10321,  Male  ,43.0,2046-07-10,month-to-month, ,38,84.19,3199.22,0
CUST-10322,Female,53.0,INVALID_DATE,month-to-month,Mailed check,62,65.04,4032.4800000000005,0
CUST-10323,M,26.0,12-Jul-2046,Month-to-month,Electronic check,41,25.31,1037.71,0
CUST-10324,  Male  ,16.0,13-Jul-2046,Month-to-month,Bank transfer,45,96.52,4343.4,0
CUST-10325,  Male  ,53.0,2046-07-14,One year,Bank transfer,16,105.84,1693.44,0
CUST-10326,Male,28.0,INVALID_DATE,One year,Credit card,19,100.96,1918.2399999999998,1
CUST-10327,Female,45.0,INVALID_DATE,1 Year,Credit card,37,93.57,3462.0899999999997,1
CUST-10328,F,63.0,17-Jul-2046,One year,Mailed check,61,116.94,7133.34,1
CUST-10329,F,50.0,2046-07-18,month-to-month,Bank transfer,26,104.91,2727.66,0
CUST-10330,Male,28.0,19-Jul-2046,month-to-month,Electronic check,64,112.79,7218.56,0
CUST-10331,M,22.0,2046-07-20,1 Year,Credit card,13,93.05,1209.6499999999999,1
CUST-10332,F,31.0,2046-07-21,Two year,Mailed check,34,102.02,3468.68,0
CUST-10333,F,,22-Jul-2046,Two year,Credit card,23,48.92,1125.16,0
CUST-10334,female,37.0,07/23/2046,month-to-month,Credit card,20,86.89,1737.8,0
CUST-10335,Female,56.0,INVALID_DATE,Two year,Mailed check,54,40.55,2189.7,0
CUST-10336,M,48.0,2046-07-25,Two year,Bank transfer,58,26.93,1561.94,0
CUST-10337,  Male  ,,INVALID_DATE,1 Year, ,59,9999.0,4597.870000000001,1
CUST-10338,Female,50.0,INVALID_DATE,One year,Credit card,20,98.29,1965.8000000000002,0
CUST-10339,M,,INVALID_DATE,One year,Bank transfer,39,28.28,1102.92,0
CUST-10340,F,36.0,INVALID_DATE,Two year,Mailed check,32,38.13,1220.16,0
CUST-10341,female,46.0,07/30/2046,Month-to-month,Bank transfer,41,29.3,,0
CUST-10342,Female,30.0,07/31/2046,1 Year,Credit card,69,83.42,,1
CUST-10343,F,38.0,INVALID_DATE,Two year,Credit card,68,27.95,1900.6,0
CUST-10344,M,,02-Aug-2046,Month-to-month,Mailed check,21,29.33,615.93,0
CUST-10345,Female,55.0,INVALID_DATE,Month-to-month,Credit card,24,46.42,1114.08,0
CUST-10346,  Male  ,34.0,2046-08-04,1 Year,Bank transfer,16,47.02,752.32,0
CUST-10347,Female,45.0,INVALID_DATE,One year,Mailed check,32,75.75,2424.0,0
CUST-10348,F,48.0,08/06/2046,month-to-month, ,26,23.22,603.72,0
CUST-10349,Female,77.0,2046-08-07,Month-to-month,Mailed check,3,81.53,244.59,0
CUST-10350,  Male  ,37.0,2046-08-08,month-to-month,Mailed check,7,61.17,428.19,0
CUST-10351,female,31.0,08/09/2046,month-to-month, ,16,37.87,605.92,0
CUST-10352,female,39.0,08/10/2046,1 Year,Bank transfer,53,85.33,4522.49,1
CUST-10353,F,30.0,2046-08-11,One year,Electronic check,4,52.97,211.88,0
CUST-10354,M,34.0,08/12/2046,1 Year, ,45,102.75,4623.75,0
CUST-10355,F,49.0,08/13/2046,Month-to-month,Bank transfer,32,118.94,3806.08,0
CUST-10356,female,32.0,INVALID_DATE,One year,Credit card,58,97.9,5678.200000000001,0
CUST-10357,Male,47.0,2046-08-15,Two year,Electronic check,13,94.3,1225.8999999999999,0
CUST-10358,Male,47.0,08/16/2046,One year,Electronic check,22,55.52,1221.44,0
CUST-10359,Female,43.0,08/17/2046,1 Year,Credit card,44,73.46,3232.24,0
CUST-10360,  Male  ,48.0,2046-08-18,1 Year,Bank transfer,44,25.27,1111.8799999999999,0
CUST-10361,Female,36.0,INVALID_DATE,month-to-month,Mailed check,30,92.73,,0
CUST-10362,Male,16.0,08/20/2046,Two year,Electronic check,23,87.5,2012.5,1
CUST-10363,female,41.0,INVALID_DATE,One year,Credit card,12,46.94,563.28,1
CUST-10364,Female,,INVALID_DATE,Two year, ,14,73.41,1027.74,1
CUST-10365,F,36.0,INVALID_DATE,month-to-month, ,36,87.93,3165.4800000000005,0
CUST-10366,  Male  ,,24-Aug-2046,Two year,Credit card,45,56.79,2555.55,1
CUST-10367,F,49.0,2046-08-25,Two year,Electronic check,24,92.56,2221.44,0
CUST-10368,  Male  ,43.0,26-Aug-2046,One year,Mailed check,3,99.67,299.01,1
CUST-10369,female,41.0,2046-08-27,Two year,Bank transfer,51,42.35,2159.85,0
CUST-10370,Female,55.0,INVALID_DATE,month-to-month,Credit card,55,50.13,,0
CUST-10371,  Male  ,27.0,INVALID_DATE,Month-to-month,Credit card,38,60.16,2286.08,0
CUST-10372,F,36.0,INVALID_DATE,Month-to-month,Mailed check,20,43.57,871.4,0
CUST-10373,Female,52.0,INVALID_DATE,1 Year,Mailed check,2,97.56,195.12,1
CUST-10374,Female,46.0,INVALID_DATE,Month-to-month,Bank transfer,26,77.18,2006.6800000000003,1
CUST-10375,F,37.0,02-Sep-2046,One year,Electronic check,2,58.01,116.02,0
CUST-10376,Male,45.0,INVALID_DATE,1 Year,Mailed check,67,21.61,1447.87,0
CUST-10377,  Male  ,33.0,INVALID_DATE,Month-to-month,Electronic check,42,52.59,2208.78,0
CUST-10378,F,42.0,INVALID_DATE,Month-to-month,Electronic check,40,103.65,4146.0,0
CUST-10379,female,48.0,06-Sep-2046,1 Year,Credit card,9,94.35,849.15,0
CUST-10380,M,56.0,09/07/2046,One year,Electronic check,2,26.74,53.48,0
CUST-10381,F,48.0,2046-09-08,1 Year,Credit card,28,100.14,2803.92,0
CUST-10382,Female,56.0,2046-09-09,One year,Credit card,3,37.91,,0
CUST-10383,Female,23.0,09/10/2046,One year,Bank transfer,16,118.71,1899.36,1
CUST-10384,F,13.0,09/11/2046,month-to-month,Electronic check,4,106.85,427.4,0
CUST-10385,M,14.0,12-Sep-2046,Month-to-month,Mailed check,23,111.33,2560.59,0
CUST-10386,F,53.0,2046-09-13,Month-to-month,Mailed check,6,96.95,Unknown,1
CUST-10387,M,47.0,09/14/2046,Two year,Mailed check,55,91.08,5009.4,0
CUST-10388,M,31.0,09/15/2046,1 Year,Bank transfer,8,44.44,355.52,0
CUST-10389,female,35.0,16-Sep-2046,month-to-month,Credit card,64,78.64,5032.96,0
CUST-10390,  Male  ,44.0,17-Sep-2046,Month-to-month,Credit card,67,89.64,6005.88,0
CUST-10391,Female,31.0,INVALID_DATE,Two year,Mailed check,41,48.81,2001.21,0
CUST-10392,Female,30.0,09/19/2046,month-to-month,Credit card,40,59.83,2393.2,1
CUST-10393,M,32.0,20-Sep-2046,One year,Credit card,27,114.71,3097.1699999999996,1
CUST-10394,Female,31.0,2046-09-21,Month-to-month,Bank transfer,39,60.8,2371.2,0
CUST-10395,Male,41.0,22-Sep-2046,1 Year,Electronic check,53,51.54,2731.62,1
CUST-10396,M,60.0,2046-09-23,month-to-month,Electronic check,40,30.72,1228.8,0
CUST-10397,Female,28.0,INVALID_DATE,Two year,Bank transfer,52,54.13,2814.76,0
CUST-10398,Male,39.0,09/25/2046,1 Year,Bank transfer,37,81.21,3004.77,0
CUST-10399,female,46.0,09/26/2046,One year,Credit card,67,34.77,,0
CUST-10400,Female,46.0,27-Sep-2046,1 Year,Bank transfer,19,80.53,1530.07,0
CUST-10401,Male,34.0,INVALID_DATE,Two year,Credit card,34,94.12,3200.08,0
CUST-10402,F,47.0,09/29/2046,One year,Electronic check,66,96.82,6390.12,0
CUST-10403,  Male  ,45.0,30-Sep-2046,Two year, ,10,118.48,1184.8,1
CUST-10404,F,35.0,01-Oct-2046,Month-to-month,Credit card,52,63.46,3299.92,0
CUST-10405,Male,,02-Oct-2046,Two year,Electronic check,42,23.24,976.0799999999999,0
CUST-10406,M,26.0,03-Oct-2046,1 Year,Electronic check,60,105.47,6328.2,0
CUST-10407,M,49.0,2046-10-04,Month-to-month,Mailed check,2,28.35,56.7,0
CUST-10408,Female,57.0,INVALID_DATE,Month-to-month,Electronic check,1,106.17,106.17,1
CUST-10409,F,40.0,2046-10-06,month-to-month,Bank transfer,50,118.27,5913.5,0
CUST-10410,M,57.0,10/07/2046,1 Year,Bank transfer,36,110.68,3984.4800000000005,0
CUST-10411,M,39.0,INVALID_DATE,1 Year,Credit card,22,116.4,2560.8,1
CUST-10412,F,26.0,09-Oct-2046,One year,Bank transfer,36,22.33,803.8799999999999,0
CUST-10413,female,37.0,10/10/2046,Two year,Electronic check,3,21.14,63.42,0
CUST-10414,M,,11-Oct-2046,Two year,Credit card,44,41.03,1805.3200000000002,0
CUST-10415,  Male  ,33.0,10/12/2046,1 Year,Electronic check,16,99.87,1597.92,1
CUST-10416,Male,,INVALID_DATE,Two year,Mailed check,11,28.94,318.34000000000003,0
CUST-10417,Female,54.0,INVALID_DATE,1 Year,Credit card,10,94.65,946.5,1
CUST-10418,M,53.0,2046-10-15,Month-to-month,Mailed check,51,21.26,1084.26,0
CUST-10419,  Male  ,44.0,INVALID_DATE,Two year,Credit card,42,93.11,3910.62,1
CUST-10420,  Male  ,46.0,10/17/2046,Two year,Bank transfer,25,45.01,1125.25,0
CUST-10421,M,53.0,INVALID_DATE,1 Year,Electronic check,6,64.04,384.24,1
CUST-10422,female,44.0,INVALID_DATE,1 Year,Credit card,44,117.65,,1
CUST-10423,Male,55.0,INVALID_DATE,One year,Bank transfer,8,75.17,601.36,1
CUST-10424,Female,48.0,21-Oct-2046,Two year,Bank transfer,34,27.46,933.64,0
CUST-10425,M,38.0,22-Oct-2046,month-to-month,Bank transfer,41,107.31,4399.71,1
CUST-10426,Female,45.0,INVALID_DATE,1 Year,Mailed check,1,52.37,52.37,0
CUST-10427,F,35.0,10/24/2046,month-to-month,Bank transfer,3,78.54,235.62,1
CUST-10428,  Male  ,28.0,INVALID_DATE,Month-to-month,Credit card,52,91.18,4741.360000000001,0
CUST-10429,  Male  ,26.0,10/26/2046,Month-to-month,Mailed check,43,97.75,4203.25,1
CUST-10430,M,38.0,INVALID_DATE,month-to-month,Electronic check,47,63.25,2972.75,0
CUST-10431,M,44.0,28-Oct-2046,Month-to-month,Bank transfer,19,97.31,1848.89,1
CUST-10432,F,62.0,10/29/2046,month-to-month,Credit card,70,31.69,2218.3,0
CUST-10433,female,45.0,2046-10-30,One year,Credit card,47,72.57,3410.7899999999995,0
CUST-10434,M,42.0,31-Oct-2046,One year,Mailed check,5,22.19,110.95,0
CUST-10435,  Male  ,39.0,01-Nov-2046,Month-to-month,Electronic check,64,60.63,3880.32,0
CUST-10436,Female,36.0,INVALID_DATE,month-to-month,Mailed check,45,56.48,2541.6,0
CUST-10437,Male,42.0,2046-11-03,month-to-month,Bank transfer,64,117.81,7539.84,0
CUST-10438,Female,37.0,11/04/2046,month-to-month, ,45,59.78,,0
CUST-10439,female,,2046-11-05,Month-to-month,Electronic check,36,110.71,3985.56,0
CUST-10440,Male,50.0,INVALID_DATE,month-to-month,Electronic check,9,63.53,,0
CUST-10441,Female,29.0,07-Nov-2046,1 Year,Mailed check,23,73.34,1686.8200000000002,0
CUST-10442,Female,37.0,2046-11-08,month-to-month,Credit card,32,55.07,1762.24,0
CUST-10443,F,32.0,11/09/2046,1 Year,Mailed check,45,84.0,3780.0,0
CUST-10444,female,41.0,11/10/2046,One year,Credit card,28,93.91,,0
CUST-10445,  Male  ,50.0,11-Nov-2046,1 Year,Mailed check,52,99.11,5153.72,0
CUST-10446,F,44.0,INVALID_DATE,One year,Credit card,11,89.39,983.29,1
CUST-10447,Male,37.0,13-Nov-2046,Month-to-month,Credit card,19,52.99,1006.8100000000001,1
CUST-10448,  Male  ,51.0,2046-11-14,One year,Electronic check,64,53.06,3395.84,0
CUST-10449,F,51.0,INVALID_DATE,One year,Credit card,65,54.79,3561.35,0
CUST-10450,female,40.0,11/16/2046,month-to-month,Bank transfer,57,23.78,1355.46,0
CUST-10451,M,59.0,INVALID_DATE,Two year,Bank transfer,66,114.31,7544.46,1
CUST-10452,M,45.0,INVALID_DATE,One year,Credit card,4,39.57,158.28,0
CUST-10453,Male,45.0,2046-11-19,1 Year,Credit card,29,35.92,,0
CUST-10454,M,26.0,20-Nov-2046,Month-to-month,Credit card,4,75.24,300.96,1
CUST-10455,F,20.0,2046-11-21,1 Year,Credit card,1,24.74,24.74,0
CUST-10456,Male,41.0,11/22/2046,Month-to-month,Electronic check,18,103.78,1868.04,0
CUST-10457,  Male  ,52.0,23-Nov-2046,1 Year,Bank transfer,13,107.62,1399.06,1
CUST-10458,female,44.0,INVALID_DATE,One year,Electronic check,70,59.78,4184.6,0
CUST-10459,Male,51.0,2046-11-25,Two year,Bank transfer,49,117.14,5739.86,0
CUST-10460,  Male  ,35.0,INVALID_DATE,One year,Credit card,47,52.43,,0
CUST-10461,Male,41.0,2046-11-27,month-to-month,Bank transfer,30,46.02,1380.6000000000001,0
CUST-10462,Female,40.0,11/28/2046,1 Year,Bank transfer,27,118.97,3212.19,0
CUST-10463,Female,18.0,11/29/2046,Two year,Mailed check,28,45.03,1260.8400000000001,0
CUST-10464,Male,61.0,2046-11-30,1 Year,Mailed check,2,64.43,128.86,0
CUST-10465,M,54.0,12/01/2046,month-to-month,Credit card,20,81.19,1623.8,0
CUST-10466,Female,51.0,INVALID_DATE,month-to-month,Electronic check,24,52.25,1254.0,0
CUST-10467,female,55.0,03-Dec-2046,month-to-month,Mailed check,44,58.42,2570.48,0
CUST-10468,  Male  ,34.0,2046-12-04,One year,Credit card,21,92.08,1933.68,0
CUST-10469,F,50.0,INVALID_DATE,One year,Electronic check,22,92.3,,1
CUST-10470,Female,34.0,2046-12-06,Two year, ,58,100.36,5820.88,0
CUST-10471,Male,42.0,07-Dec-2046,month-to-month,Bank transfer,11,79.37,,1
CUST-10472,M,,12/08/2046,One year,Mailed check,53,43.35,2297.55,0
CUST-10473,F,38.0,09-Dec-2046,Month-to-month,Credit card,9,53.31,479.79,1
CUST-10474,  Male  ,22.0,10-Dec-2046,Month-to-month,Mailed check,67,110.07,7374.69,0
CUST-10475,  Male  ,,2046-12-11,One year,Mailed check,52,93.37,4855.24,0
CUST-10476,Female,39.0,12-Dec-2046,Two year,Electronic check,13,28.8,,0
CUST-10477,  Male  ,32.0,12/13/2046,1 Year,Electronic check,1,95.36,95.36,1
CUST-10478,  Male  ,44.0,2046-12-14,month-to-month,Bank transfer,44,53.07,2335.08,0
CUST-10479,M,60.0,12/15/2046,One year,Credit card,24,22.32,,0
CUST-10480,M,33.0,16-Dec-2046,Two year,Bank transfer,5,68.37,341.85,1
CUST-10481,M,37.0,17-Dec-2046,1 Year,Bank transfer,66,108.34,7150.4400000000005,0
CUST-10482,Male,48.0,12/18/2046,Two year,Mailed check,20,64.43,1288.6000000000001,0
CUST-10483,  Male  ,32.0,2046-12-19,1 Year,Bank transfer,64,118.88,7608.32,1
CUST-10484,  Male  ,,20-Dec-2046,Month-to-month,Electronic check,15,37.81,567.1500000000001,0
CUST-10485,  Male  ,35.0,INVALID_DATE,1 Year,Bank transfer,68,55.09,3746.1200000000003,0
CUST-10486,female,51.0,22-Dec-2046,Month-to-month,Credit card,54,21.66,1169.64,0
CUST-10487,M,19.0,23-Dec-2046,month-to-month,Bank transfer,11,25.04,275.44,0
CUST-10488,F,30.0,INVALID_DATE,One year,Credit card,23,55.43,1274.89,0
CUST-10489,Female,58.0,2046-12-25,Month-to-month,Credit card,1,72.84,72.84,0
CUST-10490,F,,2046-12-26,Two year,Bank transfer,42,43.71,1835.82,0
CUST-10491,Male,38.0,27-Dec-2046,1 Year,Bank transfer,47,36.65,1722.55,0
CUST-10492,Male,58.0,INVALID_DATE,Two year,Bank transfer,68,62.07,4220.76,0
CUST-10493,  Male  ,63.0,2046-12-29,Month-to-month,Credit card,38,37.07,1408.66,0
CUST-10494,F,50.0,INVALID_DATE,Two year,Electronic check,2,83.09,166.18,1
CUST-10495,  Male  ,54.0,INVALID_DATE,1 Year,Mailed check,45,115.53,5198.85,1
CUST-10496,female,,INVALID_DATE,One year,Bank transfer,27,100.65,2717.55,0
CUST-10497,Male,30.0,INVALID_DATE,Two year,Mailed check,61,41.52,2532.7200000000003,0
CUST-10498,Male,61.0,01/03/2047,month-to-month,Bank transfer,11,115.11,1266.21,0
CUST-10499,F,37.0,04-Jan-2047,1 Year,Credit card,69,95.11,6562.59,0
CUST-10500,Male,17.0,01/05/2047,1 Year,Credit card,29,35.5,1029.5,0
CUST-10501,female,45.0,INVALID_DATE,month-to-month,Mailed check,25,77.94,1948.5,0
CUST-10502,female,38.0,2047-01-07,Month-to-month,Electronic check,54,116.65,,1
CUST-10503,female,41.0,2047-01-08,month-to-month,Credit card,48,29.68,1424.6399999999999,0
CUST-10504,Female,,01/09/2047,Month-to-month, ,46,47.1,2166.6,0
CUST-10505,female,8.0,INVALID_DATE,One year,Credit card,41,57.41,2353.81,0
CUST-10506,female,44.0,INVALID_DATE,Month-to-month,Bank transfer,41,31.56,1293.96,0
CUST-10507,Female,36.0,2047-01-12,One year,Mailed check,61,49.92,3045.12,0
CUST-10508,  Male  ,35.0,13-Jan-2047,One year, ,11,89.23,981.5300000000001,1
CUST-10509,M,45.0,01/14/2047,month-to-month,Bank transfer,44,67.72,2979.68,0
CUST-10510,Male,31.0,01/15/2047,One year,Mailed check,32,62.11,1987.52,0
CUST-10511,female,37.0,16-Jan-2047,Month-to-month,Bank transfer,49,63.19,3096.31,0
CUST-10512,Male,35.0,INVALID_DATE,Two year,Electronic check,6,95.97,575.8199999999999,1
CUST-10513,F,51.0,2047-01-18,1 Year,Bank transfer,57,119.13,6790.41,1
CUST-10514,Male,17.0,01/19/2047,1 Year,Electronic check,6,78.86,,0
CUST-10515,  Male  ,32.0,01/20/2047,Month-to-month,Mailed check,47,95.16,4472.5199999999995,0
CUST-10516,Female,53.0,INVALID_DATE,Two year,Bank transfer,63,57.26,3607.3799999999997,0
CUST-10517,Male,30.0,22-Jan-2047,One year,Mailed check,49,106.06,5196.9400000000005,1
CUST-10518,Male,41.0,2047-01-23,Month-to-month,Electronic check,22,62.03,1364.66,1
CUST-10519,Male,60.0,INVALID_DATE,One year,Credit card,67,113.51,7605.17,0
CUST-10520,M,42.0,01/25/2047,month-to-month,Credit card,19,94.35,1792.6499999999999,0
CUST-10521,M,66.0,2047-01-26,Two year,Credit card,55,90.74,4990.7,0
CUST-10522,F,57.0,INVALID_DATE,1 Year,Credit card,34,49.01,1666.34,0
CUST-10523,Female,32.0,01/28/2047,Month-to-month,Credit card,41,99.61,,1
CUST-10524,Male,25.0,2047-01-29,1 Year,Electronic check,7,30.53,213.71,0
CUST-10525,Male,33.0,INVALID_DATE,One year,Credit card,57,73.8,4206.599999999999,0
CUST-10526,Male,45.0,01/31/2047,One year,Credit card,16,93.54,1496.64,0
CUST-10527,Male,44.0,2047-02-01,month-to-month,Mailed check,59,108.36,6393.24,1
CUST-10528,M,,2047-02-02,One year,Bank transfer,38,76.97,2924.86,0
CUST-10529,  Male  ,29.0,02/03/2047,One year,Bank transfer,9,45.83,412.46999999999997,1
CUST-10530,  Male  ,,2047-02-04,1 Year,Bank transfer,34,104.89,3566.26,0
CUST-10531,F,47.0,2047-02-05,1 Year,Bank transfer,46,96.8,4452.8,0
CUST-10532,female,64.0,06-Feb-2047,Month-to-month, ,37,35.36,1308.32,0
CUST-10533,Female,27.0,07-Feb-2047,Month-to-month,Bank transfer,43,107.24,4611.32,0
CUST-10534,  Male  ,39.0,08-Feb-2047,One year,Mailed check,47,115.99,5451.53,0
CUST-10535,Male,36.0,INVALID_DATE,Two year,Electronic check,6,73.77,442.62,1
CUST-10536,  Male  ,42.0,INVALID_DATE,Month-to-month,Credit card,38,23.84,905.92,0
CUST-10537,F,26.0,11-Feb-2047,One year,Mailed check,61,111.56,6805.16,0
CUST-10538,female,41.0,2047-02-12,1 Year,Mailed check,4,32.28,129.12,0
CUST-10539,  Male  ,55.0,02/13/2047,month-to-month,Credit card,5,83.31,416.55,0
CUST-10540,F,21.0,INVALID_DATE,1 Year,Credit card,70,60.09,4206.3,0
CUST-10541,M,52.0,02/15/2047,1 Year,Mailed check,60,119.2,7152.0,0
CUST-10542,female,26.0,16-Feb-2047,month-to-month,Electronic check,56,111.72,6256.32,0
CUST-10543,F,43.0,02/17/2047,1 Year,Credit card,59,98.45,5808.55,0
CUST-10544,  Male  ,46.0,02/18/2047,Month-to-month,Bank transfer,7,39.93,,0
CUST-10545,M,,2047-02-19,1 Year,Mailed check,68,89.92,6114.56,0
CUST-10546,F,36.0,2047-02-20,month-to-month,Mailed check,31,77.21,,0
CUST-10547,F,48.0,02/21/2047,One year,Credit card,48,33.53,1609.44,0
CUST-10548,  Male  ,25.0,2047-02-22,One year,Credit card,42,99.47,4177.74,0
CUST-10549,female,51.0,23-Feb-2047,One year,Bank transfer,30,28.65,859.5,0
CUST-10550,M,34.0,24-Feb-2047,month-to-month,Bank transfer,51,68.16,3476.16,0
CUST-10551,Male,,02/25/2047,month-to-month,Bank transfer,35,62.66,2193.1,0
CUST-10552,Female,36.0,INVALID_DATE,Month-to-month,Bank transfer,62,100.62,6238.4400000000005,0
CUST-10553,female,58.0,02/27/2047,month-to-month,Mailed check,51,62.76,3200.7599999999998,0
CUST-10554,M,45.0,INVALID_DATE,One year,Credit card,50,89.43,4471.5,0
CUST-10555,F,48.0,INVALID_DATE,month-to-month,Electronic check,30,67.83,2034.8999999999999,0
CUST-10556,M,49.0,INVALID_DATE,Two year,Credit card,19,78.2,1485.8,0
CUST-10557,Female,37.0,03-Mar-2047,1 Year,Credit card,50,44.1,2205.0,0
CUST-10558,  Male  ,,03/04/2047,Month-to-month,Bank transfer,54,40.25,2173.5,0
CUST-10559,Female,42.0,INVALID_DATE,One year, ,4,90.99,363.96,1
CUST-10560,Male,48.0,03/06/2047,One year,Mailed check,12,32.23,386.76,0
CUST-10561,Male,35.0,2047-03-07,Two year,Bank transfer,15,37.6,564.0,0
CUST-10562,Female,32.0,2047-03-08,Month-to-month,Mailed check,15,114.09,1711.3500000000001,1
CUST-10563,female,54.0,INVALID_DATE,1 Year,Credit card,10,45.33,453.29999999999995,1
CUST-10564,female,49.0,10-Mar-2047,Month-to-month,Credit card,61,52.33,3192.13,0
CUST-10565,F,30.0,11-Mar-2047,Month-to-month,Credit card,19,83.32,,0
CUST-10566,Male,,INVALID_DATE,One year,Mailed check,53,64.04,3394.1200000000003,1
CUST-10567,F,33.0,13-Mar-2047,month-to-month,Mailed check,57,75.9,4326.3,0
CUST-10568,Male,41.0,14-Mar-2047,1 Year,Mailed check,9,34.46,310.14,0
CUST-10569,Female,54.0,INVALID_DATE,Month-to-month,Bank transfer,29,87.24,2529.96,1
CUST-10570,female,54.0,16-Mar-2047,Two year,Electronic check,7,35.66,,0
CUST-10571,female,32.0,2047-03-17,One year,Bank transfer,17,94.77,1611.09,1
CUST-10572,Female,46.0,03/18/2047,month-to-month, ,16,72.36,1157.76,0
CUST-10573,F,36.0,INVALID_DATE,month-to-month,Bank transfer,71,101.62,7215.02,0
CUST-10574,F,45.0,20-Mar-2047,One year,Credit card,38,37.27,,0
CUST-10575,M,,21-Mar-2047,Month-to-month,Mailed check,47,57.75,2714.25,0
CUST-10576,Male,35.0,INVALID_DATE,One year, ,10,104.68,1046.8000000000002,0
CUST-10577,F,28.0,2047-03-23,month-to-month,Mailed check,24,99.87,2396.88,1
CUST-10578,Female,54.0,2047-03-24,month-to-month,Bank transfer,50,116.58,,0
CUST-10579,F,31.0,2047-03-25,Two year,Credit card,68,42.2,2869.6000000000004,0
CUST-10580,female,58.0,2047-03-26,Two year,Mailed check,43,73.9,3177.7000000000003,0
CUST-10581,Male,36.0,03/27/2047,month-to-month,Credit card,37,21.79,806.23,0
CUST-10582,  Male  ,46.0,INVALID_DATE,Two year,Electronic check,45,116.52,5243.4,1
CUST-10583,M,58.0,03/29/2047,Two year,Mailed check,54,37.51,2025.54,0
CUST-10584,Male,35.0,2047-03-30,Two year,Bank transfer,43,110.47,4750.21,0
CUST-10585,female,46.0,2047-03-31,month-to-month,Mailed check,68,87.83,,0
CUST-10586,female,46.0,INVALID_DATE,Month-to-month,Electronic check,37,113.68,4206.16,1
CUST-10587,female,32.0,02-Apr-2047,Month-to-month,Electronic check,41,44.82,1837.6200000000001,0
CUST-10588,female,43.0,INVALID_DATE,1 Year,Bank transfer,1,54.52,54.52,0
CUST-10589,Female,49.0,04/04/2047,Two year,Credit card,16,36.44,583.04,0
CUST-10590,M,60.0,05-Apr-2047,Month-to-month,Mailed check,37,62.24,2302.88,1
CUST-10591,  Male  ,35.0,2047-04-06,1 Year,Credit card,37,114.75,4245.75,0
CUST-10592,female,44.0,INVALID_DATE,One year,Credit card,7,77.12,539.84,0
CUST-10593,female,38.0,08-Apr-2047,Two year,Bank transfer,40,61.61,2464.4,0
CUST-10594,F,42.0,INVALID_DATE,Month-to-month,Mailed check,51,52.49,2676.9900000000002,0
CUST-10595,M,33.0,2047-04-10,Month-to-month,Electronic check,64,78.48,5022.72,0
CUST-10596,Male,38.0,04/11/2047,Month-to-month,Bank transfer,22,92.32,,0
CUST-10597,M,58.0,12-Apr-2047,1 Year,Credit card,43,60.68,2609.24,1
CUST-10598,M,42.0,13-Apr-2047,One year,Electronic check,62,43.09,2671.5800000000004,0
CUST-10599,  Male  ,41.0,14-Apr-2047,Two year,Credit card,54,78.5,4239.0,0
CUST-10600,M,30.0,04/15/2047,Month-to-month,Mailed check,27,56.56,1527.1200000000001,1
CUST-10601,  Male  ,53.0,04/16/2047,month-to-month,Credit card,29,119.43,3463.4700000000003,1
CUST-10602,female,50.0,17-Apr-2047,Two year,Electronic check,16,64.1,1025.6,0
CUST-10603,female,42.0,18-Apr-2047,month-to-month,Mailed check,11,63.45,697.95,0
CUST-10604,Female,63.0,19-Apr-2047,1 Year,Bank transfer,21,103.95,2182.9500000000003,1
CUST-10605,  Male  ,34.0,2047-04-20,Month-to-month,Credit card,9,45.1,405.90000000000003,1
CUST-10606,  Male  ,27.0,INVALID_DATE,Two year,Mailed check,27,26.6,718.2,0
CUST-10607,Male,39.0,2047-04-22,Two year,Mailed check,23,105.38,2423.74,1
CUST-10608,F,30.0,2047-04-23,Month-to-month,Bank transfer,51,78.9,4023.9,0
CUST-10609,M,43.0,04/24/2047,One year,Bank transfer,3,46.02,138.06,0
CUST-10610,Male,41.0,25-Apr-2047,1 Year,Electronic check,16,54.28,868.48,0
CUST-10611,  Male  ,54.0,2047-04-26,Month-to-month,Mailed check,8,62.57,500.56,0
CUST-10612,Male,35.0,27-Apr-2047,Two year,Mailed check,42,88.04,3697.6800000000003,0
CUST-10613,Female,44.0,04/28/2047,One year,Electronic check,35,66.82,2338.7,0
CUST-10614,F,42.0,2047-04-29,Two year,Credit card,71,59.58,4230.18,0
CUST-10615,  Male  ,50.0,30-Apr-2047,month-to-month,Mailed check,48,98.05,4706.4,1
CUST-10616,  Male  ,26.0,05/01/2047,Two year,Mailed check,54,27.18,,0
CUST-10617,M,29.0,05/02/2047,1 Year,Credit card,36,85.25,3069.0,0
CUST-10618,F,33.0,2047-05-03,Month-to-month,Bank transfer,6,64.89,389.34000000000003,0
CUST-10619,Female,27.0,05/04/2047,Two year,Bank transfer,71,53.49,3797.79,0
CUST-10620,female,47.0,INVALID_DATE,month-to-month,Bank transfer,12,112.76,1353.1200000000001,1
CUST-10621,Male,47.0,05/06/2047,month-to-month,Electronic check,59,97.79,5769.610000000001,1
CUST-10622,M,,2047-05-07,Month-to-month,Credit card,65,41.93,2725.45,0
CUST-10623,  Male  ,38.0,08-May-2047,month-to-month,Bank transfer,50,85.23,4261.5,1
CUST-10624,female,34.0,INVALID_DATE,Month-to-month,Electronic check,43,102.23,4395.89,0
CUST-10625,Female,29.0,05/10/2047,1 Year,Credit card,43,118.93,,1
CUST-10626,F,56.0,11-May-2047,Month-to-month,Bank transfer,49,89.84,4402.16,0
CUST-10627,Male,37.0,12-May-2047,One year,Mailed check,55,89.07,4898.849999999999,0
CUST-10628,M,31.0,13-May-2047,month-to-month,Mailed check,50,81.33,4066.5,0
CUST-10629,  Male  ,49.0,2047-05-14,month-to-month,Bank transfer,21,24.0,504.0,0
CUST-10630,  Male  ,36.0,05/15/2047,Two year,Bank transfer,13,78.51,1020.6300000000001,0
CUST-10631,female,27.0,INVALID_DATE,One year, ,42,100.5,4221.0,1
CUST-10632,female,30.0,2047-05-17,Two year,Mailed check,15,59.54,893.1,0
CUST-10633,Male,41.0,18-May-2047,Month-to-month,Credit card,50,78.7,3935.0,0
CUST-10634,F,27.0,05/19/2047,1 Year,Bank transfer,1,112.65,112.65,1
CUST-10635,Female,39.0,20-May-2047,month-to-month,Credit card,51,37.2,1897.2,0
CUST-10636,F,30.0,INVALID_DATE,1 Year,Bank transfer,34,48.05,1633.6999999999998,0
CUST-10637,F,29.0,22-May-2047,Month-to-month,Mailed check,42,31.03,1303.26,0
CUST-10638,F,,2047-05-23,Month-to-month,Bank transfer,62,70.02,4341.24,0
CUST-10639,Male,42.0,2047-05-24,One year, ,32,103.96,3326.72,0
CUST-10640,Male,44.0,INVALID_DATE,Two year,Mailed check,61,63.52,3874.7200000000003,0
CUST-10641,Female,51.0,INVALID_DATE,month-to-month,Bank transfer,54,26.98,1456.92,0
CUST-10642,F,31.0,05/27/2047,month-to-month,Mailed check,58,46.35,2688.3,0
CUST-10643,Male,57.0,05/28/2047,1 Year,Electronic check,24,108.97,2615.2799999999997,1
CUST-10644,Female,73.0,29-May-2047,One year,Credit card,27,75.75,2045.25,1
CUST-10645,  Male  ,35.0,30-May-2047,Month-to-month,Bank transfer,21,111.41,2339.61,1
CUST-10646,Female,19.0,INVALID_DATE,One year,Bank transfer,18,103.44,1861.92,1
CUST-10647,F,19.0,INVALID_DATE,month-to-month,Bank transfer,55,61.43,3378.65,0
CUST-10648,M,34.0,INVALID_DATE,Two year,Credit card,68,83.35,5667.799999999999,0
CUST-10649,F,32.0,03-Jun-2047,1 Year,Electronic check,47,86.44,4062.68,0
CUST-10650,M,40.0,2047-06-04,Month-to-month,Credit card,54,94.68,5112.72,0
CUST-10651,Female,46.0,INVALID_DATE,Month-to-month,Bank transfer,18,53.3,959.4,0
CUST-10652,  Male  ,25.0,INVALID_DATE,Month-to-month,Credit card,64,48.9,3129.6,0
CUST-10653,  Male  ,38.0,06/07/2047,Two year, ,49,88.46,4334.54,0
CUST-10654,Male,,2047-06-08,month-to-month,Credit card,35,101.88,3565.7999999999997,0
CUST-10655,  Male  ,,2047-06-09,month-to-month,Mailed check,39,61.42,2395.38,0
CUST-10656,female,23.0,10-Jun-2047,One year,Credit card,58,52.11,3022.38,0
CUST-10657,Female,31.0,INVALID_DATE,One year, ,57,102.55,5845.349999999999,0
CUST-10658,Male,40.0,12-Jun-2047,month-to-month,Bank transfer,6,88.7,532.2,0
CUST-10659,  Male  ,31.0,13-Jun-2047,Month-to-month,Credit card,20,54.36,1087.2,0
CUST-10660,Female,54.0,2047-06-14,Two year,Credit card,50,72.97,3648.5,0
CUST-10661,F,28.0,15-Jun-2047,month-to-month,Mailed check,9,116.09,1044.81,1
CUST-10662,  Male  ,,INVALID_DATE,Two year,Electronic check,14,94.99,1329.86,1
CUST-10663,M,55.0,2047-06-17,1 Year,Electronic check,23,42.17,969.9100000000001,0
CUST-10664,Female,26.0,2047-06-18,Month-to-month,Mailed check,48,49.5,2376.0,0
CUST-10665,Male,50.0,INVALID_DATE,1 Year,Electronic check,56,46.52,2605.1200000000003,0
CUST-10666,F,35.0,2047-06-20,month-to-month,Electronic check,40,104.83,4193.2,1
CUST-10667,female,33.0,06/21/2047,One year,Bank transfer,69,84.14,5805.66,0
CUST-10668,F,34.0,INVALID_DATE,month-to-month,Bank transfer,39,114.0,4446.0,1
CUST-10669,  Male  ,27.0,2047-06-23,1 Year,Bank transfer,43,29.09,1250.87,0
CUST-10670,M,51.0,24-Jun-2047,Two year,Credit card,31,25.2,781.1999999999999,0
CUST-10671,F,42.0,25-Jun-2047,month-to-month,Credit card,70,87.62,6133.400000000001,0
CUST-10672,female,51.0,INVALID_DATE,One year,Electronic check,3,46.66,139.98,0
CUST-10673,Male,54.0,INVALID_DATE,1 Year,Credit card,4,87.92,351.68,0
CUST-10674,Female,46.0,INVALID_DATE,month-to-month,Bank transfer,27,92.35,2493.45,1
CUST-10675,M,23.0,06/29/2047,1 Year,Credit card,27,50.45,1362.15,1
CUST-10676,female,28.0,30-Jun-2047,1 Year,Electronic check,47,115.27,5417.69,0
CUST-10677,  Male  ,50.0,01-Jul-2047,Month-to-month,Bank transfer,60,97.47,5848.2,0
CUST-10678,  Male  ,,INVALID_DATE,Two year,Electronic check,36,56.74,2042.64,0
CUST-10679,  Male  ,48.0,03-Jul-2047,Month-to-month,Credit card,46,61.21,2815.66,0
CUST-10680,M,39.0,07/04/2047,1 Year,Mailed check,61,91.59,5586.99,0
CUST-10681,F,35.0,2047-07-05,One year,Mailed check,42,50.4,2116.7999999999997,0
CUST-10682,M,48.0,07/06/2047,One year,Bank transfer,7,49.54,346.78,1
CUST-10683,  Male  ,19.0,INVALID_DATE,Month-to-month,Electronic check,30,82.49,2474.7,0
CUST-10684,female,36.0,07/08/2047,One year,Mailed check,50,33.48,1673.9999999999998,0
CUST-10685,Female,41.0,09-Jul-2047,1 Year,Mailed check,47,119.33,,0
CUST-10686,Female,43.0,10-Jul-2047,month-to-month,Bank transfer,40,48.72,1948.8,0
CUST-10687,M,24.0,07/11/2047,1 Year,Bank transfer,5,58.27,291.35,1
CUST-10688,  Male  ,25.0,INVALID_DATE,month-to-month,Electronic check,70,42.43,2970.1,0
CUST-10689,Male,35.0,INVALID_DATE,One year,Mailed check,58,84.35,,0
CUST-10690,M,39.0,2047-07-14,Two year,Electronic check,44,26.05,1146.2,0
CUST-10691,  Male  ,59.0,07/15/2047,Two year,Electronic check,71,112.78,8007.38,0
CUST-10692,F,29.0,2047-07-16,1 Year,Bank transfer,32,50.4,1612.8,0
CUST-10693,Female,34.0,17-Jul-2047,1 Year,Electronic check,40,112.74,4509.599999999999,0
CUST-10694,Female,59.0,07/18/2047,One year,Credit card,57,45.35,2584.9500000000003,0
CUST-10695,Female,53.0,2047-07-19,Two year,Electronic check,11,71.38,785.18,1
CUST-10696,Male,27.0,07/20/2047,Two year,Mailed check,40,89.52,3580.7999999999997,0
CUST-10697,  Male  ,48.0,07/21/2047,1 Year,Electronic check,47,81.26,3819.2200000000003,0
CUST-10698,  Male  ,,22-Jul-2047,Two year,Credit card,2,71.25,142.5,1
CUST-10699,  Male  ,42.0,2047-07-23,1 Year,Credit card,52,98.85,5140.2,1
CUST-10700,  Male  ,26.0,2047-07-24,Month-to-month,Mailed check,49,67.05,3285.45,0
CUST-10701,Male,33.0,2047-07-25,Two year,Mailed check,59,53.32,3145.88,0
CUST-10702,female,32.0,2047-07-26,month-to-month,Electronic check,38,91.86,3490.68,0
CUST-10703,M,46.0,2047-07-27,One year,Credit card,16,113.73,1819.68,1
CUST-10704,M,35.0,28-Jul-2047,1 Year,Credit card,27,80.14,2163.78,1
CUST-10705,  Male  ,37.0,07/29/2047,Two year,Electronic check,28,47.97,1343.1599999999999,0
CUST-10706,F,33.0,30-Jul-2047,Two year,Mailed check,66,96.28,6354.4800000000005,0
CUST-10707,Female,21.0,07/31/2047,1 Year,Credit card,45,96.19,,0
CUST-10708,Male,71.0,2047-08-01,month-to-month,Electronic check,33,46.69,1540.77,0
CUST-10709,F,45.0,02-Aug-2047,Two year,Mailed check,60,58.46,3507.6,0
CUST-10710,F,58.0,INVALID_DATE,Month-to-month,Electronic check,50,34.09,1704.5000000000002,0
CUST-10711,  Male  ,27.0,08/04/2047,One year,Mailed check,46,27.97,1286.62,0
CUST-10712,Male,58.0,08/05/2047,1 Year,Mailed check,35,100.74,3525.8999999999996,1
CUST-10713,M,35.0,08/06/2047,Two year,Credit card,41,57.26,2347.66,0
CUST-10714,Female,46.0,2047-08-07,One year,Bank transfer,58,48.13,2791.54,0
CUST-10715,M,52.0,08-Aug-2047,1 Year,Credit card,55,45.61,2508.55,0
CUST-10716,F,58.0,08/09/2047,1 Year,Electronic check,5,27.48,137.4,0
CUST-10717,Female,,2047-08-10,1 Year,Mailed check,5,118.49,592.4499999999999,1
CUST-10718,female,28.0,11-Aug-2047,month-to-month,Credit card,22,56.7,1247.4,1
CUST-10719,F,40.0,INVALID_DATE,Month-to-month,Mailed check,34,36.42,1238.28,0
CUST-10720,M,47.0,08/13/2047,1 Year,Credit card,65,106.41,6916.65,0
CUST-10721,M,34.0,2047-08-14,month-to-month, ,59,92.31,,1
CUST-10722,  Male  ,35.0,08/15/2047,1 Year,Electronic check,17,86.26,1466.42,0
CUST-10723,M,21.0,2047-08-16,1 Year,Electronic check,51,49.72,2535.72,0
CUST-10724,Male,28.0,INVALID_DATE,month-to-month,Credit card,49,61.55,3015.95,0
CUST-10725,F,45.0,18-Aug-2047,Month-to-month,Bank transfer,9,104.11,936.99,1
CUST-10726,Female,51.0,08/19/2047,One year,Electronic check,15,83.99,1259.85,0
CUST-10727,M,53.0,INVALID_DATE,Two year, ,29,54.57,1582.53,0
CUST-10728,  Male  ,67.0,INVALID_DATE,1 Year,Bank transfer,53,30.93,1639.29,0
CUST-10729,  Male  ,58.0,INVALID_DATE,Month-to-month,Credit card,25,110.03,2750.75,0
CUST-10730,M,38.0,2047-08-23,Two year,Credit card,28,115.55,3235.4,0
CUST-10731,Male,29.0,2047-08-24,1 Year,Electronic check,23,91.88,2113.24,0
CUST-10732,  Male  ,37.0,2047-08-25,Two year,Bank transfer,3,89.14,267.42,0
CUST-10733,Female,33.0,26-Aug-2047,month-to-month,Credit card,33,73.77,,1
CUST-10734,F,42.0,INVALID_DATE,Month-to-month,Credit card,71,117.15,8317.65,0
CUST-10735,female,51.0,2047-08-28,Month-to-month, ,69,89.42,6169.9800000000005,0
CUST-10736,Male,46.0,08/29/2047,One year,Credit card,17,27.67,470.39000000000004,0
CUST-10737,  Male  ,59.0,30-Aug-2047,One year,Electronic check,67,29.17,1954.39,0
CUST-10738,F,45.0,08/31/2047,Two year,Credit card,67,116.36,7796.12,0
CUST-10739,female,25.0,2047-09-01,month-to-month,Bank transfer,34,114.33,3887.22,1
CUST-10740,M,33.0,INVALID_DATE,Two year,Mailed check,8,75.78,,1
CUST-10741,M,45.0,2047-09-03,1 Year,Bank transfer,45,41.41,1863.4499999999998,0
CUST-10742,Female,43.0,09/04/2047,Month-to-month,Credit card,60,78.35,4701.0,0
CUST-10743,female,56.0,09/05/2047,Two year,Credit card,56,96.35,5395.599999999999,0
CUST-10744,M,40.0,06-Sep-2047,Two year,Bank transfer,70,20.83,1458.1,0
CUST-10745,M,38.0,2047-09-07,Month-to-month,Mailed check,22,102.28,2250.16,0
CUST-10746,  Male  ,21.0,INVALID_DATE,Month-to-month,Electronic check,33,66.48,2193.84,0
CUST-10747,Female,30.0,09-Sep-2047,One year,Mailed check,50,66.32,3315.9999999999995,0
CUST-10748,F,44.0,2047-09-10,One year,Mailed check,71,63.43,4503.53,0
CUST-10749,M,43.0,INVALID_DATE,Month-to-month,Mailed check,46,89.18,4102.280000000001,0
CUST-10750,Male,47.0,09/12/2047,Two year,Bank transfer,52,40.95,2129.4,0
CUST-10751,Male,45.0,INVALID_DATE,1 Year,Mailed check,66,80.67,5324.22,0
CUST-10752,F,39.0,14-Sep-2047,Two year,Electronic check,21,24.41,512.61,0
CUST-10753,female,28.0,2047-09-15,1 Year,Credit card,24,101.13,2427.12,1
CUST-10754,Female,40.0,09/16/2047,Month-to-month,Bank transfer,48,101.54,,0
CUST-10755,  Male  ,39.0,17-Sep-2047,1 Year,Bank transfer,13,51.19,665.47,1
CUST-10756,Male,,18-Sep-2047,One year,Mailed check,64,30.54,1954.56,0
CUST-10757,Male,56.0,19-Sep-2047,Month-to-month,Credit card,5,94.77,473.84999999999997,1
CUST-10758,F,34.0,09/20/2047,month-to-month,Credit card,18,67.02,1206.36,1
CUST-10759,female,33.0,21-Sep-2047,1 Year,Credit card,37,112.5,4162.5,1
CUST-10760,female,24.0,2047-09-22,1 Year,Bank transfer,54,55.35,2988.9,0
CUST-10761,F,38.0,09/23/2047,month-to-month, ,32,104.15,3332.8,0
CUST-10762,Male,34.0,24-Sep-2047,month-to-month,Credit card,28,22.53,630.84,0
CUST-10763,Female,71.0,09/25/2047,Month-to-month,Bank transfer,45,97.28,4377.6,0
CUST-10764,Male,27.0,2047-09-26,Two year,Mailed check,28,87.82,2458.96,0
CUST-10765,female,41.0,27-Sep-2047,month-to-month, ,65,72.63,4720.95,0
CUST-10766,  Male  ,32.0,09/28/2047,1 Year,Mailed check,70,111.04,7772.8,0
CUST-10767,Male,40.0,09/29/2047,month-to-month,Credit card,42,114.2,4796.400000000001,0
CUST-10768,Female,36.0,INVALID_DATE,Month-to-month,Mailed check,33,112.97,3728.0099999999998,0
CUST-10769,M,50.0,2047-10-01,Month-to-month,Bank transfer,16,79.78,1276.48,0
CUST-10770,Male,45.0,2047-10-02,1 Year,Mailed check,13,71.94,935.22,0
CUST-10771,F,49.0,INVALID_DATE,1 Year,Bank transfer,21,46.9,984.9,0
CUST-10772,M,31.0,10/04/2047,1 Year,Mailed check,59,36.21,2136.39,0
CUST-10773,F,,05-Oct-2047,Two year,Mailed check,47,75.71,3558.37,0
CUST-10774,F,34.0,06-Oct-2047,1 Year,Mailed check,39,34.85,1359.15,0
CUST-10775,F,23.0,10/07/2047,Month-to-month,Credit card,43,37.21,1600.03,0
CUST-10776,Male,38.0,2047-10-08,Month-to-month,Electronic check,27,55.67,1503.0900000000001,0
CUST-10777,female,41.0,INVALID_DATE,month-to-month,Electronic check,37,38.67,1430.79,0
CUST-10778,M,25.0,10-Oct-2047,1 Year,Credit card,3,70.17,210.51,0
CUST-10779,Female,50.0,11-Oct-2047,Two year,Mailed check,7,86.37,604.59,1
CUST-10780,female,30.0,2047-10-12,One year,Mailed check,58,89.79,5207.820000000001,0
CUST-10781,Male,30.0,2047-10-13,month-to-month,Credit card,20,73.28,1465.6,1
CUST-10782,F,40.0,2047-10-14,Two year,Bank transfer,65,72.18,4691.700000000001,0
CUST-10783,Female,50.0,INVALID_DATE,1 Year, ,14,67.48,944.72,1
CUST-10784,M,25.0,10/16/2047,Two year,Credit card,49,44.53,2181.9700000000003,0
CUST-10785,female,51.0,INVALID_DATE,One year,Electronic check,37,85.42,3160.54,0
CUST-10786,  Male  ,14.0,10/18/2047,Two year,Bank transfer,6,85.7,514.2,1
CUST-10787,female,44.0,INVALID_DATE,One year,Credit card,6,45.58,273.48,0
CUST-10788,Female,26.0,10/20/2047,One year,Bank transfer,28,90.06,2521.6800000000003,0
CUST-10789,Male,30.0,2047-10-21,One year,Credit card,13,105.8,1375.3999999999999,1
CUST-10790,M,61.0,10/22/2047,Two year,Bank transfer,13,79.47,1033.11,0
CUST-10791,Female,28.0,2047-10-23,1 Year,Bank transfer,10,31.75,317.5,1
CUST-10792,F,39.0,INVALID_DATE,Month-to-month,Credit card,39,52.73,2056.47,0
CUST-10793,M,27.0,10/25/2047,Month-to-month,Electronic check,23,29.28,673.44,1
CUST-10794,female,49.0,10/26/2047,Two year,Electronic check,37,50.2,1857.4,0
CUST-10795,Female,45.0,27-Oct-2047,1 Year,Bank transfer,8,41.19,,0
CUST-10796,female,,2047-10-28,Month-to-month,Bank transfer,60,75.46,4527.599999999999,0
CUST-10797,female,54.0,29-Oct-2047,One year,Electronic check,5,62.35,,0
CUST-10798,female,36.0,INVALID_DATE,Two year,Credit card,27,92.27,2491.29,1
CUST-10799,Male,53.0,INVALID_DATE,Two year,Mailed check,19,56.3,1069.7,0
CUST-10800,female,58.0,2047-11-01,month-to-month,Bank transfer,43,35.47,,0
CUST-10801,F,43.0,INVALID_DATE,month-to-month,Mailed check,43,43.6,1874.8,0
CUST-10802,F,27.0,INVALID_DATE,month-to-month,Bank transfer,35,74.58,2610.2999999999997,0
CUST-10803,M,26.0,11/04/2047,1 Year,Electronic check,55,64.99,3574.45,0
CUST-10804,  Male  ,45.0,11/05/2047,Two year,Credit card,61,24.26,1479.8600000000001,0
CUST-10805,female,27.0,11/06/2047,month-to-month,Bank transfer,47,40.99,1926.5300000000002,0
CUST-10806,female,24.0,2047-11-07,Two year,Mailed check,56,49.67,2781.52,1
CUST-10807,Female,51.0,2047-11-08,One year,Electronic check,18,92.54,1665.72,0
CUST-10808,Male,,11/09/2047,month-to-month,Bank transfer,65,93.04,6047.6,0
CUST-10809,  Male  ,69.0,INVALID_DATE,Two year,Credit card,53,89.8,4759.4,0
CUST-10810,M,32.0,11-Nov-2047,1 Year,Bank transfer,11,101.85,,1
CUST-10811,  Male  ,34.0,11/12/2047,1 Year,Credit card,1,107.39,107.39,0
CUST-10812,female,44.0,11/13/2047,1 Year,Credit card,8,27.11,216.88,0
CUST-10813,Female,42.0,INVALID_DATE,month-to-month,Electronic check,19,69.31,1316.89,0
CUST-10814,Male,39.0,INVALID_DATE,1 Year,Bank transfer,55,34.9,1919.5,0
CUST-10815,M,39.0,11/16/2047,Month-to-month,Credit card,16,55.41,886.56,0
CUST-10816,  Male  ,79.0,11/17/2047,One year,Electronic check,66,86.32,5697.12,0
CUST-10817,M,60.0,18-Nov-2047,Two year,Bank transfer,12,80.17,962.04,1
CUST-10818,female,50.0,19-Nov-2047,Month-to-month, ,62,32.86,2037.32,0
CUST-10819,M,25.0,INVALID_DATE,month-to-month, ,58,95.71,5551.179999999999,0
CUST-10820,Female,39.0,21-Nov-2047,Two year,Bank transfer,21,98.7,2072.7000000000003,1
CUST-10821,M,48.0,INVALID_DATE,Two year,Credit card,37,33.92,1255.04,0
CUST-10822,F,49.0,2047-11-23,1 Year,Electronic check,5,81.57,407.84999999999997,1
CUST-10823,Female,55.0,11/24/2047,Two year,Electronic check,70,114.52,8016.4,0
CUST-10824,  Male  ,32.0,2047-11-25,Two year,Bank transfer,32,29.39,940.48,0
CUST-10825,Male,40.0,11/26/2047,One year,Electronic check,67,36.46,2442.82,0
CUST-10826,Male,31.0,27-Nov-2047,month-to-month,Bank transfer,10,96.55,965.5,0
CUST-10827,female,56.0,11/28/2047,Month-to-month,Bank transfer,69,53.69,3704.6099999999997,0
CUST-10828,female,48.0,INVALID_DATE,1 Year,Credit card,62,115.56,7164.72,1
CUST-10829,F,34.0,INVALID_DATE,One year, ,37,82.44,3050.2799999999997,1
CUST-10830,  Male  ,43.0,01-Dec-2047,Month-to-month,Electronic check,47,68.32,3211.0399999999995,0
CUST-10831,Male,41.0,INVALID_DATE,Month-to-month,Bank transfer,49,53.77,2634.73,0
CUST-10832,Male,29.0,12/03/2047,One year,Credit card,24,43.91,1053.84,0
CUST-10833,Male,51.0,12/04/2047,1 Year,Electronic check,26,85.0,2210.0,0
CUST-10834,Male,41.0,05-Dec-2047,month-to-month,Credit card,55,79.2,4356.0,0
CUST-10835,M,34.0,12/06/2047,One year,Mailed check,7,55.79,390.53,0
CUST-10836,  Male  ,29.0,07-Dec-2047,One year,Credit card,41,111.78,4582.9800000000005,0
CUST-10837,Female,50.0,08-Dec-2047,One year,Mailed check,2,96.18,192.36,1
CUST-10838,Female,43.0,INVALID_DATE,1 Year,Mailed check,30,46.01,1380.3,0
CUST-10839,F,32.0,INVALID_DATE,One year,Bank transfer,20,114.34,2286.8,0
CUST-10840,M,34.0,12/11/2047,One year,Electronic check,56,95.55,5350.8,0
CUST-10841,Male,,INVALID_DATE,Two year,Bank transfer,24,109.71,2633.04,0
CUST-10842,Male,41.0,13-Dec-2047,Two year,Electronic check,12,33.62,403.43999999999994,0
CUST-10843,female,42.0,2047-12-14,Two year,Credit card,15,23.3,349.5,0
CUST-10844,female,19.0,INVALID_DATE,Two year,Mailed check,48,69.29,3325.92,0
CUST-10845,F,41.0,INVALID_DATE,One year,Mailed check,61,64.82,3954.0199999999995,0
CUST-10846,Male,25.0,2047-12-17,Two year,Mailed check,71,106.98,,0
CUST-10847,F,57.0,12/18/2047,Month-to-month,Credit card,28,37.21,1041.88,1
CUST-10848,M,53.0,19-Dec-2047,month-to-month,Credit card,3,22.36,67.08,0
CUST-10849,Female,54.0,2047-12-20,Two year,Bank transfer,16,72.92,1166.72,0
CUST-10850,Male,10.0,2047-12-21,1 Year,Bank transfer,36,37.76,1359.36,0
CUST-10851,  Male  ,36.0,22-Dec-2047,month-to-month,Electronic check,4,24.95,,0
CUST-10852,M,39.0,2047-12-23,Month-to-month,Electronic check,9,22.22,199.98,0
CUST-10853,Male,47.0,2047-12-24,month-to-month, ,12,34.24,410.88,0
CUST-10854,  Male  ,51.0,INVALID_DATE,month-to-month,Credit card,44,57.59,2533.96,1
CUST-10855,female,55.0,12/26/2047,Month-to-month,Credit card,66,108.4,7154.400000000001,0
CUST-10856,F,12.0,12/27/2047,Two year,Bank transfer,19,96.06,1825.14,1
CUST-10857,female,,INVALID_DATE,Month-to-month,Bank transfer,13,73.02,949.26,1
CUST-10858,Female,41.0,INVALID_DATE,1 Year,Electronic check,55,63.03,3466.65,0
CUST-10859,female,50.0,30-Dec-2047,Month-to-month,Electronic check,65,65.58,4262.7,0
CUST-10860,Male,50.0,31-Dec-2047,One year,Bank transfer,70,108.46,7592.2,0
CUST-10861,  Male  ,46.0,2048-01-01,One year,Bank transfer,3,92.46,277.38,0
CUST-10862,female,32.0,01/02/2048,month-to-month,Credit card,25,37.2,930.0000000000001,1
CUST-10863,Male,34.0,03-Jan-2048,Two year,Electronic check,52,113.97,5926.44,1
CUST-10864,Female,32.0,2048-01-04,Two year,Bank transfer,16,97.29,1556.64,1
CUST-10865,  Male  ,28.0,01/05/2048,One year,Bank transfer,43,23.42,1007.0600000000001,0
CUST-10866,female,28.0,06-Jan-2048,1 Year,Mailed check,56,70.23,3932.88,0
CUST-10867,F,27.0,01/07/2048,Month-to-month,Bank transfer,68,85.28,5799.04,0
CUST-10868,F,44.0,2048-01-08,Month-to-month,Bank transfer,8,26.1,208.8,0
CUST-10869,  Male  ,41.0,INVALID_DATE,Month-to-month,Credit card,44,55.31,2433.6400000000003,0
CUST-10870,F,29.0,2048-01-10,1 Year,Bank transfer,38,84.83,3223.54,1
CUST-10871,female,19.0,INVALID_DATE,1 Year,Electronic check,23,101.61,2337.03,0
CUST-10872,female,36.0,INVALID_DATE,Month-to-month,Mailed check,6,117.71,706.26,1
CUST-10873,  Male  ,58.0,2048-01-13,Month-to-month,Credit card,43,32.16,1382.8799999999999,0
CUST-10874,female,40.0,INVALID_DATE,1 Year,Electronic check,44,83.24,3662.56,0
CUST-10875,Male,50.0,01/15/2048,Month-to-month,Mailed check,23,109.28,2513.44,1
CUST-10876,Female,42.0,16-Jan-2048,1 Year,Mailed check,16,91.69,,0
CUST-10877,F,39.0,17-Jan-2048,month-to-month,Bank transfer,9,83.24,749.16,1
CUST-10878,Male,22.0,2048-01-18,One year,Mailed check,9,41.44,372.96,0
CUST-10879,  Male  ,35.0,2048-01-19,One year,Mailed check,58,101.53,5888.74,0
CUST-10880,F,,2048-01-20,1 Year,Bank transfer,65,76.25,4956.25,0
CUST-10881,Male,58.0,2048-01-21,Month-to-month,Credit card,59,31.14,1837.26,0
CUST-10882,female,42.0,01/22/2048,One year,Bank transfer,23,113.56,2611.88,1
CUST-10883,  Male  ,55.0,2048-01-23,Two year,Credit card,69,118.84,8199.960000000001,0
CUST-10884,  Male  ,54.0,2048-01-24,Month-to-month,Mailed check,19,73.77,1401.6299999999999,0
CUST-10885,F,30.0,25-Jan-2048,1 Year,Electronic check,35,97.65,3417.75,1
CUST-10886,female,40.0,01/26/2048,Two year,Credit card,55,78.33,4308.15,0
CUST-10887,F,60.0,2048-01-27,1 Year,Credit card,40,62.22,2488.8,1
CUST-10888,M,47.0,01/28/2048,Month-to-month,Credit card,14,60.91,852.74,1
CUST-10889,Male,46.0,2048-01-29,month-to-month,Credit card,13,116.43,1513.5900000000001,1
CUST-10890,M,51.0,01/30/2048,month-to-month,Mailed check,53,56.88,3014.6400000000003,0
CUST-10891,Male,46.0,2048-01-31,month-to-month,Electronic check,39,69.05,2692.95,0
CUST-10892,Female,47.0,2048-02-01,Month-to-month,Credit card,65,44.85,2915.25,0
CUST-10893,  Male  ,44.0,02/02/2048,Month-to-month,Electronic check,56,45.33,2538.48,0
CUST-10894,F,36.0,2048-02-03,Two year,Mailed check,40,55.62,2224.7999999999997,0
CUST-10895,Female,27.0,2048-02-04,Month-to-month,Credit card,46,112.48,5174.08,1
CUST-10896,Female,18.0,02/05/2048,Month-to-month,Electronic check,7,59.65,417.55,1
CUST-10897,  Male  ,36.0,06-Feb-2048,Two year,Credit card,45,75.23,3385.3500000000004,0
CUST-10898,  Male  ,45.0,INVALID_DATE,Two year,Credit card,22,74.58,1640.76,1
CUST-10899,Male,43.0,08-Feb-2048,1 Year,Mailed check,7,78.32,548.24,1
CUST-10900,M,48.0,2048-02-09,One year,Credit card,52,102.0,5304.0,0
CUST-10901,female,38.0,02/10/2048,One year,Electronic check,68,110.12,7488.16,0
CUST-10902,Male,73.0,11-Feb-2048,1 Year,Electronic check,70,40.87,2860.8999999999996,0
CUST-10903,female,64.0,02/12/2048,month-to-month,Mailed check,67,106.04,7104.68,0
CUST-10904,Female,22.0,13-Feb-2048,Month-to-month,Bank transfer,3,74.77,224.31,0
CUST-10905,female,48.0,INVALID_DATE,Two year,Bank transfer,58,112.45,6522.1,0
CUST-10906,M,,2048-02-15,Two year,Mailed check,67,111.62,,0
CUST-10907,Male,15.0,02/16/2048,month-to-month,Mailed check,54,58.94,,0
CUST-10908,  Male  ,42.0,2048-02-17,Two year,Bank transfer,9,85.19,766.71,1
CUST-10909,M,,2048-02-18,month-to-month,Bank transfer,54,107.14,5785.56,0
CUST-10910,M,40.0,INVALID_DATE,1 Year,Electronic check,51,58.47,2981.97,0
CUST-10911,Male,45.0,INVALID_DATE,month-to-month,Electronic check,16,24.38,390.08,0
CUST-10912,  Male  ,41.0,2048-02-21,One year,Electronic check,12,55.98,,1
CUST-10913,M,48.0,02/22/2048,month-to-month,Bank transfer,20,56.54,1130.8,0
CUST-10914,  Male  ,59.0,INVALID_DATE,1 Year,Mailed check,53,100.67,5335.51,0
CUST-10915,F,49.0,INVALID_DATE,month-to-month,Credit card,31,50.96,,0
CUST-10916,F,54.0,INVALID_DATE,1 Year,Electronic check,21,109.4,2297.4,1
CUST-10917,F,27.0,26-Feb-2048,One year,Credit card,3,74.86,224.57999999999998,0
CUST-10918,female,64.0,INVALID_DATE,Month-to-month,Mailed check,21,78.62,1651.02,0
CUST-10919,M,44.0,2048-02-28,1 Year,Bank transfer,28,100.7,2819.6,0
CUST-10920,Male,35.0,02/29/2048,Month-to-month,Electronic check,5,33.46,167.3,0
CUST-10921,Male,45.0,01-Mar-2048,1 Year,Bank transfer,71,21.79,1547.09,0
CUST-10922,female,33.0,INVALID_DATE,month-to-month,Mailed check,69,25.66,1770.54,0
CUST-10923,Male,42.0,2048-03-03,Month-to-month,Electronic check,47,23.07,1084.29,0
CUST-10924,F,44.0,04-Mar-2048,1 Year,Mailed check,20,89.99,1799.8,1
CUST-10925,M,32.0,05-Mar-2048,1 Year,Mailed check,38,44.5,1691.0,0
CUST-10926,Male,42.0,03/06/2048,Month-to-month,Electronic check,37,105.74,3912.3799999999997,1
CUST-10927,Male,32.0,INVALID_DATE,1 Year,Credit card,58,108.29,6280.820000000001,0
CUST-10928,Female,32.0,03/08/2048,Month-to-month,Electronic check,17,55.61,945.37,0
CUST-10929,Female,28.0,03/09/2048,One year,Bank transfer,42,39.48,1658.1599999999999,0
CUST-10930,Female,36.0,10-Mar-2048,Two year,Credit card,32,69.88,2236.16,0
CUST-10931,M,33.0,INVALID_DATE,One year,Electronic check,62,101.58,6297.96,0
CUST-10932,F,,12-Mar-2048,Month-to-month,Electronic check,21,88.49,1858.29,1
CUST-10933,  Male  ,53.0,03/13/2048,month-to-month,Electronic check,33,22.57,744.8100000000001,0
CUST-10934,F,48.0,14-Mar-2048,month-to-month,Electronic check,67,20.72,1388.24,0
CUST-10935,F,52.0,15-Mar-2048,Two year,Electronic check,6,31.38,188.28,0
CUST-10936,M,51.0,16-Mar-2048,Month-to-month,Bank transfer,66,53.68,3542.88,0
CUST-10937,M,29.0,03/17/2048,1 Year,Mailed check,32,73.69,2358.08,1
CUST-10938,Female,36.0,2048-03-18,One year,Bank transfer,64,101.76,6512.64,0
CUST-10939,Male,61.0,2048-03-19,One year,Mailed check,26,34.28,891.28,1
CUST-10940,female,33.0,03/20/2048,Two year,Electronic check,62,35.25,,0
CUST-10941,female,,INVALID_DATE,Two year,Bank transfer,5,106.36,531.8,1
CUST-10942,  Male  ,35.0,22-Mar-2048,Two year,Mailed check,11,112.4,1236.4,1
CUST-10943,Male,15.0,03/23/2048,Two year,Mailed check,49,75.13,3681.37,0
CUST-10944,  Male  ,37.0,2048-03-24,Two year,Electronic check,62,98.49,6106.38,0
CUST-10945,Female,50.0,03/25/2048,Two year,Electronic check,60,54.27,3256.2000000000003,0
CUST-10946,  Male  ,60.0,2048-03-26,1 Year,Credit card,2,114.63,229.26,1
CUST-10947,Male,22.0,INVALID_DATE,1 Year,Credit card,59,110.49,6518.91,0
CUST-10948,Male,50.0,2048-03-28,One year,Mailed check,25,104.96,2624.0,1
CUST-10949,female,51.0,INVALID_DATE,One year,Credit card,68,21.3,1448.4,0
CUST-10950,Female,56.0,INVALID_DATE,Two year,Bank transfer,42,72.33,3037.86,0
CUST-10951,M,8.0,INVALID_DATE,One year,Mailed check,71,22.67,1609.5700000000002,0
CUST-10952,  Male  ,60.0,04/01/2048,Two year,Bank transfer,55,87.74,,0
CUST-10953,female,45.0,04/02/2048,1 Year,Credit card,38,38.34,1456.92,0
CUST-10954,  Male  ,46.0,INVALID_DATE,month-to-month,Bank transfer,43,83.95,3609.85,1
CUST-10955,  Male  ,52.0,2048-04-04,1 Year,Mailed check,70,29.8,2086.0,0
CUST-10956,M,16.0,05-Apr-2048,Month-to-month,Bank transfer,53,95.66,5069.98,0
CUST-10957,Female,52.0,06-Apr-2048,1 Year,Mailed check,21,92.64,1945.44,1
CUST-10958,Male,68.0,2048-04-07,Month-to-month,Credit card,20,20.46,409.20000000000005,0
CUST-10959,F,24.0,08-Apr-2048,One year,Mailed check,19,99.21,,0
CUST-10960,  Male  ,39.0,2048-04-09,1 Year,Credit card,33,36.38,1200.5400000000002,0
CUST-10961,F,40.0,2048-04-10,month-to-month,Electronic check,63,30.93,1948.59,0
CUST-10962,Female,44.0,INVALID_DATE,1 Year, ,68,70.02,4761.36,0
CUST-10963,F,45.0,2048-04-12,1 Year,Mailed check,60,79.01,4740.6,0
CUST-10964,  Male  ,32.0,04/13/2048,1 Year,Mailed check,19,30.31,575.89,0
CUST-10965,M,40.0,04/14/2048,Two year,Electronic check,28,50.47,1413.1599999999999,0
CUST-10966,F,61.0,04/15/2048,1 Year,Electronic check,22,60.78,1337.16,1
CUST-10967,Female,45.0,2048-04-16,1 Year,Credit card,51,114.36,5832.36,0
CUST-10968,Female,44.0,04/17/2048,month-to-month,Bank transfer,63,45.13,2843.19,0
CUST-10969,M,31.0,INVALID_DATE,Month-to-month,Bank transfer,62,46.05,2855.1,0
CUST-10970,F,56.0,INVALID_DATE,Month-to-month,Electronic check,29,85.94,2492.2599999999998,0
CUST-10971,F,37.0,20-Apr-2048,month-to-month,Credit card,32,92.72,2967.04,0
CUST-10972,Male,15.0,21-Apr-2048,One year,Electronic check,25,21.08,527.0,0
CUST-10973,female,45.0,INVALID_DATE,1 Year,Electronic check,16,33.4,534.4,0
CUST-10974,Female,48.0,04/23/2048,One year,Mailed check,15,55.77,836.5500000000001,1
CUST-10975,Male,36.0,INVALID_DATE,month-to-month,Mailed check,59,83.2,4908.8,0
CUST-10976,Female,13.0,04/25/2048,One year,Mailed check,48,33.41,1603.6799999999998,0
CUST-10977,Male,27.0,2048-04-26,Month-to-month,Electronic check,18,55.69,1002.42,0
CUST-10978,female,39.0,04/27/2048,Two year,Credit card,23,28.02,644.46,1
CUST-10979,Male,35.0,04/28/2048,One year,Bank transfer,55,77.11,4241.05,1
CUST-10980,Female,45.0,04/29/2048,Two year,Bank transfer,42,62.64,2630.88,0
CUST-10981,F,47.0,2048-04-30,One year,Mailed check,3,98.81,296.43,0
CUST-10982,Female,35.0,INVALID_DATE,month-to-month,Credit card,71,77.39,5494.69,0
CUST-10983,  Male  ,23.0,02-May-2048,Two year,Mailed check,52,85.91,4467.32,0
CUST-10984,M,57.0,2048-05-03,One year,Credit card,11,87.12,958.32,0
CUST-10985,M,,05/04/2048,month-to-month,Credit card,55,78.96,4342.799999999999,0
CUST-10986,  Male  ,48.0,05/05/2048,Month-to-month,Credit card,25,21.61,540.25,1
CUST-10987,M,45.0,06-May-2048,1 Year,Electronic check,41,103.21,4231.61,0
CUST-10988,M,,05/07/2048,month-to-month,Credit card,37,111.67,4131.79,1
CUST-10989,female,35.0,INVALID_DATE,month-to-month,Electronic check,55,73.42,4038.1,0
CUST-10990,F,50.0,2048-05-09,Month-to-month,Bank transfer,9,31.22,280.98,1
CUST-10991,F,,2048-05-10,Two year,Bank transfer,36,85.47,3076.92,0
CUST-10992,Female,48.0,2048-05-11,One year,Electronic check,57,56.37,3213.0899999999997,0
CUST-10993,  Male  ,26.0,2048-05-12,Two year,Bank transfer,63,27.33,1721.79,0
CUST-10994,Male,42.0,INVALID_DATE,month-to-month, ,20,105.42,2108.4,1
CUST-10995,Female,45.0,INVALID_DATE,One year,Mailed check,47,91.17,4284.99,0
CUST-10996,Female,61.0,05/15/2048,1 Year,Electronic check,20,100.48,2009.6000000000001,1
CUST-10997,Female,41.0,2048-05-16,1 Year,Electronic check,6,99.61,597.66,1
CUST-10998,Female,53.0,05/17/2048,One year,Electronic check,29,55.77,1617.3300000000002,0
CUST-10999,F,22.0,2048-05-18,month-to-month,Mailed check,49,68.22,3342.7799999999997,0
CUST-6489,M,47.0,01/12/2036,Month-to-month,Credit card,42,68.62,2882.04,0
CUST-1860,F,41.0,INVALID_DATE,One year,Electronic check,7,99.92,699.44,0
CUST-8669,Female,54.0,31-Dec-2041,1 Year,Mailed check,6,101.51,609.0600000000001,0
CUST-1687,Male,,2022-11-19,Month-to-month,Credit card,9,49.19,442.71,0
CUST-1335,M,42.0,02-Dec-2021,Month-to-month,Credit card,26,46.28,1203.28,0
CUST-10494,F,50.0,INVALID_DATE,Two year,Electronic check,2,83.09,166.18,1
CUST-5038,Male,47.0,01/22/2032,Two year,Electronic check,47,30.3,1424.1000000000001,0
CUST-9716,F,45.0,2044-11-12,Two year,Credit card,50,113.06,5653.0,0
CUST-5344,Female,21.0,2032-11-23,One year,Mailed check,52,93.54,4864.08,0
CUST-4734,F,32.0,03/24/2031,1 Year,Bank transfer,70,67.01,4690.700000000001,0
CUST-1258,F,24.0,2021-09-16,Two year,Credit card,30,63.4,1902.0,0
CUST-6822,F,38.0,10-Dec-2036,month-to-month,Mailed check,29,38.32,1111.28,1
CUST-2705,  Male  ,12.0,INVALID_DATE,month-to-month,Mailed check,24,93.08,2233.92,1
CUST-8203,Female,-5.0,2040-09-21,month-to-month,Mailed check,42,89.89,3775.38,0
CUST-1022,F,44.0,23-Jan-2021,1 Year,Bank transfer,12,34.73,416.76,0
CUST-4994,M,38.0,INVALID_DATE,One year,Mailed check,12,97.41,1168.92,1
CUST-2906,Female,41.0,22-Mar-2026,1 Year,Mailed check,8,84.49,675.92,0
CUST-4869,F,51.0,08/06/2031,1 Year,Credit card,29,93.56,2713.2400000000002,1
CUST-3330,Female,58.0,2027-05-20,Two year,Electronic check,36,71.37,2569.32,0
CUST-8215,Female,44.0,INVALID_DATE,month-to-month,Electronic check,7,107.22,750.54,1
